id_A,segment_id_A,source_file_A,id_B,segment_id_B,source_file_B,prediction
13336473_SWIOJTSM_RVFWPMSK_0_0,13336473_SWIOJTSM_RVFWPMSK_0,JWRARGWSGJZN,13336473_SWIOJTSM_RVFWPMSK_0_0,13336473_SWIOJTSM_RVFWPMSK_0,ULWGIXVZAPFO,0
13336473_SWIOJTSM_RVFWPMSK_0_1,13336473_SWIOJTSM_RVFWPMSK_0,JWRARGWSGJZN,13336473_SWIOJTSM_RVFWPMSK_0_1,13336473_SWIOJTSM_RVFWPMSK_0,ULWGIXVZAPFO,0
13336473_SWIOJTSM_RVFWPMSK_0_2,13336473_SWIOJTSM_RVFWPMSK_0,JWRARGWSGJZN,13336473_SWIOJTSM_RVFWPMSK_0_2,13336473_SWIOJTSM_RVFWPMSK_0,ULWGIXVZAPFO,0
13336473_SWIOJTSM_RVFWPMSK_0_3,13336473_SWIOJTSM_RVFWPMSK_0,JWRARGWSGJZN,13336473_SWIOJTSM_RVFWPMSK_0_3,13336473_SWIOJTSM_RVFWPMSK_0,ULWGIXVZAPFO,0
13336473_SWIOJTSM_RVFWPMSK_0_4,13336473_SWIOJTSM_RVFWPMSK_0,JWRARGWSGJZN,13336473_SWIOJTSM_RVFWPMSK_0_4,13336473_SWIOJTSM_RVFWPMSK_0,ULWGIXVZAPFO,0
13336473_SWIOJTSM_RVFWPMSK_0_5,13336473_SWIOJTSM_RVFWPMSK_0,JWRARGWSGJZN,13336473_SWIOJTSM_RVFWPMSK_0_5,13336473_SWIOJTSM_RVFWPMSK_0,ULWGIXVZAPFO,0
13336473_SWIOJTSM_RVFWPMSK_0_6,13336473_SWIOJTSM_RVFWPMSK_0,JWRARGWSGJZN,13336473_SWIOJTSM_RVFWPMSK_0_6,13336473_SWIOJTSM_RVFWPMSK_0,ULWGIXVZAPFO,0
13336473_SWIOJTSM_RVFWPMSK_0_7,13336473_SWIOJTSM_RVFWPMSK_0,JWRARGWSGJZN,13336473_SWIOJTSM_RVFWPMSK_0_7,13336473_SWIOJTSM_RVFWPMSK_0,ULWGIXVZAPFO,0
13336473_SWIOJTSM_RVFWPMSK_0_8,13336473_SWIOJTSM_RVFWPMSK_0,JWRARGWSGJZN,13336473_SWIOJTSM_RVFWPMSK_0_8,13336473_SWIOJTSM_RVFWPMSK_0,ULWGIXVZAPFO,0
13336473_SWIOJTSM_RVFWPMSK_0_9,13336473_SWIOJTSM_RVFWPMSK_0,JWRARGWSGJZN,13336473_SWIOJTSM_RVFWPMSK_0_9,13336473_SWIOJTSM_RVFWPMSK_0,ULWGIXVZAPFO,0
13336473_SWIOJTSM_RVFWPMSK_0_10,13336473_SWIOJTSM_RVFWPMSK_0,JWRARGWSGJZN,13336473_SWIOJTSM_RVFWPMSK_0_10,13336473_SWIOJTSM_RVFWPMSK_0,ULWGIXVZAPFO,0
13336473_SWIOJTSM_RVFWPMSK_0_11,13336473_SWIOJTSM_RVFWPMSK_0,JWRARGWSGJZN,13336473_SWIOJTSM_RVFWPMSK_0_11,13336473_SWIOJTSM_RVFWPMSK_0,ULWGIXVZAPFO,0
13336473_SWIOJTSM_RVFWPMSK_0_12,13336473_SWIOJTSM_RVFWPMSK_0,JWRARGWSGJZN,13336473_SWIOJTSM_RVFWPMSK_0_12,13336473_SWIOJTSM_RVFWPMSK_0,ULWGIXVZAPFO,0
13336473_SWIOJTSM_RVFWPMSK_0_13,13336473_SWIOJTSM_RVFWPMSK_0,JWRARGWSGJZN,13336473_SWIOJTSM_RVFWPMSK_0_13,13336473_SWIOJTSM_RVFWPMSK_0,ULWGIXVZAPFO,0
13336473_SWIOJTSM_RVFWPMSK_0_14,13336473_SWIOJTSM_RVFWPMSK_0,JWRARGWSGJZN,13336473_SWIOJTSM_RVFWPMSK_0_14,13336473_SWIOJTSM_RVFWPMSK_0,ULWGIXVZAPFO,0
13336473_SWIOJTSM_RVFWPMSK_0_15,13336473_SWIOJTSM_RVFWPMSK_0,JWRARGWSGJZN,13336473_SWIOJTSM_RVFWPMSK_0_15,13336473_SWIOJTSM_RVFWPMSK_0,ULWGIXVZAPFO,0
13336473_SWIOJTSM_RVFWPMSK_0_16,13336473_SWIOJTSM_RVFWPMSK_0,JWRARGWSGJZN,13336473_SWIOJTSM_RVFWPMSK_0_16,13336473_SWIOJTSM_RVFWPMSK_0,ULWGIXVZAPFO,0
13336473_SWIOJTSM_RVFWPMSK_0_17,13336473_SWIOJTSM_RVFWPMSK_0,JWRARGWSGJZN,13336473_SWIOJTSM_RVFWPMSK_0_17,13336473_SWIOJTSM_RVFWPMSK_0,ULWGIXVZAPFO,0
13336473_SWIOJTSM_RVFWPMSK_0_18,13336473_SWIOJTSM_RVFWPMSK_0,JWRARGWSGJZN,13336473_SWIOJTSM_RVFWPMSK_0_18,13336473_SWIOJTSM_RVFWPMSK_0,ULWGIXVZAPFO,0
13336473_SWIOJTSM_RVFWPMSK_0_19,13336473_SWIOJTSM_RVFWPMSK_0,JWRARGWSGJZN,13336473_SWIOJTSM_RVFWPMSK_0_19,13336473_SWIOJTSM_RVFWPMSK_0,ULWGIXVZAPFO,0
13336473_SWIOJTSM_RVFWPMSK_0_20,13336473_SWIOJTSM_RVFWPMSK_0,JWRARGWSGJZN,13336473_SWIOJTSM_RVFWPMSK_0_20,13336473_SWIOJTSM_RVFWPMSK_0,ULWGIXVZAPFO,0
13336473_SWIOJTSM_RVFWPMSK_0_21,13336473_SWIOJTSM_RVFWPMSK_0,JWRARGWSGJZN,13336473_SWIOJTSM_RVFWPMSK_0_21,13336473_SWIOJTSM_RVFWPMSK_0,ULWGIXVZAPFO,0
13336473_SWIOJTSM_RVFWPMSK_0_22,13336473_SWIOJTSM_RVFWPMSK_0,JWRARGWSGJZN,13336473_SWIOJTSM_RVFWPMSK_0_22,13336473_SWIOJTSM_RVFWPMSK_0,ULWGIXVZAPFO,0
13336473_SWIOJTSM_RVFWPMSK_0_23,13336473_SWIOJTSM_RVFWPMSK_0,JWRARGWSGJZN,13336473_SWIOJTSM_RVFWPMSK_0_23,13336473_SWIOJTSM_RVFWPMSK_0,ULWGIXVZAPFO,0
13336473_SWIOJTSM_RVFWPMSK_0_24,13336473_SWIOJTSM_RVFWPMSK_0,JWRARGWSGJZN,13336473_SWIOJTSM_RVFWPMSK_0_24,13336473_SWIOJTSM_RVFWPMSK_0,ULWGIXVZAPFO,0
13336473_SWIOJTSM_RVFWPMSK_0_25,13336473_SWIOJTSM_RVFWPMSK_0,JWRARGWSGJZN,13336473_SWIOJTSM_RVFWPMSK_0_25,13336473_SWIOJTSM_RVFWPMSK_0,ULWGIXVZAPFO,0
13336473_SWIOJTSM_RVFWPMSK_0_26,13336473_SWIOJTSM_RVFWPMSK_0,JWRARGWSGJZN,13336473_SWIOJTSM_RVFWPMSK_0_26,13336473_SWIOJTSM_RVFWPMSK_0,ULWGIXVZAPFO,0
13336473_SWIOJTSM_RVFWPMSK_0_27,13336473_SWIOJTSM_RVFWPMSK_0,JWRARGWSGJZN,13336473_SWIOJTSM_RVFWPMSK_0_27,13336473_SWIOJTSM_RVFWPMSK_0,ULWGIXVZAPFO,0
13336473_SWIOJTSM_RVFWPMSK_0_28,13336473_SWIOJTSM_RVFWPMSK_0,JWRARGWSGJZN,13336473_SWIOJTSM_RVFWPMSK_0_28,13336473_SWIOJTSM_RVFWPMSK_0,ULWGIXVZAPFO,0
13336473_SWIOJTSM_RVFWPMSK_0_29,13336473_SWIOJTSM_RVFWPMSK_0,JWRARGWSGJZN,13336473_SWIOJTSM_RVFWPMSK_0_29,13336473_SWIOJTSM_RVFWPMSK_0,ULWGIXVZAPFO,0
13336473_SWIOJTSM_RVFWPMSK_0_30,13336473_SWIOJTSM_RVFWPMSK_0,JWRARGWSGJZN,13336473_SWIOJTSM_RVFWPMSK_0_30,13336473_SWIOJTSM_RVFWPMSK_0,ULWGIXVZAPFO,0
13336473_SWIOJTSM_RVFWPMSK_0_31,13336473_SWIOJTSM_RVFWPMSK_0,JWRARGWSGJZN,13336473_SWIOJTSM_RVFWPMSK_0_31,13336473_SWIOJTSM_RVFWPMSK_0,ULWGIXVZAPFO,0
13336473_SWIOJTSM_RVFWPMSK_0_32,13336473_SWIOJTSM_RVFWPMSK_0,JWRARGWSGJZN,13336473_SWIOJTSM_RVFWPMSK_0_32,13336473_SWIOJTSM_RVFWPMSK_0,ULWGIXVZAPFO,0
13336473_SWIOJTSM_RVFWPMSK_0_33,13336473_SWIOJTSM_RVFWPMSK_0,JWRARGWSGJZN,13336473_SWIOJTSM_RVFWPMSK_0_33,13336473_SWIOJTSM_RVFWPMSK_0,ULWGIXVZAPFO,0
13336473_SWIOJTSM_RVFWPMSK_0_34,13336473_SWIOJTSM_RVFWPMSK_0,JWRARGWSGJZN,13336473_SWIOJTSM_RVFWPMSK_0_34,13336473_SWIOJTSM_RVFWPMSK_0,ULWGIXVZAPFO,0
13336473_SWIOJTSM_RVFWPMSK_0_35,13336473_SWIOJTSM_RVFWPMSK_0,JWRARGWSGJZN,13336473_SWIOJTSM_RVFWPMSK_0_35,13336473_SWIOJTSM_RVFWPMSK_0,ULWGIXVZAPFO,0
13336473_SWIOJTSM_RVFWPMSK_0_36,13336473_SWIOJTSM_RVFWPMSK_0,JWRARGWSGJZN,13336473_SWIOJTSM_RVFWPMSK_0_36,13336473_SWIOJTSM_RVFWPMSK_0,ULWGIXVZAPFO,0
13336473_SWIOJTSM_RVFWPMSK_0_37,13336473_SWIOJTSM_RVFWPMSK_0,JWRARGWSGJZN,13336473_SWIOJTSM_RVFWPMSK_0_37,13336473_SWIOJTSM_RVFWPMSK_0,ULWGIXVZAPFO,0
13336473_SWIOJTSM_RVFWPMSK_0_38,13336473_SWIOJTSM_RVFWPMSK_0,JWRARGWSGJZN,13336473_SWIOJTSM_RVFWPMSK_0_38,13336473_SWIOJTSM_RVFWPMSK_0,ULWGIXVZAPFO,0
13336473_SWIOJTSM_RVFWPMSK_0_39,13336473_SWIOJTSM_RVFWPMSK_0,JWRARGWSGJZN,13336473_SWIOJTSM_RVFWPMSK_0_39,13336473_SWIOJTSM_RVFWPMSK_0,ULWGIXVZAPFO,0
13336473_SWIOJTSM_RVFWPMSK_0_40,13336473_SWIOJTSM_RVFWPMSK_0,JWRARGWSGJZN,13336473_SWIOJTSM_RVFWPMSK_0_40,13336473_SWIOJTSM_RVFWPMSK_0,ULWGIXVZAPFO,0
13336473_SWIOJTSM_RVFWPMSK_0_41,13336473_SWIOJTSM_RVFWPMSK_0,JWRARGWSGJZN,13336473_SWIOJTSM_RVFWPMSK_0_41,13336473_SWIOJTSM_RVFWPMSK_0,ULWGIXVZAPFO,0
13336473_SWIOJTSM_RVFWPMSK_0_42,13336473_SWIOJTSM_RVFWPMSK_0,JWRARGWSGJZN,13336473_SWIOJTSM_RVFWPMSK_0_42,13336473_SWIOJTSM_RVFWPMSK_0,ULWGIXVZAPFO,0
13336473_SWIOJTSM_RVFWPMSK_0_43,13336473_SWIOJTSM_RVFWPMSK_0,JWRARGWSGJZN,13336473_SWIOJTSM_RVFWPMSK_0_43,13336473_SWIOJTSM_RVFWPMSK_0,ULWGIXVZAPFO,0
13336473_SWIOJTSM_RVFWPMSK_0_44,13336473_SWIOJTSM_RVFWPMSK_0,JWRARGWSGJZN,13336473_SWIOJTSM_RVFWPMSK_0_44,13336473_SWIOJTSM_RVFWPMSK_0,ULWGIXVZAPFO,0
13336473_SWIOJTSM_RVFWPMSK_0_45,13336473_SWIOJTSM_RVFWPMSK_0,JWRARGWSGJZN,13336473_SWIOJTSM_RVFWPMSK_0_45,13336473_SWIOJTSM_RVFWPMSK_0,ULWGIXVZAPFO,0
13336473_SWIOJTSM_RVFWPMSK_0_46,13336473_SWIOJTSM_RVFWPMSK_0,JWRARGWSGJZN,13336473_SWIOJTSM_RVFWPMSK_0_46,13336473_SWIOJTSM_RVFWPMSK_0,ULWGIXVZAPFO,0
13336473_SWIOJTSM_RVFWPMSK_0_47,13336473_SWIOJTSM_RVFWPMSK_0,JWRARGWSGJZN,13336473_SWIOJTSM_RVFWPMSK_0_47,13336473_SWIOJTSM_RVFWPMSK_0,ULWGIXVZAPFO,0
13336473_SWIOJTSM_RVFWPMSK_0_48,13336473_SWIOJTSM_RVFWPMSK_0,JWRARGWSGJZN,13336473_SWIOJTSM_RVFWPMSK_0_48,13336473_SWIOJTSM_RVFWPMSK_0,ULWGIXVZAPFO,0
13336473_SWIOJTSM_RVFWPMSK_0_49,13336473_SWIOJTSM_RVFWPMSK_0,JWRARGWSGJZN,13336473_SWIOJTSM_RVFWPMSK_0_49,13336473_SWIOJTSM_RVFWPMSK_0,ULWGIXVZAPFO,0
13336473_SWIOJTSM_RVFWPMSK_0_50,13336473_SWIOJTSM_RVFWPMSK_0,JWRARGWSGJZN,13336473_SWIOJTSM_RVFWPMSK_0_50,13336473_SWIOJTSM_RVFWPMSK_0,ULWGIXVZAPFO,0
13336473_SWIOJTSM_RVFWPMSK_0_51,13336473_SWIOJTSM_RVFWPMSK_0,JWRARGWSGJZN,13336473_SWIOJTSM_RVFWPMSK_0_51,13336473_SWIOJTSM_RVFWPMSK_0,ULWGIXVZAPFO,0
13336473_SWIOJTSM_RVFWPMSK_0_52,13336473_SWIOJTSM_RVFWPMSK_0,JWRARGWSGJZN,13336473_SWIOJTSM_RVFWPMSK_0_52,13336473_SWIOJTSM_RVFWPMSK_0,ULWGIXVZAPFO,0
13336473_SWIOJTSM_RVFWPMSK_0_53,13336473_SWIOJTSM_RVFWPMSK_0,JWRARGWSGJZN,13336473_SWIOJTSM_RVFWPMSK_0_53,13336473_SWIOJTSM_RVFWPMSK_0,ULWGIXVZAPFO,0
13336473_SWIOJTSM_RVFWPMSK_0_54,13336473_SWIOJTSM_RVFWPMSK_0,JWRARGWSGJZN,13336473_SWIOJTSM_RVFWPMSK_0_54,13336473_SWIOJTSM_RVFWPMSK_0,ULWGIXVZAPFO,0
13336473_SWIOJTSM_RVFWPMSK_0_55,13336473_SWIOJTSM_RVFWPMSK_0,JWRARGWSGJZN,13336473_SWIOJTSM_RVFWPMSK_0_55,13336473_SWIOJTSM_RVFWPMSK_0,ULWGIXVZAPFO,0
13336473_SWIOJTSM_RVFWPMSK_0_56,13336473_SWIOJTSM_RVFWPMSK_0,JWRARGWSGJZN,13336473_SWIOJTSM_RVFWPMSK_0_56,13336473_SWIOJTSM_RVFWPMSK_0,ULWGIXVZAPFO,0
13336473_SWIOJTSM_RVFWPMSK_0_57,13336473_SWIOJTSM_RVFWPMSK_0,JWRARGWSGJZN,13336473_SWIOJTSM_RVFWPMSK_0_57,13336473_SWIOJTSM_RVFWPMSK_0,ULWGIXVZAPFO,0
13336473_SWIOJTSM_RVFWPMSK_0_58,13336473_SWIOJTSM_RVFWPMSK_0,JWRARGWSGJZN,13336473_SWIOJTSM_RVFWPMSK_0_58,13336473_SWIOJTSM_RVFWPMSK_0,ULWGIXVZAPFO,0
13336473_SWIOJTSM_RVFWPMSK_0_59,13336473_SWIOJTSM_RVFWPMSK_0,JWRARGWSGJZN,13336473_SWIOJTSM_RVFWPMSK_0_59,13336473_SWIOJTSM_RVFWPMSK_0,ULWGIXVZAPFO,0
13336473_SWIOJTSM_RVFWPMSK_0_60,13336473_SWIOJTSM_RVFWPMSK_0,JWRARGWSGJZN,13336473_SWIOJTSM_RVFWPMSK_0_60,13336473_SWIOJTSM_RVFWPMSK_0,ULWGIXVZAPFO,0
13336473_SWIOJTSM_RVFWPMSK_0_61,13336473_SWIOJTSM_RVFWPMSK_0,JWRARGWSGJZN,13336473_SWIOJTSM_RVFWPMSK_0_61,13336473_SWIOJTSM_RVFWPMSK_0,ULWGIXVZAPFO,0
13336473_SWIOJTSM_RVFWPMSK_0_62,13336473_SWIOJTSM_RVFWPMSK_0,JWRARGWSGJZN,13336473_SWIOJTSM_RVFWPMSK_0_62,13336473_SWIOJTSM_RVFWPMSK_0,ULWGIXVZAPFO,0
13336473_SWIOJTSM_RVFWPMSK_0_63,13336473_SWIOJTSM_RVFWPMSK_0,JWRARGWSGJZN,13336473_SWIOJTSM_RVFWPMSK_0_63,13336473_SWIOJTSM_RVFWPMSK_0,ULWGIXVZAPFO,0
13336473_SWIOJTSM_RVFWPMSK_0_64,13336473_SWIOJTSM_RVFWPMSK_0,JWRARGWSGJZN,13336473_SWIOJTSM_RVFWPMSK_0_64,13336473_SWIOJTSM_RVFWPMSK_0,ULWGIXVZAPFO,0
13336473_SWIOJTSM_RVFWPMSK_0_65,13336473_SWIOJTSM_RVFWPMSK_0,JWRARGWSGJZN,13336473_SWIOJTSM_RVFWPMSK_0_65,13336473_SWIOJTSM_RVFWPMSK_0,ULWGIXVZAPFO,0
13336473_SWIOJTSM_RVFWPMSK_0_66,13336473_SWIOJTSM_RVFWPMSK_0,JWRARGWSGJZN,13336473_SWIOJTSM_RVFWPMSK_0_66,13336473_SWIOJTSM_RVFWPMSK_0,ULWGIXVZAPFO,0
13336473_SWIOJTSM_RVFWPMSK_0_67,13336473_SWIOJTSM_RVFWPMSK_0,JWRARGWSGJZN,13336473_SWIOJTSM_RVFWPMSK_0_67,13336473_SWIOJTSM_RVFWPMSK_0,ULWGIXVZAPFO,0
13336473_SWIOJTSM_RVFWPMSK_0_68,13336473_SWIOJTSM_RVFWPMSK_0,JWRARGWSGJZN,13336473_SWIOJTSM_RVFWPMSK_0_68,13336473_SWIOJTSM_RVFWPMSK_0,ULWGIXVZAPFO,0
13336473_SWIOJTSM_RVFWPMSK_0_69,13336473_SWIOJTSM_RVFWPMSK_0,JWRARGWSGJZN,13336473_SWIOJTSM_RVFWPMSK_0_69,13336473_SWIOJTSM_RVFWPMSK_0,ULWGIXVZAPFO,0
13336473_SWIOJTSM_RVFWPMSK_0_70,13336473_SWIOJTSM_RVFWPMSK_0,JWRARGWSGJZN,13336473_SWIOJTSM_RVFWPMSK_0_70,13336473_SWIOJTSM_RVFWPMSK_0,ULWGIXVZAPFO,0
13336473_SWIOJTSM_RVFWPMSK_0_71,13336473_SWIOJTSM_RVFWPMSK_0,JWRARGWSGJZN,13336473_SWIOJTSM_RVFWPMSK_0_71,13336473_SWIOJTSM_RVFWPMSK_0,ULWGIXVZAPFO,0
13336473_SWIOJTSM_RVFWPMSK_0_72,13336473_SWIOJTSM_RVFWPMSK_0,JWRARGWSGJZN,13336473_SWIOJTSM_RVFWPMSK_0_72,13336473_SWIOJTSM_RVFWPMSK_0,ULWGIXVZAPFO,0
13336473_SWIOJTSM_RVFWPMSK_0_73,13336473_SWIOJTSM_RVFWPMSK_0,JWRARGWSGJZN,13336473_SWIOJTSM_RVFWPMSK_0_73,13336473_SWIOJTSM_RVFWPMSK_0,ULWGIXVZAPFO,0
13336473_SWIOJTSM_RVFWPMSK_0_74,13336473_SWIOJTSM_RVFWPMSK_0,JWRARGWSGJZN,13336473_SWIOJTSM_RVFWPMSK_0_74,13336473_SWIOJTSM_RVFWPMSK_0,ULWGIXVZAPFO,0
13336473_SWIOJTSM_RVFWPMSK_0_75,13336473_SWIOJTSM_RVFWPMSK_0,JWRARGWSGJZN,13336473_SWIOJTSM_RVFWPMSK_0_75,13336473_SWIOJTSM_RVFWPMSK_0,ULWGIXVZAPFO,0
13336473_SWIOJTSM_RVFWPMSK_0_76,13336473_SWIOJTSM_RVFWPMSK_0,JWRARGWSGJZN,13336473_SWIOJTSM_RVFWPMSK_0_76,13336473_SWIOJTSM_RVFWPMSK_0,ULWGIXVZAPFO,0
13336473_SWIOJTSM_RVFWPMSK_0_77,13336473_SWIOJTSM_RVFWPMSK_0,JWRARGWSGJZN,13336473_SWIOJTSM_RVFWPMSK_0_77,13336473_SWIOJTSM_RVFWPMSK_0,ULWGIXVZAPFO,0
13336473_SWIOJTSM_RVFWPMSK_0_78,13336473_SWIOJTSM_RVFWPMSK_0,JWRARGWSGJZN,13336473_SWIOJTSM_RVFWPMSK_0_78,13336473_SWIOJTSM_RVFWPMSK_0,ULWGIXVZAPFO,0
13336473_SWIOJTSM_RVFWPMSK_0_79,13336473_SWIOJTSM_RVFWPMSK_0,JWRARGWSGJZN,13336473_SWIOJTSM_RVFWPMSK_0_79,13336473_SWIOJTSM_RVFWPMSK_0,ULWGIXVZAPFO,0
13336473_SWIOJTSM_RVFWPMSK_0_80,13336473_SWIOJTSM_RVFWPMSK_0,JWRARGWSGJZN,13336473_SWIOJTSM_RVFWPMSK_0_80,13336473_SWIOJTSM_RVFWPMSK_0,ULWGIXVZAPFO,0
13336473_SWIOJTSM_RVFWPMSK_0_81,13336473_SWIOJTSM_RVFWPMSK_0,JWRARGWSGJZN,13336473_SWIOJTSM_RVFWPMSK_0_81,13336473_SWIOJTSM_RVFWPMSK_0,ULWGIXVZAPFO,0
13336473_SWIOJTSM_RVFWPMSK_0_82,13336473_SWIOJTSM_RVFWPMSK_0,JWRARGWSGJZN,13336473_SWIOJTSM_RVFWPMSK_0_82,13336473_SWIOJTSM_RVFWPMSK_0,ULWGIXVZAPFO,0
13336473_SWIOJTSM_RVFWPMSK_0_83,13336473_SWIOJTSM_RVFWPMSK_0,JWRARGWSGJZN,13336473_SWIOJTSM_RVFWPMSK_0_83,13336473_SWIOJTSM_RVFWPMSK_0,ULWGIXVZAPFO,0
13336473_SWIOJTSM_RVFWPMSK_0_84,13336473_SWIOJTSM_RVFWPMSK_0,JWRARGWSGJZN,13336473_SWIOJTSM_RVFWPMSK_0_84,13336473_SWIOJTSM_RVFWPMSK_0,ULWGIXVZAPFO,0
13336473_SWIOJTSM_RVFWPMSK_0_85,13336473_SWIOJTSM_RVFWPMSK_0,JWRARGWSGJZN,13336473_SWIOJTSM_RVFWPMSK_0_85,13336473_SWIOJTSM_RVFWPMSK_0,ULWGIXVZAPFO,0
13336473_SWIOJTSM_RVFWPMSK_0_86,13336473_SWIOJTSM_RVFWPMSK_0,JWRARGWSGJZN,13336473_SWIOJTSM_RVFWPMSK_0_86,13336473_SWIOJTSM_RVFWPMSK_0,ULWGIXVZAPFO,0
13336473_SWIOJTSM_RVFWPMSK_0_87,13336473_SWIOJTSM_RVFWPMSK_0,JWRARGWSGJZN,13336473_SWIOJTSM_RVFWPMSK_0_87,13336473_SWIOJTSM_RVFWPMSK_0,ULWGIXVZAPFO,0
13336473_SWIOJTSM_RVFWPMSK_0_88,13336473_SWIOJTSM_RVFWPMSK_0,JWRARGWSGJZN,13336473_SWIOJTSM_RVFWPMSK_0_88,13336473_SWIOJTSM_RVFWPMSK_0,ULWGIXVZAPFO,0
13336473_SWIOJTSM_RVFWPMSK_0_89,13336473_SWIOJTSM_RVFWPMSK_0,JWRARGWSGJZN,13336473_SWIOJTSM_RVFWPMSK_0_89,13336473_SWIOJTSM_RVFWPMSK_0,ULWGIXVZAPFO,0
13336473_SWIOJTSM_RVFWPMSK_0_90,13336473_SWIOJTSM_RVFWPMSK_0,JWRARGWSGJZN,13336473_SWIOJTSM_RVFWPMSK_0_90,13336473_SWIOJTSM_RVFWPMSK_0,ULWGIXVZAPFO,0
13336473_SWIOJTSM_RVFWPMSK_0_91,13336473_SWIOJTSM_RVFWPMSK_0,JWRARGWSGJZN,13336473_SWIOJTSM_RVFWPMSK_0_91,13336473_SWIOJTSM_RVFWPMSK_0,ULWGIXVZAPFO,0
13336473_SWIOJTSM_RVFWPMSK_0_92,13336473_SWIOJTSM_RVFWPMSK_0,JWRARGWSGJZN,13336473_SWIOJTSM_RVFWPMSK_0_92,13336473_SWIOJTSM_RVFWPMSK_0,ULWGIXVZAPFO,0
13336473_SWIOJTSM_RVFWPMSK_0_93,13336473_SWIOJTSM_RVFWPMSK_0,JWRARGWSGJZN,13336473_SWIOJTSM_RVFWPMSK_0_93,13336473_SWIOJTSM_RVFWPMSK_0,ULWGIXVZAPFO,0
13336473_SWIOJTSM_RVFWPMSK_0_94,13336473_SWIOJTSM_RVFWPMSK_0,JWRARGWSGJZN,13336473_SWIOJTSM_RVFWPMSK_0_94,13336473_SWIOJTSM_RVFWPMSK_0,ULWGIXVZAPFO,0
13336473_SWIOJTSM_RVFWPMSK_0_95,13336473_SWIOJTSM_RVFWPMSK_0,JWRARGWSGJZN,13336473_SWIOJTSM_RVFWPMSK_0_95,13336473_SWIOJTSM_RVFWPMSK_0,ULWGIXVZAPFO,0
13336473_SWIOJTSM_RVFWPMSK_0_96,13336473_SWIOJTSM_RVFWPMSK_0,JWRARGWSGJZN,13336473_SWIOJTSM_RVFWPMSK_0_96,13336473_SWIOJTSM_RVFWPMSK_0,ULWGIXVZAPFO,0
13336473_SWIOJTSM_RVFWPMSK_0_97,13336473_SWIOJTSM_RVFWPMSK_0,JWRARGWSGJZN,13336473_SWIOJTSM_RVFWPMSK_0_97,13336473_SWIOJTSM_RVFWPMSK_0,ULWGIXVZAPFO,0
13336473_SWIOJTSM_RVFWPMSK_0_98,13336473_SWIOJTSM_RVFWPMSK_0,JWRARGWSGJZN,13336473_SWIOJTSM_RVFWPMSK_0_98,13336473_SWIOJTSM_RVFWPMSK_0,ULWGIXVZAPFO,0
13336473_SWIOJTSM_RVFWPMSK_0_99,13336473_SWIOJTSM_RVFWPMSK_0,JWRARGWSGJZN,13336473_SWIOJTSM_RVFWPMSK_0_99,13336473_SWIOJTSM_RVFWPMSK_0,ULWGIXVZAPFO,0
13336473_SWIOJTSM_RVFWPMSK_0_100,13336473_SWIOJTSM_RVFWPMSK_0,JWRARGWSGJZN,13336473_SWIOJTSM_RVFWPMSK_0_100,13336473_SWIOJTSM_RVFWPMSK_0,ULWGIXVZAPFO,0
13336473_SWIOJTSM_RVFWPMSK_0_101,13336473_SWIOJTSM_RVFWPMSK_0,JWRARGWSGJZN,13336473_SWIOJTSM_RVFWPMSK_0_101,13336473_SWIOJTSM_RVFWPMSK_0,ULWGIXVZAPFO,0
13336473_SWIOJTSM_RVFWPMSK_0_102,13336473_SWIOJTSM_RVFWPMSK_0,JWRARGWSGJZN,13336473_SWIOJTSM_RVFWPMSK_0_102,13336473_SWIOJTSM_RVFWPMSK_0,ULWGIXVZAPFO,0
13336473_SWIOJTSM_RVFWPMSK_0_103,13336473_SWIOJTSM_RVFWPMSK_0,JWRARGWSGJZN,13336473_SWIOJTSM_RVFWPMSK_0_103,13336473_SWIOJTSM_RVFWPMSK_0,ULWGIXVZAPFO,0
13336473_SWIOJTSM_RVFWPMSK_0_104,13336473_SWIOJTSM_RVFWPMSK_0,JWRARGWSGJZN,13336473_SWIOJTSM_RVFWPMSK_0_104,13336473_SWIOJTSM_RVFWPMSK_0,ULWGIXVZAPFO,0
13336473_SWIOJTSM_RVFWPMSK_0_105,13336473_SWIOJTSM_RVFWPMSK_0,JWRARGWSGJZN,13336473_SWIOJTSM_RVFWPMSK_0_105,13336473_SWIOJTSM_RVFWPMSK_0,ULWGIXVZAPFO,0
13336473_SWIOJTSM_RVFWPMSK_0_106,13336473_SWIOJTSM_RVFWPMSK_0,JWRARGWSGJZN,13336473_SWIOJTSM_RVFWPMSK_0_106,13336473_SWIOJTSM_RVFWPMSK_0,ULWGIXVZAPFO,0
13336473_SWIOJTSM_RVFWPMSK_0_107,13336473_SWIOJTSM_RVFWPMSK_0,JWRARGWSGJZN,13336473_SWIOJTSM_RVFWPMSK_0_107,13336473_SWIOJTSM_RVFWPMSK_0,ULWGIXVZAPFO,0
13336473_SWIOJTSM_RVFWPMSK_0_108,13336473_SWIOJTSM_RVFWPMSK_0,JWRARGWSGJZN,13336473_SWIOJTSM_RVFWPMSK_0_108,13336473_SWIOJTSM_RVFWPMSK_0,ULWGIXVZAPFO,0
13336473_SWIOJTSM_RVFWPMSK_0_109,13336473_SWIOJTSM_RVFWPMSK_0,JWRARGWSGJZN,13336473_SWIOJTSM_RVFWPMSK_0_109,13336473_SWIOJTSM_RVFWPMSK_0,ULWGIXVZAPFO,0
13336473_SWIOJTSM_RVFWPMSK_0_110,13336473_SWIOJTSM_RVFWPMSK_0,JWRARGWSGJZN,13336473_SWIOJTSM_RVFWPMSK_0_110,13336473_SWIOJTSM_RVFWPMSK_0,ULWGIXVZAPFO,0
13336473_SWIOJTSM_RVFWPMSK_0_111,13336473_SWIOJTSM_RVFWPMSK_0,JWRARGWSGJZN,13336473_SWIOJTSM_RVFWPMSK_0_111,13336473_SWIOJTSM_RVFWPMSK_0,ULWGIXVZAPFO,0
13336473_SWIOJTSM_RVFWPMSK_0_112,13336473_SWIOJTSM_RVFWPMSK_0,JWRARGWSGJZN,13336473_SWIOJTSM_RVFWPMSK_0_112,13336473_SWIOJTSM_RVFWPMSK_0,ULWGIXVZAPFO,0
13336473_SWIOJTSM_RVFWPMSK_0_113,13336473_SWIOJTSM_RVFWPMSK_0,JWRARGWSGJZN,13336473_SWIOJTSM_RVFWPMSK_0_113,13336473_SWIOJTSM_RVFWPMSK_0,ULWGIXVZAPFO,0
13336473_SWIOJTSM_RVFWPMSK_0_114,13336473_SWIOJTSM_RVFWPMSK_0,JWRARGWSGJZN,13336473_SWIOJTSM_RVFWPMSK_0_114,13336473_SWIOJTSM_RVFWPMSK_0,ULWGIXVZAPFO,0
13336473_SWIOJTSM_RVFWPMSK_0_115,13336473_SWIOJTSM_RVFWPMSK_0,JWRARGWSGJZN,13336473_SWIOJTSM_RVFWPMSK_0_115,13336473_SWIOJTSM_RVFWPMSK_0,ULWGIXVZAPFO,0
13336473_SWIOJTSM_RVFWPMSK_0_116,13336473_SWIOJTSM_RVFWPMSK_0,JWRARGWSGJZN,13336473_SWIOJTSM_RVFWPMSK_0_116,13336473_SWIOJTSM_RVFWPMSK_0,ULWGIXVZAPFO,0
13336473_SWIOJTSM_RVFWPMSK_0_117,13336473_SWIOJTSM_RVFWPMSK_0,JWRARGWSGJZN,13336473_SWIOJTSM_RVFWPMSK_0_117,13336473_SWIOJTSM_RVFWPMSK_0,ULWGIXVZAPFO,0
13336473_SWIOJTSM_RVFWPMSK_0_118,13336473_SWIOJTSM_RVFWPMSK_0,JWRARGWSGJZN,13336473_SWIOJTSM_RVFWPMSK_0_118,13336473_SWIOJTSM_RVFWPMSK_0,ULWGIXVZAPFO,0
13336473_SWIOJTSM_RVFWPMSK_0_119,13336473_SWIOJTSM_RVFWPMSK_0,JWRARGWSGJZN,13336473_SWIOJTSM_RVFWPMSK_0_119,13336473_SWIOJTSM_RVFWPMSK_0,ULWGIXVZAPFO,0
13336473_SWIOJTSM_RVFWPMSK_0_120,13336473_SWIOJTSM_RVFWPMSK_0,JWRARGWSGJZN,13336473_SWIOJTSM_RVFWPMSK_0_120,13336473_SWIOJTSM_RVFWPMSK_0,ULWGIXVZAPFO,0
13336473_SWIOJTSM_RVFWPMSK_0_121,13336473_SWIOJTSM_RVFWPMSK_0,JWRARGWSGJZN,13336473_SWIOJTSM_RVFWPMSK_0_121,13336473_SWIOJTSM_RVFWPMSK_0,ULWGIXVZAPFO,0
13336473_SWIOJTSM_RVFWPMSK_0_122,13336473_SWIOJTSM_RVFWPMSK_0,JWRARGWSGJZN,13336473_SWIOJTSM_RVFWPMSK_0_122,13336473_SWIOJTSM_RVFWPMSK_0,ULWGIXVZAPFO,0
13336473_SWIOJTSM_RVFWPMSK_0_123,13336473_SWIOJTSM_RVFWPMSK_0,JWRARGWSGJZN,13336473_SWIOJTSM_RVFWPMSK_0_123,13336473_SWIOJTSM_RVFWPMSK_0,ULWGIXVZAPFO,0
13336473_SWIOJTSM_RVFWPMSK_0_124,13336473_SWIOJTSM_RVFWPMSK_0,JWRARGWSGJZN,13336473_SWIOJTSM_RVFWPMSK_0_124,13336473_SWIOJTSM_RVFWPMSK_0,ULWGIXVZAPFO,0
13336473_SWIOJTSM_RVFWPMSK_0_125,13336473_SWIOJTSM_RVFWPMSK_0,JWRARGWSGJZN,13336473_SWIOJTSM_RVFWPMSK_0_125,13336473_SWIOJTSM_RVFWPMSK_0,ULWGIXVZAPFO,0
13336473_SWIOJTSM_RVFWPMSK_0_126,13336473_SWIOJTSM_RVFWPMSK_0,JWRARGWSGJZN,13336473_SWIOJTSM_RVFWPMSK_0_126,13336473_SWIOJTSM_RVFWPMSK_0,ULWGIXVZAPFO,0
13336473_SWIOJTSM_RVFWPMSK_0_127,13336473_SWIOJTSM_RVFWPMSK_0,JWRARGWSGJZN,13336473_SWIOJTSM_RVFWPMSK_0_127,13336473_SWIOJTSM_RVFWPMSK_0,ULWGIXVZAPFO,0
13336473_SWIOJTSM_RVFWPMSK_0_128,13336473_SWIOJTSM_RVFWPMSK_0,JWRARGWSGJZN,13336473_SWIOJTSM_RVFWPMSK_0_128,13336473_SWIOJTSM_RVFWPMSK_0,ULWGIXVZAPFO,0
13336473_SWIOJTSM_RVFWPMSK_0_129,13336473_SWIOJTSM_RVFWPMSK_0,JWRARGWSGJZN,13336473_SWIOJTSM_RVFWPMSK_0_129,13336473_SWIOJTSM_RVFWPMSK_0,ULWGIXVZAPFO,0
13336473_SWIOJTSM_RVFWPMSK_0_130,13336473_SWIOJTSM_RVFWPMSK_0,JWRARGWSGJZN,13336473_SWIOJTSM_RVFWPMSK_0_130,13336473_SWIOJTSM_RVFWPMSK_0,ULWGIXVZAPFO,0
13336473_SWIOJTSM_RVFWPMSK_0_131,13336473_SWIOJTSM_RVFWPMSK_0,JWRARGWSGJZN,13336473_SWIOJTSM_RVFWPMSK_0_131,13336473_SWIOJTSM_RVFWPMSK_0,ULWGIXVZAPFO,0
13336473_SWIOJTSM_RVFWPMSK_0_132,13336473_SWIOJTSM_RVFWPMSK_0,JWRARGWSGJZN,13336473_SWIOJTSM_RVFWPMSK_0_132,13336473_SWIOJTSM_RVFWPMSK_0,ULWGIXVZAPFO,0
13336473_SWIOJTSM_RVFWPMSK_0_133,13336473_SWIOJTSM_RVFWPMSK_0,JWRARGWSGJZN,13336473_SWIOJTSM_RVFWPMSK_0_133,13336473_SWIOJTSM_RVFWPMSK_0,ULWGIXVZAPFO,1
13336473_SWIOJTSM_RVFWPMSK_0_134,13336473_SWIOJTSM_RVFWPMSK_0,JWRARGWSGJZN,13336473_SWIOJTSM_RVFWPMSK_0_134,13336473_SWIOJTSM_RVFWPMSK_0,ULWGIXVZAPFO,0
13336473_SWIOJTSM_RVFWPMSK_0_135,13336473_SWIOJTSM_RVFWPMSK_0,JWRARGWSGJZN,13336473_SWIOJTSM_RVFWPMSK_0_135,13336473_SWIOJTSM_RVFWPMSK_0,ULWGIXVZAPFO,0
13336473_SWIOJTSM_RVFWPMSK_0_136,13336473_SWIOJTSM_RVFWPMSK_0,JWRARGWSGJZN,13336473_SWIOJTSM_RVFWPMSK_0_136,13336473_SWIOJTSM_RVFWPMSK_0,ULWGIXVZAPFO,1
13336473_SWIOJTSM_RVFWPMSK_0_137,13336473_SWIOJTSM_RVFWPMSK_0,JWRARGWSGJZN,13336473_SWIOJTSM_RVFWPMSK_0_137,13336473_SWIOJTSM_RVFWPMSK_0,ULWGIXVZAPFO,1
13336473_SWIOJTSM_RVFWPMSK_0_138,13336473_SWIOJTSM_RVFWPMSK_0,JWRARGWSGJZN,13336473_SWIOJTSM_RVFWPMSK_0_138,13336473_SWIOJTSM_RVFWPMSK_0,ULWGIXVZAPFO,1
13336473_SWIOJTSM_RVFWPMSK_0_139,13336473_SWIOJTSM_RVFWPMSK_0,JWRARGWSGJZN,13336473_SWIOJTSM_RVFWPMSK_0_139,13336473_SWIOJTSM_RVFWPMSK_0,ULWGIXVZAPFO,0
13336473_SWIOJTSM_RVFWPMSK_0_140,13336473_SWIOJTSM_RVFWPMSK_0,JWRARGWSGJZN,13336473_SWIOJTSM_RVFWPMSK_0_140,13336473_SWIOJTSM_RVFWPMSK_0,ULWGIXVZAPFO,0
13336473_SWIOJTSM_RVFWPMSK_0_141,13336473_SWIOJTSM_RVFWPMSK_0,JWRARGWSGJZN,13336473_SWIOJTSM_RVFWPMSK_0_141,13336473_SWIOJTSM_RVFWPMSK_0,ULWGIXVZAPFO,0
13336473_SWIOJTSM_RVFWPMSK_0_142,13336473_SWIOJTSM_RVFWPMSK_0,JWRARGWSGJZN,13336473_SWIOJTSM_RVFWPMSK_0_142,13336473_SWIOJTSM_RVFWPMSK_0,ULWGIXVZAPFO,0
13336473_SWIOJTSM_RVFWPMSK_0_143,13336473_SWIOJTSM_RVFWPMSK_0,JWRARGWSGJZN,13336473_SWIOJTSM_RVFWPMSK_0_143,13336473_SWIOJTSM_RVFWPMSK_0,ULWGIXVZAPFO,0
13336473_SWIOJTSM_RVFWPMSK_0_144,13336473_SWIOJTSM_RVFWPMSK_0,JWRARGWSGJZN,13336473_SWIOJTSM_RVFWPMSK_0_144,13336473_SWIOJTSM_RVFWPMSK_0,ULWGIXVZAPFO,0
13336473_SWIOJTSM_RVFWPMSK_0_145,13336473_SWIOJTSM_RVFWPMSK_0,JWRARGWSGJZN,13336473_SWIOJTSM_RVFWPMSK_0_145,13336473_SWIOJTSM_RVFWPMSK_0,ULWGIXVZAPFO,1
13336473_SWIOJTSM_RVFWPMSK_0_146,13336473_SWIOJTSM_RVFWPMSK_0,JWRARGWSGJZN,13336473_SWIOJTSM_RVFWPMSK_0_146,13336473_SWIOJTSM_RVFWPMSK_0,ULWGIXVZAPFO,0
13336473_SWIOJTSM_RVFWPMSK_0_147,13336473_SWIOJTSM_RVFWPMSK_0,JWRARGWSGJZN,13336473_SWIOJTSM_RVFWPMSK_0_147,13336473_SWIOJTSM_RVFWPMSK_0,ULWGIXVZAPFO,0
13336473_SWIOJTSM_RVFWPMSK_0_148,13336473_SWIOJTSM_RVFWPMSK_0,JWRARGWSGJZN,13336473_SWIOJTSM_RVFWPMSK_0_148,13336473_SWIOJTSM_RVFWPMSK_0,ULWGIXVZAPFO,0
13336473_SWIOJTSM_RVFWPMSK_0_149,13336473_SWIOJTSM_RVFWPMSK_0,JWRARGWSGJZN,13336473_SWIOJTSM_RVFWPMSK_0_149,13336473_SWIOJTSM_RVFWPMSK_0,ULWGIXVZAPFO,0
13336473_SWIOJTSM_RVFWPMSK_0_150,13336473_SWIOJTSM_RVFWPMSK_0,JWRARGWSGJZN,13336473_SWIOJTSM_RVFWPMSK_0_150,13336473_SWIOJTSM_RVFWPMSK_0,ULWGIXVZAPFO,0
13336473_SWIOJTSM_RVFWPMSK_0_151,13336473_SWIOJTSM_RVFWPMSK_0,JWRARGWSGJZN,13336473_SWIOJTSM_RVFWPMSK_0_151,13336473_SWIOJTSM_RVFWPMSK_0,ULWGIXVZAPFO,0
13336473_SWIOJTSM_RVFWPMSK_0_152,13336473_SWIOJTSM_RVFWPMSK_0,JWRARGWSGJZN,13336473_SWIOJTSM_RVFWPMSK_0_152,13336473_SWIOJTSM_RVFWPMSK_0,ULWGIXVZAPFO,1
13336473_SWIOJTSM_RVFWPMSK_0_153,13336473_SWIOJTSM_RVFWPMSK_0,JWRARGWSGJZN,13336473_SWIOJTSM_RVFWPMSK_0_153,13336473_SWIOJTSM_RVFWPMSK_0,ULWGIXVZAPFO,0
13336473_SWIOJTSM_RVFWPMSK_0_154,13336473_SWIOJTSM_RVFWPMSK_0,JWRARGWSGJZN,13336473_SWIOJTSM_RVFWPMSK_0_154,13336473_SWIOJTSM_RVFWPMSK_0,ULWGIXVZAPFO,0
13336473_SWIOJTSM_RVFWPMSK_0_155,13336473_SWIOJTSM_RVFWPMSK_0,JWRARGWSGJZN,13336473_SWIOJTSM_RVFWPMSK_0_155,13336473_SWIOJTSM_RVFWPMSK_0,ULWGIXVZAPFO,0
13336473_SWIOJTSM_RVFWPMSK_0_156,13336473_SWIOJTSM_RVFWPMSK_0,JWRARGWSGJZN,13336473_SWIOJTSM_RVFWPMSK_0_156,13336473_SWIOJTSM_RVFWPMSK_0,ULWGIXVZAPFO,0
13336473_SWIOJTSM_RVFWPMSK_0_157,13336473_SWIOJTSM_RVFWPMSK_0,JWRARGWSGJZN,13336473_SWIOJTSM_RVFWPMSK_0_157,13336473_SWIOJTSM_RVFWPMSK_0,ULWGIXVZAPFO,0
13336473_SWIOJTSM_RVFWPMSK_0_158,13336473_SWIOJTSM_RVFWPMSK_0,JWRARGWSGJZN,13336473_SWIOJTSM_RVFWPMSK_0_158,13336473_SWIOJTSM_RVFWPMSK_0,ULWGIXVZAPFO,0
13336473_SWIOJTSM_RVFWPMSK_0_159,13336473_SWIOJTSM_RVFWPMSK_0,JWRARGWSGJZN,13336473_SWIOJTSM_RVFWPMSK_0_159,13336473_SWIOJTSM_RVFWPMSK_0,ULWGIXVZAPFO,0
13336473_SWIOJTSM_RVFWPMSK_0_160,13336473_SWIOJTSM_RVFWPMSK_0,JWRARGWSGJZN,13336473_SWIOJTSM_RVFWPMSK_0_160,13336473_SWIOJTSM_RVFWPMSK_0,ULWGIXVZAPFO,0
13336473_SWIOJTSM_RVFWPMSK_0_161,13336473_SWIOJTSM_RVFWPMSK_0,JWRARGWSGJZN,13336473_SWIOJTSM_RVFWPMSK_0_161,13336473_SWIOJTSM_RVFWPMSK_0,ULWGIXVZAPFO,0
13336473_SWIOJTSM_RVFWPMSK_0_162,13336473_SWIOJTSM_RVFWPMSK_0,JWRARGWSGJZN,13336473_SWIOJTSM_RVFWPMSK_0_162,13336473_SWIOJTSM_RVFWPMSK_0,ULWGIXVZAPFO,0
13336473_SWIOJTSM_RVFWPMSK_0_163,13336473_SWIOJTSM_RVFWPMSK_0,JWRARGWSGJZN,13336473_SWIOJTSM_RVFWPMSK_0_163,13336473_SWIOJTSM_RVFWPMSK_0,ULWGIXVZAPFO,0
13336473_SWIOJTSM_RVFWPMSK_0_164,13336473_SWIOJTSM_RVFWPMSK_0,JWRARGWSGJZN,13336473_SWIOJTSM_RVFWPMSK_0_164,13336473_SWIOJTSM_RVFWPMSK_0,ULWGIXVZAPFO,0
13336473_SWIOJTSM_RVFWPMSK_0_165,13336473_SWIOJTSM_RVFWPMSK_0,JWRARGWSGJZN,13336473_SWIOJTSM_RVFWPMSK_0_165,13336473_SWIOJTSM_RVFWPMSK_0,ULWGIXVZAPFO,0
13336473_SWIOJTSM_RVFWPMSK_0_166,13336473_SWIOJTSM_RVFWPMSK_0,JWRARGWSGJZN,13336473_SWIOJTSM_RVFWPMSK_0_166,13336473_SWIOJTSM_RVFWPMSK_0,ULWGIXVZAPFO,0
13336473_SWIOJTSM_RVFWPMSK_0_167,13336473_SWIOJTSM_RVFWPMSK_0,JWRARGWSGJZN,13336473_SWIOJTSM_RVFWPMSK_0_167,13336473_SWIOJTSM_RVFWPMSK_0,ULWGIXVZAPFO,0
13336473_SWIOJTSM_RVFWPMSK_0_168,13336473_SWIOJTSM_RVFWPMSK_0,JWRARGWSGJZN,13336473_SWIOJTSM_RVFWPMSK_0_168,13336473_SWIOJTSM_RVFWPMSK_0,ULWGIXVZAPFO,0
13336473_SWIOJTSM_RVFWPMSK_0_169,13336473_SWIOJTSM_RVFWPMSK_0,JWRARGWSGJZN,13336473_SWIOJTSM_RVFWPMSK_0_169,13336473_SWIOJTSM_RVFWPMSK_0,ULWGIXVZAPFO,0
13336473_SWIOJTSM_RVFWPMSK_0_170,13336473_SWIOJTSM_RVFWPMSK_0,JWRARGWSGJZN,13336473_SWIOJTSM_RVFWPMSK_0_170,13336473_SWIOJTSM_RVFWPMSK_0,ULWGIXVZAPFO,0
13336473_SWIOJTSM_RVFWPMSK_0_171,13336473_SWIOJTSM_RVFWPMSK_0,JWRARGWSGJZN,13336473_SWIOJTSM_RVFWPMSK_0_171,13336473_SWIOJTSM_RVFWPMSK_0,ULWGIXVZAPFO,0
13336473_SWIOJTSM_RVFWPMSK_0_172,13336473_SWIOJTSM_RVFWPMSK_0,JWRARGWSGJZN,13336473_SWIOJTSM_RVFWPMSK_0_172,13336473_SWIOJTSM_RVFWPMSK_0,ULWGIXVZAPFO,0
13336473_SWIOJTSM_RVFWPMSK_0_173,13336473_SWIOJTSM_RVFWPMSK_0,JWRARGWSGJZN,13336473_SWIOJTSM_RVFWPMSK_0_173,13336473_SWIOJTSM_RVFWPMSK_0,ULWGIXVZAPFO,0
13336473_SWIOJTSM_RVFWPMSK_0_174,13336473_SWIOJTSM_RVFWPMSK_0,JWRARGWSGJZN,13336473_SWIOJTSM_RVFWPMSK_0_174,13336473_SWIOJTSM_RVFWPMSK_0,ULWGIXVZAPFO,0
13336473_SWIOJTSM_RVFWPMSK_0_175,13336473_SWIOJTSM_RVFWPMSK_0,JWRARGWSGJZN,13336473_SWIOJTSM_RVFWPMSK_0_175,13336473_SWIOJTSM_RVFWPMSK_0,ULWGIXVZAPFO,0
13336473_SWIOJTSM_RVFWPMSK_0_176,13336473_SWIOJTSM_RVFWPMSK_0,JWRARGWSGJZN,13336473_SWIOJTSM_RVFWPMSK_0_176,13336473_SWIOJTSM_RVFWPMSK_0,ULWGIXVZAPFO,0
13336473_SWIOJTSM_RVFWPMSK_0_177,13336473_SWIOJTSM_RVFWPMSK_0,JWRARGWSGJZN,13336473_SWIOJTSM_RVFWPMSK_0_177,13336473_SWIOJTSM_RVFWPMSK_0,ULWGIXVZAPFO,0
13336473_SWIOJTSM_RVFWPMSK_0_178,13336473_SWIOJTSM_RVFWPMSK_0,JWRARGWSGJZN,13336473_SWIOJTSM_RVFWPMSK_0_178,13336473_SWIOJTSM_RVFWPMSK_0,ULWGIXVZAPFO,0
13336473_SWIOJTSM_RVFWPMSK_0_179,13336473_SWIOJTSM_RVFWPMSK_0,JWRARGWSGJZN,13336473_SWIOJTSM_RVFWPMSK_0_179,13336473_SWIOJTSM_RVFWPMSK_0,ULWGIXVZAPFO,0
13336473_SWIOJTSM_RVFWPMSK_0_180,13336473_SWIOJTSM_RVFWPMSK_0,JWRARGWSGJZN,13336473_SWIOJTSM_RVFWPMSK_0_180,13336473_SWIOJTSM_RVFWPMSK_0,ULWGIXVZAPFO,0
13336473_SWIOJTSM_RVFWPMSK_0_181,13336473_SWIOJTSM_RVFWPMSK_0,JWRARGWSGJZN,13336473_SWIOJTSM_RVFWPMSK_0_181,13336473_SWIOJTSM_RVFWPMSK_0,ULWGIXVZAPFO,0
13336473_SWIOJTSM_RVFWPMSK_0_182,13336473_SWIOJTSM_RVFWPMSK_0,JWRARGWSGJZN,13336473_SWIOJTSM_RVFWPMSK_0_182,13336473_SWIOJTSM_RVFWPMSK_0,ULWGIXVZAPFO,0
13336473_SWIOJTSM_RVFWPMSK_0_183,13336473_SWIOJTSM_RVFWPMSK_0,JWRARGWSGJZN,13336473_SWIOJTSM_RVFWPMSK_0_183,13336473_SWIOJTSM_RVFWPMSK_0,ULWGIXVZAPFO,0
13336473_SWIOJTSM_RVFWPMSK_0_184,13336473_SWIOJTSM_RVFWPMSK_0,JWRARGWSGJZN,13336473_SWIOJTSM_RVFWPMSK_0_184,13336473_SWIOJTSM_RVFWPMSK_0,ULWGIXVZAPFO,0
13336473_SWIOJTSM_RVFWPMSK_0_185,13336473_SWIOJTSM_RVFWPMSK_0,JWRARGWSGJZN,13336473_SWIOJTSM_RVFWPMSK_0_185,13336473_SWIOJTSM_RVFWPMSK_0,ULWGIXVZAPFO,0
13336473_SWIOJTSM_RVFWPMSK_0_186,13336473_SWIOJTSM_RVFWPMSK_0,JWRARGWSGJZN,13336473_SWIOJTSM_RVFWPMSK_0_186,13336473_SWIOJTSM_RVFWPMSK_0,ULWGIXVZAPFO,0
13336473_SWIOJTSM_RVFWPMSK_0_187,13336473_SWIOJTSM_RVFWPMSK_0,JWRARGWSGJZN,13336473_SWIOJTSM_RVFWPMSK_0_187,13336473_SWIOJTSM_RVFWPMSK_0,ULWGIXVZAPFO,0
13336473_SWIOJTSM_RVFWPMSK_0_188,13336473_SWIOJTSM_RVFWPMSK_0,JWRARGWSGJZN,13336473_SWIOJTSM_RVFWPMSK_0_188,13336473_SWIOJTSM_RVFWPMSK_0,ULWGIXVZAPFO,0
13336473_SWIOJTSM_RVFWPMSK_0_189,13336473_SWIOJTSM_RVFWPMSK_0,JWRARGWSGJZN,13336473_SWIOJTSM_RVFWPMSK_0_189,13336473_SWIOJTSM_RVFWPMSK_0,ULWGIXVZAPFO,0
13336473_SWIOJTSM_RVFWPMSK_0_190,13336473_SWIOJTSM_RVFWPMSK_0,JWRARGWSGJZN,13336473_SWIOJTSM_RVFWPMSK_0_190,13336473_SWIOJTSM_RVFWPMSK_0,ULWGIXVZAPFO,0
13336473_SWIOJTSM_RVFWPMSK_0_191,13336473_SWIOJTSM_RVFWPMSK_0,JWRARGWSGJZN,13336473_SWIOJTSM_RVFWPMSK_0_191,13336473_SWIOJTSM_RVFWPMSK_0,ULWGIXVZAPFO,0
13336473_SWIOJTSM_RVFWPMSK_0_192,13336473_SWIOJTSM_RVFWPMSK_0,JWRARGWSGJZN,13336473_SWIOJTSM_RVFWPMSK_0_192,13336473_SWIOJTSM_RVFWPMSK_0,ULWGIXVZAPFO,0
13336473_SWIOJTSM_RVFWPMSK_0_193,13336473_SWIOJTSM_RVFWPMSK_0,JWRARGWSGJZN,13336473_SWIOJTSM_RVFWPMSK_0_193,13336473_SWIOJTSM_RVFWPMSK_0,ULWGIXVZAPFO,0
13336473_SWIOJTSM_RVFWPMSK_0_194,13336473_SWIOJTSM_RVFWPMSK_0,JWRARGWSGJZN,13336473_SWIOJTSM_RVFWPMSK_0_194,13336473_SWIOJTSM_RVFWPMSK_0,ULWGIXVZAPFO,0
13336473_SWIOJTSM_RVFWPMSK_0_195,13336473_SWIOJTSM_RVFWPMSK_0,JWRARGWSGJZN,13336473_SWIOJTSM_RVFWPMSK_0_195,13336473_SWIOJTSM_RVFWPMSK_0,ULWGIXVZAPFO,0
13336473_SWIOJTSM_RVFWPMSK_0_196,13336473_SWIOJTSM_RVFWPMSK_0,JWRARGWSGJZN,13336473_SWIOJTSM_RVFWPMSK_0_196,13336473_SWIOJTSM_RVFWPMSK_0,ULWGIXVZAPFO,0
13336473_SWIOJTSM_RVFWPMSK_0_197,13336473_SWIOJTSM_RVFWPMSK_0,JWRARGWSGJZN,13336473_SWIOJTSM_RVFWPMSK_0_197,13336473_SWIOJTSM_RVFWPMSK_0,ULWGIXVZAPFO,0
13336473_SWIOJTSM_RVFWPMSK_0_198,13336473_SWIOJTSM_RVFWPMSK_0,JWRARGWSGJZN,13336473_SWIOJTSM_RVFWPMSK_0_198,13336473_SWIOJTSM_RVFWPMSK_0,ULWGIXVZAPFO,0
13336473_SWIOJTSM_RVFWPMSK_0_199,13336473_SWIOJTSM_RVFWPMSK_0,JWRARGWSGJZN,13336473_SWIOJTSM_RVFWPMSK_0_199,13336473_SWIOJTSM_RVFWPMSK_0,ULWGIXVZAPFO,0
13336473_SWIOJTSM_RVFWPMSK_0_200,13336473_SWIOJTSM_RVFWPMSK_0,JWRARGWSGJZN,13336473_SWIOJTSM_RVFWPMSK_0_200,13336473_SWIOJTSM_RVFWPMSK_0,ULWGIXVZAPFO,0
13336473_SWIOJTSM_RVFWPMSK_0_201,13336473_SWIOJTSM_RVFWPMSK_0,JWRARGWSGJZN,13336473_SWIOJTSM_RVFWPMSK_0_201,13336473_SWIOJTSM_RVFWPMSK_0,ULWGIXVZAPFO,0
13336473_SWIOJTSM_RVFWPMSK_0_202,13336473_SWIOJTSM_RVFWPMSK_0,JWRARGWSGJZN,13336473_SWIOJTSM_RVFWPMSK_0_202,13336473_SWIOJTSM_RVFWPMSK_0,ULWGIXVZAPFO,0
13336473_SWIOJTSM_RVFWPMSK_0_203,13336473_SWIOJTSM_RVFWPMSK_0,JWRARGWSGJZN,13336473_SWIOJTSM_RVFWPMSK_0_203,13336473_SWIOJTSM_RVFWPMSK_0,ULWGIXVZAPFO,0
13336473_SWIOJTSM_RVFWPMSK_0_204,13336473_SWIOJTSM_RVFWPMSK_0,JWRARGWSGJZN,13336473_SWIOJTSM_RVFWPMSK_0_204,13336473_SWIOJTSM_RVFWPMSK_0,ULWGIXVZAPFO,0
13336473_SWIOJTSM_RVFWPMSK_0_205,13336473_SWIOJTSM_RVFWPMSK_0,JWRARGWSGJZN,13336473_SWIOJTSM_RVFWPMSK_0_205,13336473_SWIOJTSM_RVFWPMSK_0,ULWGIXVZAPFO,0
13336473_SWIOJTSM_RVFWPMSK_0_206,13336473_SWIOJTSM_RVFWPMSK_0,JWRARGWSGJZN,13336473_SWIOJTSM_RVFWPMSK_0_206,13336473_SWIOJTSM_RVFWPMSK_0,ULWGIXVZAPFO,0
13336473_SWIOJTSM_RVFWPMSK_0_207,13336473_SWIOJTSM_RVFWPMSK_0,JWRARGWSGJZN,13336473_SWIOJTSM_RVFWPMSK_0_207,13336473_SWIOJTSM_RVFWPMSK_0,ULWGIXVZAPFO,0
13336473_SWIOJTSM_RVFWPMSK_0_208,13336473_SWIOJTSM_RVFWPMSK_0,JWRARGWSGJZN,13336473_SWIOJTSM_RVFWPMSK_0_208,13336473_SWIOJTSM_RVFWPMSK_0,ULWGIXVZAPFO,0
13336473_SWIOJTSM_RVFWPMSK_0_209,13336473_SWIOJTSM_RVFWPMSK_0,JWRARGWSGJZN,13336473_SWIOJTSM_RVFWPMSK_0_209,13336473_SWIOJTSM_RVFWPMSK_0,ULWGIXVZAPFO,0
13336473_SWIOJTSM_RVFWPMSK_0_210,13336473_SWIOJTSM_RVFWPMSK_0,JWRARGWSGJZN,13336473_SWIOJTSM_RVFWPMSK_0_210,13336473_SWIOJTSM_RVFWPMSK_0,ULWGIXVZAPFO,0
13336473_SWIOJTSM_RVFWPMSK_0_211,13336473_SWIOJTSM_RVFWPMSK_0,JWRARGWSGJZN,13336473_SWIOJTSM_RVFWPMSK_0_211,13336473_SWIOJTSM_RVFWPMSK_0,ULWGIXVZAPFO,0
13336473_SWIOJTSM_RVFWPMSK_0_212,13336473_SWIOJTSM_RVFWPMSK_0,JWRARGWSGJZN,13336473_SWIOJTSM_RVFWPMSK_0_212,13336473_SWIOJTSM_RVFWPMSK_0,ULWGIXVZAPFO,0
13336473_SWIOJTSM_RVFWPMSK_0_213,13336473_SWIOJTSM_RVFWPMSK_0,JWRARGWSGJZN,13336473_SWIOJTSM_RVFWPMSK_0_213,13336473_SWIOJTSM_RVFWPMSK_0,ULWGIXVZAPFO,0
13336473_SWIOJTSM_RVFWPMSK_0_214,13336473_SWIOJTSM_RVFWPMSK_0,JWRARGWSGJZN,13336473_SWIOJTSM_RVFWPMSK_0_214,13336473_SWIOJTSM_RVFWPMSK_0,ULWGIXVZAPFO,0
13336473_SWIOJTSM_RVFWPMSK_0_215,13336473_SWIOJTSM_RVFWPMSK_0,JWRARGWSGJZN,13336473_SWIOJTSM_RVFWPMSK_0_215,13336473_SWIOJTSM_RVFWPMSK_0,ULWGIXVZAPFO,0
13336473_SWIOJTSM_RVFWPMSK_0_216,13336473_SWIOJTSM_RVFWPMSK_0,JWRARGWSGJZN,13336473_SWIOJTSM_RVFWPMSK_0_216,13336473_SWIOJTSM_RVFWPMSK_0,ULWGIXVZAPFO,0
13336473_SWIOJTSM_RVFWPMSK_0_217,13336473_SWIOJTSM_RVFWPMSK_0,JWRARGWSGJZN,13336473_SWIOJTSM_RVFWPMSK_0_217,13336473_SWIOJTSM_RVFWPMSK_0,ULWGIXVZAPFO,0
13336473_SWIOJTSM_RVFWPMSK_0_218,13336473_SWIOJTSM_RVFWPMSK_0,JWRARGWSGJZN,13336473_SWIOJTSM_RVFWPMSK_0_218,13336473_SWIOJTSM_RVFWPMSK_0,ULWGIXVZAPFO,0
13336473_SWIOJTSM_RVFWPMSK_0_219,13336473_SWIOJTSM_RVFWPMSK_0,JWRARGWSGJZN,13336473_SWIOJTSM_RVFWPMSK_0_219,13336473_SWIOJTSM_RVFWPMSK_0,ULWGIXVZAPFO,0
13336473_SWIOJTSM_RVFWPMSK_0_220,13336473_SWIOJTSM_RVFWPMSK_0,JWRARGWSGJZN,13336473_SWIOJTSM_RVFWPMSK_0_220,13336473_SWIOJTSM_RVFWPMSK_0,ULWGIXVZAPFO,0
13336473_SWIOJTSM_RVFWPMSK_0_221,13336473_SWIOJTSM_RVFWPMSK_0,JWRARGWSGJZN,13336473_SWIOJTSM_RVFWPMSK_0_221,13336473_SWIOJTSM_RVFWPMSK_0,ULWGIXVZAPFO,0
13336473_SWIOJTSM_RVFWPMSK_0_222,13336473_SWIOJTSM_RVFWPMSK_0,JWRARGWSGJZN,13336473_SWIOJTSM_RVFWPMSK_0_222,13336473_SWIOJTSM_RVFWPMSK_0,ULWGIXVZAPFO,0
13336473_SWIOJTSM_RVFWPMSK_0_223,13336473_SWIOJTSM_RVFWPMSK_0,JWRARGWSGJZN,13336473_SWIOJTSM_RVFWPMSK_0_223,13336473_SWIOJTSM_RVFWPMSK_0,ULWGIXVZAPFO,0
13336473_SWIOJTSM_RVFWPMSK_0_224,13336473_SWIOJTSM_RVFWPMSK_0,JWRARGWSGJZN,13336473_SWIOJTSM_RVFWPMSK_0_224,13336473_SWIOJTSM_RVFWPMSK_0,ULWGIXVZAPFO,0
13336473_SWIOJTSM_RVFWPMSK_0_225,13336473_SWIOJTSM_RVFWPMSK_0,JWRARGWSGJZN,13336473_SWIOJTSM_RVFWPMSK_0_225,13336473_SWIOJTSM_RVFWPMSK_0,ULWGIXVZAPFO,0
13336473_SWIOJTSM_RVFWPMSK_0_226,13336473_SWIOJTSM_RVFWPMSK_0,JWRARGWSGJZN,13336473_SWIOJTSM_RVFWPMSK_0_226,13336473_SWIOJTSM_RVFWPMSK_0,ULWGIXVZAPFO,0
13336473_SWIOJTSM_RVFWPMSK_0_227,13336473_SWIOJTSM_RVFWPMSK_0,JWRARGWSGJZN,13336473_SWIOJTSM_RVFWPMSK_0_227,13336473_SWIOJTSM_RVFWPMSK_0,ULWGIXVZAPFO,0
13336473_SWIOJTSM_RVFWPMSK_0_228,13336473_SWIOJTSM_RVFWPMSK_0,JWRARGWSGJZN,13336473_SWIOJTSM_RVFWPMSK_0_228,13336473_SWIOJTSM_RVFWPMSK_0,ULWGIXVZAPFO,0
13336473_SWIOJTSM_RVFWPMSK_0_229,13336473_SWIOJTSM_RVFWPMSK_0,JWRARGWSGJZN,13336473_SWIOJTSM_RVFWPMSK_0_229,13336473_SWIOJTSM_RVFWPMSK_0,ULWGIXVZAPFO,0
44731344_SXKPVCFE_XLOLCGQM_0_0,44731344_SXKPVCFE_XLOLCGQM_0,FOPZUCAJROVY,44731344_SXKPVCFE_XLOLCGQM_0_0,44731344_SXKPVCFE_XLOLCGQM_0,LQQLRKCFNPPJ,0
44731344_SXKPVCFE_XLOLCGQM_0_0,44731344_SXKPVCFE_XLOLCGQM_0,FOPZUCAJROVY,44731344_SXKPVCFE_XLOLCGQM_0_0,44731344_SXKPVCFE_XLOLCGQM_0,CKMVQHUTCSSS,0
44731344_SXKPVCFE_XLOLCGQM_0_0,44731344_SXKPVCFE_XLOLCGQM_0,FOPZUCAJROVY,44731344_SXKPVCFE_XLOLCGQM_0_0,44731344_SXKPVCFE_XLOLCGQM_0,JOCUQRLPFDAQ,0
44731344_SXKPVCFE_XLOLCGQM_0_1,44731344_SXKPVCFE_XLOLCGQM_0,FOPZUCAJROVY,44731344_SXKPVCFE_XLOLCGQM_0_1,44731344_SXKPVCFE_XLOLCGQM_0,LQQLRKCFNPPJ,0
44731344_SXKPVCFE_XLOLCGQM_0_1,44731344_SXKPVCFE_XLOLCGQM_0,FOPZUCAJROVY,44731344_SXKPVCFE_XLOLCGQM_0_1,44731344_SXKPVCFE_XLOLCGQM_0,CKMVQHUTCSSS,0
44731344_SXKPVCFE_XLOLCGQM_0_1,44731344_SXKPVCFE_XLOLCGQM_0,FOPZUCAJROVY,44731344_SXKPVCFE_XLOLCGQM_0_1,44731344_SXKPVCFE_XLOLCGQM_0,JOCUQRLPFDAQ,0
44731344_SXKPVCFE_XLOLCGQM_0_2,44731344_SXKPVCFE_XLOLCGQM_0,FOPZUCAJROVY,44731344_SXKPVCFE_XLOLCGQM_0_2,44731344_SXKPVCFE_XLOLCGQM_0,LQQLRKCFNPPJ,0
44731344_SXKPVCFE_XLOLCGQM_0_2,44731344_SXKPVCFE_XLOLCGQM_0,FOPZUCAJROVY,44731344_SXKPVCFE_XLOLCGQM_0_2,44731344_SXKPVCFE_XLOLCGQM_0,CKMVQHUTCSSS,0
44731344_SXKPVCFE_XLOLCGQM_0_2,44731344_SXKPVCFE_XLOLCGQM_0,FOPZUCAJROVY,44731344_SXKPVCFE_XLOLCGQM_0_2,44731344_SXKPVCFE_XLOLCGQM_0,JOCUQRLPFDAQ,0
44731344_SXKPVCFE_XLOLCGQM_0_3,44731344_SXKPVCFE_XLOLCGQM_0,FOPZUCAJROVY,44731344_SXKPVCFE_XLOLCGQM_0_3,44731344_SXKPVCFE_XLOLCGQM_0,LQQLRKCFNPPJ,0
44731344_SXKPVCFE_XLOLCGQM_0_3,44731344_SXKPVCFE_XLOLCGQM_0,FOPZUCAJROVY,44731344_SXKPVCFE_XLOLCGQM_0_3,44731344_SXKPVCFE_XLOLCGQM_0,CKMVQHUTCSSS,0
44731344_SXKPVCFE_XLOLCGQM_0_3,44731344_SXKPVCFE_XLOLCGQM_0,FOPZUCAJROVY,44731344_SXKPVCFE_XLOLCGQM_0_3,44731344_SXKPVCFE_XLOLCGQM_0,JOCUQRLPFDAQ,0
44731344_SXKPVCFE_XLOLCGQM_0_4,44731344_SXKPVCFE_XLOLCGQM_0,FOPZUCAJROVY,44731344_SXKPVCFE_XLOLCGQM_0_4,44731344_SXKPVCFE_XLOLCGQM_0,LQQLRKCFNPPJ,0
44731344_SXKPVCFE_XLOLCGQM_0_4,44731344_SXKPVCFE_XLOLCGQM_0,FOPZUCAJROVY,44731344_SXKPVCFE_XLOLCGQM_0_4,44731344_SXKPVCFE_XLOLCGQM_0,CKMVQHUTCSSS,0
44731344_SXKPVCFE_XLOLCGQM_0_4,44731344_SXKPVCFE_XLOLCGQM_0,FOPZUCAJROVY,44731344_SXKPVCFE_XLOLCGQM_0_4,44731344_SXKPVCFE_XLOLCGQM_0,JOCUQRLPFDAQ,0
44731344_SXKPVCFE_XLOLCGQM_0_5,44731344_SXKPVCFE_XLOLCGQM_0,FOPZUCAJROVY,44731344_SXKPVCFE_XLOLCGQM_0_5,44731344_SXKPVCFE_XLOLCGQM_0,LQQLRKCFNPPJ,0
44731344_SXKPVCFE_XLOLCGQM_0_5,44731344_SXKPVCFE_XLOLCGQM_0,FOPZUCAJROVY,44731344_SXKPVCFE_XLOLCGQM_0_5,44731344_SXKPVCFE_XLOLCGQM_0,CKMVQHUTCSSS,0
44731344_SXKPVCFE_XLOLCGQM_0_5,44731344_SXKPVCFE_XLOLCGQM_0,FOPZUCAJROVY,44731344_SXKPVCFE_XLOLCGQM_0_5,44731344_SXKPVCFE_XLOLCGQM_0,JOCUQRLPFDAQ,0
44731344_SXKPVCFE_XLOLCGQM_0_6,44731344_SXKPVCFE_XLOLCGQM_0,FOPZUCAJROVY,44731344_SXKPVCFE_XLOLCGQM_0_6,44731344_SXKPVCFE_XLOLCGQM_0,LQQLRKCFNPPJ,0
44731344_SXKPVCFE_XLOLCGQM_0_6,44731344_SXKPVCFE_XLOLCGQM_0,FOPZUCAJROVY,44731344_SXKPVCFE_XLOLCGQM_0_6,44731344_SXKPVCFE_XLOLCGQM_0,CKMVQHUTCSSS,0
44731344_SXKPVCFE_XLOLCGQM_0_6,44731344_SXKPVCFE_XLOLCGQM_0,FOPZUCAJROVY,44731344_SXKPVCFE_XLOLCGQM_0_6,44731344_SXKPVCFE_XLOLCGQM_0,JOCUQRLPFDAQ,0
44731344_SXKPVCFE_XLOLCGQM_0_7,44731344_SXKPVCFE_XLOLCGQM_0,FOPZUCAJROVY,44731344_SXKPVCFE_XLOLCGQM_0_7,44731344_SXKPVCFE_XLOLCGQM_0,LQQLRKCFNPPJ,0
44731344_SXKPVCFE_XLOLCGQM_0_7,44731344_SXKPVCFE_XLOLCGQM_0,FOPZUCAJROVY,44731344_SXKPVCFE_XLOLCGQM_0_7,44731344_SXKPVCFE_XLOLCGQM_0,CKMVQHUTCSSS,0
44731344_SXKPVCFE_XLOLCGQM_0_7,44731344_SXKPVCFE_XLOLCGQM_0,FOPZUCAJROVY,44731344_SXKPVCFE_XLOLCGQM_0_7,44731344_SXKPVCFE_XLOLCGQM_0,JOCUQRLPFDAQ,0
44731344_SXKPVCFE_XLOLCGQM_0_8,44731344_SXKPVCFE_XLOLCGQM_0,FOPZUCAJROVY,44731344_SXKPVCFE_XLOLCGQM_0_8,44731344_SXKPVCFE_XLOLCGQM_0,LQQLRKCFNPPJ,0
44731344_SXKPVCFE_XLOLCGQM_0_8,44731344_SXKPVCFE_XLOLCGQM_0,FOPZUCAJROVY,44731344_SXKPVCFE_XLOLCGQM_0_8,44731344_SXKPVCFE_XLOLCGQM_0,CKMVQHUTCSSS,0
44731344_SXKPVCFE_XLOLCGQM_0_8,44731344_SXKPVCFE_XLOLCGQM_0,FOPZUCAJROVY,44731344_SXKPVCFE_XLOLCGQM_0_8,44731344_SXKPVCFE_XLOLCGQM_0,JOCUQRLPFDAQ,0
44731344_SXKPVCFE_XLOLCGQM_0_9,44731344_SXKPVCFE_XLOLCGQM_0,FOPZUCAJROVY,44731344_SXKPVCFE_XLOLCGQM_0_9,44731344_SXKPVCFE_XLOLCGQM_0,LQQLRKCFNPPJ,0
44731344_SXKPVCFE_XLOLCGQM_0_9,44731344_SXKPVCFE_XLOLCGQM_0,FOPZUCAJROVY,44731344_SXKPVCFE_XLOLCGQM_0_9,44731344_SXKPVCFE_XLOLCGQM_0,CKMVQHUTCSSS,0
44731344_SXKPVCFE_XLOLCGQM_0_9,44731344_SXKPVCFE_XLOLCGQM_0,FOPZUCAJROVY,44731344_SXKPVCFE_XLOLCGQM_0_9,44731344_SXKPVCFE_XLOLCGQM_0,JOCUQRLPFDAQ,0
44731344_SXKPVCFE_XLOLCGQM_0_10,44731344_SXKPVCFE_XLOLCGQM_0,FOPZUCAJROVY,44731344_SXKPVCFE_XLOLCGQM_0_10,44731344_SXKPVCFE_XLOLCGQM_0,LQQLRKCFNPPJ,0
44731344_SXKPVCFE_XLOLCGQM_0_10,44731344_SXKPVCFE_XLOLCGQM_0,FOPZUCAJROVY,44731344_SXKPVCFE_XLOLCGQM_0_10,44731344_SXKPVCFE_XLOLCGQM_0,CKMVQHUTCSSS,0
44731344_SXKPVCFE_XLOLCGQM_0_10,44731344_SXKPVCFE_XLOLCGQM_0,FOPZUCAJROVY,44731344_SXKPVCFE_XLOLCGQM_0_10,44731344_SXKPVCFE_XLOLCGQM_0,JOCUQRLPFDAQ,0
44731344_SXKPVCFE_XLOLCGQM_0_11,44731344_SXKPVCFE_XLOLCGQM_0,FOPZUCAJROVY,44731344_SXKPVCFE_XLOLCGQM_0_11,44731344_SXKPVCFE_XLOLCGQM_0,LQQLRKCFNPPJ,0
44731344_SXKPVCFE_XLOLCGQM_0_11,44731344_SXKPVCFE_XLOLCGQM_0,FOPZUCAJROVY,44731344_SXKPVCFE_XLOLCGQM_0_11,44731344_SXKPVCFE_XLOLCGQM_0,CKMVQHUTCSSS,0
44731344_SXKPVCFE_XLOLCGQM_0_11,44731344_SXKPVCFE_XLOLCGQM_0,FOPZUCAJROVY,44731344_SXKPVCFE_XLOLCGQM_0_11,44731344_SXKPVCFE_XLOLCGQM_0,JOCUQRLPFDAQ,0
44731344_SXKPVCFE_XLOLCGQM_0_12,44731344_SXKPVCFE_XLOLCGQM_0,FOPZUCAJROVY,44731344_SXKPVCFE_XLOLCGQM_0_12,44731344_SXKPVCFE_XLOLCGQM_0,LQQLRKCFNPPJ,0
44731344_SXKPVCFE_XLOLCGQM_0_12,44731344_SXKPVCFE_XLOLCGQM_0,FOPZUCAJROVY,44731344_SXKPVCFE_XLOLCGQM_0_12,44731344_SXKPVCFE_XLOLCGQM_0,CKMVQHUTCSSS,0
44731344_SXKPVCFE_XLOLCGQM_0_12,44731344_SXKPVCFE_XLOLCGQM_0,FOPZUCAJROVY,44731344_SXKPVCFE_XLOLCGQM_0_12,44731344_SXKPVCFE_XLOLCGQM_0,JOCUQRLPFDAQ,0
44731344_SXKPVCFE_XLOLCGQM_0_13,44731344_SXKPVCFE_XLOLCGQM_0,FOPZUCAJROVY,44731344_SXKPVCFE_XLOLCGQM_0_13,44731344_SXKPVCFE_XLOLCGQM_0,LQQLRKCFNPPJ,0
44731344_SXKPVCFE_XLOLCGQM_0_13,44731344_SXKPVCFE_XLOLCGQM_0,FOPZUCAJROVY,44731344_SXKPVCFE_XLOLCGQM_0_13,44731344_SXKPVCFE_XLOLCGQM_0,CKMVQHUTCSSS,0
44731344_SXKPVCFE_XLOLCGQM_0_13,44731344_SXKPVCFE_XLOLCGQM_0,FOPZUCAJROVY,44731344_SXKPVCFE_XLOLCGQM_0_13,44731344_SXKPVCFE_XLOLCGQM_0,JOCUQRLPFDAQ,0
44731344_SXKPVCFE_XLOLCGQM_0_14,44731344_SXKPVCFE_XLOLCGQM_0,FOPZUCAJROVY,44731344_SXKPVCFE_XLOLCGQM_0_14,44731344_SXKPVCFE_XLOLCGQM_0,LQQLRKCFNPPJ,0
44731344_SXKPVCFE_XLOLCGQM_0_14,44731344_SXKPVCFE_XLOLCGQM_0,FOPZUCAJROVY,44731344_SXKPVCFE_XLOLCGQM_0_14,44731344_SXKPVCFE_XLOLCGQM_0,CKMVQHUTCSSS,0
44731344_SXKPVCFE_XLOLCGQM_0_14,44731344_SXKPVCFE_XLOLCGQM_0,FOPZUCAJROVY,44731344_SXKPVCFE_XLOLCGQM_0_14,44731344_SXKPVCFE_XLOLCGQM_0,JOCUQRLPFDAQ,0
44731344_SXKPVCFE_XLOLCGQM_0_15,44731344_SXKPVCFE_XLOLCGQM_0,FOPZUCAJROVY,44731344_SXKPVCFE_XLOLCGQM_0_15,44731344_SXKPVCFE_XLOLCGQM_0,LQQLRKCFNPPJ,0
44731344_SXKPVCFE_XLOLCGQM_0_15,44731344_SXKPVCFE_XLOLCGQM_0,FOPZUCAJROVY,44731344_SXKPVCFE_XLOLCGQM_0_15,44731344_SXKPVCFE_XLOLCGQM_0,CKMVQHUTCSSS,0
44731344_SXKPVCFE_XLOLCGQM_0_15,44731344_SXKPVCFE_XLOLCGQM_0,FOPZUCAJROVY,44731344_SXKPVCFE_XLOLCGQM_0_15,44731344_SXKPVCFE_XLOLCGQM_0,JOCUQRLPFDAQ,0
44731344_SXKPVCFE_XLOLCGQM_0_16,44731344_SXKPVCFE_XLOLCGQM_0,FOPZUCAJROVY,44731344_SXKPVCFE_XLOLCGQM_0_16,44731344_SXKPVCFE_XLOLCGQM_0,LQQLRKCFNPPJ,0
44731344_SXKPVCFE_XLOLCGQM_0_16,44731344_SXKPVCFE_XLOLCGQM_0,FOPZUCAJROVY,44731344_SXKPVCFE_XLOLCGQM_0_16,44731344_SXKPVCFE_XLOLCGQM_0,CKMVQHUTCSSS,0
44731344_SXKPVCFE_XLOLCGQM_0_16,44731344_SXKPVCFE_XLOLCGQM_0,FOPZUCAJROVY,44731344_SXKPVCFE_XLOLCGQM_0_16,44731344_SXKPVCFE_XLOLCGQM_0,JOCUQRLPFDAQ,0
44731344_SXKPVCFE_XLOLCGQM_0_17,44731344_SXKPVCFE_XLOLCGQM_0,FOPZUCAJROVY,44731344_SXKPVCFE_XLOLCGQM_0_17,44731344_SXKPVCFE_XLOLCGQM_0,LQQLRKCFNPPJ,0
44731344_SXKPVCFE_XLOLCGQM_0_17,44731344_SXKPVCFE_XLOLCGQM_0,FOPZUCAJROVY,44731344_SXKPVCFE_XLOLCGQM_0_17,44731344_SXKPVCFE_XLOLCGQM_0,CKMVQHUTCSSS,0
44731344_SXKPVCFE_XLOLCGQM_0_17,44731344_SXKPVCFE_XLOLCGQM_0,FOPZUCAJROVY,44731344_SXKPVCFE_XLOLCGQM_0_17,44731344_SXKPVCFE_XLOLCGQM_0,JOCUQRLPFDAQ,0
44731344_SXKPVCFE_XLOLCGQM_0_18,44731344_SXKPVCFE_XLOLCGQM_0,FOPZUCAJROVY,44731344_SXKPVCFE_XLOLCGQM_0_18,44731344_SXKPVCFE_XLOLCGQM_0,LQQLRKCFNPPJ,0
44731344_SXKPVCFE_XLOLCGQM_0_18,44731344_SXKPVCFE_XLOLCGQM_0,FOPZUCAJROVY,44731344_SXKPVCFE_XLOLCGQM_0_18,44731344_SXKPVCFE_XLOLCGQM_0,CKMVQHUTCSSS,0
44731344_SXKPVCFE_XLOLCGQM_0_18,44731344_SXKPVCFE_XLOLCGQM_0,FOPZUCAJROVY,44731344_SXKPVCFE_XLOLCGQM_0_18,44731344_SXKPVCFE_XLOLCGQM_0,JOCUQRLPFDAQ,0
44731344_SXKPVCFE_XLOLCGQM_0_19,44731344_SXKPVCFE_XLOLCGQM_0,FOPZUCAJROVY,44731344_SXKPVCFE_XLOLCGQM_0_19,44731344_SXKPVCFE_XLOLCGQM_0,LQQLRKCFNPPJ,0
44731344_SXKPVCFE_XLOLCGQM_0_19,44731344_SXKPVCFE_XLOLCGQM_0,FOPZUCAJROVY,44731344_SXKPVCFE_XLOLCGQM_0_19,44731344_SXKPVCFE_XLOLCGQM_0,CKMVQHUTCSSS,0
44731344_SXKPVCFE_XLOLCGQM_0_19,44731344_SXKPVCFE_XLOLCGQM_0,FOPZUCAJROVY,44731344_SXKPVCFE_XLOLCGQM_0_19,44731344_SXKPVCFE_XLOLCGQM_0,JOCUQRLPFDAQ,0
44731344_SXKPVCFE_XLOLCGQM_0_20,44731344_SXKPVCFE_XLOLCGQM_0,FOPZUCAJROVY,44731344_SXKPVCFE_XLOLCGQM_0_20,44731344_SXKPVCFE_XLOLCGQM_0,LQQLRKCFNPPJ,0
44731344_SXKPVCFE_XLOLCGQM_0_20,44731344_SXKPVCFE_XLOLCGQM_0,FOPZUCAJROVY,44731344_SXKPVCFE_XLOLCGQM_0_20,44731344_SXKPVCFE_XLOLCGQM_0,CKMVQHUTCSSS,0
44731344_SXKPVCFE_XLOLCGQM_0_20,44731344_SXKPVCFE_XLOLCGQM_0,FOPZUCAJROVY,44731344_SXKPVCFE_XLOLCGQM_0_20,44731344_SXKPVCFE_XLOLCGQM_0,JOCUQRLPFDAQ,0
44731344_SXKPVCFE_XLOLCGQM_0_21,44731344_SXKPVCFE_XLOLCGQM_0,FOPZUCAJROVY,44731344_SXKPVCFE_XLOLCGQM_0_21,44731344_SXKPVCFE_XLOLCGQM_0,LQQLRKCFNPPJ,0
44731344_SXKPVCFE_XLOLCGQM_0_21,44731344_SXKPVCFE_XLOLCGQM_0,FOPZUCAJROVY,44731344_SXKPVCFE_XLOLCGQM_0_21,44731344_SXKPVCFE_XLOLCGQM_0,CKMVQHUTCSSS,1
44731344_SXKPVCFE_XLOLCGQM_0_21,44731344_SXKPVCFE_XLOLCGQM_0,FOPZUCAJROVY,44731344_SXKPVCFE_XLOLCGQM_0_21,44731344_SXKPVCFE_XLOLCGQM_0,JOCUQRLPFDAQ,1
44731344_SXKPVCFE_XLOLCGQM_0_22,44731344_SXKPVCFE_XLOLCGQM_0,FOPZUCAJROVY,44731344_SXKPVCFE_XLOLCGQM_0_22,44731344_SXKPVCFE_XLOLCGQM_0,LQQLRKCFNPPJ,0
44731344_SXKPVCFE_XLOLCGQM_0_22,44731344_SXKPVCFE_XLOLCGQM_0,FOPZUCAJROVY,44731344_SXKPVCFE_XLOLCGQM_0_22,44731344_SXKPVCFE_XLOLCGQM_0,CKMVQHUTCSSS,0
44731344_SXKPVCFE_XLOLCGQM_0_22,44731344_SXKPVCFE_XLOLCGQM_0,FOPZUCAJROVY,44731344_SXKPVCFE_XLOLCGQM_0_22,44731344_SXKPVCFE_XLOLCGQM_0,JOCUQRLPFDAQ,0
44731344_SXKPVCFE_XLOLCGQM_0_23,44731344_SXKPVCFE_XLOLCGQM_0,FOPZUCAJROVY,44731344_SXKPVCFE_XLOLCGQM_0_23,44731344_SXKPVCFE_XLOLCGQM_0,LQQLRKCFNPPJ,0
44731344_SXKPVCFE_XLOLCGQM_0_23,44731344_SXKPVCFE_XLOLCGQM_0,FOPZUCAJROVY,44731344_SXKPVCFE_XLOLCGQM_0_23,44731344_SXKPVCFE_XLOLCGQM_0,CKMVQHUTCSSS,0
44731344_SXKPVCFE_XLOLCGQM_0_23,44731344_SXKPVCFE_XLOLCGQM_0,FOPZUCAJROVY,44731344_SXKPVCFE_XLOLCGQM_0_23,44731344_SXKPVCFE_XLOLCGQM_0,JOCUQRLPFDAQ,0
44731344_SXKPVCFE_XLOLCGQM_0_24,44731344_SXKPVCFE_XLOLCGQM_0,FOPZUCAJROVY,44731344_SXKPVCFE_XLOLCGQM_0_24,44731344_SXKPVCFE_XLOLCGQM_0,LQQLRKCFNPPJ,0
44731344_SXKPVCFE_XLOLCGQM_0_24,44731344_SXKPVCFE_XLOLCGQM_0,FOPZUCAJROVY,44731344_SXKPVCFE_XLOLCGQM_0_24,44731344_SXKPVCFE_XLOLCGQM_0,CKMVQHUTCSSS,0
44731344_SXKPVCFE_XLOLCGQM_0_24,44731344_SXKPVCFE_XLOLCGQM_0,FOPZUCAJROVY,44731344_SXKPVCFE_XLOLCGQM_0_24,44731344_SXKPVCFE_XLOLCGQM_0,JOCUQRLPFDAQ,0
44731344_SXKPVCFE_XLOLCGQM_0_25,44731344_SXKPVCFE_XLOLCGQM_0,FOPZUCAJROVY,44731344_SXKPVCFE_XLOLCGQM_0_25,44731344_SXKPVCFE_XLOLCGQM_0,LQQLRKCFNPPJ,0
44731344_SXKPVCFE_XLOLCGQM_0_25,44731344_SXKPVCFE_XLOLCGQM_0,FOPZUCAJROVY,44731344_SXKPVCFE_XLOLCGQM_0_25,44731344_SXKPVCFE_XLOLCGQM_0,CKMVQHUTCSSS,0
44731344_SXKPVCFE_XLOLCGQM_0_25,44731344_SXKPVCFE_XLOLCGQM_0,FOPZUCAJROVY,44731344_SXKPVCFE_XLOLCGQM_0_25,44731344_SXKPVCFE_XLOLCGQM_0,JOCUQRLPFDAQ,0
44731344_SXKPVCFE_XLOLCGQM_0_26,44731344_SXKPVCFE_XLOLCGQM_0,FOPZUCAJROVY,44731344_SXKPVCFE_XLOLCGQM_0_26,44731344_SXKPVCFE_XLOLCGQM_0,LQQLRKCFNPPJ,0
44731344_SXKPVCFE_XLOLCGQM_0_26,44731344_SXKPVCFE_XLOLCGQM_0,FOPZUCAJROVY,44731344_SXKPVCFE_XLOLCGQM_0_26,44731344_SXKPVCFE_XLOLCGQM_0,CKMVQHUTCSSS,0
44731344_SXKPVCFE_XLOLCGQM_0_26,44731344_SXKPVCFE_XLOLCGQM_0,FOPZUCAJROVY,44731344_SXKPVCFE_XLOLCGQM_0_26,44731344_SXKPVCFE_XLOLCGQM_0,JOCUQRLPFDAQ,0
44731344_SXKPVCFE_XLOLCGQM_0_27,44731344_SXKPVCFE_XLOLCGQM_0,FOPZUCAJROVY,44731344_SXKPVCFE_XLOLCGQM_0_27,44731344_SXKPVCFE_XLOLCGQM_0,LQQLRKCFNPPJ,0
44731344_SXKPVCFE_XLOLCGQM_0_27,44731344_SXKPVCFE_XLOLCGQM_0,FOPZUCAJROVY,44731344_SXKPVCFE_XLOLCGQM_0_27,44731344_SXKPVCFE_XLOLCGQM_0,CKMVQHUTCSSS,0
44731344_SXKPVCFE_XLOLCGQM_0_27,44731344_SXKPVCFE_XLOLCGQM_0,FOPZUCAJROVY,44731344_SXKPVCFE_XLOLCGQM_0_27,44731344_SXKPVCFE_XLOLCGQM_0,JOCUQRLPFDAQ,0
44731344_SXKPVCFE_XLOLCGQM_0_28,44731344_SXKPVCFE_XLOLCGQM_0,FOPZUCAJROVY,44731344_SXKPVCFE_XLOLCGQM_0_28,44731344_SXKPVCFE_XLOLCGQM_0,LQQLRKCFNPPJ,0
44731344_SXKPVCFE_XLOLCGQM_0_28,44731344_SXKPVCFE_XLOLCGQM_0,FOPZUCAJROVY,44731344_SXKPVCFE_XLOLCGQM_0_28,44731344_SXKPVCFE_XLOLCGQM_0,CKMVQHUTCSSS,0
44731344_SXKPVCFE_XLOLCGQM_0_28,44731344_SXKPVCFE_XLOLCGQM_0,FOPZUCAJROVY,44731344_SXKPVCFE_XLOLCGQM_0_28,44731344_SXKPVCFE_XLOLCGQM_0,JOCUQRLPFDAQ,0
44731344_SXKPVCFE_XLOLCGQM_0_29,44731344_SXKPVCFE_XLOLCGQM_0,FOPZUCAJROVY,44731344_SXKPVCFE_XLOLCGQM_0_29,44731344_SXKPVCFE_XLOLCGQM_0,LQQLRKCFNPPJ,0
44731344_SXKPVCFE_XLOLCGQM_0_29,44731344_SXKPVCFE_XLOLCGQM_0,FOPZUCAJROVY,44731344_SXKPVCFE_XLOLCGQM_0_29,44731344_SXKPVCFE_XLOLCGQM_0,CKMVQHUTCSSS,0
44731344_SXKPVCFE_XLOLCGQM_0_29,44731344_SXKPVCFE_XLOLCGQM_0,FOPZUCAJROVY,44731344_SXKPVCFE_XLOLCGQM_0_29,44731344_SXKPVCFE_XLOLCGQM_0,JOCUQRLPFDAQ,0
44731344_SXKPVCFE_XLOLCGQM_0_30,44731344_SXKPVCFE_XLOLCGQM_0,FOPZUCAJROVY,44731344_SXKPVCFE_XLOLCGQM_0_30,44731344_SXKPVCFE_XLOLCGQM_0,LQQLRKCFNPPJ,0
44731344_SXKPVCFE_XLOLCGQM_0_30,44731344_SXKPVCFE_XLOLCGQM_0,FOPZUCAJROVY,44731344_SXKPVCFE_XLOLCGQM_0_30,44731344_SXKPVCFE_XLOLCGQM_0,CKMVQHUTCSSS,0
44731344_SXKPVCFE_XLOLCGQM_0_30,44731344_SXKPVCFE_XLOLCGQM_0,FOPZUCAJROVY,44731344_SXKPVCFE_XLOLCGQM_0_30,44731344_SXKPVCFE_XLOLCGQM_0,JOCUQRLPFDAQ,0
44731344_SXKPVCFE_XLOLCGQM_0_31,44731344_SXKPVCFE_XLOLCGQM_0,FOPZUCAJROVY,44731344_SXKPVCFE_XLOLCGQM_0_31,44731344_SXKPVCFE_XLOLCGQM_0,LQQLRKCFNPPJ,0
44731344_SXKPVCFE_XLOLCGQM_0_31,44731344_SXKPVCFE_XLOLCGQM_0,FOPZUCAJROVY,44731344_SXKPVCFE_XLOLCGQM_0_31,44731344_SXKPVCFE_XLOLCGQM_0,CKMVQHUTCSSS,0
44731344_SXKPVCFE_XLOLCGQM_0_31,44731344_SXKPVCFE_XLOLCGQM_0,FOPZUCAJROVY,44731344_SXKPVCFE_XLOLCGQM_0_31,44731344_SXKPVCFE_XLOLCGQM_0,JOCUQRLPFDAQ,0
44731344_SXKPVCFE_XLOLCGQM_0_32,44731344_SXKPVCFE_XLOLCGQM_0,FOPZUCAJROVY,44731344_SXKPVCFE_XLOLCGQM_0_32,44731344_SXKPVCFE_XLOLCGQM_0,LQQLRKCFNPPJ,0
44731344_SXKPVCFE_XLOLCGQM_0_32,44731344_SXKPVCFE_XLOLCGQM_0,FOPZUCAJROVY,44731344_SXKPVCFE_XLOLCGQM_0_32,44731344_SXKPVCFE_XLOLCGQM_0,CKMVQHUTCSSS,0
44731344_SXKPVCFE_XLOLCGQM_0_32,44731344_SXKPVCFE_XLOLCGQM_0,FOPZUCAJROVY,44731344_SXKPVCFE_XLOLCGQM_0_32,44731344_SXKPVCFE_XLOLCGQM_0,JOCUQRLPFDAQ,0
44731344_SXKPVCFE_XLOLCGQM_0_33,44731344_SXKPVCFE_XLOLCGQM_0,FOPZUCAJROVY,44731344_SXKPVCFE_XLOLCGQM_0_33,44731344_SXKPVCFE_XLOLCGQM_0,LQQLRKCFNPPJ,0
44731344_SXKPVCFE_XLOLCGQM_0_33,44731344_SXKPVCFE_XLOLCGQM_0,FOPZUCAJROVY,44731344_SXKPVCFE_XLOLCGQM_0_33,44731344_SXKPVCFE_XLOLCGQM_0,CKMVQHUTCSSS,0
44731344_SXKPVCFE_XLOLCGQM_0_33,44731344_SXKPVCFE_XLOLCGQM_0,FOPZUCAJROVY,44731344_SXKPVCFE_XLOLCGQM_0_33,44731344_SXKPVCFE_XLOLCGQM_0,JOCUQRLPFDAQ,0
44731344_SXKPVCFE_XLOLCGQM_0_34,44731344_SXKPVCFE_XLOLCGQM_0,FOPZUCAJROVY,44731344_SXKPVCFE_XLOLCGQM_0_34,44731344_SXKPVCFE_XLOLCGQM_0,LQQLRKCFNPPJ,0
44731344_SXKPVCFE_XLOLCGQM_0_34,44731344_SXKPVCFE_XLOLCGQM_0,FOPZUCAJROVY,44731344_SXKPVCFE_XLOLCGQM_0_34,44731344_SXKPVCFE_XLOLCGQM_0,CKMVQHUTCSSS,0
44731344_SXKPVCFE_XLOLCGQM_0_34,44731344_SXKPVCFE_XLOLCGQM_0,FOPZUCAJROVY,44731344_SXKPVCFE_XLOLCGQM_0_34,44731344_SXKPVCFE_XLOLCGQM_0,JOCUQRLPFDAQ,0
44731344_SXKPVCFE_XLOLCGQM_0_35,44731344_SXKPVCFE_XLOLCGQM_0,FOPZUCAJROVY,44731344_SXKPVCFE_XLOLCGQM_0_35,44731344_SXKPVCFE_XLOLCGQM_0,LQQLRKCFNPPJ,0
44731344_SXKPVCFE_XLOLCGQM_0_35,44731344_SXKPVCFE_XLOLCGQM_0,FOPZUCAJROVY,44731344_SXKPVCFE_XLOLCGQM_0_35,44731344_SXKPVCFE_XLOLCGQM_0,CKMVQHUTCSSS,0
44731344_SXKPVCFE_XLOLCGQM_0_35,44731344_SXKPVCFE_XLOLCGQM_0,FOPZUCAJROVY,44731344_SXKPVCFE_XLOLCGQM_0_35,44731344_SXKPVCFE_XLOLCGQM_0,JOCUQRLPFDAQ,0
44731344_SXKPVCFE_XLOLCGQM_0_36,44731344_SXKPVCFE_XLOLCGQM_0,FOPZUCAJROVY,44731344_SXKPVCFE_XLOLCGQM_0_36,44731344_SXKPVCFE_XLOLCGQM_0,LQQLRKCFNPPJ,0
44731344_SXKPVCFE_XLOLCGQM_0_36,44731344_SXKPVCFE_XLOLCGQM_0,FOPZUCAJROVY,44731344_SXKPVCFE_XLOLCGQM_0_36,44731344_SXKPVCFE_XLOLCGQM_0,CKMVQHUTCSSS,0
44731344_SXKPVCFE_XLOLCGQM_0_36,44731344_SXKPVCFE_XLOLCGQM_0,FOPZUCAJROVY,44731344_SXKPVCFE_XLOLCGQM_0_36,44731344_SXKPVCFE_XLOLCGQM_0,JOCUQRLPFDAQ,0
44731344_SXKPVCFE_XLOLCGQM_0_37,44731344_SXKPVCFE_XLOLCGQM_0,FOPZUCAJROVY,44731344_SXKPVCFE_XLOLCGQM_0_37,44731344_SXKPVCFE_XLOLCGQM_0,LQQLRKCFNPPJ,0
44731344_SXKPVCFE_XLOLCGQM_0_37,44731344_SXKPVCFE_XLOLCGQM_0,FOPZUCAJROVY,44731344_SXKPVCFE_XLOLCGQM_0_37,44731344_SXKPVCFE_XLOLCGQM_0,CKMVQHUTCSSS,0
44731344_SXKPVCFE_XLOLCGQM_0_37,44731344_SXKPVCFE_XLOLCGQM_0,FOPZUCAJROVY,44731344_SXKPVCFE_XLOLCGQM_0_37,44731344_SXKPVCFE_XLOLCGQM_0,JOCUQRLPFDAQ,0
44731344_SXKPVCFE_XLOLCGQM_0_38,44731344_SXKPVCFE_XLOLCGQM_0,FOPZUCAJROVY,44731344_SXKPVCFE_XLOLCGQM_0_38,44731344_SXKPVCFE_XLOLCGQM_0,LQQLRKCFNPPJ,0
44731344_SXKPVCFE_XLOLCGQM_0_38,44731344_SXKPVCFE_XLOLCGQM_0,FOPZUCAJROVY,44731344_SXKPVCFE_XLOLCGQM_0_38,44731344_SXKPVCFE_XLOLCGQM_0,CKMVQHUTCSSS,0
44731344_SXKPVCFE_XLOLCGQM_0_38,44731344_SXKPVCFE_XLOLCGQM_0,FOPZUCAJROVY,44731344_SXKPVCFE_XLOLCGQM_0_38,44731344_SXKPVCFE_XLOLCGQM_0,JOCUQRLPFDAQ,0
44731344_SXKPVCFE_XLOLCGQM_0_39,44731344_SXKPVCFE_XLOLCGQM_0,FOPZUCAJROVY,44731344_SXKPVCFE_XLOLCGQM_0_39,44731344_SXKPVCFE_XLOLCGQM_0,LQQLRKCFNPPJ,0
44731344_SXKPVCFE_XLOLCGQM_0_39,44731344_SXKPVCFE_XLOLCGQM_0,FOPZUCAJROVY,44731344_SXKPVCFE_XLOLCGQM_0_39,44731344_SXKPVCFE_XLOLCGQM_0,CKMVQHUTCSSS,0
44731344_SXKPVCFE_XLOLCGQM_0_39,44731344_SXKPVCFE_XLOLCGQM_0,FOPZUCAJROVY,44731344_SXKPVCFE_XLOLCGQM_0_39,44731344_SXKPVCFE_XLOLCGQM_0,JOCUQRLPFDAQ,0
44731344_SXKPVCFE_XLOLCGQM_0_40,44731344_SXKPVCFE_XLOLCGQM_0,FOPZUCAJROVY,44731344_SXKPVCFE_XLOLCGQM_0_40,44731344_SXKPVCFE_XLOLCGQM_0,LQQLRKCFNPPJ,0
44731344_SXKPVCFE_XLOLCGQM_0_40,44731344_SXKPVCFE_XLOLCGQM_0,FOPZUCAJROVY,44731344_SXKPVCFE_XLOLCGQM_0_40,44731344_SXKPVCFE_XLOLCGQM_0,CKMVQHUTCSSS,0
44731344_SXKPVCFE_XLOLCGQM_0_40,44731344_SXKPVCFE_XLOLCGQM_0,FOPZUCAJROVY,44731344_SXKPVCFE_XLOLCGQM_0_40,44731344_SXKPVCFE_XLOLCGQM_0,JOCUQRLPFDAQ,0
44731344_SXKPVCFE_XLOLCGQM_0_0,44731344_SXKPVCFE_XLOLCGQM_0,LQQLRKCFNPPJ,44731344_SXKPVCFE_XLOLCGQM_0_0,44731344_SXKPVCFE_XLOLCGQM_0,CKMVQHUTCSSS,0
44731344_SXKPVCFE_XLOLCGQM_0_0,44731344_SXKPVCFE_XLOLCGQM_0,LQQLRKCFNPPJ,44731344_SXKPVCFE_XLOLCGQM_0_0,44731344_SXKPVCFE_XLOLCGQM_0,JOCUQRLPFDAQ,0
44731344_SXKPVCFE_XLOLCGQM_0_1,44731344_SXKPVCFE_XLOLCGQM_0,LQQLRKCFNPPJ,44731344_SXKPVCFE_XLOLCGQM_0_1,44731344_SXKPVCFE_XLOLCGQM_0,CKMVQHUTCSSS,0
44731344_SXKPVCFE_XLOLCGQM_0_1,44731344_SXKPVCFE_XLOLCGQM_0,LQQLRKCFNPPJ,44731344_SXKPVCFE_XLOLCGQM_0_1,44731344_SXKPVCFE_XLOLCGQM_0,JOCUQRLPFDAQ,0
44731344_SXKPVCFE_XLOLCGQM_0_2,44731344_SXKPVCFE_XLOLCGQM_0,LQQLRKCFNPPJ,44731344_SXKPVCFE_XLOLCGQM_0_2,44731344_SXKPVCFE_XLOLCGQM_0,CKMVQHUTCSSS,0
44731344_SXKPVCFE_XLOLCGQM_0_2,44731344_SXKPVCFE_XLOLCGQM_0,LQQLRKCFNPPJ,44731344_SXKPVCFE_XLOLCGQM_0_2,44731344_SXKPVCFE_XLOLCGQM_0,JOCUQRLPFDAQ,0
44731344_SXKPVCFE_XLOLCGQM_0_3,44731344_SXKPVCFE_XLOLCGQM_0,LQQLRKCFNPPJ,44731344_SXKPVCFE_XLOLCGQM_0_3,44731344_SXKPVCFE_XLOLCGQM_0,CKMVQHUTCSSS,0
44731344_SXKPVCFE_XLOLCGQM_0_3,44731344_SXKPVCFE_XLOLCGQM_0,LQQLRKCFNPPJ,44731344_SXKPVCFE_XLOLCGQM_0_3,44731344_SXKPVCFE_XLOLCGQM_0,JOCUQRLPFDAQ,0
44731344_SXKPVCFE_XLOLCGQM_0_4,44731344_SXKPVCFE_XLOLCGQM_0,LQQLRKCFNPPJ,44731344_SXKPVCFE_XLOLCGQM_0_4,44731344_SXKPVCFE_XLOLCGQM_0,CKMVQHUTCSSS,0
44731344_SXKPVCFE_XLOLCGQM_0_4,44731344_SXKPVCFE_XLOLCGQM_0,LQQLRKCFNPPJ,44731344_SXKPVCFE_XLOLCGQM_0_4,44731344_SXKPVCFE_XLOLCGQM_0,JOCUQRLPFDAQ,0
44731344_SXKPVCFE_XLOLCGQM_0_5,44731344_SXKPVCFE_XLOLCGQM_0,LQQLRKCFNPPJ,44731344_SXKPVCFE_XLOLCGQM_0_5,44731344_SXKPVCFE_XLOLCGQM_0,CKMVQHUTCSSS,0
44731344_SXKPVCFE_XLOLCGQM_0_5,44731344_SXKPVCFE_XLOLCGQM_0,LQQLRKCFNPPJ,44731344_SXKPVCFE_XLOLCGQM_0_5,44731344_SXKPVCFE_XLOLCGQM_0,JOCUQRLPFDAQ,0
44731344_SXKPVCFE_XLOLCGQM_0_6,44731344_SXKPVCFE_XLOLCGQM_0,LQQLRKCFNPPJ,44731344_SXKPVCFE_XLOLCGQM_0_6,44731344_SXKPVCFE_XLOLCGQM_0,CKMVQHUTCSSS,0
44731344_SXKPVCFE_XLOLCGQM_0_6,44731344_SXKPVCFE_XLOLCGQM_0,LQQLRKCFNPPJ,44731344_SXKPVCFE_XLOLCGQM_0_6,44731344_SXKPVCFE_XLOLCGQM_0,JOCUQRLPFDAQ,0
44731344_SXKPVCFE_XLOLCGQM_0_7,44731344_SXKPVCFE_XLOLCGQM_0,LQQLRKCFNPPJ,44731344_SXKPVCFE_XLOLCGQM_0_7,44731344_SXKPVCFE_XLOLCGQM_0,CKMVQHUTCSSS,0
44731344_SXKPVCFE_XLOLCGQM_0_7,44731344_SXKPVCFE_XLOLCGQM_0,LQQLRKCFNPPJ,44731344_SXKPVCFE_XLOLCGQM_0_7,44731344_SXKPVCFE_XLOLCGQM_0,JOCUQRLPFDAQ,0
44731344_SXKPVCFE_XLOLCGQM_0_8,44731344_SXKPVCFE_XLOLCGQM_0,LQQLRKCFNPPJ,44731344_SXKPVCFE_XLOLCGQM_0_8,44731344_SXKPVCFE_XLOLCGQM_0,CKMVQHUTCSSS,0
44731344_SXKPVCFE_XLOLCGQM_0_8,44731344_SXKPVCFE_XLOLCGQM_0,LQQLRKCFNPPJ,44731344_SXKPVCFE_XLOLCGQM_0_8,44731344_SXKPVCFE_XLOLCGQM_0,JOCUQRLPFDAQ,0
44731344_SXKPVCFE_XLOLCGQM_0_9,44731344_SXKPVCFE_XLOLCGQM_0,LQQLRKCFNPPJ,44731344_SXKPVCFE_XLOLCGQM_0_9,44731344_SXKPVCFE_XLOLCGQM_0,CKMVQHUTCSSS,0
44731344_SXKPVCFE_XLOLCGQM_0_9,44731344_SXKPVCFE_XLOLCGQM_0,LQQLRKCFNPPJ,44731344_SXKPVCFE_XLOLCGQM_0_9,44731344_SXKPVCFE_XLOLCGQM_0,JOCUQRLPFDAQ,0
44731344_SXKPVCFE_XLOLCGQM_0_10,44731344_SXKPVCFE_XLOLCGQM_0,LQQLRKCFNPPJ,44731344_SXKPVCFE_XLOLCGQM_0_10,44731344_SXKPVCFE_XLOLCGQM_0,CKMVQHUTCSSS,0
44731344_SXKPVCFE_XLOLCGQM_0_10,44731344_SXKPVCFE_XLOLCGQM_0,LQQLRKCFNPPJ,44731344_SXKPVCFE_XLOLCGQM_0_10,44731344_SXKPVCFE_XLOLCGQM_0,JOCUQRLPFDAQ,0
44731344_SXKPVCFE_XLOLCGQM_0_11,44731344_SXKPVCFE_XLOLCGQM_0,LQQLRKCFNPPJ,44731344_SXKPVCFE_XLOLCGQM_0_11,44731344_SXKPVCFE_XLOLCGQM_0,CKMVQHUTCSSS,0
44731344_SXKPVCFE_XLOLCGQM_0_11,44731344_SXKPVCFE_XLOLCGQM_0,LQQLRKCFNPPJ,44731344_SXKPVCFE_XLOLCGQM_0_11,44731344_SXKPVCFE_XLOLCGQM_0,JOCUQRLPFDAQ,0
44731344_SXKPVCFE_XLOLCGQM_0_12,44731344_SXKPVCFE_XLOLCGQM_0,LQQLRKCFNPPJ,44731344_SXKPVCFE_XLOLCGQM_0_12,44731344_SXKPVCFE_XLOLCGQM_0,CKMVQHUTCSSS,0
44731344_SXKPVCFE_XLOLCGQM_0_12,44731344_SXKPVCFE_XLOLCGQM_0,LQQLRKCFNPPJ,44731344_SXKPVCFE_XLOLCGQM_0_12,44731344_SXKPVCFE_XLOLCGQM_0,JOCUQRLPFDAQ,0
44731344_SXKPVCFE_XLOLCGQM_0_13,44731344_SXKPVCFE_XLOLCGQM_0,LQQLRKCFNPPJ,44731344_SXKPVCFE_XLOLCGQM_0_13,44731344_SXKPVCFE_XLOLCGQM_0,CKMVQHUTCSSS,0
44731344_SXKPVCFE_XLOLCGQM_0_13,44731344_SXKPVCFE_XLOLCGQM_0,LQQLRKCFNPPJ,44731344_SXKPVCFE_XLOLCGQM_0_13,44731344_SXKPVCFE_XLOLCGQM_0,JOCUQRLPFDAQ,0
44731344_SXKPVCFE_XLOLCGQM_0_14,44731344_SXKPVCFE_XLOLCGQM_0,LQQLRKCFNPPJ,44731344_SXKPVCFE_XLOLCGQM_0_14,44731344_SXKPVCFE_XLOLCGQM_0,CKMVQHUTCSSS,0
44731344_SXKPVCFE_XLOLCGQM_0_14,44731344_SXKPVCFE_XLOLCGQM_0,LQQLRKCFNPPJ,44731344_SXKPVCFE_XLOLCGQM_0_14,44731344_SXKPVCFE_XLOLCGQM_0,JOCUQRLPFDAQ,0
44731344_SXKPVCFE_XLOLCGQM_0_15,44731344_SXKPVCFE_XLOLCGQM_0,LQQLRKCFNPPJ,44731344_SXKPVCFE_XLOLCGQM_0_15,44731344_SXKPVCFE_XLOLCGQM_0,CKMVQHUTCSSS,0
44731344_SXKPVCFE_XLOLCGQM_0_15,44731344_SXKPVCFE_XLOLCGQM_0,LQQLRKCFNPPJ,44731344_SXKPVCFE_XLOLCGQM_0_15,44731344_SXKPVCFE_XLOLCGQM_0,JOCUQRLPFDAQ,0
44731344_SXKPVCFE_XLOLCGQM_0_16,44731344_SXKPVCFE_XLOLCGQM_0,LQQLRKCFNPPJ,44731344_SXKPVCFE_XLOLCGQM_0_16,44731344_SXKPVCFE_XLOLCGQM_0,CKMVQHUTCSSS,0
44731344_SXKPVCFE_XLOLCGQM_0_16,44731344_SXKPVCFE_XLOLCGQM_0,LQQLRKCFNPPJ,44731344_SXKPVCFE_XLOLCGQM_0_16,44731344_SXKPVCFE_XLOLCGQM_0,JOCUQRLPFDAQ,0
44731344_SXKPVCFE_XLOLCGQM_0_17,44731344_SXKPVCFE_XLOLCGQM_0,LQQLRKCFNPPJ,44731344_SXKPVCFE_XLOLCGQM_0_17,44731344_SXKPVCFE_XLOLCGQM_0,CKMVQHUTCSSS,0
44731344_SXKPVCFE_XLOLCGQM_0_17,44731344_SXKPVCFE_XLOLCGQM_0,LQQLRKCFNPPJ,44731344_SXKPVCFE_XLOLCGQM_0_17,44731344_SXKPVCFE_XLOLCGQM_0,JOCUQRLPFDAQ,0
44731344_SXKPVCFE_XLOLCGQM_0_18,44731344_SXKPVCFE_XLOLCGQM_0,LQQLRKCFNPPJ,44731344_SXKPVCFE_XLOLCGQM_0_18,44731344_SXKPVCFE_XLOLCGQM_0,CKMVQHUTCSSS,0
44731344_SXKPVCFE_XLOLCGQM_0_18,44731344_SXKPVCFE_XLOLCGQM_0,LQQLRKCFNPPJ,44731344_SXKPVCFE_XLOLCGQM_0_18,44731344_SXKPVCFE_XLOLCGQM_0,JOCUQRLPFDAQ,0
44731344_SXKPVCFE_XLOLCGQM_0_19,44731344_SXKPVCFE_XLOLCGQM_0,LQQLRKCFNPPJ,44731344_SXKPVCFE_XLOLCGQM_0_19,44731344_SXKPVCFE_XLOLCGQM_0,CKMVQHUTCSSS,0
44731344_SXKPVCFE_XLOLCGQM_0_19,44731344_SXKPVCFE_XLOLCGQM_0,LQQLRKCFNPPJ,44731344_SXKPVCFE_XLOLCGQM_0_19,44731344_SXKPVCFE_XLOLCGQM_0,JOCUQRLPFDAQ,0
44731344_SXKPVCFE_XLOLCGQM_0_20,44731344_SXKPVCFE_XLOLCGQM_0,LQQLRKCFNPPJ,44731344_SXKPVCFE_XLOLCGQM_0_20,44731344_SXKPVCFE_XLOLCGQM_0,CKMVQHUTCSSS,0
44731344_SXKPVCFE_XLOLCGQM_0_20,44731344_SXKPVCFE_XLOLCGQM_0,LQQLRKCFNPPJ,44731344_SXKPVCFE_XLOLCGQM_0_20,44731344_SXKPVCFE_XLOLCGQM_0,JOCUQRLPFDAQ,0
44731344_SXKPVCFE_XLOLCGQM_0_21,44731344_SXKPVCFE_XLOLCGQM_0,LQQLRKCFNPPJ,44731344_SXKPVCFE_XLOLCGQM_0_21,44731344_SXKPVCFE_XLOLCGQM_0,CKMVQHUTCSSS,0
44731344_SXKPVCFE_XLOLCGQM_0_21,44731344_SXKPVCFE_XLOLCGQM_0,LQQLRKCFNPPJ,44731344_SXKPVCFE_XLOLCGQM_0_21,44731344_SXKPVCFE_XLOLCGQM_0,JOCUQRLPFDAQ,0
44731344_SXKPVCFE_XLOLCGQM_0_22,44731344_SXKPVCFE_XLOLCGQM_0,LQQLRKCFNPPJ,44731344_SXKPVCFE_XLOLCGQM_0_22,44731344_SXKPVCFE_XLOLCGQM_0,CKMVQHUTCSSS,0
44731344_SXKPVCFE_XLOLCGQM_0_22,44731344_SXKPVCFE_XLOLCGQM_0,LQQLRKCFNPPJ,44731344_SXKPVCFE_XLOLCGQM_0_22,44731344_SXKPVCFE_XLOLCGQM_0,JOCUQRLPFDAQ,0
44731344_SXKPVCFE_XLOLCGQM_0_23,44731344_SXKPVCFE_XLOLCGQM_0,LQQLRKCFNPPJ,44731344_SXKPVCFE_XLOLCGQM_0_23,44731344_SXKPVCFE_XLOLCGQM_0,CKMVQHUTCSSS,0
44731344_SXKPVCFE_XLOLCGQM_0_23,44731344_SXKPVCFE_XLOLCGQM_0,LQQLRKCFNPPJ,44731344_SXKPVCFE_XLOLCGQM_0_23,44731344_SXKPVCFE_XLOLCGQM_0,JOCUQRLPFDAQ,0
44731344_SXKPVCFE_XLOLCGQM_0_24,44731344_SXKPVCFE_XLOLCGQM_0,LQQLRKCFNPPJ,44731344_SXKPVCFE_XLOLCGQM_0_24,44731344_SXKPVCFE_XLOLCGQM_0,CKMVQHUTCSSS,0
44731344_SXKPVCFE_XLOLCGQM_0_24,44731344_SXKPVCFE_XLOLCGQM_0,LQQLRKCFNPPJ,44731344_SXKPVCFE_XLOLCGQM_0_24,44731344_SXKPVCFE_XLOLCGQM_0,JOCUQRLPFDAQ,0
44731344_SXKPVCFE_XLOLCGQM_0_25,44731344_SXKPVCFE_XLOLCGQM_0,LQQLRKCFNPPJ,44731344_SXKPVCFE_XLOLCGQM_0_25,44731344_SXKPVCFE_XLOLCGQM_0,CKMVQHUTCSSS,0
44731344_SXKPVCFE_XLOLCGQM_0_25,44731344_SXKPVCFE_XLOLCGQM_0,LQQLRKCFNPPJ,44731344_SXKPVCFE_XLOLCGQM_0_25,44731344_SXKPVCFE_XLOLCGQM_0,JOCUQRLPFDAQ,0
44731344_SXKPVCFE_XLOLCGQM_0_26,44731344_SXKPVCFE_XLOLCGQM_0,LQQLRKCFNPPJ,44731344_SXKPVCFE_XLOLCGQM_0_26,44731344_SXKPVCFE_XLOLCGQM_0,CKMVQHUTCSSS,0
44731344_SXKPVCFE_XLOLCGQM_0_26,44731344_SXKPVCFE_XLOLCGQM_0,LQQLRKCFNPPJ,44731344_SXKPVCFE_XLOLCGQM_0_26,44731344_SXKPVCFE_XLOLCGQM_0,JOCUQRLPFDAQ,0
44731344_SXKPVCFE_XLOLCGQM_0_27,44731344_SXKPVCFE_XLOLCGQM_0,LQQLRKCFNPPJ,44731344_SXKPVCFE_XLOLCGQM_0_27,44731344_SXKPVCFE_XLOLCGQM_0,CKMVQHUTCSSS,0
44731344_SXKPVCFE_XLOLCGQM_0_27,44731344_SXKPVCFE_XLOLCGQM_0,LQQLRKCFNPPJ,44731344_SXKPVCFE_XLOLCGQM_0_27,44731344_SXKPVCFE_XLOLCGQM_0,JOCUQRLPFDAQ,0
44731344_SXKPVCFE_XLOLCGQM_0_28,44731344_SXKPVCFE_XLOLCGQM_0,LQQLRKCFNPPJ,44731344_SXKPVCFE_XLOLCGQM_0_28,44731344_SXKPVCFE_XLOLCGQM_0,CKMVQHUTCSSS,0
44731344_SXKPVCFE_XLOLCGQM_0_28,44731344_SXKPVCFE_XLOLCGQM_0,LQQLRKCFNPPJ,44731344_SXKPVCFE_XLOLCGQM_0_28,44731344_SXKPVCFE_XLOLCGQM_0,JOCUQRLPFDAQ,0
44731344_SXKPVCFE_XLOLCGQM_0_29,44731344_SXKPVCFE_XLOLCGQM_0,LQQLRKCFNPPJ,44731344_SXKPVCFE_XLOLCGQM_0_29,44731344_SXKPVCFE_XLOLCGQM_0,CKMVQHUTCSSS,0
44731344_SXKPVCFE_XLOLCGQM_0_29,44731344_SXKPVCFE_XLOLCGQM_0,LQQLRKCFNPPJ,44731344_SXKPVCFE_XLOLCGQM_0_29,44731344_SXKPVCFE_XLOLCGQM_0,JOCUQRLPFDAQ,0
44731344_SXKPVCFE_XLOLCGQM_0_30,44731344_SXKPVCFE_XLOLCGQM_0,LQQLRKCFNPPJ,44731344_SXKPVCFE_XLOLCGQM_0_30,44731344_SXKPVCFE_XLOLCGQM_0,CKMVQHUTCSSS,0
44731344_SXKPVCFE_XLOLCGQM_0_30,44731344_SXKPVCFE_XLOLCGQM_0,LQQLRKCFNPPJ,44731344_SXKPVCFE_XLOLCGQM_0_30,44731344_SXKPVCFE_XLOLCGQM_0,JOCUQRLPFDAQ,0
44731344_SXKPVCFE_XLOLCGQM_0_31,44731344_SXKPVCFE_XLOLCGQM_0,LQQLRKCFNPPJ,44731344_SXKPVCFE_XLOLCGQM_0_31,44731344_SXKPVCFE_XLOLCGQM_0,CKMVQHUTCSSS,0
44731344_SXKPVCFE_XLOLCGQM_0_31,44731344_SXKPVCFE_XLOLCGQM_0,LQQLRKCFNPPJ,44731344_SXKPVCFE_XLOLCGQM_0_31,44731344_SXKPVCFE_XLOLCGQM_0,JOCUQRLPFDAQ,0
44731344_SXKPVCFE_XLOLCGQM_0_32,44731344_SXKPVCFE_XLOLCGQM_0,LQQLRKCFNPPJ,44731344_SXKPVCFE_XLOLCGQM_0_32,44731344_SXKPVCFE_XLOLCGQM_0,CKMVQHUTCSSS,0
44731344_SXKPVCFE_XLOLCGQM_0_32,44731344_SXKPVCFE_XLOLCGQM_0,LQQLRKCFNPPJ,44731344_SXKPVCFE_XLOLCGQM_0_32,44731344_SXKPVCFE_XLOLCGQM_0,JOCUQRLPFDAQ,0
44731344_SXKPVCFE_XLOLCGQM_0_33,44731344_SXKPVCFE_XLOLCGQM_0,LQQLRKCFNPPJ,44731344_SXKPVCFE_XLOLCGQM_0_33,44731344_SXKPVCFE_XLOLCGQM_0,CKMVQHUTCSSS,0
44731344_SXKPVCFE_XLOLCGQM_0_33,44731344_SXKPVCFE_XLOLCGQM_0,LQQLRKCFNPPJ,44731344_SXKPVCFE_XLOLCGQM_0_33,44731344_SXKPVCFE_XLOLCGQM_0,JOCUQRLPFDAQ,0
44731344_SXKPVCFE_XLOLCGQM_0_34,44731344_SXKPVCFE_XLOLCGQM_0,LQQLRKCFNPPJ,44731344_SXKPVCFE_XLOLCGQM_0_34,44731344_SXKPVCFE_XLOLCGQM_0,CKMVQHUTCSSS,0
44731344_SXKPVCFE_XLOLCGQM_0_34,44731344_SXKPVCFE_XLOLCGQM_0,LQQLRKCFNPPJ,44731344_SXKPVCFE_XLOLCGQM_0_34,44731344_SXKPVCFE_XLOLCGQM_0,JOCUQRLPFDAQ,0
44731344_SXKPVCFE_XLOLCGQM_0_35,44731344_SXKPVCFE_XLOLCGQM_0,LQQLRKCFNPPJ,44731344_SXKPVCFE_XLOLCGQM_0_35,44731344_SXKPVCFE_XLOLCGQM_0,CKMVQHUTCSSS,0
44731344_SXKPVCFE_XLOLCGQM_0_35,44731344_SXKPVCFE_XLOLCGQM_0,LQQLRKCFNPPJ,44731344_SXKPVCFE_XLOLCGQM_0_35,44731344_SXKPVCFE_XLOLCGQM_0,JOCUQRLPFDAQ,0
44731344_SXKPVCFE_XLOLCGQM_0_36,44731344_SXKPVCFE_XLOLCGQM_0,LQQLRKCFNPPJ,44731344_SXKPVCFE_XLOLCGQM_0_36,44731344_SXKPVCFE_XLOLCGQM_0,CKMVQHUTCSSS,0
44731344_SXKPVCFE_XLOLCGQM_0_36,44731344_SXKPVCFE_XLOLCGQM_0,LQQLRKCFNPPJ,44731344_SXKPVCFE_XLOLCGQM_0_36,44731344_SXKPVCFE_XLOLCGQM_0,JOCUQRLPFDAQ,0
44731344_SXKPVCFE_XLOLCGQM_0_37,44731344_SXKPVCFE_XLOLCGQM_0,LQQLRKCFNPPJ,44731344_SXKPVCFE_XLOLCGQM_0_37,44731344_SXKPVCFE_XLOLCGQM_0,CKMVQHUTCSSS,0
44731344_SXKPVCFE_XLOLCGQM_0_37,44731344_SXKPVCFE_XLOLCGQM_0,LQQLRKCFNPPJ,44731344_SXKPVCFE_XLOLCGQM_0_37,44731344_SXKPVCFE_XLOLCGQM_0,JOCUQRLPFDAQ,0
44731344_SXKPVCFE_XLOLCGQM_0_38,44731344_SXKPVCFE_XLOLCGQM_0,LQQLRKCFNPPJ,44731344_SXKPVCFE_XLOLCGQM_0_38,44731344_SXKPVCFE_XLOLCGQM_0,CKMVQHUTCSSS,0
44731344_SXKPVCFE_XLOLCGQM_0_38,44731344_SXKPVCFE_XLOLCGQM_0,LQQLRKCFNPPJ,44731344_SXKPVCFE_XLOLCGQM_0_38,44731344_SXKPVCFE_XLOLCGQM_0,JOCUQRLPFDAQ,0
44731344_SXKPVCFE_XLOLCGQM_0_39,44731344_SXKPVCFE_XLOLCGQM_0,LQQLRKCFNPPJ,44731344_SXKPVCFE_XLOLCGQM_0_39,44731344_SXKPVCFE_XLOLCGQM_0,CKMVQHUTCSSS,0
44731344_SXKPVCFE_XLOLCGQM_0_39,44731344_SXKPVCFE_XLOLCGQM_0,LQQLRKCFNPPJ,44731344_SXKPVCFE_XLOLCGQM_0_39,44731344_SXKPVCFE_XLOLCGQM_0,JOCUQRLPFDAQ,0
44731344_SXKPVCFE_XLOLCGQM_0_40,44731344_SXKPVCFE_XLOLCGQM_0,LQQLRKCFNPPJ,44731344_SXKPVCFE_XLOLCGQM_0_40,44731344_SXKPVCFE_XLOLCGQM_0,CKMVQHUTCSSS,0
44731344_SXKPVCFE_XLOLCGQM_0_40,44731344_SXKPVCFE_XLOLCGQM_0,LQQLRKCFNPPJ,44731344_SXKPVCFE_XLOLCGQM_0_40,44731344_SXKPVCFE_XLOLCGQM_0,JOCUQRLPFDAQ,0
44731344_SXKPVCFE_XLOLCGQM_0_0,44731344_SXKPVCFE_XLOLCGQM_0,CKMVQHUTCSSS,44731344_SXKPVCFE_XLOLCGQM_0_0,44731344_SXKPVCFE_XLOLCGQM_0,JOCUQRLPFDAQ,0
44731344_SXKPVCFE_XLOLCGQM_0_1,44731344_SXKPVCFE_XLOLCGQM_0,CKMVQHUTCSSS,44731344_SXKPVCFE_XLOLCGQM_0_1,44731344_SXKPVCFE_XLOLCGQM_0,JOCUQRLPFDAQ,0
44731344_SXKPVCFE_XLOLCGQM_0_2,44731344_SXKPVCFE_XLOLCGQM_0,CKMVQHUTCSSS,44731344_SXKPVCFE_XLOLCGQM_0_2,44731344_SXKPVCFE_XLOLCGQM_0,JOCUQRLPFDAQ,0
44731344_SXKPVCFE_XLOLCGQM_0_3,44731344_SXKPVCFE_XLOLCGQM_0,CKMVQHUTCSSS,44731344_SXKPVCFE_XLOLCGQM_0_3,44731344_SXKPVCFE_XLOLCGQM_0,JOCUQRLPFDAQ,0
44731344_SXKPVCFE_XLOLCGQM_0_4,44731344_SXKPVCFE_XLOLCGQM_0,CKMVQHUTCSSS,44731344_SXKPVCFE_XLOLCGQM_0_4,44731344_SXKPVCFE_XLOLCGQM_0,JOCUQRLPFDAQ,0
44731344_SXKPVCFE_XLOLCGQM_0_5,44731344_SXKPVCFE_XLOLCGQM_0,CKMVQHUTCSSS,44731344_SXKPVCFE_XLOLCGQM_0_5,44731344_SXKPVCFE_XLOLCGQM_0,JOCUQRLPFDAQ,0
44731344_SXKPVCFE_XLOLCGQM_0_6,44731344_SXKPVCFE_XLOLCGQM_0,CKMVQHUTCSSS,44731344_SXKPVCFE_XLOLCGQM_0_6,44731344_SXKPVCFE_XLOLCGQM_0,JOCUQRLPFDAQ,0
44731344_SXKPVCFE_XLOLCGQM_0_7,44731344_SXKPVCFE_XLOLCGQM_0,CKMVQHUTCSSS,44731344_SXKPVCFE_XLOLCGQM_0_7,44731344_SXKPVCFE_XLOLCGQM_0,JOCUQRLPFDAQ,0
44731344_SXKPVCFE_XLOLCGQM_0_8,44731344_SXKPVCFE_XLOLCGQM_0,CKMVQHUTCSSS,44731344_SXKPVCFE_XLOLCGQM_0_8,44731344_SXKPVCFE_XLOLCGQM_0,JOCUQRLPFDAQ,0
44731344_SXKPVCFE_XLOLCGQM_0_9,44731344_SXKPVCFE_XLOLCGQM_0,CKMVQHUTCSSS,44731344_SXKPVCFE_XLOLCGQM_0_9,44731344_SXKPVCFE_XLOLCGQM_0,JOCUQRLPFDAQ,0
44731344_SXKPVCFE_XLOLCGQM_0_10,44731344_SXKPVCFE_XLOLCGQM_0,CKMVQHUTCSSS,44731344_SXKPVCFE_XLOLCGQM_0_10,44731344_SXKPVCFE_XLOLCGQM_0,JOCUQRLPFDAQ,0
44731344_SXKPVCFE_XLOLCGQM_0_11,44731344_SXKPVCFE_XLOLCGQM_0,CKMVQHUTCSSS,44731344_SXKPVCFE_XLOLCGQM_0_11,44731344_SXKPVCFE_XLOLCGQM_0,JOCUQRLPFDAQ,0
44731344_SXKPVCFE_XLOLCGQM_0_12,44731344_SXKPVCFE_XLOLCGQM_0,CKMVQHUTCSSS,44731344_SXKPVCFE_XLOLCGQM_0_12,44731344_SXKPVCFE_XLOLCGQM_0,JOCUQRLPFDAQ,0
44731344_SXKPVCFE_XLOLCGQM_0_13,44731344_SXKPVCFE_XLOLCGQM_0,CKMVQHUTCSSS,44731344_SXKPVCFE_XLOLCGQM_0_13,44731344_SXKPVCFE_XLOLCGQM_0,JOCUQRLPFDAQ,0
44731344_SXKPVCFE_XLOLCGQM_0_14,44731344_SXKPVCFE_XLOLCGQM_0,CKMVQHUTCSSS,44731344_SXKPVCFE_XLOLCGQM_0_14,44731344_SXKPVCFE_XLOLCGQM_0,JOCUQRLPFDAQ,0
44731344_SXKPVCFE_XLOLCGQM_0_15,44731344_SXKPVCFE_XLOLCGQM_0,CKMVQHUTCSSS,44731344_SXKPVCFE_XLOLCGQM_0_15,44731344_SXKPVCFE_XLOLCGQM_0,JOCUQRLPFDAQ,0
44731344_SXKPVCFE_XLOLCGQM_0_16,44731344_SXKPVCFE_XLOLCGQM_0,CKMVQHUTCSSS,44731344_SXKPVCFE_XLOLCGQM_0_16,44731344_SXKPVCFE_XLOLCGQM_0,JOCUQRLPFDAQ,0
44731344_SXKPVCFE_XLOLCGQM_0_17,44731344_SXKPVCFE_XLOLCGQM_0,CKMVQHUTCSSS,44731344_SXKPVCFE_XLOLCGQM_0_17,44731344_SXKPVCFE_XLOLCGQM_0,JOCUQRLPFDAQ,0
44731344_SXKPVCFE_XLOLCGQM_0_18,44731344_SXKPVCFE_XLOLCGQM_0,CKMVQHUTCSSS,44731344_SXKPVCFE_XLOLCGQM_0_18,44731344_SXKPVCFE_XLOLCGQM_0,JOCUQRLPFDAQ,0
44731344_SXKPVCFE_XLOLCGQM_0_19,44731344_SXKPVCFE_XLOLCGQM_0,CKMVQHUTCSSS,44731344_SXKPVCFE_XLOLCGQM_0_19,44731344_SXKPVCFE_XLOLCGQM_0,JOCUQRLPFDAQ,0
44731344_SXKPVCFE_XLOLCGQM_0_20,44731344_SXKPVCFE_XLOLCGQM_0,CKMVQHUTCSSS,44731344_SXKPVCFE_XLOLCGQM_0_20,44731344_SXKPVCFE_XLOLCGQM_0,JOCUQRLPFDAQ,0
44731344_SXKPVCFE_XLOLCGQM_0_21,44731344_SXKPVCFE_XLOLCGQM_0,CKMVQHUTCSSS,44731344_SXKPVCFE_XLOLCGQM_0_21,44731344_SXKPVCFE_XLOLCGQM_0,JOCUQRLPFDAQ,0
44731344_SXKPVCFE_XLOLCGQM_0_22,44731344_SXKPVCFE_XLOLCGQM_0,CKMVQHUTCSSS,44731344_SXKPVCFE_XLOLCGQM_0_22,44731344_SXKPVCFE_XLOLCGQM_0,JOCUQRLPFDAQ,0
44731344_SXKPVCFE_XLOLCGQM_0_23,44731344_SXKPVCFE_XLOLCGQM_0,CKMVQHUTCSSS,44731344_SXKPVCFE_XLOLCGQM_0_23,44731344_SXKPVCFE_XLOLCGQM_0,JOCUQRLPFDAQ,0
44731344_SXKPVCFE_XLOLCGQM_0_24,44731344_SXKPVCFE_XLOLCGQM_0,CKMVQHUTCSSS,44731344_SXKPVCFE_XLOLCGQM_0_24,44731344_SXKPVCFE_XLOLCGQM_0,JOCUQRLPFDAQ,0
44731344_SXKPVCFE_XLOLCGQM_0_25,44731344_SXKPVCFE_XLOLCGQM_0,CKMVQHUTCSSS,44731344_SXKPVCFE_XLOLCGQM_0_25,44731344_SXKPVCFE_XLOLCGQM_0,JOCUQRLPFDAQ,0
44731344_SXKPVCFE_XLOLCGQM_0_26,44731344_SXKPVCFE_XLOLCGQM_0,CKMVQHUTCSSS,44731344_SXKPVCFE_XLOLCGQM_0_26,44731344_SXKPVCFE_XLOLCGQM_0,JOCUQRLPFDAQ,0
44731344_SXKPVCFE_XLOLCGQM_0_27,44731344_SXKPVCFE_XLOLCGQM_0,CKMVQHUTCSSS,44731344_SXKPVCFE_XLOLCGQM_0_27,44731344_SXKPVCFE_XLOLCGQM_0,JOCUQRLPFDAQ,0
44731344_SXKPVCFE_XLOLCGQM_0_28,44731344_SXKPVCFE_XLOLCGQM_0,CKMVQHUTCSSS,44731344_SXKPVCFE_XLOLCGQM_0_28,44731344_SXKPVCFE_XLOLCGQM_0,JOCUQRLPFDAQ,0
44731344_SXKPVCFE_XLOLCGQM_0_29,44731344_SXKPVCFE_XLOLCGQM_0,CKMVQHUTCSSS,44731344_SXKPVCFE_XLOLCGQM_0_29,44731344_SXKPVCFE_XLOLCGQM_0,JOCUQRLPFDAQ,0
44731344_SXKPVCFE_XLOLCGQM_0_30,44731344_SXKPVCFE_XLOLCGQM_0,CKMVQHUTCSSS,44731344_SXKPVCFE_XLOLCGQM_0_30,44731344_SXKPVCFE_XLOLCGQM_0,JOCUQRLPFDAQ,0
44731344_SXKPVCFE_XLOLCGQM_0_31,44731344_SXKPVCFE_XLOLCGQM_0,CKMVQHUTCSSS,44731344_SXKPVCFE_XLOLCGQM_0_31,44731344_SXKPVCFE_XLOLCGQM_0,JOCUQRLPFDAQ,0
44731344_SXKPVCFE_XLOLCGQM_0_32,44731344_SXKPVCFE_XLOLCGQM_0,CKMVQHUTCSSS,44731344_SXKPVCFE_XLOLCGQM_0_32,44731344_SXKPVCFE_XLOLCGQM_0,JOCUQRLPFDAQ,0
44731344_SXKPVCFE_XLOLCGQM_0_33,44731344_SXKPVCFE_XLOLCGQM_0,CKMVQHUTCSSS,44731344_SXKPVCFE_XLOLCGQM_0_33,44731344_SXKPVCFE_XLOLCGQM_0,JOCUQRLPFDAQ,0
44731344_SXKPVCFE_XLOLCGQM_0_34,44731344_SXKPVCFE_XLOLCGQM_0,CKMVQHUTCSSS,44731344_SXKPVCFE_XLOLCGQM_0_34,44731344_SXKPVCFE_XLOLCGQM_0,JOCUQRLPFDAQ,0
44731344_SXKPVCFE_XLOLCGQM_0_35,44731344_SXKPVCFE_XLOLCGQM_0,CKMVQHUTCSSS,44731344_SXKPVCFE_XLOLCGQM_0_35,44731344_SXKPVCFE_XLOLCGQM_0,JOCUQRLPFDAQ,0
44731344_SXKPVCFE_XLOLCGQM_0_36,44731344_SXKPVCFE_XLOLCGQM_0,CKMVQHUTCSSS,44731344_SXKPVCFE_XLOLCGQM_0_36,44731344_SXKPVCFE_XLOLCGQM_0,JOCUQRLPFDAQ,0
44731344_SXKPVCFE_XLOLCGQM_0_37,44731344_SXKPVCFE_XLOLCGQM_0,CKMVQHUTCSSS,44731344_SXKPVCFE_XLOLCGQM_0_37,44731344_SXKPVCFE_XLOLCGQM_0,JOCUQRLPFDAQ,0
44731344_SXKPVCFE_XLOLCGQM_0_38,44731344_SXKPVCFE_XLOLCGQM_0,CKMVQHUTCSSS,44731344_SXKPVCFE_XLOLCGQM_0_38,44731344_SXKPVCFE_XLOLCGQM_0,JOCUQRLPFDAQ,0
44731344_SXKPVCFE_XLOLCGQM_0_39,44731344_SXKPVCFE_XLOLCGQM_0,CKMVQHUTCSSS,44731344_SXKPVCFE_XLOLCGQM_0_39,44731344_SXKPVCFE_XLOLCGQM_0,JOCUQRLPFDAQ,0
44731344_SXKPVCFE_XLOLCGQM_0_40,44731344_SXKPVCFE_XLOLCGQM_0,CKMVQHUTCSSS,44731344_SXKPVCFE_XLOLCGQM_0_40,44731344_SXKPVCFE_XLOLCGQM_0,JOCUQRLPFDAQ,0
87821028_RWGIMNJG_DRXGSCTF_0_0,87821028_RWGIMNJG_DRXGSCTF_0,ZRNDTJVDRLTG,87821028_RWGIMNJG_DRXGSCTF_0_0,87821028_RWGIMNJG_DRXGSCTF_0,WTMKGTDPLTJV,0
87821028_RWGIMNJG_DRXGSCTF_0_1,87821028_RWGIMNJG_DRXGSCTF_0,ZRNDTJVDRLTG,87821028_RWGIMNJG_DRXGSCTF_0_1,87821028_RWGIMNJG_DRXGSCTF_0,WTMKGTDPLTJV,0
87821028_RWGIMNJG_DRXGSCTF_0_2,87821028_RWGIMNJG_DRXGSCTF_0,ZRNDTJVDRLTG,87821028_RWGIMNJG_DRXGSCTF_0_2,87821028_RWGIMNJG_DRXGSCTF_0,WTMKGTDPLTJV,0
87821028_RWGIMNJG_DRXGSCTF_0_3,87821028_RWGIMNJG_DRXGSCTF_0,ZRNDTJVDRLTG,87821028_RWGIMNJG_DRXGSCTF_0_3,87821028_RWGIMNJG_DRXGSCTF_0,WTMKGTDPLTJV,0
87821028_RWGIMNJG_DRXGSCTF_0_4,87821028_RWGIMNJG_DRXGSCTF_0,ZRNDTJVDRLTG,87821028_RWGIMNJG_DRXGSCTF_0_4,87821028_RWGIMNJG_DRXGSCTF_0,WTMKGTDPLTJV,0
87821028_RWGIMNJG_DRXGSCTF_0_5,87821028_RWGIMNJG_DRXGSCTF_0,ZRNDTJVDRLTG,87821028_RWGIMNJG_DRXGSCTF_0_5,87821028_RWGIMNJG_DRXGSCTF_0,WTMKGTDPLTJV,0
87821028_RWGIMNJG_DRXGSCTF_0_6,87821028_RWGIMNJG_DRXGSCTF_0,ZRNDTJVDRLTG,87821028_RWGIMNJG_DRXGSCTF_0_6,87821028_RWGIMNJG_DRXGSCTF_0,WTMKGTDPLTJV,0
87821028_RWGIMNJG_DRXGSCTF_0_7,87821028_RWGIMNJG_DRXGSCTF_0,ZRNDTJVDRLTG,87821028_RWGIMNJG_DRXGSCTF_0_7,87821028_RWGIMNJG_DRXGSCTF_0,WTMKGTDPLTJV,0
87821028_RWGIMNJG_DRXGSCTF_0_8,87821028_RWGIMNJG_DRXGSCTF_0,ZRNDTJVDRLTG,87821028_RWGIMNJG_DRXGSCTF_0_8,87821028_RWGIMNJG_DRXGSCTF_0,WTMKGTDPLTJV,0
87821028_RWGIMNJG_DRXGSCTF_0_9,87821028_RWGIMNJG_DRXGSCTF_0,ZRNDTJVDRLTG,87821028_RWGIMNJG_DRXGSCTF_0_9,87821028_RWGIMNJG_DRXGSCTF_0,WTMKGTDPLTJV,0
87821028_RWGIMNJG_DRXGSCTF_0_10,87821028_RWGIMNJG_DRXGSCTF_0,ZRNDTJVDRLTG,87821028_RWGIMNJG_DRXGSCTF_0_10,87821028_RWGIMNJG_DRXGSCTF_0,WTMKGTDPLTJV,0
87821028_RWGIMNJG_DRXGSCTF_0_11,87821028_RWGIMNJG_DRXGSCTF_0,ZRNDTJVDRLTG,87821028_RWGIMNJG_DRXGSCTF_0_11,87821028_RWGIMNJG_DRXGSCTF_0,WTMKGTDPLTJV,0
87821028_RWGIMNJG_DRXGSCTF_0_12,87821028_RWGIMNJG_DRXGSCTF_0,ZRNDTJVDRLTG,87821028_RWGIMNJG_DRXGSCTF_0_12,87821028_RWGIMNJG_DRXGSCTF_0,WTMKGTDPLTJV,0
87821028_RWGIMNJG_DRXGSCTF_0_13,87821028_RWGIMNJG_DRXGSCTF_0,ZRNDTJVDRLTG,87821028_RWGIMNJG_DRXGSCTF_0_13,87821028_RWGIMNJG_DRXGSCTF_0,WTMKGTDPLTJV,0
87821028_RWGIMNJG_DRXGSCTF_0_14,87821028_RWGIMNJG_DRXGSCTF_0,ZRNDTJVDRLTG,87821028_RWGIMNJG_DRXGSCTF_0_14,87821028_RWGIMNJG_DRXGSCTF_0,WTMKGTDPLTJV,0
87821028_RWGIMNJG_DRXGSCTF_0_15,87821028_RWGIMNJG_DRXGSCTF_0,ZRNDTJVDRLTG,87821028_RWGIMNJG_DRXGSCTF_0_15,87821028_RWGIMNJG_DRXGSCTF_0,WTMKGTDPLTJV,0
87821028_RWGIMNJG_DRXGSCTF_0_16,87821028_RWGIMNJG_DRXGSCTF_0,ZRNDTJVDRLTG,87821028_RWGIMNJG_DRXGSCTF_0_16,87821028_RWGIMNJG_DRXGSCTF_0,WTMKGTDPLTJV,0
87821028_RWGIMNJG_DRXGSCTF_0_17,87821028_RWGIMNJG_DRXGSCTF_0,ZRNDTJVDRLTG,87821028_RWGIMNJG_DRXGSCTF_0_17,87821028_RWGIMNJG_DRXGSCTF_0,WTMKGTDPLTJV,0
87821028_RWGIMNJG_DRXGSCTF_0_18,87821028_RWGIMNJG_DRXGSCTF_0,ZRNDTJVDRLTG,87821028_RWGIMNJG_DRXGSCTF_0_18,87821028_RWGIMNJG_DRXGSCTF_0,WTMKGTDPLTJV,0
87821028_RWGIMNJG_DRXGSCTF_0_19,87821028_RWGIMNJG_DRXGSCTF_0,ZRNDTJVDRLTG,87821028_RWGIMNJG_DRXGSCTF_0_19,87821028_RWGIMNJG_DRXGSCTF_0,WTMKGTDPLTJV,0
87821028_RWGIMNJG_DRXGSCTF_0_20,87821028_RWGIMNJG_DRXGSCTF_0,ZRNDTJVDRLTG,87821028_RWGIMNJG_DRXGSCTF_0_20,87821028_RWGIMNJG_DRXGSCTF_0,WTMKGTDPLTJV,0
87821028_RWGIMNJG_DRXGSCTF_0_21,87821028_RWGIMNJG_DRXGSCTF_0,ZRNDTJVDRLTG,87821028_RWGIMNJG_DRXGSCTF_0_21,87821028_RWGIMNJG_DRXGSCTF_0,WTMKGTDPLTJV,0
87821028_RWGIMNJG_DRXGSCTF_0_22,87821028_RWGIMNJG_DRXGSCTF_0,ZRNDTJVDRLTG,87821028_RWGIMNJG_DRXGSCTF_0_22,87821028_RWGIMNJG_DRXGSCTF_0,WTMKGTDPLTJV,0
72908348_LJNFLUMT_SXKPVCFE_0_0,72908348_LJNFLUMT_SXKPVCFE_0,HALUZXCPXETW,72908348_LJNFLUMT_SXKPVCFE_0_0,72908348_LJNFLUMT_SXKPVCFE_0,ONLTDHRXPTIR,0
72908348_LJNFLUMT_SXKPVCFE_0_1,72908348_LJNFLUMT_SXKPVCFE_0,HALUZXCPXETW,72908348_LJNFLUMT_SXKPVCFE_0_1,72908348_LJNFLUMT_SXKPVCFE_0,ONLTDHRXPTIR,0
72908348_LJNFLUMT_SXKPVCFE_0_2,72908348_LJNFLUMT_SXKPVCFE_0,HALUZXCPXETW,72908348_LJNFLUMT_SXKPVCFE_0_2,72908348_LJNFLUMT_SXKPVCFE_0,ONLTDHRXPTIR,0
72908348_LJNFLUMT_SXKPVCFE_0_3,72908348_LJNFLUMT_SXKPVCFE_0,HALUZXCPXETW,72908348_LJNFLUMT_SXKPVCFE_0_3,72908348_LJNFLUMT_SXKPVCFE_0,ONLTDHRXPTIR,0
72908348_LJNFLUMT_SXKPVCFE_0_4,72908348_LJNFLUMT_SXKPVCFE_0,HALUZXCPXETW,72908348_LJNFLUMT_SXKPVCFE_0_4,72908348_LJNFLUMT_SXKPVCFE_0,ONLTDHRXPTIR,0
72908348_LJNFLUMT_SXKPVCFE_0_5,72908348_LJNFLUMT_SXKPVCFE_0,HALUZXCPXETW,72908348_LJNFLUMT_SXKPVCFE_0_5,72908348_LJNFLUMT_SXKPVCFE_0,ONLTDHRXPTIR,0
72908348_LJNFLUMT_SXKPVCFE_0_6,72908348_LJNFLUMT_SXKPVCFE_0,HALUZXCPXETW,72908348_LJNFLUMT_SXKPVCFE_0_6,72908348_LJNFLUMT_SXKPVCFE_0,ONLTDHRXPTIR,0
72908348_LJNFLUMT_SXKPVCFE_0_7,72908348_LJNFLUMT_SXKPVCFE_0,HALUZXCPXETW,72908348_LJNFLUMT_SXKPVCFE_0_7,72908348_LJNFLUMT_SXKPVCFE_0,ONLTDHRXPTIR,0
72908348_LJNFLUMT_SXKPVCFE_0_8,72908348_LJNFLUMT_SXKPVCFE_0,HALUZXCPXETW,72908348_LJNFLUMT_SXKPVCFE_0_8,72908348_LJNFLUMT_SXKPVCFE_0,ONLTDHRXPTIR,0
72908348_LJNFLUMT_SXKPVCFE_0_9,72908348_LJNFLUMT_SXKPVCFE_0,HALUZXCPXETW,72908348_LJNFLUMT_SXKPVCFE_0_9,72908348_LJNFLUMT_SXKPVCFE_0,ONLTDHRXPTIR,0
72908348_LJNFLUMT_SXKPVCFE_0_10,72908348_LJNFLUMT_SXKPVCFE_0,HALUZXCPXETW,72908348_LJNFLUMT_SXKPVCFE_0_10,72908348_LJNFLUMT_SXKPVCFE_0,ONLTDHRXPTIR,0
72908348_LJNFLUMT_SXKPVCFE_0_11,72908348_LJNFLUMT_SXKPVCFE_0,HALUZXCPXETW,72908348_LJNFLUMT_SXKPVCFE_0_11,72908348_LJNFLUMT_SXKPVCFE_0,ONLTDHRXPTIR,0
72908348_LJNFLUMT_SXKPVCFE_0_12,72908348_LJNFLUMT_SXKPVCFE_0,HALUZXCPXETW,72908348_LJNFLUMT_SXKPVCFE_0_12,72908348_LJNFLUMT_SXKPVCFE_0,ONLTDHRXPTIR,0
72908348_LJNFLUMT_SXKPVCFE_0_13,72908348_LJNFLUMT_SXKPVCFE_0,HALUZXCPXETW,72908348_LJNFLUMT_SXKPVCFE_0_13,72908348_LJNFLUMT_SXKPVCFE_0,ONLTDHRXPTIR,0
72908348_LJNFLUMT_SXKPVCFE_0_14,72908348_LJNFLUMT_SXKPVCFE_0,HALUZXCPXETW,72908348_LJNFLUMT_SXKPVCFE_0_14,72908348_LJNFLUMT_SXKPVCFE_0,ONLTDHRXPTIR,0
72908348_LJNFLUMT_SXKPVCFE_0_15,72908348_LJNFLUMT_SXKPVCFE_0,HALUZXCPXETW,72908348_LJNFLUMT_SXKPVCFE_0_15,72908348_LJNFLUMT_SXKPVCFE_0,ONLTDHRXPTIR,0
72908348_LJNFLUMT_SXKPVCFE_0_16,72908348_LJNFLUMT_SXKPVCFE_0,HALUZXCPXETW,72908348_LJNFLUMT_SXKPVCFE_0_16,72908348_LJNFLUMT_SXKPVCFE_0,ONLTDHRXPTIR,0
72908348_LJNFLUMT_SXKPVCFE_0_17,72908348_LJNFLUMT_SXKPVCFE_0,HALUZXCPXETW,72908348_LJNFLUMT_SXKPVCFE_0_17,72908348_LJNFLUMT_SXKPVCFE_0,ONLTDHRXPTIR,0
72908348_LJNFLUMT_SXKPVCFE_0_18,72908348_LJNFLUMT_SXKPVCFE_0,HALUZXCPXETW,72908348_LJNFLUMT_SXKPVCFE_0_18,72908348_LJNFLUMT_SXKPVCFE_0,ONLTDHRXPTIR,0
72908348_LJNFLUMT_SXKPVCFE_0_19,72908348_LJNFLUMT_SXKPVCFE_0,HALUZXCPXETW,72908348_LJNFLUMT_SXKPVCFE_0_19,72908348_LJNFLUMT_SXKPVCFE_0,ONLTDHRXPTIR,0
72908348_LJNFLUMT_SXKPVCFE_0_20,72908348_LJNFLUMT_SXKPVCFE_0,HALUZXCPXETW,72908348_LJNFLUMT_SXKPVCFE_0_20,72908348_LJNFLUMT_SXKPVCFE_0,ONLTDHRXPTIR,0
72908348_LJNFLUMT_SXKPVCFE_0_21,72908348_LJNFLUMT_SXKPVCFE_0,HALUZXCPXETW,72908348_LJNFLUMT_SXKPVCFE_0_21,72908348_LJNFLUMT_SXKPVCFE_0,ONLTDHRXPTIR,0
72908348_LJNFLUMT_SXKPVCFE_0_22,72908348_LJNFLUMT_SXKPVCFE_0,HALUZXCPXETW,72908348_LJNFLUMT_SXKPVCFE_0_22,72908348_LJNFLUMT_SXKPVCFE_0,ONLTDHRXPTIR,0
72908348_LJNFLUMT_SXKPVCFE_0_23,72908348_LJNFLUMT_SXKPVCFE_0,HALUZXCPXETW,72908348_LJNFLUMT_SXKPVCFE_0_23,72908348_LJNFLUMT_SXKPVCFE_0,ONLTDHRXPTIR,0
72908348_LJNFLUMT_SXKPVCFE_0_24,72908348_LJNFLUMT_SXKPVCFE_0,HALUZXCPXETW,72908348_LJNFLUMT_SXKPVCFE_0_24,72908348_LJNFLUMT_SXKPVCFE_0,ONLTDHRXPTIR,0
72908348_LJNFLUMT_SXKPVCFE_0_25,72908348_LJNFLUMT_SXKPVCFE_0,HALUZXCPXETW,72908348_LJNFLUMT_SXKPVCFE_0_25,72908348_LJNFLUMT_SXKPVCFE_0,ONLTDHRXPTIR,0
72908348_LJNFLUMT_SXKPVCFE_0_26,72908348_LJNFLUMT_SXKPVCFE_0,HALUZXCPXETW,72908348_LJNFLUMT_SXKPVCFE_0_26,72908348_LJNFLUMT_SXKPVCFE_0,ONLTDHRXPTIR,0
72908348_LJNFLUMT_SXKPVCFE_0_27,72908348_LJNFLUMT_SXKPVCFE_0,HALUZXCPXETW,72908348_LJNFLUMT_SXKPVCFE_0_27,72908348_LJNFLUMT_SXKPVCFE_0,ONLTDHRXPTIR,0
72908348_LJNFLUMT_SXKPVCFE_0_28,72908348_LJNFLUMT_SXKPVCFE_0,HALUZXCPXETW,72908348_LJNFLUMT_SXKPVCFE_0_28,72908348_LJNFLUMT_SXKPVCFE_0,ONLTDHRXPTIR,0
72908348_LJNFLUMT_SXKPVCFE_0_29,72908348_LJNFLUMT_SXKPVCFE_0,HALUZXCPXETW,72908348_LJNFLUMT_SXKPVCFE_0_29,72908348_LJNFLUMT_SXKPVCFE_0,ONLTDHRXPTIR,0
72908348_LJNFLUMT_SXKPVCFE_0_30,72908348_LJNFLUMT_SXKPVCFE_0,HALUZXCPXETW,72908348_LJNFLUMT_SXKPVCFE_0_30,72908348_LJNFLUMT_SXKPVCFE_0,ONLTDHRXPTIR,0
72908348_LJNFLUMT_SXKPVCFE_0_31,72908348_LJNFLUMT_SXKPVCFE_0,HALUZXCPXETW,72908348_LJNFLUMT_SXKPVCFE_0_31,72908348_LJNFLUMT_SXKPVCFE_0,ONLTDHRXPTIR,0
72908348_LJNFLUMT_SXKPVCFE_0_32,72908348_LJNFLUMT_SXKPVCFE_0,HALUZXCPXETW,72908348_LJNFLUMT_SXKPVCFE_0_32,72908348_LJNFLUMT_SXKPVCFE_0,ONLTDHRXPTIR,0
72908348_LJNFLUMT_SXKPVCFE_0_33,72908348_LJNFLUMT_SXKPVCFE_0,HALUZXCPXETW,72908348_LJNFLUMT_SXKPVCFE_0_33,72908348_LJNFLUMT_SXKPVCFE_0,ONLTDHRXPTIR,0
72908348_LJNFLUMT_SXKPVCFE_0_34,72908348_LJNFLUMT_SXKPVCFE_0,HALUZXCPXETW,72908348_LJNFLUMT_SXKPVCFE_0_34,72908348_LJNFLUMT_SXKPVCFE_0,ONLTDHRXPTIR,0
72908348_LJNFLUMT_SXKPVCFE_0_35,72908348_LJNFLUMT_SXKPVCFE_0,HALUZXCPXETW,72908348_LJNFLUMT_SXKPVCFE_0_35,72908348_LJNFLUMT_SXKPVCFE_0,ONLTDHRXPTIR,0
72908348_LJNFLUMT_SXKPVCFE_0_36,72908348_LJNFLUMT_SXKPVCFE_0,HALUZXCPXETW,72908348_LJNFLUMT_SXKPVCFE_0_36,72908348_LJNFLUMT_SXKPVCFE_0,ONLTDHRXPTIR,0
72908348_LJNFLUMT_SXKPVCFE_0_37,72908348_LJNFLUMT_SXKPVCFE_0,HALUZXCPXETW,72908348_LJNFLUMT_SXKPVCFE_0_37,72908348_LJNFLUMT_SXKPVCFE_0,ONLTDHRXPTIR,0
72908348_LJNFLUMT_SXKPVCFE_0_38,72908348_LJNFLUMT_SXKPVCFE_0,HALUZXCPXETW,72908348_LJNFLUMT_SXKPVCFE_0_38,72908348_LJNFLUMT_SXKPVCFE_0,ONLTDHRXPTIR,0
72908348_LJNFLUMT_SXKPVCFE_0_39,72908348_LJNFLUMT_SXKPVCFE_0,HALUZXCPXETW,72908348_LJNFLUMT_SXKPVCFE_0_39,72908348_LJNFLUMT_SXKPVCFE_0,ONLTDHRXPTIR,0
72908348_LJNFLUMT_SXKPVCFE_0_40,72908348_LJNFLUMT_SXKPVCFE_0,HALUZXCPXETW,72908348_LJNFLUMT_SXKPVCFE_0_40,72908348_LJNFLUMT_SXKPVCFE_0,ONLTDHRXPTIR,0
72908348_LJNFLUMT_SXKPVCFE_0_41,72908348_LJNFLUMT_SXKPVCFE_0,HALUZXCPXETW,72908348_LJNFLUMT_SXKPVCFE_0_41,72908348_LJNFLUMT_SXKPVCFE_0,ONLTDHRXPTIR,0
72908348_LJNFLUMT_SXKPVCFE_0_42,72908348_LJNFLUMT_SXKPVCFE_0,HALUZXCPXETW,72908348_LJNFLUMT_SXKPVCFE_0_42,72908348_LJNFLUMT_SXKPVCFE_0,ONLTDHRXPTIR,0
72908348_LJNFLUMT_SXKPVCFE_0_43,72908348_LJNFLUMT_SXKPVCFE_0,HALUZXCPXETW,72908348_LJNFLUMT_SXKPVCFE_0_43,72908348_LJNFLUMT_SXKPVCFE_0,ONLTDHRXPTIR,0
72908348_LJNFLUMT_SXKPVCFE_0_44,72908348_LJNFLUMT_SXKPVCFE_0,HALUZXCPXETW,72908348_LJNFLUMT_SXKPVCFE_0_44,72908348_LJNFLUMT_SXKPVCFE_0,ONLTDHRXPTIR,0
72908348_LJNFLUMT_SXKPVCFE_0_45,72908348_LJNFLUMT_SXKPVCFE_0,HALUZXCPXETW,72908348_LJNFLUMT_SXKPVCFE_0_45,72908348_LJNFLUMT_SXKPVCFE_0,ONLTDHRXPTIR,0
72908348_LJNFLUMT_SXKPVCFE_0_46,72908348_LJNFLUMT_SXKPVCFE_0,HALUZXCPXETW,72908348_LJNFLUMT_SXKPVCFE_0_46,72908348_LJNFLUMT_SXKPVCFE_0,ONLTDHRXPTIR,0
72908348_LJNFLUMT_SXKPVCFE_0_47,72908348_LJNFLUMT_SXKPVCFE_0,HALUZXCPXETW,72908348_LJNFLUMT_SXKPVCFE_0_47,72908348_LJNFLUMT_SXKPVCFE_0,ONLTDHRXPTIR,0
72908348_LJNFLUMT_SXKPVCFE_0_48,72908348_LJNFLUMT_SXKPVCFE_0,HALUZXCPXETW,72908348_LJNFLUMT_SXKPVCFE_0_48,72908348_LJNFLUMT_SXKPVCFE_0,ONLTDHRXPTIR,0
72908348_LJNFLUMT_SXKPVCFE_0_49,72908348_LJNFLUMT_SXKPVCFE_0,HALUZXCPXETW,72908348_LJNFLUMT_SXKPVCFE_0_49,72908348_LJNFLUMT_SXKPVCFE_0,ONLTDHRXPTIR,0
72908348_LJNFLUMT_SXKPVCFE_0_50,72908348_LJNFLUMT_SXKPVCFE_0,HALUZXCPXETW,72908348_LJNFLUMT_SXKPVCFE_0_50,72908348_LJNFLUMT_SXKPVCFE_0,ONLTDHRXPTIR,0
72908348_LJNFLUMT_SXKPVCFE_0_51,72908348_LJNFLUMT_SXKPVCFE_0,HALUZXCPXETW,72908348_LJNFLUMT_SXKPVCFE_0_51,72908348_LJNFLUMT_SXKPVCFE_0,ONLTDHRXPTIR,0
72908348_LJNFLUMT_SXKPVCFE_0_52,72908348_LJNFLUMT_SXKPVCFE_0,HALUZXCPXETW,72908348_LJNFLUMT_SXKPVCFE_0_52,72908348_LJNFLUMT_SXKPVCFE_0,ONLTDHRXPTIR,0
72908348_LJNFLUMT_SXKPVCFE_0_53,72908348_LJNFLUMT_SXKPVCFE_0,HALUZXCPXETW,72908348_LJNFLUMT_SXKPVCFE_0_53,72908348_LJNFLUMT_SXKPVCFE_0,ONLTDHRXPTIR,0
72908348_LJNFLUMT_SXKPVCFE_0_54,72908348_LJNFLUMT_SXKPVCFE_0,HALUZXCPXETW,72908348_LJNFLUMT_SXKPVCFE_0_54,72908348_LJNFLUMT_SXKPVCFE_0,ONLTDHRXPTIR,0
72908348_LJNFLUMT_SXKPVCFE_0_55,72908348_LJNFLUMT_SXKPVCFE_0,HALUZXCPXETW,72908348_LJNFLUMT_SXKPVCFE_0_55,72908348_LJNFLUMT_SXKPVCFE_0,ONLTDHRXPTIR,0
72908348_LJNFLUMT_SXKPVCFE_0_56,72908348_LJNFLUMT_SXKPVCFE_0,HALUZXCPXETW,72908348_LJNFLUMT_SXKPVCFE_0_56,72908348_LJNFLUMT_SXKPVCFE_0,ONLTDHRXPTIR,0
72908348_LJNFLUMT_SXKPVCFE_0_57,72908348_LJNFLUMT_SXKPVCFE_0,HALUZXCPXETW,72908348_LJNFLUMT_SXKPVCFE_0_57,72908348_LJNFLUMT_SXKPVCFE_0,ONLTDHRXPTIR,0
72908348_LJNFLUMT_SXKPVCFE_0_58,72908348_LJNFLUMT_SXKPVCFE_0,HALUZXCPXETW,72908348_LJNFLUMT_SXKPVCFE_0_58,72908348_LJNFLUMT_SXKPVCFE_0,ONLTDHRXPTIR,0
72908348_LJNFLUMT_SXKPVCFE_0_59,72908348_LJNFLUMT_SXKPVCFE_0,HALUZXCPXETW,72908348_LJNFLUMT_SXKPVCFE_0_59,72908348_LJNFLUMT_SXKPVCFE_0,ONLTDHRXPTIR,0
72908348_LJNFLUMT_SXKPVCFE_0_60,72908348_LJNFLUMT_SXKPVCFE_0,HALUZXCPXETW,72908348_LJNFLUMT_SXKPVCFE_0_60,72908348_LJNFLUMT_SXKPVCFE_0,ONLTDHRXPTIR,0
72908348_LJNFLUMT_SXKPVCFE_0_61,72908348_LJNFLUMT_SXKPVCFE_0,HALUZXCPXETW,72908348_LJNFLUMT_SXKPVCFE_0_61,72908348_LJNFLUMT_SXKPVCFE_0,ONLTDHRXPTIR,0
72908348_LJNFLUMT_SXKPVCFE_0_62,72908348_LJNFLUMT_SXKPVCFE_0,HALUZXCPXETW,72908348_LJNFLUMT_SXKPVCFE_0_62,72908348_LJNFLUMT_SXKPVCFE_0,ONLTDHRXPTIR,0
72908348_LJNFLUMT_SXKPVCFE_0_63,72908348_LJNFLUMT_SXKPVCFE_0,HALUZXCPXETW,72908348_LJNFLUMT_SXKPVCFE_0_63,72908348_LJNFLUMT_SXKPVCFE_0,ONLTDHRXPTIR,0
72908348_LJNFLUMT_SXKPVCFE_0_64,72908348_LJNFLUMT_SXKPVCFE_0,HALUZXCPXETW,72908348_LJNFLUMT_SXKPVCFE_0_64,72908348_LJNFLUMT_SXKPVCFE_0,ONLTDHRXPTIR,0
72908348_LJNFLUMT_SXKPVCFE_0_65,72908348_LJNFLUMT_SXKPVCFE_0,HALUZXCPXETW,72908348_LJNFLUMT_SXKPVCFE_0_65,72908348_LJNFLUMT_SXKPVCFE_0,ONLTDHRXPTIR,0
72908348_LJNFLUMT_SXKPVCFE_0_66,72908348_LJNFLUMT_SXKPVCFE_0,HALUZXCPXETW,72908348_LJNFLUMT_SXKPVCFE_0_66,72908348_LJNFLUMT_SXKPVCFE_0,ONLTDHRXPTIR,0
72908348_LJNFLUMT_SXKPVCFE_0_67,72908348_LJNFLUMT_SXKPVCFE_0,HALUZXCPXETW,72908348_LJNFLUMT_SXKPVCFE_0_67,72908348_LJNFLUMT_SXKPVCFE_0,ONLTDHRXPTIR,0
72908348_LJNFLUMT_SXKPVCFE_0_68,72908348_LJNFLUMT_SXKPVCFE_0,HALUZXCPXETW,72908348_LJNFLUMT_SXKPVCFE_0_68,72908348_LJNFLUMT_SXKPVCFE_0,ONLTDHRXPTIR,0
72908348_LJNFLUMT_SXKPVCFE_0_69,72908348_LJNFLUMT_SXKPVCFE_0,HALUZXCPXETW,72908348_LJNFLUMT_SXKPVCFE_0_69,72908348_LJNFLUMT_SXKPVCFE_0,ONLTDHRXPTIR,0
72908348_LJNFLUMT_SXKPVCFE_0_70,72908348_LJNFLUMT_SXKPVCFE_0,HALUZXCPXETW,72908348_LJNFLUMT_SXKPVCFE_0_70,72908348_LJNFLUMT_SXKPVCFE_0,ONLTDHRXPTIR,0
72908348_LJNFLUMT_SXKPVCFE_0_71,72908348_LJNFLUMT_SXKPVCFE_0,HALUZXCPXETW,72908348_LJNFLUMT_SXKPVCFE_0_71,72908348_LJNFLUMT_SXKPVCFE_0,ONLTDHRXPTIR,0
72908348_LJNFLUMT_SXKPVCFE_0_72,72908348_LJNFLUMT_SXKPVCFE_0,HALUZXCPXETW,72908348_LJNFLUMT_SXKPVCFE_0_72,72908348_LJNFLUMT_SXKPVCFE_0,ONLTDHRXPTIR,0
72908348_LJNFLUMT_SXKPVCFE_0_73,72908348_LJNFLUMT_SXKPVCFE_0,HALUZXCPXETW,72908348_LJNFLUMT_SXKPVCFE_0_73,72908348_LJNFLUMT_SXKPVCFE_0,ONLTDHRXPTIR,0
72908348_LJNFLUMT_SXKPVCFE_0_74,72908348_LJNFLUMT_SXKPVCFE_0,HALUZXCPXETW,72908348_LJNFLUMT_SXKPVCFE_0_74,72908348_LJNFLUMT_SXKPVCFE_0,ONLTDHRXPTIR,0
72908348_LJNFLUMT_SXKPVCFE_0_75,72908348_LJNFLUMT_SXKPVCFE_0,HALUZXCPXETW,72908348_LJNFLUMT_SXKPVCFE_0_75,72908348_LJNFLUMT_SXKPVCFE_0,ONLTDHRXPTIR,0
72908348_LJNFLUMT_SXKPVCFE_0_76,72908348_LJNFLUMT_SXKPVCFE_0,HALUZXCPXETW,72908348_LJNFLUMT_SXKPVCFE_0_76,72908348_LJNFLUMT_SXKPVCFE_0,ONLTDHRXPTIR,0
72908348_LJNFLUMT_SXKPVCFE_0_77,72908348_LJNFLUMT_SXKPVCFE_0,HALUZXCPXETW,72908348_LJNFLUMT_SXKPVCFE_0_77,72908348_LJNFLUMT_SXKPVCFE_0,ONLTDHRXPTIR,0
72908348_LJNFLUMT_SXKPVCFE_0_78,72908348_LJNFLUMT_SXKPVCFE_0,HALUZXCPXETW,72908348_LJNFLUMT_SXKPVCFE_0_78,72908348_LJNFLUMT_SXKPVCFE_0,ONLTDHRXPTIR,0
72908348_LJNFLUMT_SXKPVCFE_0_79,72908348_LJNFLUMT_SXKPVCFE_0,HALUZXCPXETW,72908348_LJNFLUMT_SXKPVCFE_0_79,72908348_LJNFLUMT_SXKPVCFE_0,ONLTDHRXPTIR,0
72908348_LJNFLUMT_SXKPVCFE_0_80,72908348_LJNFLUMT_SXKPVCFE_0,HALUZXCPXETW,72908348_LJNFLUMT_SXKPVCFE_0_80,72908348_LJNFLUMT_SXKPVCFE_0,ONLTDHRXPTIR,0
72908348_LJNFLUMT_SXKPVCFE_0_81,72908348_LJNFLUMT_SXKPVCFE_0,HALUZXCPXETW,72908348_LJNFLUMT_SXKPVCFE_0_81,72908348_LJNFLUMT_SXKPVCFE_0,ONLTDHRXPTIR,0
72908348_LJNFLUMT_SXKPVCFE_0_82,72908348_LJNFLUMT_SXKPVCFE_0,HALUZXCPXETW,72908348_LJNFLUMT_SXKPVCFE_0_82,72908348_LJNFLUMT_SXKPVCFE_0,ONLTDHRXPTIR,0
72908348_LJNFLUMT_SXKPVCFE_0_83,72908348_LJNFLUMT_SXKPVCFE_0,HALUZXCPXETW,72908348_LJNFLUMT_SXKPVCFE_0_83,72908348_LJNFLUMT_SXKPVCFE_0,ONLTDHRXPTIR,0
72908348_LJNFLUMT_SXKPVCFE_0_84,72908348_LJNFLUMT_SXKPVCFE_0,HALUZXCPXETW,72908348_LJNFLUMT_SXKPVCFE_0_84,72908348_LJNFLUMT_SXKPVCFE_0,ONLTDHRXPTIR,0
72908348_LJNFLUMT_SXKPVCFE_0_85,72908348_LJNFLUMT_SXKPVCFE_0,HALUZXCPXETW,72908348_LJNFLUMT_SXKPVCFE_0_85,72908348_LJNFLUMT_SXKPVCFE_0,ONLTDHRXPTIR,0
72908348_LJNFLUMT_SXKPVCFE_0_86,72908348_LJNFLUMT_SXKPVCFE_0,HALUZXCPXETW,72908348_LJNFLUMT_SXKPVCFE_0_86,72908348_LJNFLUMT_SXKPVCFE_0,ONLTDHRXPTIR,0
72908348_LJNFLUMT_SXKPVCFE_0_87,72908348_LJNFLUMT_SXKPVCFE_0,HALUZXCPXETW,72908348_LJNFLUMT_SXKPVCFE_0_87,72908348_LJNFLUMT_SXKPVCFE_0,ONLTDHRXPTIR,0
72908348_LJNFLUMT_SXKPVCFE_0_88,72908348_LJNFLUMT_SXKPVCFE_0,HALUZXCPXETW,72908348_LJNFLUMT_SXKPVCFE_0_88,72908348_LJNFLUMT_SXKPVCFE_0,ONLTDHRXPTIR,0
72908348_LJNFLUMT_SXKPVCFE_0_89,72908348_LJNFLUMT_SXKPVCFE_0,HALUZXCPXETW,72908348_LJNFLUMT_SXKPVCFE_0_89,72908348_LJNFLUMT_SXKPVCFE_0,ONLTDHRXPTIR,0
72908348_LJNFLUMT_SXKPVCFE_0_90,72908348_LJNFLUMT_SXKPVCFE_0,HALUZXCPXETW,72908348_LJNFLUMT_SXKPVCFE_0_90,72908348_LJNFLUMT_SXKPVCFE_0,ONLTDHRXPTIR,0
72908348_LJNFLUMT_SXKPVCFE_0_91,72908348_LJNFLUMT_SXKPVCFE_0,HALUZXCPXETW,72908348_LJNFLUMT_SXKPVCFE_0_91,72908348_LJNFLUMT_SXKPVCFE_0,ONLTDHRXPTIR,0
72908348_LJNFLUMT_SXKPVCFE_0_92,72908348_LJNFLUMT_SXKPVCFE_0,HALUZXCPXETW,72908348_LJNFLUMT_SXKPVCFE_0_92,72908348_LJNFLUMT_SXKPVCFE_0,ONLTDHRXPTIR,0
72908348_LJNFLUMT_SXKPVCFE_0_93,72908348_LJNFLUMT_SXKPVCFE_0,HALUZXCPXETW,72908348_LJNFLUMT_SXKPVCFE_0_93,72908348_LJNFLUMT_SXKPVCFE_0,ONLTDHRXPTIR,0
72908348_LJNFLUMT_SXKPVCFE_0_94,72908348_LJNFLUMT_SXKPVCFE_0,HALUZXCPXETW,72908348_LJNFLUMT_SXKPVCFE_0_94,72908348_LJNFLUMT_SXKPVCFE_0,ONLTDHRXPTIR,0
72908348_LJNFLUMT_SXKPVCFE_0_95,72908348_LJNFLUMT_SXKPVCFE_0,HALUZXCPXETW,72908348_LJNFLUMT_SXKPVCFE_0_95,72908348_LJNFLUMT_SXKPVCFE_0,ONLTDHRXPTIR,0
72908348_LJNFLUMT_SXKPVCFE_0_96,72908348_LJNFLUMT_SXKPVCFE_0,HALUZXCPXETW,72908348_LJNFLUMT_SXKPVCFE_0_96,72908348_LJNFLUMT_SXKPVCFE_0,ONLTDHRXPTIR,0
72908348_LJNFLUMT_SXKPVCFE_0_97,72908348_LJNFLUMT_SXKPVCFE_0,HALUZXCPXETW,72908348_LJNFLUMT_SXKPVCFE_0_97,72908348_LJNFLUMT_SXKPVCFE_0,ONLTDHRXPTIR,0
72908348_LJNFLUMT_SXKPVCFE_0_98,72908348_LJNFLUMT_SXKPVCFE_0,HALUZXCPXETW,72908348_LJNFLUMT_SXKPVCFE_0_98,72908348_LJNFLUMT_SXKPVCFE_0,ONLTDHRXPTIR,0
72908348_LJNFLUMT_SXKPVCFE_0_99,72908348_LJNFLUMT_SXKPVCFE_0,HALUZXCPXETW,72908348_LJNFLUMT_SXKPVCFE_0_99,72908348_LJNFLUMT_SXKPVCFE_0,ONLTDHRXPTIR,0
72908348_LJNFLUMT_SXKPVCFE_0_100,72908348_LJNFLUMT_SXKPVCFE_0,HALUZXCPXETW,72908348_LJNFLUMT_SXKPVCFE_0_100,72908348_LJNFLUMT_SXKPVCFE_0,ONLTDHRXPTIR,0
72908348_LJNFLUMT_SXKPVCFE_0_101,72908348_LJNFLUMT_SXKPVCFE_0,HALUZXCPXETW,72908348_LJNFLUMT_SXKPVCFE_0_101,72908348_LJNFLUMT_SXKPVCFE_0,ONLTDHRXPTIR,0
72908348_LJNFLUMT_SXKPVCFE_0_102,72908348_LJNFLUMT_SXKPVCFE_0,HALUZXCPXETW,72908348_LJNFLUMT_SXKPVCFE_0_102,72908348_LJNFLUMT_SXKPVCFE_0,ONLTDHRXPTIR,0
72908348_LJNFLUMT_SXKPVCFE_0_103,72908348_LJNFLUMT_SXKPVCFE_0,HALUZXCPXETW,72908348_LJNFLUMT_SXKPVCFE_0_103,72908348_LJNFLUMT_SXKPVCFE_0,ONLTDHRXPTIR,0
72908348_LJNFLUMT_SXKPVCFE_0_104,72908348_LJNFLUMT_SXKPVCFE_0,HALUZXCPXETW,72908348_LJNFLUMT_SXKPVCFE_0_104,72908348_LJNFLUMT_SXKPVCFE_0,ONLTDHRXPTIR,0
72908348_LJNFLUMT_SXKPVCFE_0_105,72908348_LJNFLUMT_SXKPVCFE_0,HALUZXCPXETW,72908348_LJNFLUMT_SXKPVCFE_0_105,72908348_LJNFLUMT_SXKPVCFE_0,ONLTDHRXPTIR,0
72908348_LJNFLUMT_SXKPVCFE_0_106,72908348_LJNFLUMT_SXKPVCFE_0,HALUZXCPXETW,72908348_LJNFLUMT_SXKPVCFE_0_106,72908348_LJNFLUMT_SXKPVCFE_0,ONLTDHRXPTIR,0
72908348_LJNFLUMT_SXKPVCFE_0_107,72908348_LJNFLUMT_SXKPVCFE_0,HALUZXCPXETW,72908348_LJNFLUMT_SXKPVCFE_0_107,72908348_LJNFLUMT_SXKPVCFE_0,ONLTDHRXPTIR,0
72908348_LJNFLUMT_SXKPVCFE_0_108,72908348_LJNFLUMT_SXKPVCFE_0,HALUZXCPXETW,72908348_LJNFLUMT_SXKPVCFE_0_108,72908348_LJNFLUMT_SXKPVCFE_0,ONLTDHRXPTIR,0
72908348_LJNFLUMT_SXKPVCFE_0_109,72908348_LJNFLUMT_SXKPVCFE_0,HALUZXCPXETW,72908348_LJNFLUMT_SXKPVCFE_0_109,72908348_LJNFLUMT_SXKPVCFE_0,ONLTDHRXPTIR,0
72908348_LJNFLUMT_SXKPVCFE_0_110,72908348_LJNFLUMT_SXKPVCFE_0,HALUZXCPXETW,72908348_LJNFLUMT_SXKPVCFE_0_110,72908348_LJNFLUMT_SXKPVCFE_0,ONLTDHRXPTIR,0
72908348_LJNFLUMT_SXKPVCFE_0_111,72908348_LJNFLUMT_SXKPVCFE_0,HALUZXCPXETW,72908348_LJNFLUMT_SXKPVCFE_0_111,72908348_LJNFLUMT_SXKPVCFE_0,ONLTDHRXPTIR,0
72908348_LJNFLUMT_SXKPVCFE_0_112,72908348_LJNFLUMT_SXKPVCFE_0,HALUZXCPXETW,72908348_LJNFLUMT_SXKPVCFE_0_112,72908348_LJNFLUMT_SXKPVCFE_0,ONLTDHRXPTIR,0
72908348_LJNFLUMT_SXKPVCFE_0_113,72908348_LJNFLUMT_SXKPVCFE_0,HALUZXCPXETW,72908348_LJNFLUMT_SXKPVCFE_0_113,72908348_LJNFLUMT_SXKPVCFE_0,ONLTDHRXPTIR,0
72908348_LJNFLUMT_SXKPVCFE_0_114,72908348_LJNFLUMT_SXKPVCFE_0,HALUZXCPXETW,72908348_LJNFLUMT_SXKPVCFE_0_114,72908348_LJNFLUMT_SXKPVCFE_0,ONLTDHRXPTIR,0
72908348_LJNFLUMT_SXKPVCFE_0_115,72908348_LJNFLUMT_SXKPVCFE_0,HALUZXCPXETW,72908348_LJNFLUMT_SXKPVCFE_0_115,72908348_LJNFLUMT_SXKPVCFE_0,ONLTDHRXPTIR,0
72908348_LJNFLUMT_SXKPVCFE_0_116,72908348_LJNFLUMT_SXKPVCFE_0,HALUZXCPXETW,72908348_LJNFLUMT_SXKPVCFE_0_116,72908348_LJNFLUMT_SXKPVCFE_0,ONLTDHRXPTIR,0
72908348_LJNFLUMT_SXKPVCFE_0_117,72908348_LJNFLUMT_SXKPVCFE_0,HALUZXCPXETW,72908348_LJNFLUMT_SXKPVCFE_0_117,72908348_LJNFLUMT_SXKPVCFE_0,ONLTDHRXPTIR,0
72908348_LJNFLUMT_SXKPVCFE_0_118,72908348_LJNFLUMT_SXKPVCFE_0,HALUZXCPXETW,72908348_LJNFLUMT_SXKPVCFE_0_118,72908348_LJNFLUMT_SXKPVCFE_0,ONLTDHRXPTIR,0
72908348_LJNFLUMT_SXKPVCFE_0_119,72908348_LJNFLUMT_SXKPVCFE_0,HALUZXCPXETW,72908348_LJNFLUMT_SXKPVCFE_0_119,72908348_LJNFLUMT_SXKPVCFE_0,ONLTDHRXPTIR,0
72908348_LJNFLUMT_SXKPVCFE_0_120,72908348_LJNFLUMT_SXKPVCFE_0,HALUZXCPXETW,72908348_LJNFLUMT_SXKPVCFE_0_120,72908348_LJNFLUMT_SXKPVCFE_0,ONLTDHRXPTIR,0
72908348_LJNFLUMT_SXKPVCFE_0_121,72908348_LJNFLUMT_SXKPVCFE_0,HALUZXCPXETW,72908348_LJNFLUMT_SXKPVCFE_0_121,72908348_LJNFLUMT_SXKPVCFE_0,ONLTDHRXPTIR,0
72908348_LJNFLUMT_SXKPVCFE_0_122,72908348_LJNFLUMT_SXKPVCFE_0,HALUZXCPXETW,72908348_LJNFLUMT_SXKPVCFE_0_122,72908348_LJNFLUMT_SXKPVCFE_0,ONLTDHRXPTIR,0
72908348_LJNFLUMT_SXKPVCFE_0_123,72908348_LJNFLUMT_SXKPVCFE_0,HALUZXCPXETW,72908348_LJNFLUMT_SXKPVCFE_0_123,72908348_LJNFLUMT_SXKPVCFE_0,ONLTDHRXPTIR,0
72908348_LJNFLUMT_SXKPVCFE_0_124,72908348_LJNFLUMT_SXKPVCFE_0,HALUZXCPXETW,72908348_LJNFLUMT_SXKPVCFE_0_124,72908348_LJNFLUMT_SXKPVCFE_0,ONLTDHRXPTIR,0
72908348_LJNFLUMT_SXKPVCFE_0_125,72908348_LJNFLUMT_SXKPVCFE_0,HALUZXCPXETW,72908348_LJNFLUMT_SXKPVCFE_0_125,72908348_LJNFLUMT_SXKPVCFE_0,ONLTDHRXPTIR,0
72908348_LJNFLUMT_SXKPVCFE_0_126,72908348_LJNFLUMT_SXKPVCFE_0,HALUZXCPXETW,72908348_LJNFLUMT_SXKPVCFE_0_126,72908348_LJNFLUMT_SXKPVCFE_0,ONLTDHRXPTIR,0
72908348_LJNFLUMT_SXKPVCFE_0_127,72908348_LJNFLUMT_SXKPVCFE_0,HALUZXCPXETW,72908348_LJNFLUMT_SXKPVCFE_0_127,72908348_LJNFLUMT_SXKPVCFE_0,ONLTDHRXPTIR,0
72908348_LJNFLUMT_SXKPVCFE_0_128,72908348_LJNFLUMT_SXKPVCFE_0,HALUZXCPXETW,72908348_LJNFLUMT_SXKPVCFE_0_128,72908348_LJNFLUMT_SXKPVCFE_0,ONLTDHRXPTIR,0
72908348_LJNFLUMT_SXKPVCFE_0_129,72908348_LJNFLUMT_SXKPVCFE_0,HALUZXCPXETW,72908348_LJNFLUMT_SXKPVCFE_0_129,72908348_LJNFLUMT_SXKPVCFE_0,ONLTDHRXPTIR,0
72908348_LJNFLUMT_SXKPVCFE_0_130,72908348_LJNFLUMT_SXKPVCFE_0,HALUZXCPXETW,72908348_LJNFLUMT_SXKPVCFE_0_130,72908348_LJNFLUMT_SXKPVCFE_0,ONLTDHRXPTIR,0
72908348_LJNFLUMT_SXKPVCFE_0_131,72908348_LJNFLUMT_SXKPVCFE_0,HALUZXCPXETW,72908348_LJNFLUMT_SXKPVCFE_0_131,72908348_LJNFLUMT_SXKPVCFE_0,ONLTDHRXPTIR,0
72908348_LJNFLUMT_SXKPVCFE_0_132,72908348_LJNFLUMT_SXKPVCFE_0,HALUZXCPXETW,72908348_LJNFLUMT_SXKPVCFE_0_132,72908348_LJNFLUMT_SXKPVCFE_0,ONLTDHRXPTIR,0
72908348_LJNFLUMT_SXKPVCFE_0_133,72908348_LJNFLUMT_SXKPVCFE_0,HALUZXCPXETW,72908348_LJNFLUMT_SXKPVCFE_0_133,72908348_LJNFLUMT_SXKPVCFE_0,ONLTDHRXPTIR,0
72908348_LJNFLUMT_SXKPVCFE_0_134,72908348_LJNFLUMT_SXKPVCFE_0,HALUZXCPXETW,72908348_LJNFLUMT_SXKPVCFE_0_134,72908348_LJNFLUMT_SXKPVCFE_0,ONLTDHRXPTIR,0
72908348_LJNFLUMT_SXKPVCFE_0_135,72908348_LJNFLUMT_SXKPVCFE_0,HALUZXCPXETW,72908348_LJNFLUMT_SXKPVCFE_0_135,72908348_LJNFLUMT_SXKPVCFE_0,ONLTDHRXPTIR,0
72908348_LJNFLUMT_SXKPVCFE_0_136,72908348_LJNFLUMT_SXKPVCFE_0,HALUZXCPXETW,72908348_LJNFLUMT_SXKPVCFE_0_136,72908348_LJNFLUMT_SXKPVCFE_0,ONLTDHRXPTIR,0
72908348_LJNFLUMT_SXKPVCFE_0_137,72908348_LJNFLUMT_SXKPVCFE_0,HALUZXCPXETW,72908348_LJNFLUMT_SXKPVCFE_0_137,72908348_LJNFLUMT_SXKPVCFE_0,ONLTDHRXPTIR,0
72908348_LJNFLUMT_SXKPVCFE_0_138,72908348_LJNFLUMT_SXKPVCFE_0,HALUZXCPXETW,72908348_LJNFLUMT_SXKPVCFE_0_138,72908348_LJNFLUMT_SXKPVCFE_0,ONLTDHRXPTIR,0
72908348_LJNFLUMT_SXKPVCFE_0_139,72908348_LJNFLUMT_SXKPVCFE_0,HALUZXCPXETW,72908348_LJNFLUMT_SXKPVCFE_0_139,72908348_LJNFLUMT_SXKPVCFE_0,ONLTDHRXPTIR,0
72908348_LJNFLUMT_SXKPVCFE_0_140,72908348_LJNFLUMT_SXKPVCFE_0,HALUZXCPXETW,72908348_LJNFLUMT_SXKPVCFE_0_140,72908348_LJNFLUMT_SXKPVCFE_0,ONLTDHRXPTIR,0
72908348_LJNFLUMT_SXKPVCFE_0_141,72908348_LJNFLUMT_SXKPVCFE_0,HALUZXCPXETW,72908348_LJNFLUMT_SXKPVCFE_0_141,72908348_LJNFLUMT_SXKPVCFE_0,ONLTDHRXPTIR,0
72908348_LJNFLUMT_SXKPVCFE_0_142,72908348_LJNFLUMT_SXKPVCFE_0,HALUZXCPXETW,72908348_LJNFLUMT_SXKPVCFE_0_142,72908348_LJNFLUMT_SXKPVCFE_0,ONLTDHRXPTIR,0
72908348_LJNFLUMT_SXKPVCFE_0_143,72908348_LJNFLUMT_SXKPVCFE_0,HALUZXCPXETW,72908348_LJNFLUMT_SXKPVCFE_0_143,72908348_LJNFLUMT_SXKPVCFE_0,ONLTDHRXPTIR,0
72908348_LJNFLUMT_SXKPVCFE_0_144,72908348_LJNFLUMT_SXKPVCFE_0,HALUZXCPXETW,72908348_LJNFLUMT_SXKPVCFE_0_144,72908348_LJNFLUMT_SXKPVCFE_0,ONLTDHRXPTIR,0
72908348_LJNFLUMT_SXKPVCFE_0_145,72908348_LJNFLUMT_SXKPVCFE_0,HALUZXCPXETW,72908348_LJNFLUMT_SXKPVCFE_0_145,72908348_LJNFLUMT_SXKPVCFE_0,ONLTDHRXPTIR,0
72908348_LJNFLUMT_SXKPVCFE_0_146,72908348_LJNFLUMT_SXKPVCFE_0,HALUZXCPXETW,72908348_LJNFLUMT_SXKPVCFE_0_146,72908348_LJNFLUMT_SXKPVCFE_0,ONLTDHRXPTIR,0
72908348_LJNFLUMT_SXKPVCFE_0_147,72908348_LJNFLUMT_SXKPVCFE_0,HALUZXCPXETW,72908348_LJNFLUMT_SXKPVCFE_0_147,72908348_LJNFLUMT_SXKPVCFE_0,ONLTDHRXPTIR,0
72908348_LJNFLUMT_SXKPVCFE_0_148,72908348_LJNFLUMT_SXKPVCFE_0,HALUZXCPXETW,72908348_LJNFLUMT_SXKPVCFE_0_148,72908348_LJNFLUMT_SXKPVCFE_0,ONLTDHRXPTIR,0
72908348_LJNFLUMT_SXKPVCFE_0_149,72908348_LJNFLUMT_SXKPVCFE_0,HALUZXCPXETW,72908348_LJNFLUMT_SXKPVCFE_0_149,72908348_LJNFLUMT_SXKPVCFE_0,ONLTDHRXPTIR,0
72908348_LJNFLUMT_SXKPVCFE_0_150,72908348_LJNFLUMT_SXKPVCFE_0,HALUZXCPXETW,72908348_LJNFLUMT_SXKPVCFE_0_150,72908348_LJNFLUMT_SXKPVCFE_0,ONLTDHRXPTIR,0
72908348_LJNFLUMT_SXKPVCFE_0_151,72908348_LJNFLUMT_SXKPVCFE_0,HALUZXCPXETW,72908348_LJNFLUMT_SXKPVCFE_0_151,72908348_LJNFLUMT_SXKPVCFE_0,ONLTDHRXPTIR,0
72908348_LJNFLUMT_SXKPVCFE_0_152,72908348_LJNFLUMT_SXKPVCFE_0,HALUZXCPXETW,72908348_LJNFLUMT_SXKPVCFE_0_152,72908348_LJNFLUMT_SXKPVCFE_0,ONLTDHRXPTIR,0
72908348_LJNFLUMT_SXKPVCFE_0_153,72908348_LJNFLUMT_SXKPVCFE_0,HALUZXCPXETW,72908348_LJNFLUMT_SXKPVCFE_0_153,72908348_LJNFLUMT_SXKPVCFE_0,ONLTDHRXPTIR,0
72908348_LJNFLUMT_SXKPVCFE_0_154,72908348_LJNFLUMT_SXKPVCFE_0,HALUZXCPXETW,72908348_LJNFLUMT_SXKPVCFE_0_154,72908348_LJNFLUMT_SXKPVCFE_0,ONLTDHRXPTIR,0
72908348_LJNFLUMT_SXKPVCFE_0_155,72908348_LJNFLUMT_SXKPVCFE_0,HALUZXCPXETW,72908348_LJNFLUMT_SXKPVCFE_0_155,72908348_LJNFLUMT_SXKPVCFE_0,ONLTDHRXPTIR,0
72908348_LJNFLUMT_SXKPVCFE_0_156,72908348_LJNFLUMT_SXKPVCFE_0,HALUZXCPXETW,72908348_LJNFLUMT_SXKPVCFE_0_156,72908348_LJNFLUMT_SXKPVCFE_0,ONLTDHRXPTIR,0
72908348_LJNFLUMT_SXKPVCFE_0_157,72908348_LJNFLUMT_SXKPVCFE_0,HALUZXCPXETW,72908348_LJNFLUMT_SXKPVCFE_0_157,72908348_LJNFLUMT_SXKPVCFE_0,ONLTDHRXPTIR,0
72908348_LJNFLUMT_SXKPVCFE_0_158,72908348_LJNFLUMT_SXKPVCFE_0,HALUZXCPXETW,72908348_LJNFLUMT_SXKPVCFE_0_158,72908348_LJNFLUMT_SXKPVCFE_0,ONLTDHRXPTIR,0
72908348_LJNFLUMT_SXKPVCFE_0_159,72908348_LJNFLUMT_SXKPVCFE_0,HALUZXCPXETW,72908348_LJNFLUMT_SXKPVCFE_0_159,72908348_LJNFLUMT_SXKPVCFE_0,ONLTDHRXPTIR,0
72908348_LJNFLUMT_SXKPVCFE_0_160,72908348_LJNFLUMT_SXKPVCFE_0,HALUZXCPXETW,72908348_LJNFLUMT_SXKPVCFE_0_160,72908348_LJNFLUMT_SXKPVCFE_0,ONLTDHRXPTIR,0
72908348_LJNFLUMT_SXKPVCFE_0_161,72908348_LJNFLUMT_SXKPVCFE_0,HALUZXCPXETW,72908348_LJNFLUMT_SXKPVCFE_0_161,72908348_LJNFLUMT_SXKPVCFE_0,ONLTDHRXPTIR,0
72908348_LJNFLUMT_SXKPVCFE_0_162,72908348_LJNFLUMT_SXKPVCFE_0,HALUZXCPXETW,72908348_LJNFLUMT_SXKPVCFE_0_162,72908348_LJNFLUMT_SXKPVCFE_0,ONLTDHRXPTIR,0
72908348_LJNFLUMT_SXKPVCFE_0_163,72908348_LJNFLUMT_SXKPVCFE_0,HALUZXCPXETW,72908348_LJNFLUMT_SXKPVCFE_0_163,72908348_LJNFLUMT_SXKPVCFE_0,ONLTDHRXPTIR,0
72908348_LJNFLUMT_SXKPVCFE_0_164,72908348_LJNFLUMT_SXKPVCFE_0,HALUZXCPXETW,72908348_LJNFLUMT_SXKPVCFE_0_164,72908348_LJNFLUMT_SXKPVCFE_0,ONLTDHRXPTIR,0
72908348_LJNFLUMT_SXKPVCFE_0_165,72908348_LJNFLUMT_SXKPVCFE_0,HALUZXCPXETW,72908348_LJNFLUMT_SXKPVCFE_0_165,72908348_LJNFLUMT_SXKPVCFE_0,ONLTDHRXPTIR,0
72908348_LJNFLUMT_SXKPVCFE_0_166,72908348_LJNFLUMT_SXKPVCFE_0,HALUZXCPXETW,72908348_LJNFLUMT_SXKPVCFE_0_166,72908348_LJNFLUMT_SXKPVCFE_0,ONLTDHRXPTIR,0
72908348_LJNFLUMT_SXKPVCFE_0_167,72908348_LJNFLUMT_SXKPVCFE_0,HALUZXCPXETW,72908348_LJNFLUMT_SXKPVCFE_0_167,72908348_LJNFLUMT_SXKPVCFE_0,ONLTDHRXPTIR,0
72908348_LJNFLUMT_SXKPVCFE_0_168,72908348_LJNFLUMT_SXKPVCFE_0,HALUZXCPXETW,72908348_LJNFLUMT_SXKPVCFE_0_168,72908348_LJNFLUMT_SXKPVCFE_0,ONLTDHRXPTIR,0
72908348_LJNFLUMT_SXKPVCFE_0_169,72908348_LJNFLUMT_SXKPVCFE_0,HALUZXCPXETW,72908348_LJNFLUMT_SXKPVCFE_0_169,72908348_LJNFLUMT_SXKPVCFE_0,ONLTDHRXPTIR,0
72908348_LJNFLUMT_SXKPVCFE_0_170,72908348_LJNFLUMT_SXKPVCFE_0,HALUZXCPXETW,72908348_LJNFLUMT_SXKPVCFE_0_170,72908348_LJNFLUMT_SXKPVCFE_0,ONLTDHRXPTIR,0
72908348_LJNFLUMT_SXKPVCFE_0_171,72908348_LJNFLUMT_SXKPVCFE_0,HALUZXCPXETW,72908348_LJNFLUMT_SXKPVCFE_0_171,72908348_LJNFLUMT_SXKPVCFE_0,ONLTDHRXPTIR,0
72908348_LJNFLUMT_SXKPVCFE_0_172,72908348_LJNFLUMT_SXKPVCFE_0,HALUZXCPXETW,72908348_LJNFLUMT_SXKPVCFE_0_172,72908348_LJNFLUMT_SXKPVCFE_0,ONLTDHRXPTIR,0
72908348_LJNFLUMT_SXKPVCFE_0_173,72908348_LJNFLUMT_SXKPVCFE_0,HALUZXCPXETW,72908348_LJNFLUMT_SXKPVCFE_0_173,72908348_LJNFLUMT_SXKPVCFE_0,ONLTDHRXPTIR,0
72908348_LJNFLUMT_SXKPVCFE_0_174,72908348_LJNFLUMT_SXKPVCFE_0,HALUZXCPXETW,72908348_LJNFLUMT_SXKPVCFE_0_174,72908348_LJNFLUMT_SXKPVCFE_0,ONLTDHRXPTIR,0
72908348_LJNFLUMT_SXKPVCFE_0_175,72908348_LJNFLUMT_SXKPVCFE_0,HALUZXCPXETW,72908348_LJNFLUMT_SXKPVCFE_0_175,72908348_LJNFLUMT_SXKPVCFE_0,ONLTDHRXPTIR,0
72908348_LJNFLUMT_SXKPVCFE_0_176,72908348_LJNFLUMT_SXKPVCFE_0,HALUZXCPXETW,72908348_LJNFLUMT_SXKPVCFE_0_176,72908348_LJNFLUMT_SXKPVCFE_0,ONLTDHRXPTIR,0
72908348_LJNFLUMT_SXKPVCFE_0_177,72908348_LJNFLUMT_SXKPVCFE_0,HALUZXCPXETW,72908348_LJNFLUMT_SXKPVCFE_0_177,72908348_LJNFLUMT_SXKPVCFE_0,ONLTDHRXPTIR,0
72908348_LJNFLUMT_SXKPVCFE_0_178,72908348_LJNFLUMT_SXKPVCFE_0,HALUZXCPXETW,72908348_LJNFLUMT_SXKPVCFE_0_178,72908348_LJNFLUMT_SXKPVCFE_0,ONLTDHRXPTIR,0
72908348_LJNFLUMT_SXKPVCFE_0_179,72908348_LJNFLUMT_SXKPVCFE_0,HALUZXCPXETW,72908348_LJNFLUMT_SXKPVCFE_0_179,72908348_LJNFLUMT_SXKPVCFE_0,ONLTDHRXPTIR,0
72908348_LJNFLUMT_SXKPVCFE_0_180,72908348_LJNFLUMT_SXKPVCFE_0,HALUZXCPXETW,72908348_LJNFLUMT_SXKPVCFE_0_180,72908348_LJNFLUMT_SXKPVCFE_0,ONLTDHRXPTIR,0
72908348_LJNFLUMT_SXKPVCFE_0_181,72908348_LJNFLUMT_SXKPVCFE_0,HALUZXCPXETW,72908348_LJNFLUMT_SXKPVCFE_0_181,72908348_LJNFLUMT_SXKPVCFE_0,ONLTDHRXPTIR,0
72908348_LJNFLUMT_SXKPVCFE_0_182,72908348_LJNFLUMT_SXKPVCFE_0,HALUZXCPXETW,72908348_LJNFLUMT_SXKPVCFE_0_182,72908348_LJNFLUMT_SXKPVCFE_0,ONLTDHRXPTIR,0
72908348_LJNFLUMT_SXKPVCFE_0_183,72908348_LJNFLUMT_SXKPVCFE_0,HALUZXCPXETW,72908348_LJNFLUMT_SXKPVCFE_0_183,72908348_LJNFLUMT_SXKPVCFE_0,ONLTDHRXPTIR,0
72908348_LJNFLUMT_SXKPVCFE_0_184,72908348_LJNFLUMT_SXKPVCFE_0,HALUZXCPXETW,72908348_LJNFLUMT_SXKPVCFE_0_184,72908348_LJNFLUMT_SXKPVCFE_0,ONLTDHRXPTIR,0
72908348_LJNFLUMT_SXKPVCFE_0_185,72908348_LJNFLUMT_SXKPVCFE_0,HALUZXCPXETW,72908348_LJNFLUMT_SXKPVCFE_0_185,72908348_LJNFLUMT_SXKPVCFE_0,ONLTDHRXPTIR,0
72908348_LJNFLUMT_SXKPVCFE_0_186,72908348_LJNFLUMT_SXKPVCFE_0,HALUZXCPXETW,72908348_LJNFLUMT_SXKPVCFE_0_186,72908348_LJNFLUMT_SXKPVCFE_0,ONLTDHRXPTIR,0
72908348_LJNFLUMT_SXKPVCFE_0_187,72908348_LJNFLUMT_SXKPVCFE_0,HALUZXCPXETW,72908348_LJNFLUMT_SXKPVCFE_0_187,72908348_LJNFLUMT_SXKPVCFE_0,ONLTDHRXPTIR,0
72908348_LJNFLUMT_SXKPVCFE_0_188,72908348_LJNFLUMT_SXKPVCFE_0,HALUZXCPXETW,72908348_LJNFLUMT_SXKPVCFE_0_188,72908348_LJNFLUMT_SXKPVCFE_0,ONLTDHRXPTIR,0
72908348_LJNFLUMT_SXKPVCFE_0_189,72908348_LJNFLUMT_SXKPVCFE_0,HALUZXCPXETW,72908348_LJNFLUMT_SXKPVCFE_0_189,72908348_LJNFLUMT_SXKPVCFE_0,ONLTDHRXPTIR,0
72908348_LJNFLUMT_SXKPVCFE_0_190,72908348_LJNFLUMT_SXKPVCFE_0,HALUZXCPXETW,72908348_LJNFLUMT_SXKPVCFE_0_190,72908348_LJNFLUMT_SXKPVCFE_0,ONLTDHRXPTIR,0
72908348_LJNFLUMT_SXKPVCFE_0_191,72908348_LJNFLUMT_SXKPVCFE_0,HALUZXCPXETW,72908348_LJNFLUMT_SXKPVCFE_0_191,72908348_LJNFLUMT_SXKPVCFE_0,ONLTDHRXPTIR,0
72908348_LJNFLUMT_SXKPVCFE_0_192,72908348_LJNFLUMT_SXKPVCFE_0,HALUZXCPXETW,72908348_LJNFLUMT_SXKPVCFE_0_192,72908348_LJNFLUMT_SXKPVCFE_0,ONLTDHRXPTIR,0
72908348_LJNFLUMT_SXKPVCFE_0_193,72908348_LJNFLUMT_SXKPVCFE_0,HALUZXCPXETW,72908348_LJNFLUMT_SXKPVCFE_0_193,72908348_LJNFLUMT_SXKPVCFE_0,ONLTDHRXPTIR,0
72908348_LJNFLUMT_SXKPVCFE_0_194,72908348_LJNFLUMT_SXKPVCFE_0,HALUZXCPXETW,72908348_LJNFLUMT_SXKPVCFE_0_194,72908348_LJNFLUMT_SXKPVCFE_0,ONLTDHRXPTIR,0
72908348_LJNFLUMT_SXKPVCFE_0_195,72908348_LJNFLUMT_SXKPVCFE_0,HALUZXCPXETW,72908348_LJNFLUMT_SXKPVCFE_0_195,72908348_LJNFLUMT_SXKPVCFE_0,ONLTDHRXPTIR,0
72908348_LJNFLUMT_SXKPVCFE_0_196,72908348_LJNFLUMT_SXKPVCFE_0,HALUZXCPXETW,72908348_LJNFLUMT_SXKPVCFE_0_196,72908348_LJNFLUMT_SXKPVCFE_0,ONLTDHRXPTIR,0
72908348_LJNFLUMT_SXKPVCFE_0_197,72908348_LJNFLUMT_SXKPVCFE_0,HALUZXCPXETW,72908348_LJNFLUMT_SXKPVCFE_0_197,72908348_LJNFLUMT_SXKPVCFE_0,ONLTDHRXPTIR,0
72908348_LJNFLUMT_SXKPVCFE_0_198,72908348_LJNFLUMT_SXKPVCFE_0,HALUZXCPXETW,72908348_LJNFLUMT_SXKPVCFE_0_198,72908348_LJNFLUMT_SXKPVCFE_0,ONLTDHRXPTIR,0
72908348_LJNFLUMT_SXKPVCFE_0_199,72908348_LJNFLUMT_SXKPVCFE_0,HALUZXCPXETW,72908348_LJNFLUMT_SXKPVCFE_0_199,72908348_LJNFLUMT_SXKPVCFE_0,ONLTDHRXPTIR,0
72908348_LJNFLUMT_SXKPVCFE_0_200,72908348_LJNFLUMT_SXKPVCFE_0,HALUZXCPXETW,72908348_LJNFLUMT_SXKPVCFE_0_200,72908348_LJNFLUMT_SXKPVCFE_0,ONLTDHRXPTIR,0
72908348_LJNFLUMT_SXKPVCFE_0_201,72908348_LJNFLUMT_SXKPVCFE_0,HALUZXCPXETW,72908348_LJNFLUMT_SXKPVCFE_0_201,72908348_LJNFLUMT_SXKPVCFE_0,ONLTDHRXPTIR,0
72908348_LJNFLUMT_SXKPVCFE_0_202,72908348_LJNFLUMT_SXKPVCFE_0,HALUZXCPXETW,72908348_LJNFLUMT_SXKPVCFE_0_202,72908348_LJNFLUMT_SXKPVCFE_0,ONLTDHRXPTIR,0
72908348_LJNFLUMT_SXKPVCFE_0_203,72908348_LJNFLUMT_SXKPVCFE_0,HALUZXCPXETW,72908348_LJNFLUMT_SXKPVCFE_0_203,72908348_LJNFLUMT_SXKPVCFE_0,ONLTDHRXPTIR,0
72908348_LJNFLUMT_SXKPVCFE_0_204,72908348_LJNFLUMT_SXKPVCFE_0,HALUZXCPXETW,72908348_LJNFLUMT_SXKPVCFE_0_204,72908348_LJNFLUMT_SXKPVCFE_0,ONLTDHRXPTIR,0
72908348_LJNFLUMT_SXKPVCFE_0_205,72908348_LJNFLUMT_SXKPVCFE_0,HALUZXCPXETW,72908348_LJNFLUMT_SXKPVCFE_0_205,72908348_LJNFLUMT_SXKPVCFE_0,ONLTDHRXPTIR,0
72908348_LJNFLUMT_SXKPVCFE_0_206,72908348_LJNFLUMT_SXKPVCFE_0,HALUZXCPXETW,72908348_LJNFLUMT_SXKPVCFE_0_206,72908348_LJNFLUMT_SXKPVCFE_0,ONLTDHRXPTIR,0
72908348_LJNFLUMT_SXKPVCFE_0_207,72908348_LJNFLUMT_SXKPVCFE_0,HALUZXCPXETW,72908348_LJNFLUMT_SXKPVCFE_0_207,72908348_LJNFLUMT_SXKPVCFE_0,ONLTDHRXPTIR,0
72908348_LJNFLUMT_SXKPVCFE_0_208,72908348_LJNFLUMT_SXKPVCFE_0,HALUZXCPXETW,72908348_LJNFLUMT_SXKPVCFE_0_208,72908348_LJNFLUMT_SXKPVCFE_0,ONLTDHRXPTIR,0
72908348_LJNFLUMT_SXKPVCFE_0_209,72908348_LJNFLUMT_SXKPVCFE_0,HALUZXCPXETW,72908348_LJNFLUMT_SXKPVCFE_0_209,72908348_LJNFLUMT_SXKPVCFE_0,ONLTDHRXPTIR,0
72908348_LJNFLUMT_SXKPVCFE_0_210,72908348_LJNFLUMT_SXKPVCFE_0,HALUZXCPXETW,72908348_LJNFLUMT_SXKPVCFE_0_210,72908348_LJNFLUMT_SXKPVCFE_0,ONLTDHRXPTIR,0
72908348_LJNFLUMT_SXKPVCFE_0_211,72908348_LJNFLUMT_SXKPVCFE_0,HALUZXCPXETW,72908348_LJNFLUMT_SXKPVCFE_0_211,72908348_LJNFLUMT_SXKPVCFE_0,ONLTDHRXPTIR,0
72908348_LJNFLUMT_SXKPVCFE_0_212,72908348_LJNFLUMT_SXKPVCFE_0,HALUZXCPXETW,72908348_LJNFLUMT_SXKPVCFE_0_212,72908348_LJNFLUMT_SXKPVCFE_0,ONLTDHRXPTIR,0
72908348_LJNFLUMT_SXKPVCFE_0_213,72908348_LJNFLUMT_SXKPVCFE_0,HALUZXCPXETW,72908348_LJNFLUMT_SXKPVCFE_0_213,72908348_LJNFLUMT_SXKPVCFE_0,ONLTDHRXPTIR,0
72908348_LJNFLUMT_SXKPVCFE_0_214,72908348_LJNFLUMT_SXKPVCFE_0,HALUZXCPXETW,72908348_LJNFLUMT_SXKPVCFE_0_214,72908348_LJNFLUMT_SXKPVCFE_0,ONLTDHRXPTIR,0
72908348_LJNFLUMT_SXKPVCFE_0_215,72908348_LJNFLUMT_SXKPVCFE_0,HALUZXCPXETW,72908348_LJNFLUMT_SXKPVCFE_0_215,72908348_LJNFLUMT_SXKPVCFE_0,ONLTDHRXPTIR,0
72908348_LJNFLUMT_SXKPVCFE_0_216,72908348_LJNFLUMT_SXKPVCFE_0,HALUZXCPXETW,72908348_LJNFLUMT_SXKPVCFE_0_216,72908348_LJNFLUMT_SXKPVCFE_0,ONLTDHRXPTIR,0
72908348_LJNFLUMT_SXKPVCFE_0_217,72908348_LJNFLUMT_SXKPVCFE_0,HALUZXCPXETW,72908348_LJNFLUMT_SXKPVCFE_0_217,72908348_LJNFLUMT_SXKPVCFE_0,ONLTDHRXPTIR,0
72908348_LJNFLUMT_SXKPVCFE_0_218,72908348_LJNFLUMT_SXKPVCFE_0,HALUZXCPXETW,72908348_LJNFLUMT_SXKPVCFE_0_218,72908348_LJNFLUMT_SXKPVCFE_0,ONLTDHRXPTIR,0
72908348_LJNFLUMT_SXKPVCFE_0_219,72908348_LJNFLUMT_SXKPVCFE_0,HALUZXCPXETW,72908348_LJNFLUMT_SXKPVCFE_0_219,72908348_LJNFLUMT_SXKPVCFE_0,ONLTDHRXPTIR,0
72908348_LJNFLUMT_SXKPVCFE_0_220,72908348_LJNFLUMT_SXKPVCFE_0,HALUZXCPXETW,72908348_LJNFLUMT_SXKPVCFE_0_220,72908348_LJNFLUMT_SXKPVCFE_0,ONLTDHRXPTIR,0
72908348_LJNFLUMT_SXKPVCFE_0_221,72908348_LJNFLUMT_SXKPVCFE_0,HALUZXCPXETW,72908348_LJNFLUMT_SXKPVCFE_0_221,72908348_LJNFLUMT_SXKPVCFE_0,ONLTDHRXPTIR,0
72908348_LJNFLUMT_SXKPVCFE_0_222,72908348_LJNFLUMT_SXKPVCFE_0,HALUZXCPXETW,72908348_LJNFLUMT_SXKPVCFE_0_222,72908348_LJNFLUMT_SXKPVCFE_0,ONLTDHRXPTIR,0
72908348_LJNFLUMT_SXKPVCFE_0_223,72908348_LJNFLUMT_SXKPVCFE_0,HALUZXCPXETW,72908348_LJNFLUMT_SXKPVCFE_0_223,72908348_LJNFLUMT_SXKPVCFE_0,ONLTDHRXPTIR,0
72908348_LJNFLUMT_SXKPVCFE_0_224,72908348_LJNFLUMT_SXKPVCFE_0,HALUZXCPXETW,72908348_LJNFLUMT_SXKPVCFE_0_224,72908348_LJNFLUMT_SXKPVCFE_0,ONLTDHRXPTIR,0
72908348_LJNFLUMT_SXKPVCFE_0_225,72908348_LJNFLUMT_SXKPVCFE_0,HALUZXCPXETW,72908348_LJNFLUMT_SXKPVCFE_0_225,72908348_LJNFLUMT_SXKPVCFE_0,ONLTDHRXPTIR,0
72908348_LJNFLUMT_SXKPVCFE_0_226,72908348_LJNFLUMT_SXKPVCFE_0,HALUZXCPXETW,72908348_LJNFLUMT_SXKPVCFE_0_226,72908348_LJNFLUMT_SXKPVCFE_0,ONLTDHRXPTIR,0
72908348_LJNFLUMT_SXKPVCFE_0_227,72908348_LJNFLUMT_SXKPVCFE_0,HALUZXCPXETW,72908348_LJNFLUMT_SXKPVCFE_0_227,72908348_LJNFLUMT_SXKPVCFE_0,ONLTDHRXPTIR,0
72908348_LJNFLUMT_SXKPVCFE_0_228,72908348_LJNFLUMT_SXKPVCFE_0,HALUZXCPXETW,72908348_LJNFLUMT_SXKPVCFE_0_228,72908348_LJNFLUMT_SXKPVCFE_0,ONLTDHRXPTIR,0
72908348_LJNFLUMT_SXKPVCFE_0_229,72908348_LJNFLUMT_SXKPVCFE_0,HALUZXCPXETW,72908348_LJNFLUMT_SXKPVCFE_0_229,72908348_LJNFLUMT_SXKPVCFE_0,ONLTDHRXPTIR,0
72908348_LJNFLUMT_SXKPVCFE_0_230,72908348_LJNFLUMT_SXKPVCFE_0,HALUZXCPXETW,72908348_LJNFLUMT_SXKPVCFE_0_230,72908348_LJNFLUMT_SXKPVCFE_0,ONLTDHRXPTIR,0
72908348_LJNFLUMT_SXKPVCFE_0_231,72908348_LJNFLUMT_SXKPVCFE_0,HALUZXCPXETW,72908348_LJNFLUMT_SXKPVCFE_0_231,72908348_LJNFLUMT_SXKPVCFE_0,ONLTDHRXPTIR,0
72908348_LJNFLUMT_SXKPVCFE_0_232,72908348_LJNFLUMT_SXKPVCFE_0,HALUZXCPXETW,72908348_LJNFLUMT_SXKPVCFE_0_232,72908348_LJNFLUMT_SXKPVCFE_0,ONLTDHRXPTIR,0
72908348_LJNFLUMT_SXKPVCFE_0_233,72908348_LJNFLUMT_SXKPVCFE_0,HALUZXCPXETW,72908348_LJNFLUMT_SXKPVCFE_0_233,72908348_LJNFLUMT_SXKPVCFE_0,ONLTDHRXPTIR,0
72908348_LJNFLUMT_SXKPVCFE_0_234,72908348_LJNFLUMT_SXKPVCFE_0,HALUZXCPXETW,72908348_LJNFLUMT_SXKPVCFE_0_234,72908348_LJNFLUMT_SXKPVCFE_0,ONLTDHRXPTIR,0
72908348_LJNFLUMT_SXKPVCFE_0_235,72908348_LJNFLUMT_SXKPVCFE_0,HALUZXCPXETW,72908348_LJNFLUMT_SXKPVCFE_0_235,72908348_LJNFLUMT_SXKPVCFE_0,ONLTDHRXPTIR,0
72908348_LJNFLUMT_SXKPVCFE_0_236,72908348_LJNFLUMT_SXKPVCFE_0,HALUZXCPXETW,72908348_LJNFLUMT_SXKPVCFE_0_236,72908348_LJNFLUMT_SXKPVCFE_0,ONLTDHRXPTIR,0
72908348_LJNFLUMT_SXKPVCFE_0_237,72908348_LJNFLUMT_SXKPVCFE_0,HALUZXCPXETW,72908348_LJNFLUMT_SXKPVCFE_0_237,72908348_LJNFLUMT_SXKPVCFE_0,ONLTDHRXPTIR,0
72908348_LJNFLUMT_SXKPVCFE_0_238,72908348_LJNFLUMT_SXKPVCFE_0,HALUZXCPXETW,72908348_LJNFLUMT_SXKPVCFE_0_238,72908348_LJNFLUMT_SXKPVCFE_0,ONLTDHRXPTIR,0
72908348_LJNFLUMT_SXKPVCFE_0_239,72908348_LJNFLUMT_SXKPVCFE_0,HALUZXCPXETW,72908348_LJNFLUMT_SXKPVCFE_0_239,72908348_LJNFLUMT_SXKPVCFE_0,ONLTDHRXPTIR,0
72908348_LJNFLUMT_SXKPVCFE_0_240,72908348_LJNFLUMT_SXKPVCFE_0,HALUZXCPXETW,72908348_LJNFLUMT_SXKPVCFE_0_240,72908348_LJNFLUMT_SXKPVCFE_0,ONLTDHRXPTIR,0
72908348_LJNFLUMT_SXKPVCFE_0_241,72908348_LJNFLUMT_SXKPVCFE_0,HALUZXCPXETW,72908348_LJNFLUMT_SXKPVCFE_0_241,72908348_LJNFLUMT_SXKPVCFE_0,ONLTDHRXPTIR,0
72908348_LJNFLUMT_SXKPVCFE_0_242,72908348_LJNFLUMT_SXKPVCFE_0,HALUZXCPXETW,72908348_LJNFLUMT_SXKPVCFE_0_242,72908348_LJNFLUMT_SXKPVCFE_0,ONLTDHRXPTIR,0
72908348_LJNFLUMT_SXKPVCFE_0_243,72908348_LJNFLUMT_SXKPVCFE_0,HALUZXCPXETW,72908348_LJNFLUMT_SXKPVCFE_0_243,72908348_LJNFLUMT_SXKPVCFE_0,ONLTDHRXPTIR,0
72908348_LJNFLUMT_SXKPVCFE_0_244,72908348_LJNFLUMT_SXKPVCFE_0,HALUZXCPXETW,72908348_LJNFLUMT_SXKPVCFE_0_244,72908348_LJNFLUMT_SXKPVCFE_0,ONLTDHRXPTIR,0
72908348_LJNFLUMT_SXKPVCFE_0_245,72908348_LJNFLUMT_SXKPVCFE_0,HALUZXCPXETW,72908348_LJNFLUMT_SXKPVCFE_0_245,72908348_LJNFLUMT_SXKPVCFE_0,ONLTDHRXPTIR,0
72908348_LJNFLUMT_SXKPVCFE_0_246,72908348_LJNFLUMT_SXKPVCFE_0,HALUZXCPXETW,72908348_LJNFLUMT_SXKPVCFE_0_246,72908348_LJNFLUMT_SXKPVCFE_0,ONLTDHRXPTIR,0
72908348_LJNFLUMT_SXKPVCFE_0_247,72908348_LJNFLUMT_SXKPVCFE_0,HALUZXCPXETW,72908348_LJNFLUMT_SXKPVCFE_0_247,72908348_LJNFLUMT_SXKPVCFE_0,ONLTDHRXPTIR,0
72908348_LJNFLUMT_SXKPVCFE_0_248,72908348_LJNFLUMT_SXKPVCFE_0,HALUZXCPXETW,72908348_LJNFLUMT_SXKPVCFE_0_248,72908348_LJNFLUMT_SXKPVCFE_0,ONLTDHRXPTIR,0
72908348_LJNFLUMT_SXKPVCFE_0_249,72908348_LJNFLUMT_SXKPVCFE_0,HALUZXCPXETW,72908348_LJNFLUMT_SXKPVCFE_0_249,72908348_LJNFLUMT_SXKPVCFE_0,ONLTDHRXPTIR,0
72908348_LJNFLUMT_SXKPVCFE_0_250,72908348_LJNFLUMT_SXKPVCFE_0,HALUZXCPXETW,72908348_LJNFLUMT_SXKPVCFE_0_250,72908348_LJNFLUMT_SXKPVCFE_0,ONLTDHRXPTIR,0
72908348_LJNFLUMT_SXKPVCFE_0_251,72908348_LJNFLUMT_SXKPVCFE_0,HALUZXCPXETW,72908348_LJNFLUMT_SXKPVCFE_0_251,72908348_LJNFLUMT_SXKPVCFE_0,ONLTDHRXPTIR,0
72908348_LJNFLUMT_SXKPVCFE_0_252,72908348_LJNFLUMT_SXKPVCFE_0,HALUZXCPXETW,72908348_LJNFLUMT_SXKPVCFE_0_252,72908348_LJNFLUMT_SXKPVCFE_0,ONLTDHRXPTIR,0
72908348_LJNFLUMT_SXKPVCFE_0_253,72908348_LJNFLUMT_SXKPVCFE_0,HALUZXCPXETW,72908348_LJNFLUMT_SXKPVCFE_0_253,72908348_LJNFLUMT_SXKPVCFE_0,ONLTDHRXPTIR,0
72908348_LJNFLUMT_SXKPVCFE_0_254,72908348_LJNFLUMT_SXKPVCFE_0,HALUZXCPXETW,72908348_LJNFLUMT_SXKPVCFE_0_254,72908348_LJNFLUMT_SXKPVCFE_0,ONLTDHRXPTIR,0
72908348_LJNFLUMT_SXKPVCFE_0_255,72908348_LJNFLUMT_SXKPVCFE_0,HALUZXCPXETW,72908348_LJNFLUMT_SXKPVCFE_0_255,72908348_LJNFLUMT_SXKPVCFE_0,ONLTDHRXPTIR,0
72908348_LJNFLUMT_SXKPVCFE_0_256,72908348_LJNFLUMT_SXKPVCFE_0,HALUZXCPXETW,72908348_LJNFLUMT_SXKPVCFE_0_256,72908348_LJNFLUMT_SXKPVCFE_0,ONLTDHRXPTIR,0
72908348_LJNFLUMT_SXKPVCFE_0_257,72908348_LJNFLUMT_SXKPVCFE_0,HALUZXCPXETW,72908348_LJNFLUMT_SXKPVCFE_0_257,72908348_LJNFLUMT_SXKPVCFE_0,ONLTDHRXPTIR,0
72908348_LJNFLUMT_SXKPVCFE_0_258,72908348_LJNFLUMT_SXKPVCFE_0,HALUZXCPXETW,72908348_LJNFLUMT_SXKPVCFE_0_258,72908348_LJNFLUMT_SXKPVCFE_0,ONLTDHRXPTIR,0
72908348_LJNFLUMT_SXKPVCFE_0_259,72908348_LJNFLUMT_SXKPVCFE_0,HALUZXCPXETW,72908348_LJNFLUMT_SXKPVCFE_0_259,72908348_LJNFLUMT_SXKPVCFE_0,ONLTDHRXPTIR,0
72908348_LJNFLUMT_SXKPVCFE_0_260,72908348_LJNFLUMT_SXKPVCFE_0,HALUZXCPXETW,72908348_LJNFLUMT_SXKPVCFE_0_260,72908348_LJNFLUMT_SXKPVCFE_0,ONLTDHRXPTIR,0
72908348_LJNFLUMT_SXKPVCFE_0_261,72908348_LJNFLUMT_SXKPVCFE_0,HALUZXCPXETW,72908348_LJNFLUMT_SXKPVCFE_0_261,72908348_LJNFLUMT_SXKPVCFE_0,ONLTDHRXPTIR,0
72908348_LJNFLUMT_SXKPVCFE_0_262,72908348_LJNFLUMT_SXKPVCFE_0,HALUZXCPXETW,72908348_LJNFLUMT_SXKPVCFE_0_262,72908348_LJNFLUMT_SXKPVCFE_0,ONLTDHRXPTIR,0
72908348_LJNFLUMT_SXKPVCFE_0_263,72908348_LJNFLUMT_SXKPVCFE_0,HALUZXCPXETW,72908348_LJNFLUMT_SXKPVCFE_0_263,72908348_LJNFLUMT_SXKPVCFE_0,ONLTDHRXPTIR,0
72908348_LJNFLUMT_SXKPVCFE_0_264,72908348_LJNFLUMT_SXKPVCFE_0,HALUZXCPXETW,72908348_LJNFLUMT_SXKPVCFE_0_264,72908348_LJNFLUMT_SXKPVCFE_0,ONLTDHRXPTIR,0
72908348_LJNFLUMT_SXKPVCFE_0_265,72908348_LJNFLUMT_SXKPVCFE_0,HALUZXCPXETW,72908348_LJNFLUMT_SXKPVCFE_0_265,72908348_LJNFLUMT_SXKPVCFE_0,ONLTDHRXPTIR,0
72908348_LJNFLUMT_SXKPVCFE_0_266,72908348_LJNFLUMT_SXKPVCFE_0,HALUZXCPXETW,72908348_LJNFLUMT_SXKPVCFE_0_266,72908348_LJNFLUMT_SXKPVCFE_0,ONLTDHRXPTIR,0
72908348_LJNFLUMT_SXKPVCFE_0_267,72908348_LJNFLUMT_SXKPVCFE_0,HALUZXCPXETW,72908348_LJNFLUMT_SXKPVCFE_0_267,72908348_LJNFLUMT_SXKPVCFE_0,ONLTDHRXPTIR,0
72908348_LJNFLUMT_SXKPVCFE_0_268,72908348_LJNFLUMT_SXKPVCFE_0,HALUZXCPXETW,72908348_LJNFLUMT_SXKPVCFE_0_268,72908348_LJNFLUMT_SXKPVCFE_0,ONLTDHRXPTIR,0
72908348_LJNFLUMT_SXKPVCFE_0_269,72908348_LJNFLUMT_SXKPVCFE_0,HALUZXCPXETW,72908348_LJNFLUMT_SXKPVCFE_0_269,72908348_LJNFLUMT_SXKPVCFE_0,ONLTDHRXPTIR,0
72908348_LJNFLUMT_SXKPVCFE_0_270,72908348_LJNFLUMT_SXKPVCFE_0,HALUZXCPXETW,72908348_LJNFLUMT_SXKPVCFE_0_270,72908348_LJNFLUMT_SXKPVCFE_0,ONLTDHRXPTIR,0
72908348_LJNFLUMT_SXKPVCFE_0_271,72908348_LJNFLUMT_SXKPVCFE_0,HALUZXCPXETW,72908348_LJNFLUMT_SXKPVCFE_0_271,72908348_LJNFLUMT_SXKPVCFE_0,ONLTDHRXPTIR,0
72908348_LJNFLUMT_SXKPVCFE_0_272,72908348_LJNFLUMT_SXKPVCFE_0,HALUZXCPXETW,72908348_LJNFLUMT_SXKPVCFE_0_272,72908348_LJNFLUMT_SXKPVCFE_0,ONLTDHRXPTIR,0
72908348_LJNFLUMT_SXKPVCFE_0_273,72908348_LJNFLUMT_SXKPVCFE_0,HALUZXCPXETW,72908348_LJNFLUMT_SXKPVCFE_0_273,72908348_LJNFLUMT_SXKPVCFE_0,ONLTDHRXPTIR,0
72908348_LJNFLUMT_SXKPVCFE_0_274,72908348_LJNFLUMT_SXKPVCFE_0,HALUZXCPXETW,72908348_LJNFLUMT_SXKPVCFE_0_274,72908348_LJNFLUMT_SXKPVCFE_0,ONLTDHRXPTIR,0
72908348_LJNFLUMT_SXKPVCFE_0_275,72908348_LJNFLUMT_SXKPVCFE_0,HALUZXCPXETW,72908348_LJNFLUMT_SXKPVCFE_0_275,72908348_LJNFLUMT_SXKPVCFE_0,ONLTDHRXPTIR,0
72908348_LJNFLUMT_SXKPVCFE_0_276,72908348_LJNFLUMT_SXKPVCFE_0,HALUZXCPXETW,72908348_LJNFLUMT_SXKPVCFE_0_276,72908348_LJNFLUMT_SXKPVCFE_0,ONLTDHRXPTIR,0
72908348_LJNFLUMT_SXKPVCFE_0_277,72908348_LJNFLUMT_SXKPVCFE_0,HALUZXCPXETW,72908348_LJNFLUMT_SXKPVCFE_0_277,72908348_LJNFLUMT_SXKPVCFE_0,ONLTDHRXPTIR,0
72908348_LJNFLUMT_SXKPVCFE_0_278,72908348_LJNFLUMT_SXKPVCFE_0,HALUZXCPXETW,72908348_LJNFLUMT_SXKPVCFE_0_278,72908348_LJNFLUMT_SXKPVCFE_0,ONLTDHRXPTIR,0
14866993_BUTRLQEX_KUHPVHRW_0_0,14866993_BUTRLQEX_KUHPVHRW_0,JXBWMMYOUCIK,14866993_BUTRLQEX_KUHPVHRW_0_0,14866993_BUTRLQEX_KUHPVHRW_0,DRSLLHUYAKQV,0
14866993_BUTRLQEX_KUHPVHRW_0_1,14866993_BUTRLQEX_KUHPVHRW_0,JXBWMMYOUCIK,14866993_BUTRLQEX_KUHPVHRW_0_1,14866993_BUTRLQEX_KUHPVHRW_0,DRSLLHUYAKQV,0
14866993_BUTRLQEX_KUHPVHRW_0_2,14866993_BUTRLQEX_KUHPVHRW_0,JXBWMMYOUCIK,14866993_BUTRLQEX_KUHPVHRW_0_2,14866993_BUTRLQEX_KUHPVHRW_0,DRSLLHUYAKQV,0
14866993_BUTRLQEX_KUHPVHRW_0_3,14866993_BUTRLQEX_KUHPVHRW_0,JXBWMMYOUCIK,14866993_BUTRLQEX_KUHPVHRW_0_3,14866993_BUTRLQEX_KUHPVHRW_0,DRSLLHUYAKQV,0
14866993_BUTRLQEX_KUHPVHRW_0_4,14866993_BUTRLQEX_KUHPVHRW_0,JXBWMMYOUCIK,14866993_BUTRLQEX_KUHPVHRW_0_4,14866993_BUTRLQEX_KUHPVHRW_0,DRSLLHUYAKQV,0
14866993_BUTRLQEX_KUHPVHRW_0_5,14866993_BUTRLQEX_KUHPVHRW_0,JXBWMMYOUCIK,14866993_BUTRLQEX_KUHPVHRW_0_5,14866993_BUTRLQEX_KUHPVHRW_0,DRSLLHUYAKQV,0
14866993_BUTRLQEX_KUHPVHRW_0_6,14866993_BUTRLQEX_KUHPVHRW_0,JXBWMMYOUCIK,14866993_BUTRLQEX_KUHPVHRW_0_6,14866993_BUTRLQEX_KUHPVHRW_0,DRSLLHUYAKQV,0
14866993_BUTRLQEX_KUHPVHRW_0_7,14866993_BUTRLQEX_KUHPVHRW_0,JXBWMMYOUCIK,14866993_BUTRLQEX_KUHPVHRW_0_7,14866993_BUTRLQEX_KUHPVHRW_0,DRSLLHUYAKQV,0
14866993_BUTRLQEX_KUHPVHRW_0_8,14866993_BUTRLQEX_KUHPVHRW_0,JXBWMMYOUCIK,14866993_BUTRLQEX_KUHPVHRW_0_8,14866993_BUTRLQEX_KUHPVHRW_0,DRSLLHUYAKQV,0
14866993_BUTRLQEX_KUHPVHRW_0_9,14866993_BUTRLQEX_KUHPVHRW_0,JXBWMMYOUCIK,14866993_BUTRLQEX_KUHPVHRW_0_9,14866993_BUTRLQEX_KUHPVHRW_0,DRSLLHUYAKQV,0
14866993_BUTRLQEX_KUHPVHRW_0_10,14866993_BUTRLQEX_KUHPVHRW_0,JXBWMMYOUCIK,14866993_BUTRLQEX_KUHPVHRW_0_10,14866993_BUTRLQEX_KUHPVHRW_0,DRSLLHUYAKQV,0
14866993_BUTRLQEX_KUHPVHRW_0_11,14866993_BUTRLQEX_KUHPVHRW_0,JXBWMMYOUCIK,14866993_BUTRLQEX_KUHPVHRW_0_11,14866993_BUTRLQEX_KUHPVHRW_0,DRSLLHUYAKQV,0
14866993_BUTRLQEX_KUHPVHRW_0_12,14866993_BUTRLQEX_KUHPVHRW_0,JXBWMMYOUCIK,14866993_BUTRLQEX_KUHPVHRW_0_12,14866993_BUTRLQEX_KUHPVHRW_0,DRSLLHUYAKQV,0
14866993_BUTRLQEX_KUHPVHRW_0_13,14866993_BUTRLQEX_KUHPVHRW_0,JXBWMMYOUCIK,14866993_BUTRLQEX_KUHPVHRW_0_13,14866993_BUTRLQEX_KUHPVHRW_0,DRSLLHUYAKQV,0
14866993_BUTRLQEX_KUHPVHRW_0_14,14866993_BUTRLQEX_KUHPVHRW_0,JXBWMMYOUCIK,14866993_BUTRLQEX_KUHPVHRW_0_14,14866993_BUTRLQEX_KUHPVHRW_0,DRSLLHUYAKQV,0
14866993_BUTRLQEX_KUHPVHRW_0_15,14866993_BUTRLQEX_KUHPVHRW_0,JXBWMMYOUCIK,14866993_BUTRLQEX_KUHPVHRW_0_15,14866993_BUTRLQEX_KUHPVHRW_0,DRSLLHUYAKQV,0
14866993_BUTRLQEX_KUHPVHRW_0_16,14866993_BUTRLQEX_KUHPVHRW_0,JXBWMMYOUCIK,14866993_BUTRLQEX_KUHPVHRW_0_16,14866993_BUTRLQEX_KUHPVHRW_0,DRSLLHUYAKQV,0
14866993_BUTRLQEX_KUHPVHRW_0_17,14866993_BUTRLQEX_KUHPVHRW_0,JXBWMMYOUCIK,14866993_BUTRLQEX_KUHPVHRW_0_17,14866993_BUTRLQEX_KUHPVHRW_0,DRSLLHUYAKQV,0
14866993_BUTRLQEX_KUHPVHRW_0_18,14866993_BUTRLQEX_KUHPVHRW_0,JXBWMMYOUCIK,14866993_BUTRLQEX_KUHPVHRW_0_18,14866993_BUTRLQEX_KUHPVHRW_0,DRSLLHUYAKQV,0
14866993_BUTRLQEX_KUHPVHRW_0_19,14866993_BUTRLQEX_KUHPVHRW_0,JXBWMMYOUCIK,14866993_BUTRLQEX_KUHPVHRW_0_19,14866993_BUTRLQEX_KUHPVHRW_0,DRSLLHUYAKQV,0
14866993_BUTRLQEX_KUHPVHRW_0_20,14866993_BUTRLQEX_KUHPVHRW_0,JXBWMMYOUCIK,14866993_BUTRLQEX_KUHPVHRW_0_20,14866993_BUTRLQEX_KUHPVHRW_0,DRSLLHUYAKQV,0
14866993_BUTRLQEX_KUHPVHRW_0_21,14866993_BUTRLQEX_KUHPVHRW_0,JXBWMMYOUCIK,14866993_BUTRLQEX_KUHPVHRW_0_21,14866993_BUTRLQEX_KUHPVHRW_0,DRSLLHUYAKQV,0
14866993_BUTRLQEX_KUHPVHRW_0_22,14866993_BUTRLQEX_KUHPVHRW_0,JXBWMMYOUCIK,14866993_BUTRLQEX_KUHPVHRW_0_22,14866993_BUTRLQEX_KUHPVHRW_0,DRSLLHUYAKQV,0
14866993_BUTRLQEX_KUHPVHRW_0_23,14866993_BUTRLQEX_KUHPVHRW_0,JXBWMMYOUCIK,14866993_BUTRLQEX_KUHPVHRW_0_23,14866993_BUTRLQEX_KUHPVHRW_0,DRSLLHUYAKQV,0
14866993_BUTRLQEX_KUHPVHRW_0_24,14866993_BUTRLQEX_KUHPVHRW_0,JXBWMMYOUCIK,14866993_BUTRLQEX_KUHPVHRW_0_24,14866993_BUTRLQEX_KUHPVHRW_0,DRSLLHUYAKQV,0
14866993_BUTRLQEX_KUHPVHRW_0_25,14866993_BUTRLQEX_KUHPVHRW_0,JXBWMMYOUCIK,14866993_BUTRLQEX_KUHPVHRW_0_25,14866993_BUTRLQEX_KUHPVHRW_0,DRSLLHUYAKQV,0
14866993_BUTRLQEX_KUHPVHRW_0_26,14866993_BUTRLQEX_KUHPVHRW_0,JXBWMMYOUCIK,14866993_BUTRLQEX_KUHPVHRW_0_26,14866993_BUTRLQEX_KUHPVHRW_0,DRSLLHUYAKQV,0
14866993_BUTRLQEX_KUHPVHRW_0_27,14866993_BUTRLQEX_KUHPVHRW_0,JXBWMMYOUCIK,14866993_BUTRLQEX_KUHPVHRW_0_27,14866993_BUTRLQEX_KUHPVHRW_0,DRSLLHUYAKQV,0
14866993_BUTRLQEX_KUHPVHRW_0_28,14866993_BUTRLQEX_KUHPVHRW_0,JXBWMMYOUCIK,14866993_BUTRLQEX_KUHPVHRW_0_28,14866993_BUTRLQEX_KUHPVHRW_0,DRSLLHUYAKQV,0
14866993_BUTRLQEX_KUHPVHRW_0_29,14866993_BUTRLQEX_KUHPVHRW_0,JXBWMMYOUCIK,14866993_BUTRLQEX_KUHPVHRW_0_29,14866993_BUTRLQEX_KUHPVHRW_0,DRSLLHUYAKQV,0
14866993_BUTRLQEX_KUHPVHRW_0_30,14866993_BUTRLQEX_KUHPVHRW_0,JXBWMMYOUCIK,14866993_BUTRLQEX_KUHPVHRW_0_30,14866993_BUTRLQEX_KUHPVHRW_0,DRSLLHUYAKQV,0
14866993_BUTRLQEX_KUHPVHRW_0_31,14866993_BUTRLQEX_KUHPVHRW_0,JXBWMMYOUCIK,14866993_BUTRLQEX_KUHPVHRW_0_31,14866993_BUTRLQEX_KUHPVHRW_0,DRSLLHUYAKQV,0
14866993_BUTRLQEX_KUHPVHRW_0_32,14866993_BUTRLQEX_KUHPVHRW_0,JXBWMMYOUCIK,14866993_BUTRLQEX_KUHPVHRW_0_32,14866993_BUTRLQEX_KUHPVHRW_0,DRSLLHUYAKQV,0
14866993_BUTRLQEX_KUHPVHRW_0_33,14866993_BUTRLQEX_KUHPVHRW_0,JXBWMMYOUCIK,14866993_BUTRLQEX_KUHPVHRW_0_33,14866993_BUTRLQEX_KUHPVHRW_0,DRSLLHUYAKQV,0
14866993_BUTRLQEX_KUHPVHRW_0_34,14866993_BUTRLQEX_KUHPVHRW_0,JXBWMMYOUCIK,14866993_BUTRLQEX_KUHPVHRW_0_34,14866993_BUTRLQEX_KUHPVHRW_0,DRSLLHUYAKQV,0
14866993_BUTRLQEX_KUHPVHRW_0_35,14866993_BUTRLQEX_KUHPVHRW_0,JXBWMMYOUCIK,14866993_BUTRLQEX_KUHPVHRW_0_35,14866993_BUTRLQEX_KUHPVHRW_0,DRSLLHUYAKQV,0
14866993_BUTRLQEX_KUHPVHRW_0_36,14866993_BUTRLQEX_KUHPVHRW_0,JXBWMMYOUCIK,14866993_BUTRLQEX_KUHPVHRW_0_36,14866993_BUTRLQEX_KUHPVHRW_0,DRSLLHUYAKQV,0
14866993_BUTRLQEX_KUHPVHRW_0_37,14866993_BUTRLQEX_KUHPVHRW_0,JXBWMMYOUCIK,14866993_BUTRLQEX_KUHPVHRW_0_37,14866993_BUTRLQEX_KUHPVHRW_0,DRSLLHUYAKQV,0
14866993_BUTRLQEX_KUHPVHRW_0_38,14866993_BUTRLQEX_KUHPVHRW_0,JXBWMMYOUCIK,14866993_BUTRLQEX_KUHPVHRW_0_38,14866993_BUTRLQEX_KUHPVHRW_0,DRSLLHUYAKQV,0
14866993_BUTRLQEX_KUHPVHRW_0_39,14866993_BUTRLQEX_KUHPVHRW_0,JXBWMMYOUCIK,14866993_BUTRLQEX_KUHPVHRW_0_39,14866993_BUTRLQEX_KUHPVHRW_0,DRSLLHUYAKQV,0
14866993_BUTRLQEX_KUHPVHRW_0_40,14866993_BUTRLQEX_KUHPVHRW_0,JXBWMMYOUCIK,14866993_BUTRLQEX_KUHPVHRW_0_40,14866993_BUTRLQEX_KUHPVHRW_0,DRSLLHUYAKQV,0
14866993_BUTRLQEX_KUHPVHRW_0_41,14866993_BUTRLQEX_KUHPVHRW_0,JXBWMMYOUCIK,14866993_BUTRLQEX_KUHPVHRW_0_41,14866993_BUTRLQEX_KUHPVHRW_0,DRSLLHUYAKQV,0
14866993_BUTRLQEX_KUHPVHRW_0_42,14866993_BUTRLQEX_KUHPVHRW_0,JXBWMMYOUCIK,14866993_BUTRLQEX_KUHPVHRW_0_42,14866993_BUTRLQEX_KUHPVHRW_0,DRSLLHUYAKQV,0
14866993_BUTRLQEX_KUHPVHRW_0_43,14866993_BUTRLQEX_KUHPVHRW_0,JXBWMMYOUCIK,14866993_BUTRLQEX_KUHPVHRW_0_43,14866993_BUTRLQEX_KUHPVHRW_0,DRSLLHUYAKQV,0
14866993_BUTRLQEX_KUHPVHRW_0_44,14866993_BUTRLQEX_KUHPVHRW_0,JXBWMMYOUCIK,14866993_BUTRLQEX_KUHPVHRW_0_44,14866993_BUTRLQEX_KUHPVHRW_0,DRSLLHUYAKQV,0
14866993_BUTRLQEX_KUHPVHRW_0_45,14866993_BUTRLQEX_KUHPVHRW_0,JXBWMMYOUCIK,14866993_BUTRLQEX_KUHPVHRW_0_45,14866993_BUTRLQEX_KUHPVHRW_0,DRSLLHUYAKQV,0
14866993_BUTRLQEX_KUHPVHRW_0_46,14866993_BUTRLQEX_KUHPVHRW_0,JXBWMMYOUCIK,14866993_BUTRLQEX_KUHPVHRW_0_46,14866993_BUTRLQEX_KUHPVHRW_0,DRSLLHUYAKQV,0
14866993_BUTRLQEX_KUHPVHRW_0_47,14866993_BUTRLQEX_KUHPVHRW_0,JXBWMMYOUCIK,14866993_BUTRLQEX_KUHPVHRW_0_47,14866993_BUTRLQEX_KUHPVHRW_0,DRSLLHUYAKQV,0
14866993_BUTRLQEX_KUHPVHRW_0_48,14866993_BUTRLQEX_KUHPVHRW_0,JXBWMMYOUCIK,14866993_BUTRLQEX_KUHPVHRW_0_48,14866993_BUTRLQEX_KUHPVHRW_0,DRSLLHUYAKQV,0
14866993_BUTRLQEX_KUHPVHRW_0_49,14866993_BUTRLQEX_KUHPVHRW_0,JXBWMMYOUCIK,14866993_BUTRLQEX_KUHPVHRW_0_49,14866993_BUTRLQEX_KUHPVHRW_0,DRSLLHUYAKQV,0
14866993_BUTRLQEX_KUHPVHRW_0_50,14866993_BUTRLQEX_KUHPVHRW_0,JXBWMMYOUCIK,14866993_BUTRLQEX_KUHPVHRW_0_50,14866993_BUTRLQEX_KUHPVHRW_0,DRSLLHUYAKQV,0
14866993_BUTRLQEX_KUHPVHRW_0_51,14866993_BUTRLQEX_KUHPVHRW_0,JXBWMMYOUCIK,14866993_BUTRLQEX_KUHPVHRW_0_51,14866993_BUTRLQEX_KUHPVHRW_0,DRSLLHUYAKQV,0
14866993_BUTRLQEX_KUHPVHRW_0_52,14866993_BUTRLQEX_KUHPVHRW_0,JXBWMMYOUCIK,14866993_BUTRLQEX_KUHPVHRW_0_52,14866993_BUTRLQEX_KUHPVHRW_0,DRSLLHUYAKQV,0
14866993_BUTRLQEX_KUHPVHRW_0_53,14866993_BUTRLQEX_KUHPVHRW_0,JXBWMMYOUCIK,14866993_BUTRLQEX_KUHPVHRW_0_53,14866993_BUTRLQEX_KUHPVHRW_0,DRSLLHUYAKQV,0
14866993_BUTRLQEX_KUHPVHRW_0_54,14866993_BUTRLQEX_KUHPVHRW_0,JXBWMMYOUCIK,14866993_BUTRLQEX_KUHPVHRW_0_54,14866993_BUTRLQEX_KUHPVHRW_0,DRSLLHUYAKQV,0
14866993_BUTRLQEX_KUHPVHRW_0_55,14866993_BUTRLQEX_KUHPVHRW_0,JXBWMMYOUCIK,14866993_BUTRLQEX_KUHPVHRW_0_55,14866993_BUTRLQEX_KUHPVHRW_0,DRSLLHUYAKQV,0
14866993_BUTRLQEX_KUHPVHRW_0_56,14866993_BUTRLQEX_KUHPVHRW_0,JXBWMMYOUCIK,14866993_BUTRLQEX_KUHPVHRW_0_56,14866993_BUTRLQEX_KUHPVHRW_0,DRSLLHUYAKQV,0
14866993_BUTRLQEX_KUHPVHRW_0_57,14866993_BUTRLQEX_KUHPVHRW_0,JXBWMMYOUCIK,14866993_BUTRLQEX_KUHPVHRW_0_57,14866993_BUTRLQEX_KUHPVHRW_0,DRSLLHUYAKQV,0
14866993_BUTRLQEX_KUHPVHRW_0_58,14866993_BUTRLQEX_KUHPVHRW_0,JXBWMMYOUCIK,14866993_BUTRLQEX_KUHPVHRW_0_58,14866993_BUTRLQEX_KUHPVHRW_0,DRSLLHUYAKQV,0
14866993_BUTRLQEX_KUHPVHRW_0_59,14866993_BUTRLQEX_KUHPVHRW_0,JXBWMMYOUCIK,14866993_BUTRLQEX_KUHPVHRW_0_59,14866993_BUTRLQEX_KUHPVHRW_0,DRSLLHUYAKQV,0
14866993_BUTRLQEX_KUHPVHRW_0_60,14866993_BUTRLQEX_KUHPVHRW_0,JXBWMMYOUCIK,14866993_BUTRLQEX_KUHPVHRW_0_60,14866993_BUTRLQEX_KUHPVHRW_0,DRSLLHUYAKQV,1
14866993_BUTRLQEX_KUHPVHRW_0_61,14866993_BUTRLQEX_KUHPVHRW_0,JXBWMMYOUCIK,14866993_BUTRLQEX_KUHPVHRW_0_61,14866993_BUTRLQEX_KUHPVHRW_0,DRSLLHUYAKQV,1
14866993_BUTRLQEX_KUHPVHRW_0_62,14866993_BUTRLQEX_KUHPVHRW_0,JXBWMMYOUCIK,14866993_BUTRLQEX_KUHPVHRW_0_62,14866993_BUTRLQEX_KUHPVHRW_0,DRSLLHUYAKQV,1
14866993_BUTRLQEX_KUHPVHRW_0_63,14866993_BUTRLQEX_KUHPVHRW_0,JXBWMMYOUCIK,14866993_BUTRLQEX_KUHPVHRW_0_63,14866993_BUTRLQEX_KUHPVHRW_0,DRSLLHUYAKQV,1
14866993_BUTRLQEX_KUHPVHRW_0_64,14866993_BUTRLQEX_KUHPVHRW_0,JXBWMMYOUCIK,14866993_BUTRLQEX_KUHPVHRW_0_64,14866993_BUTRLQEX_KUHPVHRW_0,DRSLLHUYAKQV,0
14866993_BUTRLQEX_KUHPVHRW_0_65,14866993_BUTRLQEX_KUHPVHRW_0,JXBWMMYOUCIK,14866993_BUTRLQEX_KUHPVHRW_0_65,14866993_BUTRLQEX_KUHPVHRW_0,DRSLLHUYAKQV,0
14866993_BUTRLQEX_KUHPVHRW_0_66,14866993_BUTRLQEX_KUHPVHRW_0,JXBWMMYOUCIK,14866993_BUTRLQEX_KUHPVHRW_0_66,14866993_BUTRLQEX_KUHPVHRW_0,DRSLLHUYAKQV,0
14866993_BUTRLQEX_KUHPVHRW_0_67,14866993_BUTRLQEX_KUHPVHRW_0,JXBWMMYOUCIK,14866993_BUTRLQEX_KUHPVHRW_0_67,14866993_BUTRLQEX_KUHPVHRW_0,DRSLLHUYAKQV,0
14866993_BUTRLQEX_KUHPVHRW_0_68,14866993_BUTRLQEX_KUHPVHRW_0,JXBWMMYOUCIK,14866993_BUTRLQEX_KUHPVHRW_0_68,14866993_BUTRLQEX_KUHPVHRW_0,DRSLLHUYAKQV,0
14866993_BUTRLQEX_KUHPVHRW_0_69,14866993_BUTRLQEX_KUHPVHRW_0,JXBWMMYOUCIK,14866993_BUTRLQEX_KUHPVHRW_0_69,14866993_BUTRLQEX_KUHPVHRW_0,DRSLLHUYAKQV,0
14866993_BUTRLQEX_KUHPVHRW_0_70,14866993_BUTRLQEX_KUHPVHRW_0,JXBWMMYOUCIK,14866993_BUTRLQEX_KUHPVHRW_0_70,14866993_BUTRLQEX_KUHPVHRW_0,DRSLLHUYAKQV,0
14866993_BUTRLQEX_KUHPVHRW_0_71,14866993_BUTRLQEX_KUHPVHRW_0,JXBWMMYOUCIK,14866993_BUTRLQEX_KUHPVHRW_0_71,14866993_BUTRLQEX_KUHPVHRW_0,DRSLLHUYAKQV,0
14866993_BUTRLQEX_KUHPVHRW_0_72,14866993_BUTRLQEX_KUHPVHRW_0,JXBWMMYOUCIK,14866993_BUTRLQEX_KUHPVHRW_0_72,14866993_BUTRLQEX_KUHPVHRW_0,DRSLLHUYAKQV,0
14866993_BUTRLQEX_KUHPVHRW_0_73,14866993_BUTRLQEX_KUHPVHRW_0,JXBWMMYOUCIK,14866993_BUTRLQEX_KUHPVHRW_0_73,14866993_BUTRLQEX_KUHPVHRW_0,DRSLLHUYAKQV,0
14866993_BUTRLQEX_KUHPVHRW_0_74,14866993_BUTRLQEX_KUHPVHRW_0,JXBWMMYOUCIK,14866993_BUTRLQEX_KUHPVHRW_0_74,14866993_BUTRLQEX_KUHPVHRW_0,DRSLLHUYAKQV,0
14866993_BUTRLQEX_KUHPVHRW_0_75,14866993_BUTRLQEX_KUHPVHRW_0,JXBWMMYOUCIK,14866993_BUTRLQEX_KUHPVHRW_0_75,14866993_BUTRLQEX_KUHPVHRW_0,DRSLLHUYAKQV,0
14866993_BUTRLQEX_KUHPVHRW_0_76,14866993_BUTRLQEX_KUHPVHRW_0,JXBWMMYOUCIK,14866993_BUTRLQEX_KUHPVHRW_0_76,14866993_BUTRLQEX_KUHPVHRW_0,DRSLLHUYAKQV,0
14866993_BUTRLQEX_KUHPVHRW_0_77,14866993_BUTRLQEX_KUHPVHRW_0,JXBWMMYOUCIK,14866993_BUTRLQEX_KUHPVHRW_0_77,14866993_BUTRLQEX_KUHPVHRW_0,DRSLLHUYAKQV,0
14866993_BUTRLQEX_KUHPVHRW_0_78,14866993_BUTRLQEX_KUHPVHRW_0,JXBWMMYOUCIK,14866993_BUTRLQEX_KUHPVHRW_0_78,14866993_BUTRLQEX_KUHPVHRW_0,DRSLLHUYAKQV,0
14866993_BUTRLQEX_KUHPVHRW_0_79,14866993_BUTRLQEX_KUHPVHRW_0,JXBWMMYOUCIK,14866993_BUTRLQEX_KUHPVHRW_0_79,14866993_BUTRLQEX_KUHPVHRW_0,DRSLLHUYAKQV,0
14866993_BUTRLQEX_KUHPVHRW_0_80,14866993_BUTRLQEX_KUHPVHRW_0,JXBWMMYOUCIK,14866993_BUTRLQEX_KUHPVHRW_0_80,14866993_BUTRLQEX_KUHPVHRW_0,DRSLLHUYAKQV,0
14866993_BUTRLQEX_KUHPVHRW_0_81,14866993_BUTRLQEX_KUHPVHRW_0,JXBWMMYOUCIK,14866993_BUTRLQEX_KUHPVHRW_0_81,14866993_BUTRLQEX_KUHPVHRW_0,DRSLLHUYAKQV,0
14866993_BUTRLQEX_KUHPVHRW_0_82,14866993_BUTRLQEX_KUHPVHRW_0,JXBWMMYOUCIK,14866993_BUTRLQEX_KUHPVHRW_0_82,14866993_BUTRLQEX_KUHPVHRW_0,DRSLLHUYAKQV,0
14866993_BUTRLQEX_KUHPVHRW_0_83,14866993_BUTRLQEX_KUHPVHRW_0,JXBWMMYOUCIK,14866993_BUTRLQEX_KUHPVHRW_0_83,14866993_BUTRLQEX_KUHPVHRW_0,DRSLLHUYAKQV,0
14866993_BUTRLQEX_KUHPVHRW_0_84,14866993_BUTRLQEX_KUHPVHRW_0,JXBWMMYOUCIK,14866993_BUTRLQEX_KUHPVHRW_0_84,14866993_BUTRLQEX_KUHPVHRW_0,DRSLLHUYAKQV,0
14866993_BUTRLQEX_KUHPVHRW_0_85,14866993_BUTRLQEX_KUHPVHRW_0,JXBWMMYOUCIK,14866993_BUTRLQEX_KUHPVHRW_0_85,14866993_BUTRLQEX_KUHPVHRW_0,DRSLLHUYAKQV,0
14866993_BUTRLQEX_KUHPVHRW_0_86,14866993_BUTRLQEX_KUHPVHRW_0,JXBWMMYOUCIK,14866993_BUTRLQEX_KUHPVHRW_0_86,14866993_BUTRLQEX_KUHPVHRW_0,DRSLLHUYAKQV,0
14866993_BUTRLQEX_KUHPVHRW_0_87,14866993_BUTRLQEX_KUHPVHRW_0,JXBWMMYOUCIK,14866993_BUTRLQEX_KUHPVHRW_0_87,14866993_BUTRLQEX_KUHPVHRW_0,DRSLLHUYAKQV,0
14866993_BUTRLQEX_KUHPVHRW_0_88,14866993_BUTRLQEX_KUHPVHRW_0,JXBWMMYOUCIK,14866993_BUTRLQEX_KUHPVHRW_0_88,14866993_BUTRLQEX_KUHPVHRW_0,DRSLLHUYAKQV,0
14866993_BUTRLQEX_KUHPVHRW_0_89,14866993_BUTRLQEX_KUHPVHRW_0,JXBWMMYOUCIK,14866993_BUTRLQEX_KUHPVHRW_0_89,14866993_BUTRLQEX_KUHPVHRW_0,DRSLLHUYAKQV,0
14866993_BUTRLQEX_KUHPVHRW_0_90,14866993_BUTRLQEX_KUHPVHRW_0,JXBWMMYOUCIK,14866993_BUTRLQEX_KUHPVHRW_0_90,14866993_BUTRLQEX_KUHPVHRW_0,DRSLLHUYAKQV,0
14866993_BUTRLQEX_KUHPVHRW_0_91,14866993_BUTRLQEX_KUHPVHRW_0,JXBWMMYOUCIK,14866993_BUTRLQEX_KUHPVHRW_0_91,14866993_BUTRLQEX_KUHPVHRW_0,DRSLLHUYAKQV,0
14866993_BUTRLQEX_KUHPVHRW_0_92,14866993_BUTRLQEX_KUHPVHRW_0,JXBWMMYOUCIK,14866993_BUTRLQEX_KUHPVHRW_0_92,14866993_BUTRLQEX_KUHPVHRW_0,DRSLLHUYAKQV,0
14866993_ERHJXOIL_MYHFUROV_0_0,14866993_ERHJXOIL_MYHFUROV_0,JXBWMMYOUCIK,14866993_ERHJXOIL_MYHFUROV_0_0,14866993_ERHJXOIL_MYHFUROV_0,DRSLLHUYAKQV,0
14866993_ERHJXOIL_MYHFUROV_0_1,14866993_ERHJXOIL_MYHFUROV_0,JXBWMMYOUCIK,14866993_ERHJXOIL_MYHFUROV_0_1,14866993_ERHJXOIL_MYHFUROV_0,DRSLLHUYAKQV,0
14866993_ERHJXOIL_MYHFUROV_0_2,14866993_ERHJXOIL_MYHFUROV_0,JXBWMMYOUCIK,14866993_ERHJXOIL_MYHFUROV_0_2,14866993_ERHJXOIL_MYHFUROV_0,DRSLLHUYAKQV,0
14866993_ERHJXOIL_MYHFUROV_0_3,14866993_ERHJXOIL_MYHFUROV_0,JXBWMMYOUCIK,14866993_ERHJXOIL_MYHFUROV_0_3,14866993_ERHJXOIL_MYHFUROV_0,DRSLLHUYAKQV,0
14866993_ERHJXOIL_MYHFUROV_0_4,14866993_ERHJXOIL_MYHFUROV_0,JXBWMMYOUCIK,14866993_ERHJXOIL_MYHFUROV_0_4,14866993_ERHJXOIL_MYHFUROV_0,DRSLLHUYAKQV,0
14866993_ERHJXOIL_MYHFUROV_0_5,14866993_ERHJXOIL_MYHFUROV_0,JXBWMMYOUCIK,14866993_ERHJXOIL_MYHFUROV_0_5,14866993_ERHJXOIL_MYHFUROV_0,DRSLLHUYAKQV,0
14866993_ERHJXOIL_MYHFUROV_0_6,14866993_ERHJXOIL_MYHFUROV_0,JXBWMMYOUCIK,14866993_ERHJXOIL_MYHFUROV_0_6,14866993_ERHJXOIL_MYHFUROV_0,DRSLLHUYAKQV,0
14866993_ERHJXOIL_MYHFUROV_0_7,14866993_ERHJXOIL_MYHFUROV_0,JXBWMMYOUCIK,14866993_ERHJXOIL_MYHFUROV_0_7,14866993_ERHJXOIL_MYHFUROV_0,DRSLLHUYAKQV,0
14866993_ERHJXOIL_MYHFUROV_0_8,14866993_ERHJXOIL_MYHFUROV_0,JXBWMMYOUCIK,14866993_ERHJXOIL_MYHFUROV_0_8,14866993_ERHJXOIL_MYHFUROV_0,DRSLLHUYAKQV,0
14866993_ERHJXOIL_MYHFUROV_0_9,14866993_ERHJXOIL_MYHFUROV_0,JXBWMMYOUCIK,14866993_ERHJXOIL_MYHFUROV_0_9,14866993_ERHJXOIL_MYHFUROV_0,DRSLLHUYAKQV,0
14866993_ERHJXOIL_MYHFUROV_0_10,14866993_ERHJXOIL_MYHFUROV_0,JXBWMMYOUCIK,14866993_ERHJXOIL_MYHFUROV_0_10,14866993_ERHJXOIL_MYHFUROV_0,DRSLLHUYAKQV,0
14866993_ERHJXOIL_MYHFUROV_0_11,14866993_ERHJXOIL_MYHFUROV_0,JXBWMMYOUCIK,14866993_ERHJXOIL_MYHFUROV_0_11,14866993_ERHJXOIL_MYHFUROV_0,DRSLLHUYAKQV,0
14866993_ERHJXOIL_MYHFUROV_0_12,14866993_ERHJXOIL_MYHFUROV_0,JXBWMMYOUCIK,14866993_ERHJXOIL_MYHFUROV_0_12,14866993_ERHJXOIL_MYHFUROV_0,DRSLLHUYAKQV,0
14866993_ERHJXOIL_MYHFUROV_0_13,14866993_ERHJXOIL_MYHFUROV_0,JXBWMMYOUCIK,14866993_ERHJXOIL_MYHFUROV_0_13,14866993_ERHJXOIL_MYHFUROV_0,DRSLLHUYAKQV,0
14866993_ERHJXOIL_MYHFUROV_0_14,14866993_ERHJXOIL_MYHFUROV_0,JXBWMMYOUCIK,14866993_ERHJXOIL_MYHFUROV_0_14,14866993_ERHJXOIL_MYHFUROV_0,DRSLLHUYAKQV,0
14866993_ERHJXOIL_MYHFUROV_0_15,14866993_ERHJXOIL_MYHFUROV_0,JXBWMMYOUCIK,14866993_ERHJXOIL_MYHFUROV_0_15,14866993_ERHJXOIL_MYHFUROV_0,DRSLLHUYAKQV,0
14866993_ERHJXOIL_MYHFUROV_0_16,14866993_ERHJXOIL_MYHFUROV_0,JXBWMMYOUCIK,14866993_ERHJXOIL_MYHFUROV_0_16,14866993_ERHJXOIL_MYHFUROV_0,DRSLLHUYAKQV,0
14866993_ERHJXOIL_MYHFUROV_0_17,14866993_ERHJXOIL_MYHFUROV_0,JXBWMMYOUCIK,14866993_ERHJXOIL_MYHFUROV_0_17,14866993_ERHJXOIL_MYHFUROV_0,DRSLLHUYAKQV,0
14866993_ERHJXOIL_MYHFUROV_0_18,14866993_ERHJXOIL_MYHFUROV_0,JXBWMMYOUCIK,14866993_ERHJXOIL_MYHFUROV_0_18,14866993_ERHJXOIL_MYHFUROV_0,DRSLLHUYAKQV,0
14866993_ERHJXOIL_MYHFUROV_0_19,14866993_ERHJXOIL_MYHFUROV_0,JXBWMMYOUCIK,14866993_ERHJXOIL_MYHFUROV_0_19,14866993_ERHJXOIL_MYHFUROV_0,DRSLLHUYAKQV,0
14866993_ERHJXOIL_MYHFUROV_0_20,14866993_ERHJXOIL_MYHFUROV_0,JXBWMMYOUCIK,14866993_ERHJXOIL_MYHFUROV_0_20,14866993_ERHJXOIL_MYHFUROV_0,DRSLLHUYAKQV,0
14866993_ERHJXOIL_MYHFUROV_0_21,14866993_ERHJXOIL_MYHFUROV_0,JXBWMMYOUCIK,14866993_ERHJXOIL_MYHFUROV_0_21,14866993_ERHJXOIL_MYHFUROV_0,DRSLLHUYAKQV,0
14866993_ERHJXOIL_MYHFUROV_0_22,14866993_ERHJXOIL_MYHFUROV_0,JXBWMMYOUCIK,14866993_ERHJXOIL_MYHFUROV_0_22,14866993_ERHJXOIL_MYHFUROV_0,DRSLLHUYAKQV,0
14866993_ERHJXOIL_MYHFUROV_0_23,14866993_ERHJXOIL_MYHFUROV_0,JXBWMMYOUCIK,14866993_ERHJXOIL_MYHFUROV_0_23,14866993_ERHJXOIL_MYHFUROV_0,DRSLLHUYAKQV,0
14866993_ERHJXOIL_MYHFUROV_0_24,14866993_ERHJXOIL_MYHFUROV_0,JXBWMMYOUCIK,14866993_ERHJXOIL_MYHFUROV_0_24,14866993_ERHJXOIL_MYHFUROV_0,DRSLLHUYAKQV,0
14866993_ERHJXOIL_MYHFUROV_0_25,14866993_ERHJXOIL_MYHFUROV_0,JXBWMMYOUCIK,14866993_ERHJXOIL_MYHFUROV_0_25,14866993_ERHJXOIL_MYHFUROV_0,DRSLLHUYAKQV,0
14866993_ERHJXOIL_MYHFUROV_0_26,14866993_ERHJXOIL_MYHFUROV_0,JXBWMMYOUCIK,14866993_ERHJXOIL_MYHFUROV_0_26,14866993_ERHJXOIL_MYHFUROV_0,DRSLLHUYAKQV,0
14866993_ERHJXOIL_MYHFUROV_0_27,14866993_ERHJXOIL_MYHFUROV_0,JXBWMMYOUCIK,14866993_ERHJXOIL_MYHFUROV_0_27,14866993_ERHJXOIL_MYHFUROV_0,DRSLLHUYAKQV,0
14866993_ERHJXOIL_MYHFUROV_0_28,14866993_ERHJXOIL_MYHFUROV_0,JXBWMMYOUCIK,14866993_ERHJXOIL_MYHFUROV_0_28,14866993_ERHJXOIL_MYHFUROV_0,DRSLLHUYAKQV,0
14866993_ERHJXOIL_MYHFUROV_0_29,14866993_ERHJXOIL_MYHFUROV_0,JXBWMMYOUCIK,14866993_ERHJXOIL_MYHFUROV_0_29,14866993_ERHJXOIL_MYHFUROV_0,DRSLLHUYAKQV,0
14866993_ERHJXOIL_MYHFUROV_0_30,14866993_ERHJXOIL_MYHFUROV_0,JXBWMMYOUCIK,14866993_ERHJXOIL_MYHFUROV_0_30,14866993_ERHJXOIL_MYHFUROV_0,DRSLLHUYAKQV,0
14866993_ERHJXOIL_MYHFUROV_0_31,14866993_ERHJXOIL_MYHFUROV_0,JXBWMMYOUCIK,14866993_ERHJXOIL_MYHFUROV_0_31,14866993_ERHJXOIL_MYHFUROV_0,DRSLLHUYAKQV,0
14866993_ERHJXOIL_MYHFUROV_0_32,14866993_ERHJXOIL_MYHFUROV_0,JXBWMMYOUCIK,14866993_ERHJXOIL_MYHFUROV_0_32,14866993_ERHJXOIL_MYHFUROV_0,DRSLLHUYAKQV,0
14866993_ERHJXOIL_MYHFUROV_0_33,14866993_ERHJXOIL_MYHFUROV_0,JXBWMMYOUCIK,14866993_ERHJXOIL_MYHFUROV_0_33,14866993_ERHJXOIL_MYHFUROV_0,DRSLLHUYAKQV,0
14866993_ERHJXOIL_MYHFUROV_0_34,14866993_ERHJXOIL_MYHFUROV_0,JXBWMMYOUCIK,14866993_ERHJXOIL_MYHFUROV_0_34,14866993_ERHJXOIL_MYHFUROV_0,DRSLLHUYAKQV,0
14866993_ERHJXOIL_MYHFUROV_0_35,14866993_ERHJXOIL_MYHFUROV_0,JXBWMMYOUCIK,14866993_ERHJXOIL_MYHFUROV_0_35,14866993_ERHJXOIL_MYHFUROV_0,DRSLLHUYAKQV,0
14866993_ERHJXOIL_MYHFUROV_0_36,14866993_ERHJXOIL_MYHFUROV_0,JXBWMMYOUCIK,14866993_ERHJXOIL_MYHFUROV_0_36,14866993_ERHJXOIL_MYHFUROV_0,DRSLLHUYAKQV,0
14866993_ERHJXOIL_MYHFUROV_0_37,14866993_ERHJXOIL_MYHFUROV_0,JXBWMMYOUCIK,14866993_ERHJXOIL_MYHFUROV_0_37,14866993_ERHJXOIL_MYHFUROV_0,DRSLLHUYAKQV,0
14866993_ERHJXOIL_MYHFUROV_0_38,14866993_ERHJXOIL_MYHFUROV_0,JXBWMMYOUCIK,14866993_ERHJXOIL_MYHFUROV_0_38,14866993_ERHJXOIL_MYHFUROV_0,DRSLLHUYAKQV,0
14866993_ERHJXOIL_MYHFUROV_0_39,14866993_ERHJXOIL_MYHFUROV_0,JXBWMMYOUCIK,14866993_ERHJXOIL_MYHFUROV_0_39,14866993_ERHJXOIL_MYHFUROV_0,DRSLLHUYAKQV,0
14866993_ERHJXOIL_MYHFUROV_0_40,14866993_ERHJXOIL_MYHFUROV_0,JXBWMMYOUCIK,14866993_ERHJXOIL_MYHFUROV_0_40,14866993_ERHJXOIL_MYHFUROV_0,DRSLLHUYAKQV,0
14866993_ERHJXOIL_MYHFUROV_0_41,14866993_ERHJXOIL_MYHFUROV_0,JXBWMMYOUCIK,14866993_ERHJXOIL_MYHFUROV_0_41,14866993_ERHJXOIL_MYHFUROV_0,DRSLLHUYAKQV,0
14866993_ERHJXOIL_MYHFUROV_0_42,14866993_ERHJXOIL_MYHFUROV_0,JXBWMMYOUCIK,14866993_ERHJXOIL_MYHFUROV_0_42,14866993_ERHJXOIL_MYHFUROV_0,DRSLLHUYAKQV,0
14866993_ERHJXOIL_MYHFUROV_0_43,14866993_ERHJXOIL_MYHFUROV_0,JXBWMMYOUCIK,14866993_ERHJXOIL_MYHFUROV_0_43,14866993_ERHJXOIL_MYHFUROV_0,DRSLLHUYAKQV,0
14866993_ERHJXOIL_MYHFUROV_0_44,14866993_ERHJXOIL_MYHFUROV_0,JXBWMMYOUCIK,14866993_ERHJXOIL_MYHFUROV_0_44,14866993_ERHJXOIL_MYHFUROV_0,DRSLLHUYAKQV,0
14866993_ERHJXOIL_MYHFUROV_0_45,14866993_ERHJXOIL_MYHFUROV_0,JXBWMMYOUCIK,14866993_ERHJXOIL_MYHFUROV_0_45,14866993_ERHJXOIL_MYHFUROV_0,DRSLLHUYAKQV,0
14866993_ERHJXOIL_MYHFUROV_0_46,14866993_ERHJXOIL_MYHFUROV_0,JXBWMMYOUCIK,14866993_ERHJXOIL_MYHFUROV_0_46,14866993_ERHJXOIL_MYHFUROV_0,DRSLLHUYAKQV,0
14866993_ERHJXOIL_MYHFUROV_0_47,14866993_ERHJXOIL_MYHFUROV_0,JXBWMMYOUCIK,14866993_ERHJXOIL_MYHFUROV_0_47,14866993_ERHJXOIL_MYHFUROV_0,DRSLLHUYAKQV,0
14866993_ERHJXOIL_MYHFUROV_0_48,14866993_ERHJXOIL_MYHFUROV_0,JXBWMMYOUCIK,14866993_ERHJXOIL_MYHFUROV_0_48,14866993_ERHJXOIL_MYHFUROV_0,DRSLLHUYAKQV,0
14866993_ERHJXOIL_MYHFUROV_0_49,14866993_ERHJXOIL_MYHFUROV_0,JXBWMMYOUCIK,14866993_ERHJXOIL_MYHFUROV_0_49,14866993_ERHJXOIL_MYHFUROV_0,DRSLLHUYAKQV,0
14866993_ERHJXOIL_MYHFUROV_0_50,14866993_ERHJXOIL_MYHFUROV_0,JXBWMMYOUCIK,14866993_ERHJXOIL_MYHFUROV_0_50,14866993_ERHJXOIL_MYHFUROV_0,DRSLLHUYAKQV,0
14866993_ERHJXOIL_MYHFUROV_0_51,14866993_ERHJXOIL_MYHFUROV_0,JXBWMMYOUCIK,14866993_ERHJXOIL_MYHFUROV_0_51,14866993_ERHJXOIL_MYHFUROV_0,DRSLLHUYAKQV,0
14866993_ERHJXOIL_MYHFUROV_0_52,14866993_ERHJXOIL_MYHFUROV_0,JXBWMMYOUCIK,14866993_ERHJXOIL_MYHFUROV_0_52,14866993_ERHJXOIL_MYHFUROV_0,DRSLLHUYAKQV,0
14866993_ERHJXOIL_MYHFUROV_0_53,14866993_ERHJXOIL_MYHFUROV_0,JXBWMMYOUCIK,14866993_ERHJXOIL_MYHFUROV_0_53,14866993_ERHJXOIL_MYHFUROV_0,DRSLLHUYAKQV,0
14866993_ERHJXOIL_MYHFUROV_0_54,14866993_ERHJXOIL_MYHFUROV_0,JXBWMMYOUCIK,14866993_ERHJXOIL_MYHFUROV_0_54,14866993_ERHJXOIL_MYHFUROV_0,DRSLLHUYAKQV,0
14866993_ERHJXOIL_MYHFUROV_0_55,14866993_ERHJXOIL_MYHFUROV_0,JXBWMMYOUCIK,14866993_ERHJXOIL_MYHFUROV_0_55,14866993_ERHJXOIL_MYHFUROV_0,DRSLLHUYAKQV,0
14866993_ERHJXOIL_MYHFUROV_0_56,14866993_ERHJXOIL_MYHFUROV_0,JXBWMMYOUCIK,14866993_ERHJXOIL_MYHFUROV_0_56,14866993_ERHJXOIL_MYHFUROV_0,DRSLLHUYAKQV,0
14866993_ERHJXOIL_MYHFUROV_0_57,14866993_ERHJXOIL_MYHFUROV_0,JXBWMMYOUCIK,14866993_ERHJXOIL_MYHFUROV_0_57,14866993_ERHJXOIL_MYHFUROV_0,DRSLLHUYAKQV,0
14866993_ERHJXOIL_MYHFUROV_0_58,14866993_ERHJXOIL_MYHFUROV_0,JXBWMMYOUCIK,14866993_ERHJXOIL_MYHFUROV_0_58,14866993_ERHJXOIL_MYHFUROV_0,DRSLLHUYAKQV,0
14866993_ERHJXOIL_MYHFUROV_0_59,14866993_ERHJXOIL_MYHFUROV_0,JXBWMMYOUCIK,14866993_ERHJXOIL_MYHFUROV_0_59,14866993_ERHJXOIL_MYHFUROV_0,DRSLLHUYAKQV,0
14866993_ERHJXOIL_MYHFUROV_0_60,14866993_ERHJXOIL_MYHFUROV_0,JXBWMMYOUCIK,14866993_ERHJXOIL_MYHFUROV_0_60,14866993_ERHJXOIL_MYHFUROV_0,DRSLLHUYAKQV,0
14866993_ERHJXOIL_MYHFUROV_0_61,14866993_ERHJXOIL_MYHFUROV_0,JXBWMMYOUCIK,14866993_ERHJXOIL_MYHFUROV_0_61,14866993_ERHJXOIL_MYHFUROV_0,DRSLLHUYAKQV,0
14866993_ERHJXOIL_MYHFUROV_0_62,14866993_ERHJXOIL_MYHFUROV_0,JXBWMMYOUCIK,14866993_ERHJXOIL_MYHFUROV_0_62,14866993_ERHJXOIL_MYHFUROV_0,DRSLLHUYAKQV,0
14866993_ERHJXOIL_MYHFUROV_0_63,14866993_ERHJXOIL_MYHFUROV_0,JXBWMMYOUCIK,14866993_ERHJXOIL_MYHFUROV_0_63,14866993_ERHJXOIL_MYHFUROV_0,DRSLLHUYAKQV,0
14866993_ERHJXOIL_MYHFUROV_0_64,14866993_ERHJXOIL_MYHFUROV_0,JXBWMMYOUCIK,14866993_ERHJXOIL_MYHFUROV_0_64,14866993_ERHJXOIL_MYHFUROV_0,DRSLLHUYAKQV,0
14866993_ERHJXOIL_MYHFUROV_0_65,14866993_ERHJXOIL_MYHFUROV_0,JXBWMMYOUCIK,14866993_ERHJXOIL_MYHFUROV_0_65,14866993_ERHJXOIL_MYHFUROV_0,DRSLLHUYAKQV,0
14866993_ERHJXOIL_MYHFUROV_0_66,14866993_ERHJXOIL_MYHFUROV_0,JXBWMMYOUCIK,14866993_ERHJXOIL_MYHFUROV_0_66,14866993_ERHJXOIL_MYHFUROV_0,DRSLLHUYAKQV,0
14866993_ERHJXOIL_MYHFUROV_0_67,14866993_ERHJXOIL_MYHFUROV_0,JXBWMMYOUCIK,14866993_ERHJXOIL_MYHFUROV_0_67,14866993_ERHJXOIL_MYHFUROV_0,DRSLLHUYAKQV,0
14866993_ERHJXOIL_MYHFUROV_0_68,14866993_ERHJXOIL_MYHFUROV_0,JXBWMMYOUCIK,14866993_ERHJXOIL_MYHFUROV_0_68,14866993_ERHJXOIL_MYHFUROV_0,DRSLLHUYAKQV,0
14866993_ERHJXOIL_MYHFUROV_0_69,14866993_ERHJXOIL_MYHFUROV_0,JXBWMMYOUCIK,14866993_ERHJXOIL_MYHFUROV_0_69,14866993_ERHJXOIL_MYHFUROV_0,DRSLLHUYAKQV,0
14866993_ERHJXOIL_MYHFUROV_0_70,14866993_ERHJXOIL_MYHFUROV_0,JXBWMMYOUCIK,14866993_ERHJXOIL_MYHFUROV_0_70,14866993_ERHJXOIL_MYHFUROV_0,DRSLLHUYAKQV,0
14866993_ERHJXOIL_MYHFUROV_0_71,14866993_ERHJXOIL_MYHFUROV_0,JXBWMMYOUCIK,14866993_ERHJXOIL_MYHFUROV_0_71,14866993_ERHJXOIL_MYHFUROV_0,DRSLLHUYAKQV,0
14866993_ERHJXOIL_MYHFUROV_0_72,14866993_ERHJXOIL_MYHFUROV_0,JXBWMMYOUCIK,14866993_ERHJXOIL_MYHFUROV_0_72,14866993_ERHJXOIL_MYHFUROV_0,DRSLLHUYAKQV,0
14866993_ERHJXOIL_MYHFUROV_0_73,14866993_ERHJXOIL_MYHFUROV_0,JXBWMMYOUCIK,14866993_ERHJXOIL_MYHFUROV_0_73,14866993_ERHJXOIL_MYHFUROV_0,DRSLLHUYAKQV,0
14866993_ERHJXOIL_MYHFUROV_0_74,14866993_ERHJXOIL_MYHFUROV_0,JXBWMMYOUCIK,14866993_ERHJXOIL_MYHFUROV_0_74,14866993_ERHJXOIL_MYHFUROV_0,DRSLLHUYAKQV,0
14866993_ERHJXOIL_MYHFUROV_0_75,14866993_ERHJXOIL_MYHFUROV_0,JXBWMMYOUCIK,14866993_ERHJXOIL_MYHFUROV_0_75,14866993_ERHJXOIL_MYHFUROV_0,DRSLLHUYAKQV,0
14866993_ERHJXOIL_MYHFUROV_0_76,14866993_ERHJXOIL_MYHFUROV_0,JXBWMMYOUCIK,14866993_ERHJXOIL_MYHFUROV_0_76,14866993_ERHJXOIL_MYHFUROV_0,DRSLLHUYAKQV,0
14866993_ERHJXOIL_MYHFUROV_0_77,14866993_ERHJXOIL_MYHFUROV_0,JXBWMMYOUCIK,14866993_ERHJXOIL_MYHFUROV_0_77,14866993_ERHJXOIL_MYHFUROV_0,DRSLLHUYAKQV,0
14866993_ERHJXOIL_MYHFUROV_0_78,14866993_ERHJXOIL_MYHFUROV_0,JXBWMMYOUCIK,14866993_ERHJXOIL_MYHFUROV_0_78,14866993_ERHJXOIL_MYHFUROV_0,DRSLLHUYAKQV,0
14866993_ERHJXOIL_MYHFUROV_0_79,14866993_ERHJXOIL_MYHFUROV_0,JXBWMMYOUCIK,14866993_ERHJXOIL_MYHFUROV_0_79,14866993_ERHJXOIL_MYHFUROV_0,DRSLLHUYAKQV,0
14866993_ERHJXOIL_MYHFUROV_0_80,14866993_ERHJXOIL_MYHFUROV_0,JXBWMMYOUCIK,14866993_ERHJXOIL_MYHFUROV_0_80,14866993_ERHJXOIL_MYHFUROV_0,DRSLLHUYAKQV,0
14866993_ERHJXOIL_MYHFUROV_0_81,14866993_ERHJXOIL_MYHFUROV_0,JXBWMMYOUCIK,14866993_ERHJXOIL_MYHFUROV_0_81,14866993_ERHJXOIL_MYHFUROV_0,DRSLLHUYAKQV,0
14866993_ERHJXOIL_MYHFUROV_0_82,14866993_ERHJXOIL_MYHFUROV_0,JXBWMMYOUCIK,14866993_ERHJXOIL_MYHFUROV_0_82,14866993_ERHJXOIL_MYHFUROV_0,DRSLLHUYAKQV,0
14866993_ERHJXOIL_MYHFUROV_0_83,14866993_ERHJXOIL_MYHFUROV_0,JXBWMMYOUCIK,14866993_ERHJXOIL_MYHFUROV_0_83,14866993_ERHJXOIL_MYHFUROV_0,DRSLLHUYAKQV,0
14866993_ERHJXOIL_MYHFUROV_0_84,14866993_ERHJXOIL_MYHFUROV_0,JXBWMMYOUCIK,14866993_ERHJXOIL_MYHFUROV_0_84,14866993_ERHJXOIL_MYHFUROV_0,DRSLLHUYAKQV,0
14866993_ERHJXOIL_MYHFUROV_0_85,14866993_ERHJXOIL_MYHFUROV_0,JXBWMMYOUCIK,14866993_ERHJXOIL_MYHFUROV_0_85,14866993_ERHJXOIL_MYHFUROV_0,DRSLLHUYAKQV,0
14866993_ERHJXOIL_MYHFUROV_0_86,14866993_ERHJXOIL_MYHFUROV_0,JXBWMMYOUCIK,14866993_ERHJXOIL_MYHFUROV_0_86,14866993_ERHJXOIL_MYHFUROV_0,DRSLLHUYAKQV,0
14866993_ERHJXOIL_MYHFUROV_0_87,14866993_ERHJXOIL_MYHFUROV_0,JXBWMMYOUCIK,14866993_ERHJXOIL_MYHFUROV_0_87,14866993_ERHJXOIL_MYHFUROV_0,DRSLLHUYAKQV,0
14866993_ERHJXOIL_MYHFUROV_0_88,14866993_ERHJXOIL_MYHFUROV_0,JXBWMMYOUCIK,14866993_ERHJXOIL_MYHFUROV_0_88,14866993_ERHJXOIL_MYHFUROV_0,DRSLLHUYAKQV,0
14866993_ERHJXOIL_MYHFUROV_0_89,14866993_ERHJXOIL_MYHFUROV_0,JXBWMMYOUCIK,14866993_ERHJXOIL_MYHFUROV_0_89,14866993_ERHJXOIL_MYHFUROV_0,DRSLLHUYAKQV,0
14866993_ERHJXOIL_MYHFUROV_0_90,14866993_ERHJXOIL_MYHFUROV_0,JXBWMMYOUCIK,14866993_ERHJXOIL_MYHFUROV_0_90,14866993_ERHJXOIL_MYHFUROV_0,DRSLLHUYAKQV,0
14866993_ERHJXOIL_MYHFUROV_0_91,14866993_ERHJXOIL_MYHFUROV_0,JXBWMMYOUCIK,14866993_ERHJXOIL_MYHFUROV_0_91,14866993_ERHJXOIL_MYHFUROV_0,DRSLLHUYAKQV,0
14866993_ERHJXOIL_MYHFUROV_0_92,14866993_ERHJXOIL_MYHFUROV_0,JXBWMMYOUCIK,14866993_ERHJXOIL_MYHFUROV_0_92,14866993_ERHJXOIL_MYHFUROV_0,DRSLLHUYAKQV,0
14866993_ERHJXOIL_MYHFUROV_0_93,14866993_ERHJXOIL_MYHFUROV_0,JXBWMMYOUCIK,14866993_ERHJXOIL_MYHFUROV_0_93,14866993_ERHJXOIL_MYHFUROV_0,DRSLLHUYAKQV,0
14866993_ERHJXOIL_MYHFUROV_0_94,14866993_ERHJXOIL_MYHFUROV_0,JXBWMMYOUCIK,14866993_ERHJXOIL_MYHFUROV_0_94,14866993_ERHJXOIL_MYHFUROV_0,DRSLLHUYAKQV,0
14866993_ERHJXOIL_MYHFUROV_0_95,14866993_ERHJXOIL_MYHFUROV_0,JXBWMMYOUCIK,14866993_ERHJXOIL_MYHFUROV_0_95,14866993_ERHJXOIL_MYHFUROV_0,DRSLLHUYAKQV,0
14866993_ERHJXOIL_MYHFUROV_0_96,14866993_ERHJXOIL_MYHFUROV_0,JXBWMMYOUCIK,14866993_ERHJXOIL_MYHFUROV_0_96,14866993_ERHJXOIL_MYHFUROV_0,DRSLLHUYAKQV,0
14866993_ERHJXOIL_MYHFUROV_0_97,14866993_ERHJXOIL_MYHFUROV_0,JXBWMMYOUCIK,14866993_ERHJXOIL_MYHFUROV_0_97,14866993_ERHJXOIL_MYHFUROV_0,DRSLLHUYAKQV,0
14866993_ERHJXOIL_MYHFUROV_0_98,14866993_ERHJXOIL_MYHFUROV_0,JXBWMMYOUCIK,14866993_ERHJXOIL_MYHFUROV_0_98,14866993_ERHJXOIL_MYHFUROV_0,DRSLLHUYAKQV,0
14866993_ERHJXOIL_MYHFUROV_0_99,14866993_ERHJXOIL_MYHFUROV_0,JXBWMMYOUCIK,14866993_ERHJXOIL_MYHFUROV_0_99,14866993_ERHJXOIL_MYHFUROV_0,DRSLLHUYAKQV,0
14866993_ERHJXOIL_MYHFUROV_0_100,14866993_ERHJXOIL_MYHFUROV_0,JXBWMMYOUCIK,14866993_ERHJXOIL_MYHFUROV_0_100,14866993_ERHJXOIL_MYHFUROV_0,DRSLLHUYAKQV,0
14866993_ERHJXOIL_MYHFUROV_0_101,14866993_ERHJXOIL_MYHFUROV_0,JXBWMMYOUCIK,14866993_ERHJXOIL_MYHFUROV_0_101,14866993_ERHJXOIL_MYHFUROV_0,DRSLLHUYAKQV,0
14866993_ERHJXOIL_MYHFUROV_0_102,14866993_ERHJXOIL_MYHFUROV_0,JXBWMMYOUCIK,14866993_ERHJXOIL_MYHFUROV_0_102,14866993_ERHJXOIL_MYHFUROV_0,DRSLLHUYAKQV,0
14866993_ERHJXOIL_MYHFUROV_0_103,14866993_ERHJXOIL_MYHFUROV_0,JXBWMMYOUCIK,14866993_ERHJXOIL_MYHFUROV_0_103,14866993_ERHJXOIL_MYHFUROV_0,DRSLLHUYAKQV,0
14866993_ERHJXOIL_MYHFUROV_0_104,14866993_ERHJXOIL_MYHFUROV_0,JXBWMMYOUCIK,14866993_ERHJXOIL_MYHFUROV_0_104,14866993_ERHJXOIL_MYHFUROV_0,DRSLLHUYAKQV,0
14866993_ERHJXOIL_MYHFUROV_0_105,14866993_ERHJXOIL_MYHFUROV_0,JXBWMMYOUCIK,14866993_ERHJXOIL_MYHFUROV_0_105,14866993_ERHJXOIL_MYHFUROV_0,DRSLLHUYAKQV,0
14866993_ERHJXOIL_MYHFUROV_0_106,14866993_ERHJXOIL_MYHFUROV_0,JXBWMMYOUCIK,14866993_ERHJXOIL_MYHFUROV_0_106,14866993_ERHJXOIL_MYHFUROV_0,DRSLLHUYAKQV,0
14866993_ERHJXOIL_MYHFUROV_0_107,14866993_ERHJXOIL_MYHFUROV_0,JXBWMMYOUCIK,14866993_ERHJXOIL_MYHFUROV_0_107,14866993_ERHJXOIL_MYHFUROV_0,DRSLLHUYAKQV,0
14866993_ERHJXOIL_MYHFUROV_0_108,14866993_ERHJXOIL_MYHFUROV_0,JXBWMMYOUCIK,14866993_ERHJXOIL_MYHFUROV_0_108,14866993_ERHJXOIL_MYHFUROV_0,DRSLLHUYAKQV,0
14866993_ERHJXOIL_MYHFUROV_0_109,14866993_ERHJXOIL_MYHFUROV_0,JXBWMMYOUCIK,14866993_ERHJXOIL_MYHFUROV_0_109,14866993_ERHJXOIL_MYHFUROV_0,DRSLLHUYAKQV,0
14866993_ERHJXOIL_MYHFUROV_0_110,14866993_ERHJXOIL_MYHFUROV_0,JXBWMMYOUCIK,14866993_ERHJXOIL_MYHFUROV_0_110,14866993_ERHJXOIL_MYHFUROV_0,DRSLLHUYAKQV,0
14866993_ERHJXOIL_MYHFUROV_0_111,14866993_ERHJXOIL_MYHFUROV_0,JXBWMMYOUCIK,14866993_ERHJXOIL_MYHFUROV_0_111,14866993_ERHJXOIL_MYHFUROV_0,DRSLLHUYAKQV,0
14866993_ERHJXOIL_MYHFUROV_0_112,14866993_ERHJXOIL_MYHFUROV_0,JXBWMMYOUCIK,14866993_ERHJXOIL_MYHFUROV_0_112,14866993_ERHJXOIL_MYHFUROV_0,DRSLLHUYAKQV,0
14866993_ERHJXOIL_MYHFUROV_0_113,14866993_ERHJXOIL_MYHFUROV_0,JXBWMMYOUCIK,14866993_ERHJXOIL_MYHFUROV_0_113,14866993_ERHJXOIL_MYHFUROV_0,DRSLLHUYAKQV,0
14866993_ERHJXOIL_MYHFUROV_0_114,14866993_ERHJXOIL_MYHFUROV_0,JXBWMMYOUCIK,14866993_ERHJXOIL_MYHFUROV_0_114,14866993_ERHJXOIL_MYHFUROV_0,DRSLLHUYAKQV,0
14866993_ERHJXOIL_MYHFUROV_0_115,14866993_ERHJXOIL_MYHFUROV_0,JXBWMMYOUCIK,14866993_ERHJXOIL_MYHFUROV_0_115,14866993_ERHJXOIL_MYHFUROV_0,DRSLLHUYAKQV,0
14866993_ERHJXOIL_MYHFUROV_0_116,14866993_ERHJXOIL_MYHFUROV_0,JXBWMMYOUCIK,14866993_ERHJXOIL_MYHFUROV_0_116,14866993_ERHJXOIL_MYHFUROV_0,DRSLLHUYAKQV,0
14866993_ERHJXOIL_MYHFUROV_0_117,14866993_ERHJXOIL_MYHFUROV_0,JXBWMMYOUCIK,14866993_ERHJXOIL_MYHFUROV_0_117,14866993_ERHJXOIL_MYHFUROV_0,DRSLLHUYAKQV,0
14866993_ERHJXOIL_MYHFUROV_0_118,14866993_ERHJXOIL_MYHFUROV_0,JXBWMMYOUCIK,14866993_ERHJXOIL_MYHFUROV_0_118,14866993_ERHJXOIL_MYHFUROV_0,DRSLLHUYAKQV,0
14866993_ERHJXOIL_MYHFUROV_0_119,14866993_ERHJXOIL_MYHFUROV_0,JXBWMMYOUCIK,14866993_ERHJXOIL_MYHFUROV_0_119,14866993_ERHJXOIL_MYHFUROV_0,DRSLLHUYAKQV,0
14866993_ERHJXOIL_MYHFUROV_0_120,14866993_ERHJXOIL_MYHFUROV_0,JXBWMMYOUCIK,14866993_ERHJXOIL_MYHFUROV_0_120,14866993_ERHJXOIL_MYHFUROV_0,DRSLLHUYAKQV,0
14866993_ERHJXOIL_MYHFUROV_0_121,14866993_ERHJXOIL_MYHFUROV_0,JXBWMMYOUCIK,14866993_ERHJXOIL_MYHFUROV_0_121,14866993_ERHJXOIL_MYHFUROV_0,DRSLLHUYAKQV,0
14866993_ERHJXOIL_MYHFUROV_0_122,14866993_ERHJXOIL_MYHFUROV_0,JXBWMMYOUCIK,14866993_ERHJXOIL_MYHFUROV_0_122,14866993_ERHJXOIL_MYHFUROV_0,DRSLLHUYAKQV,0
14866993_ERHJXOIL_MYHFUROV_0_123,14866993_ERHJXOIL_MYHFUROV_0,JXBWMMYOUCIK,14866993_ERHJXOIL_MYHFUROV_0_123,14866993_ERHJXOIL_MYHFUROV_0,DRSLLHUYAKQV,0
14866993_ERHJXOIL_MYHFUROV_0_124,14866993_ERHJXOIL_MYHFUROV_0,JXBWMMYOUCIK,14866993_ERHJXOIL_MYHFUROV_0_124,14866993_ERHJXOIL_MYHFUROV_0,DRSLLHUYAKQV,0
14866993_ERHJXOIL_MYHFUROV_0_125,14866993_ERHJXOIL_MYHFUROV_0,JXBWMMYOUCIK,14866993_ERHJXOIL_MYHFUROV_0_125,14866993_ERHJXOIL_MYHFUROV_0,DRSLLHUYAKQV,0
14866993_ERHJXOIL_MYHFUROV_0_126,14866993_ERHJXOIL_MYHFUROV_0,JXBWMMYOUCIK,14866993_ERHJXOIL_MYHFUROV_0_126,14866993_ERHJXOIL_MYHFUROV_0,DRSLLHUYAKQV,0
14866993_ERHJXOIL_MYHFUROV_0_127,14866993_ERHJXOIL_MYHFUROV_0,JXBWMMYOUCIK,14866993_ERHJXOIL_MYHFUROV_0_127,14866993_ERHJXOIL_MYHFUROV_0,DRSLLHUYAKQV,0
14866993_ERHJXOIL_MYHFUROV_0_128,14866993_ERHJXOIL_MYHFUROV_0,JXBWMMYOUCIK,14866993_ERHJXOIL_MYHFUROV_0_128,14866993_ERHJXOIL_MYHFUROV_0,DRSLLHUYAKQV,0
14866993_ERHJXOIL_MYHFUROV_0_129,14866993_ERHJXOIL_MYHFUROV_0,JXBWMMYOUCIK,14866993_ERHJXOIL_MYHFUROV_0_129,14866993_ERHJXOIL_MYHFUROV_0,DRSLLHUYAKQV,0
14866993_ERHJXOIL_MYHFUROV_0_130,14866993_ERHJXOIL_MYHFUROV_0,JXBWMMYOUCIK,14866993_ERHJXOIL_MYHFUROV_0_130,14866993_ERHJXOIL_MYHFUROV_0,DRSLLHUYAKQV,0
14866993_ERHJXOIL_MYHFUROV_0_131,14866993_ERHJXOIL_MYHFUROV_0,JXBWMMYOUCIK,14866993_ERHJXOIL_MYHFUROV_0_131,14866993_ERHJXOIL_MYHFUROV_0,DRSLLHUYAKQV,0
14866993_ERHJXOIL_MYHFUROV_0_132,14866993_ERHJXOIL_MYHFUROV_0,JXBWMMYOUCIK,14866993_ERHJXOIL_MYHFUROV_0_132,14866993_ERHJXOIL_MYHFUROV_0,DRSLLHUYAKQV,0
14866993_ERHJXOIL_MYHFUROV_0_133,14866993_ERHJXOIL_MYHFUROV_0,JXBWMMYOUCIK,14866993_ERHJXOIL_MYHFUROV_0_133,14866993_ERHJXOIL_MYHFUROV_0,DRSLLHUYAKQV,0
14866993_ERHJXOIL_MYHFUROV_0_134,14866993_ERHJXOIL_MYHFUROV_0,JXBWMMYOUCIK,14866993_ERHJXOIL_MYHFUROV_0_134,14866993_ERHJXOIL_MYHFUROV_0,DRSLLHUYAKQV,0
14866993_ERHJXOIL_MYHFUROV_0_135,14866993_ERHJXOIL_MYHFUROV_0,JXBWMMYOUCIK,14866993_ERHJXOIL_MYHFUROV_0_135,14866993_ERHJXOIL_MYHFUROV_0,DRSLLHUYAKQV,0
14866993_ERHJXOIL_MYHFUROV_0_136,14866993_ERHJXOIL_MYHFUROV_0,JXBWMMYOUCIK,14866993_ERHJXOIL_MYHFUROV_0_136,14866993_ERHJXOIL_MYHFUROV_0,DRSLLHUYAKQV,0
14866993_ERHJXOIL_MYHFUROV_0_137,14866993_ERHJXOIL_MYHFUROV_0,JXBWMMYOUCIK,14866993_ERHJXOIL_MYHFUROV_0_137,14866993_ERHJXOIL_MYHFUROV_0,DRSLLHUYAKQV,0
14866993_ERHJXOIL_MYHFUROV_0_138,14866993_ERHJXOIL_MYHFUROV_0,JXBWMMYOUCIK,14866993_ERHJXOIL_MYHFUROV_0_138,14866993_ERHJXOIL_MYHFUROV_0,DRSLLHUYAKQV,0
14866993_ERHJXOIL_MYHFUROV_0_139,14866993_ERHJXOIL_MYHFUROV_0,JXBWMMYOUCIK,14866993_ERHJXOIL_MYHFUROV_0_139,14866993_ERHJXOIL_MYHFUROV_0,DRSLLHUYAKQV,0
14866993_ERHJXOIL_MYHFUROV_0_140,14866993_ERHJXOIL_MYHFUROV_0,JXBWMMYOUCIK,14866993_ERHJXOIL_MYHFUROV_0_140,14866993_ERHJXOIL_MYHFUROV_0,DRSLLHUYAKQV,0
14866993_ERHJXOIL_MYHFUROV_0_141,14866993_ERHJXOIL_MYHFUROV_0,JXBWMMYOUCIK,14866993_ERHJXOIL_MYHFUROV_0_141,14866993_ERHJXOIL_MYHFUROV_0,DRSLLHUYAKQV,0
14866993_ERHJXOIL_MYHFUROV_0_142,14866993_ERHJXOIL_MYHFUROV_0,JXBWMMYOUCIK,14866993_ERHJXOIL_MYHFUROV_0_142,14866993_ERHJXOIL_MYHFUROV_0,DRSLLHUYAKQV,0
14866993_ERHJXOIL_MYHFUROV_0_143,14866993_ERHJXOIL_MYHFUROV_0,JXBWMMYOUCIK,14866993_ERHJXOIL_MYHFUROV_0_143,14866993_ERHJXOIL_MYHFUROV_0,DRSLLHUYAKQV,0
14866993_ERHJXOIL_MYHFUROV_0_144,14866993_ERHJXOIL_MYHFUROV_0,JXBWMMYOUCIK,14866993_ERHJXOIL_MYHFUROV_0_144,14866993_ERHJXOIL_MYHFUROV_0,DRSLLHUYAKQV,0
14866993_ERHJXOIL_MYHFUROV_0_145,14866993_ERHJXOIL_MYHFUROV_0,JXBWMMYOUCIK,14866993_ERHJXOIL_MYHFUROV_0_145,14866993_ERHJXOIL_MYHFUROV_0,DRSLLHUYAKQV,0
14866993_ERHJXOIL_MYHFUROV_0_146,14866993_ERHJXOIL_MYHFUROV_0,JXBWMMYOUCIK,14866993_ERHJXOIL_MYHFUROV_0_146,14866993_ERHJXOIL_MYHFUROV_0,DRSLLHUYAKQV,0
14866993_ERHJXOIL_MYHFUROV_0_147,14866993_ERHJXOIL_MYHFUROV_0,JXBWMMYOUCIK,14866993_ERHJXOIL_MYHFUROV_0_147,14866993_ERHJXOIL_MYHFUROV_0,DRSLLHUYAKQV,0
14866993_ERHJXOIL_MYHFUROV_0_148,14866993_ERHJXOIL_MYHFUROV_0,JXBWMMYOUCIK,14866993_ERHJXOIL_MYHFUROV_0_148,14866993_ERHJXOIL_MYHFUROV_0,DRSLLHUYAKQV,0
14866993_ERHJXOIL_MYHFUROV_0_149,14866993_ERHJXOIL_MYHFUROV_0,JXBWMMYOUCIK,14866993_ERHJXOIL_MYHFUROV_0_149,14866993_ERHJXOIL_MYHFUROV_0,DRSLLHUYAKQV,0
14866993_ERHJXOIL_MYHFUROV_0_150,14866993_ERHJXOIL_MYHFUROV_0,JXBWMMYOUCIK,14866993_ERHJXOIL_MYHFUROV_0_150,14866993_ERHJXOIL_MYHFUROV_0,DRSLLHUYAKQV,0
14866993_ERHJXOIL_MYHFUROV_0_151,14866993_ERHJXOIL_MYHFUROV_0,JXBWMMYOUCIK,14866993_ERHJXOIL_MYHFUROV_0_151,14866993_ERHJXOIL_MYHFUROV_0,DRSLLHUYAKQV,0
14866993_ERHJXOIL_MYHFUROV_0_152,14866993_ERHJXOIL_MYHFUROV_0,JXBWMMYOUCIK,14866993_ERHJXOIL_MYHFUROV_0_152,14866993_ERHJXOIL_MYHFUROV_0,DRSLLHUYAKQV,0
14866993_ERHJXOIL_MYHFUROV_0_153,14866993_ERHJXOIL_MYHFUROV_0,JXBWMMYOUCIK,14866993_ERHJXOIL_MYHFUROV_0_153,14866993_ERHJXOIL_MYHFUROV_0,DRSLLHUYAKQV,0
14866993_ACGWBSOA_ISUHMPLZ_0_0,14866993_ACGWBSOA_ISUHMPLZ_0,JXBWMMYOUCIK,14866993_ACGWBSOA_ISUHMPLZ_0_0,14866993_ACGWBSOA_ISUHMPLZ_0,DRSLLHUYAKQV,0
14866993_ACGWBSOA_ISUHMPLZ_0_1,14866993_ACGWBSOA_ISUHMPLZ_0,JXBWMMYOUCIK,14866993_ACGWBSOA_ISUHMPLZ_0_1,14866993_ACGWBSOA_ISUHMPLZ_0,DRSLLHUYAKQV,0
14866993_ACGWBSOA_ISUHMPLZ_0_2,14866993_ACGWBSOA_ISUHMPLZ_0,JXBWMMYOUCIK,14866993_ACGWBSOA_ISUHMPLZ_0_2,14866993_ACGWBSOA_ISUHMPLZ_0,DRSLLHUYAKQV,0
14866993_ACGWBSOA_ISUHMPLZ_0_3,14866993_ACGWBSOA_ISUHMPLZ_0,JXBWMMYOUCIK,14866993_ACGWBSOA_ISUHMPLZ_0_3,14866993_ACGWBSOA_ISUHMPLZ_0,DRSLLHUYAKQV,0
14866993_ACGWBSOA_ISUHMPLZ_0_4,14866993_ACGWBSOA_ISUHMPLZ_0,JXBWMMYOUCIK,14866993_ACGWBSOA_ISUHMPLZ_0_4,14866993_ACGWBSOA_ISUHMPLZ_0,DRSLLHUYAKQV,0
14866993_ACGWBSOA_ISUHMPLZ_0_5,14866993_ACGWBSOA_ISUHMPLZ_0,JXBWMMYOUCIK,14866993_ACGWBSOA_ISUHMPLZ_0_5,14866993_ACGWBSOA_ISUHMPLZ_0,DRSLLHUYAKQV,0
14866993_ACGWBSOA_ISUHMPLZ_0_6,14866993_ACGWBSOA_ISUHMPLZ_0,JXBWMMYOUCIK,14866993_ACGWBSOA_ISUHMPLZ_0_6,14866993_ACGWBSOA_ISUHMPLZ_0,DRSLLHUYAKQV,0
14866993_ACGWBSOA_ISUHMPLZ_0_7,14866993_ACGWBSOA_ISUHMPLZ_0,JXBWMMYOUCIK,14866993_ACGWBSOA_ISUHMPLZ_0_7,14866993_ACGWBSOA_ISUHMPLZ_0,DRSLLHUYAKQV,0
14866993_ACGWBSOA_ISUHMPLZ_0_8,14866993_ACGWBSOA_ISUHMPLZ_0,JXBWMMYOUCIK,14866993_ACGWBSOA_ISUHMPLZ_0_8,14866993_ACGWBSOA_ISUHMPLZ_0,DRSLLHUYAKQV,0
14866993_ACGWBSOA_ISUHMPLZ_0_9,14866993_ACGWBSOA_ISUHMPLZ_0,JXBWMMYOUCIK,14866993_ACGWBSOA_ISUHMPLZ_0_9,14866993_ACGWBSOA_ISUHMPLZ_0,DRSLLHUYAKQV,0
14866993_ACGWBSOA_ISUHMPLZ_0_10,14866993_ACGWBSOA_ISUHMPLZ_0,JXBWMMYOUCIK,14866993_ACGWBSOA_ISUHMPLZ_0_10,14866993_ACGWBSOA_ISUHMPLZ_0,DRSLLHUYAKQV,0
14866993_ACGWBSOA_ISUHMPLZ_0_11,14866993_ACGWBSOA_ISUHMPLZ_0,JXBWMMYOUCIK,14866993_ACGWBSOA_ISUHMPLZ_0_11,14866993_ACGWBSOA_ISUHMPLZ_0,DRSLLHUYAKQV,0
14866993_ACGWBSOA_ISUHMPLZ_0_12,14866993_ACGWBSOA_ISUHMPLZ_0,JXBWMMYOUCIK,14866993_ACGWBSOA_ISUHMPLZ_0_12,14866993_ACGWBSOA_ISUHMPLZ_0,DRSLLHUYAKQV,0
14866993_ACGWBSOA_ISUHMPLZ_0_13,14866993_ACGWBSOA_ISUHMPLZ_0,JXBWMMYOUCIK,14866993_ACGWBSOA_ISUHMPLZ_0_13,14866993_ACGWBSOA_ISUHMPLZ_0,DRSLLHUYAKQV,0
14866993_ACGWBSOA_ISUHMPLZ_0_14,14866993_ACGWBSOA_ISUHMPLZ_0,JXBWMMYOUCIK,14866993_ACGWBSOA_ISUHMPLZ_0_14,14866993_ACGWBSOA_ISUHMPLZ_0,DRSLLHUYAKQV,0
14866993_ACGWBSOA_ISUHMPLZ_0_15,14866993_ACGWBSOA_ISUHMPLZ_0,JXBWMMYOUCIK,14866993_ACGWBSOA_ISUHMPLZ_0_15,14866993_ACGWBSOA_ISUHMPLZ_0,DRSLLHUYAKQV,0
14866993_ACGWBSOA_ISUHMPLZ_0_16,14866993_ACGWBSOA_ISUHMPLZ_0,JXBWMMYOUCIK,14866993_ACGWBSOA_ISUHMPLZ_0_16,14866993_ACGWBSOA_ISUHMPLZ_0,DRSLLHUYAKQV,0
14866993_ACGWBSOA_ISUHMPLZ_0_17,14866993_ACGWBSOA_ISUHMPLZ_0,JXBWMMYOUCIK,14866993_ACGWBSOA_ISUHMPLZ_0_17,14866993_ACGWBSOA_ISUHMPLZ_0,DRSLLHUYAKQV,0
14866993_ACGWBSOA_ISUHMPLZ_0_18,14866993_ACGWBSOA_ISUHMPLZ_0,JXBWMMYOUCIK,14866993_ACGWBSOA_ISUHMPLZ_0_18,14866993_ACGWBSOA_ISUHMPLZ_0,DRSLLHUYAKQV,0
14866993_ACGWBSOA_ISUHMPLZ_0_19,14866993_ACGWBSOA_ISUHMPLZ_0,JXBWMMYOUCIK,14866993_ACGWBSOA_ISUHMPLZ_0_19,14866993_ACGWBSOA_ISUHMPLZ_0,DRSLLHUYAKQV,0
14866993_ACGWBSOA_ISUHMPLZ_0_20,14866993_ACGWBSOA_ISUHMPLZ_0,JXBWMMYOUCIK,14866993_ACGWBSOA_ISUHMPLZ_0_20,14866993_ACGWBSOA_ISUHMPLZ_0,DRSLLHUYAKQV,0
14866993_ACGWBSOA_ISUHMPLZ_0_21,14866993_ACGWBSOA_ISUHMPLZ_0,JXBWMMYOUCIK,14866993_ACGWBSOA_ISUHMPLZ_0_21,14866993_ACGWBSOA_ISUHMPLZ_0,DRSLLHUYAKQV,0
14866993_ACGWBSOA_ISUHMPLZ_0_22,14866993_ACGWBSOA_ISUHMPLZ_0,JXBWMMYOUCIK,14866993_ACGWBSOA_ISUHMPLZ_0_22,14866993_ACGWBSOA_ISUHMPLZ_0,DRSLLHUYAKQV,0
14866993_ACGWBSOA_ISUHMPLZ_0_23,14866993_ACGWBSOA_ISUHMPLZ_0,JXBWMMYOUCIK,14866993_ACGWBSOA_ISUHMPLZ_0_23,14866993_ACGWBSOA_ISUHMPLZ_0,DRSLLHUYAKQV,0
14866993_ACGWBSOA_ISUHMPLZ_0_24,14866993_ACGWBSOA_ISUHMPLZ_0,JXBWMMYOUCIK,14866993_ACGWBSOA_ISUHMPLZ_0_24,14866993_ACGWBSOA_ISUHMPLZ_0,DRSLLHUYAKQV,0
14866993_ACGWBSOA_ISUHMPLZ_0_25,14866993_ACGWBSOA_ISUHMPLZ_0,JXBWMMYOUCIK,14866993_ACGWBSOA_ISUHMPLZ_0_25,14866993_ACGWBSOA_ISUHMPLZ_0,DRSLLHUYAKQV,1
14866993_ACGWBSOA_ISUHMPLZ_0_26,14866993_ACGWBSOA_ISUHMPLZ_0,JXBWMMYOUCIK,14866993_ACGWBSOA_ISUHMPLZ_0_26,14866993_ACGWBSOA_ISUHMPLZ_0,DRSLLHUYAKQV,0
14866993_ACGWBSOA_ISUHMPLZ_0_27,14866993_ACGWBSOA_ISUHMPLZ_0,JXBWMMYOUCIK,14866993_ACGWBSOA_ISUHMPLZ_0_27,14866993_ACGWBSOA_ISUHMPLZ_0,DRSLLHUYAKQV,0
14866993_ACGWBSOA_ISUHMPLZ_0_28,14866993_ACGWBSOA_ISUHMPLZ_0,JXBWMMYOUCIK,14866993_ACGWBSOA_ISUHMPLZ_0_28,14866993_ACGWBSOA_ISUHMPLZ_0,DRSLLHUYAKQV,0
14866993_ACGWBSOA_ISUHMPLZ_0_29,14866993_ACGWBSOA_ISUHMPLZ_0,JXBWMMYOUCIK,14866993_ACGWBSOA_ISUHMPLZ_0_29,14866993_ACGWBSOA_ISUHMPLZ_0,DRSLLHUYAKQV,0
14866993_ACGWBSOA_ISUHMPLZ_0_30,14866993_ACGWBSOA_ISUHMPLZ_0,JXBWMMYOUCIK,14866993_ACGWBSOA_ISUHMPLZ_0_30,14866993_ACGWBSOA_ISUHMPLZ_0,DRSLLHUYAKQV,0
14866993_ACGWBSOA_ISUHMPLZ_0_31,14866993_ACGWBSOA_ISUHMPLZ_0,JXBWMMYOUCIK,14866993_ACGWBSOA_ISUHMPLZ_0_31,14866993_ACGWBSOA_ISUHMPLZ_0,DRSLLHUYAKQV,0
14866993_ACGWBSOA_ISUHMPLZ_0_32,14866993_ACGWBSOA_ISUHMPLZ_0,JXBWMMYOUCIK,14866993_ACGWBSOA_ISUHMPLZ_0_32,14866993_ACGWBSOA_ISUHMPLZ_0,DRSLLHUYAKQV,0
58777643_DATFQLJO_MYHFUROV_0_0,58777643_DATFQLJO_MYHFUROV_0,BKWXOKMTVCCX,58777643_DATFQLJO_MYHFUROV_0_0,58777643_DATFQLJO_MYHFUROV_0,JDYHOIIWXZDD,0
58777643_DATFQLJO_MYHFUROV_0_1,58777643_DATFQLJO_MYHFUROV_0,BKWXOKMTVCCX,58777643_DATFQLJO_MYHFUROV_0_1,58777643_DATFQLJO_MYHFUROV_0,JDYHOIIWXZDD,0
58777643_DATFQLJO_MYHFUROV_0_2,58777643_DATFQLJO_MYHFUROV_0,BKWXOKMTVCCX,58777643_DATFQLJO_MYHFUROV_0_2,58777643_DATFQLJO_MYHFUROV_0,JDYHOIIWXZDD,0
58777643_DATFQLJO_MYHFUROV_0_3,58777643_DATFQLJO_MYHFUROV_0,BKWXOKMTVCCX,58777643_DATFQLJO_MYHFUROV_0_3,58777643_DATFQLJO_MYHFUROV_0,JDYHOIIWXZDD,0
58777643_DATFQLJO_MYHFUROV_0_4,58777643_DATFQLJO_MYHFUROV_0,BKWXOKMTVCCX,58777643_DATFQLJO_MYHFUROV_0_4,58777643_DATFQLJO_MYHFUROV_0,JDYHOIIWXZDD,0
58777643_DATFQLJO_MYHFUROV_0_5,58777643_DATFQLJO_MYHFUROV_0,BKWXOKMTVCCX,58777643_DATFQLJO_MYHFUROV_0_5,58777643_DATFQLJO_MYHFUROV_0,JDYHOIIWXZDD,0
58777643_DATFQLJO_MYHFUROV_0_6,58777643_DATFQLJO_MYHFUROV_0,BKWXOKMTVCCX,58777643_DATFQLJO_MYHFUROV_0_6,58777643_DATFQLJO_MYHFUROV_0,JDYHOIIWXZDD,0
58777643_DATFQLJO_MYHFUROV_0_7,58777643_DATFQLJO_MYHFUROV_0,BKWXOKMTVCCX,58777643_DATFQLJO_MYHFUROV_0_7,58777643_DATFQLJO_MYHFUROV_0,JDYHOIIWXZDD,0
58777643_DATFQLJO_MYHFUROV_0_8,58777643_DATFQLJO_MYHFUROV_0,BKWXOKMTVCCX,58777643_DATFQLJO_MYHFUROV_0_8,58777643_DATFQLJO_MYHFUROV_0,JDYHOIIWXZDD,0
58777643_DATFQLJO_MYHFUROV_0_9,58777643_DATFQLJO_MYHFUROV_0,BKWXOKMTVCCX,58777643_DATFQLJO_MYHFUROV_0_9,58777643_DATFQLJO_MYHFUROV_0,JDYHOIIWXZDD,0
58777643_DATFQLJO_MYHFUROV_0_10,58777643_DATFQLJO_MYHFUROV_0,BKWXOKMTVCCX,58777643_DATFQLJO_MYHFUROV_0_10,58777643_DATFQLJO_MYHFUROV_0,JDYHOIIWXZDD,0
58777643_DATFQLJO_MYHFUROV_0_11,58777643_DATFQLJO_MYHFUROV_0,BKWXOKMTVCCX,58777643_DATFQLJO_MYHFUROV_0_11,58777643_DATFQLJO_MYHFUROV_0,JDYHOIIWXZDD,0
58777643_DATFQLJO_MYHFUROV_0_12,58777643_DATFQLJO_MYHFUROV_0,BKWXOKMTVCCX,58777643_DATFQLJO_MYHFUROV_0_12,58777643_DATFQLJO_MYHFUROV_0,JDYHOIIWXZDD,0
58777643_DATFQLJO_MYHFUROV_0_13,58777643_DATFQLJO_MYHFUROV_0,BKWXOKMTVCCX,58777643_DATFQLJO_MYHFUROV_0_13,58777643_DATFQLJO_MYHFUROV_0,JDYHOIIWXZDD,0
58777643_DATFQLJO_MYHFUROV_0_14,58777643_DATFQLJO_MYHFUROV_0,BKWXOKMTVCCX,58777643_DATFQLJO_MYHFUROV_0_14,58777643_DATFQLJO_MYHFUROV_0,JDYHOIIWXZDD,0
58777643_DATFQLJO_MYHFUROV_0_15,58777643_DATFQLJO_MYHFUROV_0,BKWXOKMTVCCX,58777643_DATFQLJO_MYHFUROV_0_15,58777643_DATFQLJO_MYHFUROV_0,JDYHOIIWXZDD,0
58777643_DATFQLJO_MYHFUROV_0_16,58777643_DATFQLJO_MYHFUROV_0,BKWXOKMTVCCX,58777643_DATFQLJO_MYHFUROV_0_16,58777643_DATFQLJO_MYHFUROV_0,JDYHOIIWXZDD,0
58777643_DATFQLJO_MYHFUROV_0_17,58777643_DATFQLJO_MYHFUROV_0,BKWXOKMTVCCX,58777643_DATFQLJO_MYHFUROV_0_17,58777643_DATFQLJO_MYHFUROV_0,JDYHOIIWXZDD,0
58777643_DATFQLJO_MYHFUROV_0_18,58777643_DATFQLJO_MYHFUROV_0,BKWXOKMTVCCX,58777643_DATFQLJO_MYHFUROV_0_18,58777643_DATFQLJO_MYHFUROV_0,JDYHOIIWXZDD,0
58777643_DATFQLJO_MYHFUROV_0_19,58777643_DATFQLJO_MYHFUROV_0,BKWXOKMTVCCX,58777643_DATFQLJO_MYHFUROV_0_19,58777643_DATFQLJO_MYHFUROV_0,JDYHOIIWXZDD,0
58777643_DATFQLJO_MYHFUROV_0_20,58777643_DATFQLJO_MYHFUROV_0,BKWXOKMTVCCX,58777643_DATFQLJO_MYHFUROV_0_20,58777643_DATFQLJO_MYHFUROV_0,JDYHOIIWXZDD,0
58777643_DATFQLJO_MYHFUROV_0_21,58777643_DATFQLJO_MYHFUROV_0,BKWXOKMTVCCX,58777643_DATFQLJO_MYHFUROV_0_21,58777643_DATFQLJO_MYHFUROV_0,JDYHOIIWXZDD,0
58777643_DATFQLJO_MYHFUROV_0_22,58777643_DATFQLJO_MYHFUROV_0,BKWXOKMTVCCX,58777643_DATFQLJO_MYHFUROV_0_22,58777643_DATFQLJO_MYHFUROV_0,JDYHOIIWXZDD,0
58777643_DATFQLJO_MYHFUROV_0_23,58777643_DATFQLJO_MYHFUROV_0,BKWXOKMTVCCX,58777643_DATFQLJO_MYHFUROV_0_23,58777643_DATFQLJO_MYHFUROV_0,JDYHOIIWXZDD,0
58777643_DATFQLJO_MYHFUROV_0_24,58777643_DATFQLJO_MYHFUROV_0,BKWXOKMTVCCX,58777643_DATFQLJO_MYHFUROV_0_24,58777643_DATFQLJO_MYHFUROV_0,JDYHOIIWXZDD,0
58777643_DATFQLJO_MYHFUROV_0_25,58777643_DATFQLJO_MYHFUROV_0,BKWXOKMTVCCX,58777643_DATFQLJO_MYHFUROV_0_25,58777643_DATFQLJO_MYHFUROV_0,JDYHOIIWXZDD,0
58777643_DATFQLJO_MYHFUROV_0_26,58777643_DATFQLJO_MYHFUROV_0,BKWXOKMTVCCX,58777643_DATFQLJO_MYHFUROV_0_26,58777643_DATFQLJO_MYHFUROV_0,JDYHOIIWXZDD,0
58777643_DATFQLJO_MYHFUROV_0_27,58777643_DATFQLJO_MYHFUROV_0,BKWXOKMTVCCX,58777643_DATFQLJO_MYHFUROV_0_27,58777643_DATFQLJO_MYHFUROV_0,JDYHOIIWXZDD,0
58777643_DATFQLJO_MYHFUROV_0_28,58777643_DATFQLJO_MYHFUROV_0,BKWXOKMTVCCX,58777643_DATFQLJO_MYHFUROV_0_28,58777643_DATFQLJO_MYHFUROV_0,JDYHOIIWXZDD,0
58777643_DATFQLJO_MYHFUROV_0_29,58777643_DATFQLJO_MYHFUROV_0,BKWXOKMTVCCX,58777643_DATFQLJO_MYHFUROV_0_29,58777643_DATFQLJO_MYHFUROV_0,JDYHOIIWXZDD,0
58777643_DATFQLJO_MYHFUROV_0_30,58777643_DATFQLJO_MYHFUROV_0,BKWXOKMTVCCX,58777643_DATFQLJO_MYHFUROV_0_30,58777643_DATFQLJO_MYHFUROV_0,JDYHOIIWXZDD,0
58777643_DATFQLJO_MYHFUROV_0_31,58777643_DATFQLJO_MYHFUROV_0,BKWXOKMTVCCX,58777643_DATFQLJO_MYHFUROV_0_31,58777643_DATFQLJO_MYHFUROV_0,JDYHOIIWXZDD,0
58777643_DATFQLJO_MYHFUROV_0_32,58777643_DATFQLJO_MYHFUROV_0,BKWXOKMTVCCX,58777643_DATFQLJO_MYHFUROV_0_32,58777643_DATFQLJO_MYHFUROV_0,JDYHOIIWXZDD,0
58777643_DATFQLJO_MYHFUROV_0_33,58777643_DATFQLJO_MYHFUROV_0,BKWXOKMTVCCX,58777643_DATFQLJO_MYHFUROV_0_33,58777643_DATFQLJO_MYHFUROV_0,JDYHOIIWXZDD,0
58777643_DATFQLJO_MYHFUROV_0_34,58777643_DATFQLJO_MYHFUROV_0,BKWXOKMTVCCX,58777643_DATFQLJO_MYHFUROV_0_34,58777643_DATFQLJO_MYHFUROV_0,JDYHOIIWXZDD,0
58777643_DATFQLJO_MYHFUROV_0_35,58777643_DATFQLJO_MYHFUROV_0,BKWXOKMTVCCX,58777643_DATFQLJO_MYHFUROV_0_35,58777643_DATFQLJO_MYHFUROV_0,JDYHOIIWXZDD,0
58777643_DATFQLJO_MYHFUROV_0_36,58777643_DATFQLJO_MYHFUROV_0,BKWXOKMTVCCX,58777643_DATFQLJO_MYHFUROV_0_36,58777643_DATFQLJO_MYHFUROV_0,JDYHOIIWXZDD,0
58777643_DATFQLJO_MYHFUROV_0_37,58777643_DATFQLJO_MYHFUROV_0,BKWXOKMTVCCX,58777643_DATFQLJO_MYHFUROV_0_37,58777643_DATFQLJO_MYHFUROV_0,JDYHOIIWXZDD,0
58777643_DATFQLJO_MYHFUROV_0_38,58777643_DATFQLJO_MYHFUROV_0,BKWXOKMTVCCX,58777643_DATFQLJO_MYHFUROV_0_38,58777643_DATFQLJO_MYHFUROV_0,JDYHOIIWXZDD,0
58777643_DATFQLJO_MYHFUROV_0_39,58777643_DATFQLJO_MYHFUROV_0,BKWXOKMTVCCX,58777643_DATFQLJO_MYHFUROV_0_39,58777643_DATFQLJO_MYHFUROV_0,JDYHOIIWXZDD,0
58777643_DATFQLJO_MYHFUROV_0_40,58777643_DATFQLJO_MYHFUROV_0,BKWXOKMTVCCX,58777643_DATFQLJO_MYHFUROV_0_40,58777643_DATFQLJO_MYHFUROV_0,JDYHOIIWXZDD,0
58777643_DATFQLJO_MYHFUROV_0_41,58777643_DATFQLJO_MYHFUROV_0,BKWXOKMTVCCX,58777643_DATFQLJO_MYHFUROV_0_41,58777643_DATFQLJO_MYHFUROV_0,JDYHOIIWXZDD,0
58777643_DATFQLJO_MYHFUROV_0_42,58777643_DATFQLJO_MYHFUROV_0,BKWXOKMTVCCX,58777643_DATFQLJO_MYHFUROV_0_42,58777643_DATFQLJO_MYHFUROV_0,JDYHOIIWXZDD,0
58777643_DATFQLJO_MYHFUROV_0_43,58777643_DATFQLJO_MYHFUROV_0,BKWXOKMTVCCX,58777643_DATFQLJO_MYHFUROV_0_43,58777643_DATFQLJO_MYHFUROV_0,JDYHOIIWXZDD,0
58777643_DATFQLJO_MYHFUROV_0_44,58777643_DATFQLJO_MYHFUROV_0,BKWXOKMTVCCX,58777643_DATFQLJO_MYHFUROV_0_44,58777643_DATFQLJO_MYHFUROV_0,JDYHOIIWXZDD,0
58777643_DATFQLJO_MYHFUROV_0_45,58777643_DATFQLJO_MYHFUROV_0,BKWXOKMTVCCX,58777643_DATFQLJO_MYHFUROV_0_45,58777643_DATFQLJO_MYHFUROV_0,JDYHOIIWXZDD,0
58777643_DATFQLJO_MYHFUROV_0_46,58777643_DATFQLJO_MYHFUROV_0,BKWXOKMTVCCX,58777643_DATFQLJO_MYHFUROV_0_46,58777643_DATFQLJO_MYHFUROV_0,JDYHOIIWXZDD,0
58777643_DATFQLJO_MYHFUROV_0_47,58777643_DATFQLJO_MYHFUROV_0,BKWXOKMTVCCX,58777643_DATFQLJO_MYHFUROV_0_47,58777643_DATFQLJO_MYHFUROV_0,JDYHOIIWXZDD,0
58777643_DATFQLJO_MYHFUROV_0_48,58777643_DATFQLJO_MYHFUROV_0,BKWXOKMTVCCX,58777643_DATFQLJO_MYHFUROV_0_48,58777643_DATFQLJO_MYHFUROV_0,JDYHOIIWXZDD,0
58777643_DATFQLJO_MYHFUROV_0_49,58777643_DATFQLJO_MYHFUROV_0,BKWXOKMTVCCX,58777643_DATFQLJO_MYHFUROV_0_49,58777643_DATFQLJO_MYHFUROV_0,JDYHOIIWXZDD,0
58777643_DATFQLJO_MYHFUROV_0_50,58777643_DATFQLJO_MYHFUROV_0,BKWXOKMTVCCX,58777643_DATFQLJO_MYHFUROV_0_50,58777643_DATFQLJO_MYHFUROV_0,JDYHOIIWXZDD,0
58777643_DATFQLJO_MYHFUROV_0_51,58777643_DATFQLJO_MYHFUROV_0,BKWXOKMTVCCX,58777643_DATFQLJO_MYHFUROV_0_51,58777643_DATFQLJO_MYHFUROV_0,JDYHOIIWXZDD,0
58777643_DATFQLJO_MYHFUROV_0_52,58777643_DATFQLJO_MYHFUROV_0,BKWXOKMTVCCX,58777643_DATFQLJO_MYHFUROV_0_52,58777643_DATFQLJO_MYHFUROV_0,JDYHOIIWXZDD,0
58777643_DATFQLJO_MYHFUROV_0_53,58777643_DATFQLJO_MYHFUROV_0,BKWXOKMTVCCX,58777643_DATFQLJO_MYHFUROV_0_53,58777643_DATFQLJO_MYHFUROV_0,JDYHOIIWXZDD,0
58777643_DATFQLJO_MYHFUROV_0_54,58777643_DATFQLJO_MYHFUROV_0,BKWXOKMTVCCX,58777643_DATFQLJO_MYHFUROV_0_54,58777643_DATFQLJO_MYHFUROV_0,JDYHOIIWXZDD,0
58777643_DATFQLJO_MYHFUROV_0_55,58777643_DATFQLJO_MYHFUROV_0,BKWXOKMTVCCX,58777643_DATFQLJO_MYHFUROV_0_55,58777643_DATFQLJO_MYHFUROV_0,JDYHOIIWXZDD,0
58777643_DATFQLJO_MYHFUROV_0_56,58777643_DATFQLJO_MYHFUROV_0,BKWXOKMTVCCX,58777643_DATFQLJO_MYHFUROV_0_56,58777643_DATFQLJO_MYHFUROV_0,JDYHOIIWXZDD,0
58777643_DATFQLJO_MYHFUROV_0_57,58777643_DATFQLJO_MYHFUROV_0,BKWXOKMTVCCX,58777643_DATFQLJO_MYHFUROV_0_57,58777643_DATFQLJO_MYHFUROV_0,JDYHOIIWXZDD,0
58777643_DATFQLJO_MYHFUROV_0_58,58777643_DATFQLJO_MYHFUROV_0,BKWXOKMTVCCX,58777643_DATFQLJO_MYHFUROV_0_58,58777643_DATFQLJO_MYHFUROV_0,JDYHOIIWXZDD,0
58777643_DATFQLJO_MYHFUROV_0_59,58777643_DATFQLJO_MYHFUROV_0,BKWXOKMTVCCX,58777643_DATFQLJO_MYHFUROV_0_59,58777643_DATFQLJO_MYHFUROV_0,JDYHOIIWXZDD,0
58777643_DATFQLJO_MYHFUROV_0_60,58777643_DATFQLJO_MYHFUROV_0,BKWXOKMTVCCX,58777643_DATFQLJO_MYHFUROV_0_60,58777643_DATFQLJO_MYHFUROV_0,JDYHOIIWXZDD,0
58777643_DATFQLJO_MYHFUROV_0_61,58777643_DATFQLJO_MYHFUROV_0,BKWXOKMTVCCX,58777643_DATFQLJO_MYHFUROV_0_61,58777643_DATFQLJO_MYHFUROV_0,JDYHOIIWXZDD,0
58777643_DATFQLJO_MYHFUROV_0_62,58777643_DATFQLJO_MYHFUROV_0,BKWXOKMTVCCX,58777643_DATFQLJO_MYHFUROV_0_62,58777643_DATFQLJO_MYHFUROV_0,JDYHOIIWXZDD,0
58777643_DATFQLJO_MYHFUROV_0_63,58777643_DATFQLJO_MYHFUROV_0,BKWXOKMTVCCX,58777643_DATFQLJO_MYHFUROV_0_63,58777643_DATFQLJO_MYHFUROV_0,JDYHOIIWXZDD,0
58777643_DATFQLJO_MYHFUROV_0_64,58777643_DATFQLJO_MYHFUROV_0,BKWXOKMTVCCX,58777643_DATFQLJO_MYHFUROV_0_64,58777643_DATFQLJO_MYHFUROV_0,JDYHOIIWXZDD,0
58777643_DATFQLJO_MYHFUROV_0_65,58777643_DATFQLJO_MYHFUROV_0,BKWXOKMTVCCX,58777643_DATFQLJO_MYHFUROV_0_65,58777643_DATFQLJO_MYHFUROV_0,JDYHOIIWXZDD,0
58777643_DATFQLJO_MYHFUROV_0_66,58777643_DATFQLJO_MYHFUROV_0,BKWXOKMTVCCX,58777643_DATFQLJO_MYHFUROV_0_66,58777643_DATFQLJO_MYHFUROV_0,JDYHOIIWXZDD,0
58777643_DATFQLJO_MYHFUROV_0_67,58777643_DATFQLJO_MYHFUROV_0,BKWXOKMTVCCX,58777643_DATFQLJO_MYHFUROV_0_67,58777643_DATFQLJO_MYHFUROV_0,JDYHOIIWXZDD,0
58777643_DATFQLJO_MYHFUROV_0_68,58777643_DATFQLJO_MYHFUROV_0,BKWXOKMTVCCX,58777643_DATFQLJO_MYHFUROV_0_68,58777643_DATFQLJO_MYHFUROV_0,JDYHOIIWXZDD,0
58777643_DATFQLJO_MYHFUROV_0_69,58777643_DATFQLJO_MYHFUROV_0,BKWXOKMTVCCX,58777643_DATFQLJO_MYHFUROV_0_69,58777643_DATFQLJO_MYHFUROV_0,JDYHOIIWXZDD,0
58777643_DATFQLJO_MYHFUROV_0_70,58777643_DATFQLJO_MYHFUROV_0,BKWXOKMTVCCX,58777643_DATFQLJO_MYHFUROV_0_70,58777643_DATFQLJO_MYHFUROV_0,JDYHOIIWXZDD,0
58777643_DATFQLJO_MYHFUROV_0_71,58777643_DATFQLJO_MYHFUROV_0,BKWXOKMTVCCX,58777643_DATFQLJO_MYHFUROV_0_71,58777643_DATFQLJO_MYHFUROV_0,JDYHOIIWXZDD,0
58777643_DATFQLJO_MYHFUROV_0_72,58777643_DATFQLJO_MYHFUROV_0,BKWXOKMTVCCX,58777643_DATFQLJO_MYHFUROV_0_72,58777643_DATFQLJO_MYHFUROV_0,JDYHOIIWXZDD,0
58777643_DATFQLJO_MYHFUROV_0_73,58777643_DATFQLJO_MYHFUROV_0,BKWXOKMTVCCX,58777643_DATFQLJO_MYHFUROV_0_73,58777643_DATFQLJO_MYHFUROV_0,JDYHOIIWXZDD,0
58777643_DATFQLJO_MYHFUROV_0_74,58777643_DATFQLJO_MYHFUROV_0,BKWXOKMTVCCX,58777643_DATFQLJO_MYHFUROV_0_74,58777643_DATFQLJO_MYHFUROV_0,JDYHOIIWXZDD,0
58777643_DATFQLJO_MYHFUROV_0_75,58777643_DATFQLJO_MYHFUROV_0,BKWXOKMTVCCX,58777643_DATFQLJO_MYHFUROV_0_75,58777643_DATFQLJO_MYHFUROV_0,JDYHOIIWXZDD,0
58777643_DATFQLJO_MYHFUROV_0_76,58777643_DATFQLJO_MYHFUROV_0,BKWXOKMTVCCX,58777643_DATFQLJO_MYHFUROV_0_76,58777643_DATFQLJO_MYHFUROV_0,JDYHOIIWXZDD,0
58777643_DATFQLJO_MYHFUROV_0_77,58777643_DATFQLJO_MYHFUROV_0,BKWXOKMTVCCX,58777643_DATFQLJO_MYHFUROV_0_77,58777643_DATFQLJO_MYHFUROV_0,JDYHOIIWXZDD,0
58777643_DATFQLJO_MYHFUROV_0_78,58777643_DATFQLJO_MYHFUROV_0,BKWXOKMTVCCX,58777643_DATFQLJO_MYHFUROV_0_78,58777643_DATFQLJO_MYHFUROV_0,JDYHOIIWXZDD,0
58777643_DATFQLJO_MYHFUROV_0_79,58777643_DATFQLJO_MYHFUROV_0,BKWXOKMTVCCX,58777643_DATFQLJO_MYHFUROV_0_79,58777643_DATFQLJO_MYHFUROV_0,JDYHOIIWXZDD,0
58777643_DATFQLJO_MYHFUROV_0_80,58777643_DATFQLJO_MYHFUROV_0,BKWXOKMTVCCX,58777643_DATFQLJO_MYHFUROV_0_80,58777643_DATFQLJO_MYHFUROV_0,JDYHOIIWXZDD,0
58777643_DATFQLJO_MYHFUROV_0_81,58777643_DATFQLJO_MYHFUROV_0,BKWXOKMTVCCX,58777643_DATFQLJO_MYHFUROV_0_81,58777643_DATFQLJO_MYHFUROV_0,JDYHOIIWXZDD,0
58777643_DATFQLJO_MYHFUROV_0_82,58777643_DATFQLJO_MYHFUROV_0,BKWXOKMTVCCX,58777643_DATFQLJO_MYHFUROV_0_82,58777643_DATFQLJO_MYHFUROV_0,JDYHOIIWXZDD,0
58777643_DATFQLJO_MYHFUROV_0_83,58777643_DATFQLJO_MYHFUROV_0,BKWXOKMTVCCX,58777643_DATFQLJO_MYHFUROV_0_83,58777643_DATFQLJO_MYHFUROV_0,JDYHOIIWXZDD,0
58777643_DATFQLJO_MYHFUROV_0_84,58777643_DATFQLJO_MYHFUROV_0,BKWXOKMTVCCX,58777643_DATFQLJO_MYHFUROV_0_84,58777643_DATFQLJO_MYHFUROV_0,JDYHOIIWXZDD,0
58777643_DATFQLJO_MYHFUROV_0_85,58777643_DATFQLJO_MYHFUROV_0,BKWXOKMTVCCX,58777643_DATFQLJO_MYHFUROV_0_85,58777643_DATFQLJO_MYHFUROV_0,JDYHOIIWXZDD,0
58777643_DATFQLJO_MYHFUROV_0_86,58777643_DATFQLJO_MYHFUROV_0,BKWXOKMTVCCX,58777643_DATFQLJO_MYHFUROV_0_86,58777643_DATFQLJO_MYHFUROV_0,JDYHOIIWXZDD,0
58777643_DATFQLJO_MYHFUROV_0_87,58777643_DATFQLJO_MYHFUROV_0,BKWXOKMTVCCX,58777643_DATFQLJO_MYHFUROV_0_87,58777643_DATFQLJO_MYHFUROV_0,JDYHOIIWXZDD,0
58777643_DATFQLJO_MYHFUROV_0_88,58777643_DATFQLJO_MYHFUROV_0,BKWXOKMTVCCX,58777643_DATFQLJO_MYHFUROV_0_88,58777643_DATFQLJO_MYHFUROV_0,JDYHOIIWXZDD,0
58777643_DATFQLJO_MYHFUROV_0_89,58777643_DATFQLJO_MYHFUROV_0,BKWXOKMTVCCX,58777643_DATFQLJO_MYHFUROV_0_89,58777643_DATFQLJO_MYHFUROV_0,JDYHOIIWXZDD,0
58777643_DATFQLJO_MYHFUROV_0_90,58777643_DATFQLJO_MYHFUROV_0,BKWXOKMTVCCX,58777643_DATFQLJO_MYHFUROV_0_90,58777643_DATFQLJO_MYHFUROV_0,JDYHOIIWXZDD,0
58777643_DATFQLJO_MYHFUROV_0_91,58777643_DATFQLJO_MYHFUROV_0,BKWXOKMTVCCX,58777643_DATFQLJO_MYHFUROV_0_91,58777643_DATFQLJO_MYHFUROV_0,JDYHOIIWXZDD,0
58777643_DATFQLJO_MYHFUROV_0_92,58777643_DATFQLJO_MYHFUROV_0,BKWXOKMTVCCX,58777643_DATFQLJO_MYHFUROV_0_92,58777643_DATFQLJO_MYHFUROV_0,JDYHOIIWXZDD,0
58777643_DATFQLJO_MYHFUROV_0_93,58777643_DATFQLJO_MYHFUROV_0,BKWXOKMTVCCX,58777643_DATFQLJO_MYHFUROV_0_93,58777643_DATFQLJO_MYHFUROV_0,JDYHOIIWXZDD,0
58777643_DATFQLJO_MYHFUROV_0_94,58777643_DATFQLJO_MYHFUROV_0,BKWXOKMTVCCX,58777643_DATFQLJO_MYHFUROV_0_94,58777643_DATFQLJO_MYHFUROV_0,JDYHOIIWXZDD,0
58777643_DATFQLJO_MYHFUROV_0_95,58777643_DATFQLJO_MYHFUROV_0,BKWXOKMTVCCX,58777643_DATFQLJO_MYHFUROV_0_95,58777643_DATFQLJO_MYHFUROV_0,JDYHOIIWXZDD,0
58777643_DATFQLJO_MYHFUROV_0_96,58777643_DATFQLJO_MYHFUROV_0,BKWXOKMTVCCX,58777643_DATFQLJO_MYHFUROV_0_96,58777643_DATFQLJO_MYHFUROV_0,JDYHOIIWXZDD,0
58777643_DATFQLJO_MYHFUROV_0_97,58777643_DATFQLJO_MYHFUROV_0,BKWXOKMTVCCX,58777643_DATFQLJO_MYHFUROV_0_97,58777643_DATFQLJO_MYHFUROV_0,JDYHOIIWXZDD,0
58777643_DATFQLJO_MYHFUROV_0_98,58777643_DATFQLJO_MYHFUROV_0,BKWXOKMTVCCX,58777643_DATFQLJO_MYHFUROV_0_98,58777643_DATFQLJO_MYHFUROV_0,JDYHOIIWXZDD,0
58777643_DATFQLJO_MYHFUROV_0_99,58777643_DATFQLJO_MYHFUROV_0,BKWXOKMTVCCX,58777643_DATFQLJO_MYHFUROV_0_99,58777643_DATFQLJO_MYHFUROV_0,JDYHOIIWXZDD,0
58777643_DATFQLJO_MYHFUROV_0_100,58777643_DATFQLJO_MYHFUROV_0,BKWXOKMTVCCX,58777643_DATFQLJO_MYHFUROV_0_100,58777643_DATFQLJO_MYHFUROV_0,JDYHOIIWXZDD,0
58777643_DATFQLJO_MYHFUROV_0_101,58777643_DATFQLJO_MYHFUROV_0,BKWXOKMTVCCX,58777643_DATFQLJO_MYHFUROV_0_101,58777643_DATFQLJO_MYHFUROV_0,JDYHOIIWXZDD,0
58777643_DATFQLJO_MYHFUROV_0_102,58777643_DATFQLJO_MYHFUROV_0,BKWXOKMTVCCX,58777643_DATFQLJO_MYHFUROV_0_102,58777643_DATFQLJO_MYHFUROV_0,JDYHOIIWXZDD,0
58777643_DATFQLJO_MYHFUROV_0_103,58777643_DATFQLJO_MYHFUROV_0,BKWXOKMTVCCX,58777643_DATFQLJO_MYHFUROV_0_103,58777643_DATFQLJO_MYHFUROV_0,JDYHOIIWXZDD,0
58777643_DATFQLJO_MYHFUROV_0_104,58777643_DATFQLJO_MYHFUROV_0,BKWXOKMTVCCX,58777643_DATFQLJO_MYHFUROV_0_104,58777643_DATFQLJO_MYHFUROV_0,JDYHOIIWXZDD,0
58777643_DATFQLJO_MYHFUROV_0_105,58777643_DATFQLJO_MYHFUROV_0,BKWXOKMTVCCX,58777643_DATFQLJO_MYHFUROV_0_105,58777643_DATFQLJO_MYHFUROV_0,JDYHOIIWXZDD,0
58777643_DATFQLJO_MYHFUROV_0_106,58777643_DATFQLJO_MYHFUROV_0,BKWXOKMTVCCX,58777643_DATFQLJO_MYHFUROV_0_106,58777643_DATFQLJO_MYHFUROV_0,JDYHOIIWXZDD,0
58777643_DATFQLJO_MYHFUROV_0_107,58777643_DATFQLJO_MYHFUROV_0,BKWXOKMTVCCX,58777643_DATFQLJO_MYHFUROV_0_107,58777643_DATFQLJO_MYHFUROV_0,JDYHOIIWXZDD,0
58777643_DATFQLJO_MYHFUROV_0_108,58777643_DATFQLJO_MYHFUROV_0,BKWXOKMTVCCX,58777643_DATFQLJO_MYHFUROV_0_108,58777643_DATFQLJO_MYHFUROV_0,JDYHOIIWXZDD,0
58777643_DATFQLJO_MYHFUROV_0_109,58777643_DATFQLJO_MYHFUROV_0,BKWXOKMTVCCX,58777643_DATFQLJO_MYHFUROV_0_109,58777643_DATFQLJO_MYHFUROV_0,JDYHOIIWXZDD,0
58777643_DATFQLJO_MYHFUROV_0_110,58777643_DATFQLJO_MYHFUROV_0,BKWXOKMTVCCX,58777643_DATFQLJO_MYHFUROV_0_110,58777643_DATFQLJO_MYHFUROV_0,JDYHOIIWXZDD,0
58777643_DATFQLJO_MYHFUROV_0_111,58777643_DATFQLJO_MYHFUROV_0,BKWXOKMTVCCX,58777643_DATFQLJO_MYHFUROV_0_111,58777643_DATFQLJO_MYHFUROV_0,JDYHOIIWXZDD,0
58777643_DATFQLJO_MYHFUROV_0_112,58777643_DATFQLJO_MYHFUROV_0,BKWXOKMTVCCX,58777643_DATFQLJO_MYHFUROV_0_112,58777643_DATFQLJO_MYHFUROV_0,JDYHOIIWXZDD,0
58777643_DATFQLJO_MYHFUROV_0_113,58777643_DATFQLJO_MYHFUROV_0,BKWXOKMTVCCX,58777643_DATFQLJO_MYHFUROV_0_113,58777643_DATFQLJO_MYHFUROV_0,JDYHOIIWXZDD,1
58777643_DATFQLJO_MYHFUROV_0_114,58777643_DATFQLJO_MYHFUROV_0,BKWXOKMTVCCX,58777643_DATFQLJO_MYHFUROV_0_114,58777643_DATFQLJO_MYHFUROV_0,JDYHOIIWXZDD,0
58777643_DATFQLJO_MYHFUROV_0_115,58777643_DATFQLJO_MYHFUROV_0,BKWXOKMTVCCX,58777643_DATFQLJO_MYHFUROV_0_115,58777643_DATFQLJO_MYHFUROV_0,JDYHOIIWXZDD,0
58777643_DATFQLJO_MYHFUROV_0_116,58777643_DATFQLJO_MYHFUROV_0,BKWXOKMTVCCX,58777643_DATFQLJO_MYHFUROV_0_116,58777643_DATFQLJO_MYHFUROV_0,JDYHOIIWXZDD,0
58777643_DATFQLJO_MYHFUROV_0_117,58777643_DATFQLJO_MYHFUROV_0,BKWXOKMTVCCX,58777643_DATFQLJO_MYHFUROV_0_117,58777643_DATFQLJO_MYHFUROV_0,JDYHOIIWXZDD,0
58777643_DATFQLJO_MYHFUROV_0_118,58777643_DATFQLJO_MYHFUROV_0,BKWXOKMTVCCX,58777643_DATFQLJO_MYHFUROV_0_118,58777643_DATFQLJO_MYHFUROV_0,JDYHOIIWXZDD,0
58777643_DATFQLJO_MYHFUROV_0_119,58777643_DATFQLJO_MYHFUROV_0,BKWXOKMTVCCX,58777643_DATFQLJO_MYHFUROV_0_119,58777643_DATFQLJO_MYHFUROV_0,JDYHOIIWXZDD,0
58777643_DATFQLJO_MYHFUROV_0_120,58777643_DATFQLJO_MYHFUROV_0,BKWXOKMTVCCX,58777643_DATFQLJO_MYHFUROV_0_120,58777643_DATFQLJO_MYHFUROV_0,JDYHOIIWXZDD,0
58777643_DATFQLJO_MYHFUROV_0_121,58777643_DATFQLJO_MYHFUROV_0,BKWXOKMTVCCX,58777643_DATFQLJO_MYHFUROV_0_121,58777643_DATFQLJO_MYHFUROV_0,JDYHOIIWXZDD,0
58777643_DATFQLJO_MYHFUROV_0_122,58777643_DATFQLJO_MYHFUROV_0,BKWXOKMTVCCX,58777643_DATFQLJO_MYHFUROV_0_122,58777643_DATFQLJO_MYHFUROV_0,JDYHOIIWXZDD,0
58777643_DATFQLJO_MYHFUROV_0_123,58777643_DATFQLJO_MYHFUROV_0,BKWXOKMTVCCX,58777643_DATFQLJO_MYHFUROV_0_123,58777643_DATFQLJO_MYHFUROV_0,JDYHOIIWXZDD,0
58777643_DATFQLJO_MYHFUROV_0_124,58777643_DATFQLJO_MYHFUROV_0,BKWXOKMTVCCX,58777643_DATFQLJO_MYHFUROV_0_124,58777643_DATFQLJO_MYHFUROV_0,JDYHOIIWXZDD,0
58777643_DATFQLJO_MYHFUROV_0_125,58777643_DATFQLJO_MYHFUROV_0,BKWXOKMTVCCX,58777643_DATFQLJO_MYHFUROV_0_125,58777643_DATFQLJO_MYHFUROV_0,JDYHOIIWXZDD,0
58777643_DATFQLJO_MYHFUROV_0_126,58777643_DATFQLJO_MYHFUROV_0,BKWXOKMTVCCX,58777643_DATFQLJO_MYHFUROV_0_126,58777643_DATFQLJO_MYHFUROV_0,JDYHOIIWXZDD,0
58777643_DATFQLJO_MYHFUROV_0_127,58777643_DATFQLJO_MYHFUROV_0,BKWXOKMTVCCX,58777643_DATFQLJO_MYHFUROV_0_127,58777643_DATFQLJO_MYHFUROV_0,JDYHOIIWXZDD,0
58777643_DATFQLJO_MYHFUROV_0_128,58777643_DATFQLJO_MYHFUROV_0,BKWXOKMTVCCX,58777643_DATFQLJO_MYHFUROV_0_128,58777643_DATFQLJO_MYHFUROV_0,JDYHOIIWXZDD,0
58777643_DATFQLJO_MYHFUROV_0_129,58777643_DATFQLJO_MYHFUROV_0,BKWXOKMTVCCX,58777643_DATFQLJO_MYHFUROV_0_129,58777643_DATFQLJO_MYHFUROV_0,JDYHOIIWXZDD,0
58777643_DATFQLJO_MYHFUROV_0_130,58777643_DATFQLJO_MYHFUROV_0,BKWXOKMTVCCX,58777643_DATFQLJO_MYHFUROV_0_130,58777643_DATFQLJO_MYHFUROV_0,JDYHOIIWXZDD,0
58777643_DATFQLJO_MYHFUROV_0_131,58777643_DATFQLJO_MYHFUROV_0,BKWXOKMTVCCX,58777643_DATFQLJO_MYHFUROV_0_131,58777643_DATFQLJO_MYHFUROV_0,JDYHOIIWXZDD,0
58777643_DATFQLJO_MYHFUROV_0_132,58777643_DATFQLJO_MYHFUROV_0,BKWXOKMTVCCX,58777643_DATFQLJO_MYHFUROV_0_132,58777643_DATFQLJO_MYHFUROV_0,JDYHOIIWXZDD,0
58777643_DATFQLJO_MYHFUROV_0_133,58777643_DATFQLJO_MYHFUROV_0,BKWXOKMTVCCX,58777643_DATFQLJO_MYHFUROV_0_133,58777643_DATFQLJO_MYHFUROV_0,JDYHOIIWXZDD,0
58777643_DATFQLJO_MYHFUROV_0_134,58777643_DATFQLJO_MYHFUROV_0,BKWXOKMTVCCX,58777643_DATFQLJO_MYHFUROV_0_134,58777643_DATFQLJO_MYHFUROV_0,JDYHOIIWXZDD,0
58777643_DATFQLJO_MYHFUROV_0_135,58777643_DATFQLJO_MYHFUROV_0,BKWXOKMTVCCX,58777643_DATFQLJO_MYHFUROV_0_135,58777643_DATFQLJO_MYHFUROV_0,JDYHOIIWXZDD,0
58777643_DATFQLJO_MYHFUROV_0_136,58777643_DATFQLJO_MYHFUROV_0,BKWXOKMTVCCX,58777643_DATFQLJO_MYHFUROV_0_136,58777643_DATFQLJO_MYHFUROV_0,JDYHOIIWXZDD,0
58777643_DATFQLJO_MYHFUROV_0_137,58777643_DATFQLJO_MYHFUROV_0,BKWXOKMTVCCX,58777643_DATFQLJO_MYHFUROV_0_137,58777643_DATFQLJO_MYHFUROV_0,JDYHOIIWXZDD,0
58777643_DATFQLJO_MYHFUROV_0_138,58777643_DATFQLJO_MYHFUROV_0,BKWXOKMTVCCX,58777643_DATFQLJO_MYHFUROV_0_138,58777643_DATFQLJO_MYHFUROV_0,JDYHOIIWXZDD,0
58777643_DATFQLJO_MYHFUROV_0_139,58777643_DATFQLJO_MYHFUROV_0,BKWXOKMTVCCX,58777643_DATFQLJO_MYHFUROV_0_139,58777643_DATFQLJO_MYHFUROV_0,JDYHOIIWXZDD,0
58777643_DATFQLJO_MYHFUROV_0_140,58777643_DATFQLJO_MYHFUROV_0,BKWXOKMTVCCX,58777643_DATFQLJO_MYHFUROV_0_140,58777643_DATFQLJO_MYHFUROV_0,JDYHOIIWXZDD,0
58777643_DATFQLJO_MYHFUROV_0_141,58777643_DATFQLJO_MYHFUROV_0,BKWXOKMTVCCX,58777643_DATFQLJO_MYHFUROV_0_141,58777643_DATFQLJO_MYHFUROV_0,JDYHOIIWXZDD,0
58777643_DATFQLJO_MYHFUROV_0_142,58777643_DATFQLJO_MYHFUROV_0,BKWXOKMTVCCX,58777643_DATFQLJO_MYHFUROV_0_142,58777643_DATFQLJO_MYHFUROV_0,JDYHOIIWXZDD,0
58777643_DATFQLJO_MYHFUROV_0_143,58777643_DATFQLJO_MYHFUROV_0,BKWXOKMTVCCX,58777643_DATFQLJO_MYHFUROV_0_143,58777643_DATFQLJO_MYHFUROV_0,JDYHOIIWXZDD,0
58777643_DATFQLJO_MYHFUROV_0_144,58777643_DATFQLJO_MYHFUROV_0,BKWXOKMTVCCX,58777643_DATFQLJO_MYHFUROV_0_144,58777643_DATFQLJO_MYHFUROV_0,JDYHOIIWXZDD,0
58777643_DATFQLJO_MYHFUROV_0_145,58777643_DATFQLJO_MYHFUROV_0,BKWXOKMTVCCX,58777643_DATFQLJO_MYHFUROV_0_145,58777643_DATFQLJO_MYHFUROV_0,JDYHOIIWXZDD,0
58777643_DATFQLJO_MYHFUROV_0_146,58777643_DATFQLJO_MYHFUROV_0,BKWXOKMTVCCX,58777643_DATFQLJO_MYHFUROV_0_146,58777643_DATFQLJO_MYHFUROV_0,JDYHOIIWXZDD,0
58777643_DATFQLJO_MYHFUROV_0_147,58777643_DATFQLJO_MYHFUROV_0,BKWXOKMTVCCX,58777643_DATFQLJO_MYHFUROV_0_147,58777643_DATFQLJO_MYHFUROV_0,JDYHOIIWXZDD,0
58777643_DATFQLJO_MYHFUROV_0_148,58777643_DATFQLJO_MYHFUROV_0,BKWXOKMTVCCX,58777643_DATFQLJO_MYHFUROV_0_148,58777643_DATFQLJO_MYHFUROV_0,JDYHOIIWXZDD,0
58777643_DATFQLJO_MYHFUROV_0_149,58777643_DATFQLJO_MYHFUROV_0,BKWXOKMTVCCX,58777643_DATFQLJO_MYHFUROV_0_149,58777643_DATFQLJO_MYHFUROV_0,JDYHOIIWXZDD,0
58777643_DATFQLJO_MYHFUROV_0_150,58777643_DATFQLJO_MYHFUROV_0,BKWXOKMTVCCX,58777643_DATFQLJO_MYHFUROV_0_150,58777643_DATFQLJO_MYHFUROV_0,JDYHOIIWXZDD,0
58777643_DATFQLJO_MYHFUROV_0_151,58777643_DATFQLJO_MYHFUROV_0,BKWXOKMTVCCX,58777643_DATFQLJO_MYHFUROV_0_151,58777643_DATFQLJO_MYHFUROV_0,JDYHOIIWXZDD,0
58777643_DATFQLJO_MYHFUROV_0_152,58777643_DATFQLJO_MYHFUROV_0,BKWXOKMTVCCX,58777643_DATFQLJO_MYHFUROV_0_152,58777643_DATFQLJO_MYHFUROV_0,JDYHOIIWXZDD,0
58777643_DATFQLJO_MYHFUROV_0_153,58777643_DATFQLJO_MYHFUROV_0,BKWXOKMTVCCX,58777643_DATFQLJO_MYHFUROV_0_153,58777643_DATFQLJO_MYHFUROV_0,JDYHOIIWXZDD,0
58777643_DATFQLJO_MYHFUROV_0_154,58777643_DATFQLJO_MYHFUROV_0,BKWXOKMTVCCX,58777643_DATFQLJO_MYHFUROV_0_154,58777643_DATFQLJO_MYHFUROV_0,JDYHOIIWXZDD,0
58777643_DATFQLJO_MYHFUROV_0_155,58777643_DATFQLJO_MYHFUROV_0,BKWXOKMTVCCX,58777643_DATFQLJO_MYHFUROV_0_155,58777643_DATFQLJO_MYHFUROV_0,JDYHOIIWXZDD,0
58777643_DATFQLJO_MYHFUROV_0_156,58777643_DATFQLJO_MYHFUROV_0,BKWXOKMTVCCX,58777643_DATFQLJO_MYHFUROV_0_156,58777643_DATFQLJO_MYHFUROV_0,JDYHOIIWXZDD,0
58777643_DATFQLJO_MYHFUROV_0_157,58777643_DATFQLJO_MYHFUROV_0,BKWXOKMTVCCX,58777643_DATFQLJO_MYHFUROV_0_157,58777643_DATFQLJO_MYHFUROV_0,JDYHOIIWXZDD,0
58777643_DATFQLJO_MYHFUROV_0_158,58777643_DATFQLJO_MYHFUROV_0,BKWXOKMTVCCX,58777643_DATFQLJO_MYHFUROV_0_158,58777643_DATFQLJO_MYHFUROV_0,JDYHOIIWXZDD,0
58777643_DATFQLJO_MYHFUROV_0_159,58777643_DATFQLJO_MYHFUROV_0,BKWXOKMTVCCX,58777643_DATFQLJO_MYHFUROV_0_159,58777643_DATFQLJO_MYHFUROV_0,JDYHOIIWXZDD,0
58777643_DATFQLJO_MYHFUROV_0_160,58777643_DATFQLJO_MYHFUROV_0,BKWXOKMTVCCX,58777643_DATFQLJO_MYHFUROV_0_160,58777643_DATFQLJO_MYHFUROV_0,JDYHOIIWXZDD,0
58777643_DATFQLJO_MYHFUROV_0_161,58777643_DATFQLJO_MYHFUROV_0,BKWXOKMTVCCX,58777643_DATFQLJO_MYHFUROV_0_161,58777643_DATFQLJO_MYHFUROV_0,JDYHOIIWXZDD,0
58777643_DATFQLJO_MYHFUROV_0_162,58777643_DATFQLJO_MYHFUROV_0,BKWXOKMTVCCX,58777643_DATFQLJO_MYHFUROV_0_162,58777643_DATFQLJO_MYHFUROV_0,JDYHOIIWXZDD,0
58777643_DATFQLJO_MYHFUROV_0_163,58777643_DATFQLJO_MYHFUROV_0,BKWXOKMTVCCX,58777643_DATFQLJO_MYHFUROV_0_163,58777643_DATFQLJO_MYHFUROV_0,JDYHOIIWXZDD,0
58777643_DATFQLJO_MYHFUROV_0_164,58777643_DATFQLJO_MYHFUROV_0,BKWXOKMTVCCX,58777643_DATFQLJO_MYHFUROV_0_164,58777643_DATFQLJO_MYHFUROV_0,JDYHOIIWXZDD,0
58777643_DATFQLJO_MYHFUROV_0_165,58777643_DATFQLJO_MYHFUROV_0,BKWXOKMTVCCX,58777643_DATFQLJO_MYHFUROV_0_165,58777643_DATFQLJO_MYHFUROV_0,JDYHOIIWXZDD,0
58777643_DATFQLJO_MYHFUROV_0_166,58777643_DATFQLJO_MYHFUROV_0,BKWXOKMTVCCX,58777643_DATFQLJO_MYHFUROV_0_166,58777643_DATFQLJO_MYHFUROV_0,JDYHOIIWXZDD,0
58777643_DATFQLJO_MYHFUROV_0_167,58777643_DATFQLJO_MYHFUROV_0,BKWXOKMTVCCX,58777643_DATFQLJO_MYHFUROV_0_167,58777643_DATFQLJO_MYHFUROV_0,JDYHOIIWXZDD,0
58777643_DATFQLJO_MYHFUROV_0_168,58777643_DATFQLJO_MYHFUROV_0,BKWXOKMTVCCX,58777643_DATFQLJO_MYHFUROV_0_168,58777643_DATFQLJO_MYHFUROV_0,JDYHOIIWXZDD,0
58777643_DATFQLJO_MYHFUROV_0_169,58777643_DATFQLJO_MYHFUROV_0,BKWXOKMTVCCX,58777643_DATFQLJO_MYHFUROV_0_169,58777643_DATFQLJO_MYHFUROV_0,JDYHOIIWXZDD,0
58777643_DATFQLJO_MYHFUROV_0_170,58777643_DATFQLJO_MYHFUROV_0,BKWXOKMTVCCX,58777643_DATFQLJO_MYHFUROV_0_170,58777643_DATFQLJO_MYHFUROV_0,JDYHOIIWXZDD,0
58777643_DATFQLJO_MYHFUROV_0_171,58777643_DATFQLJO_MYHFUROV_0,BKWXOKMTVCCX,58777643_DATFQLJO_MYHFUROV_0_171,58777643_DATFQLJO_MYHFUROV_0,JDYHOIIWXZDD,0
58777643_DATFQLJO_MYHFUROV_0_172,58777643_DATFQLJO_MYHFUROV_0,BKWXOKMTVCCX,58777643_DATFQLJO_MYHFUROV_0_172,58777643_DATFQLJO_MYHFUROV_0,JDYHOIIWXZDD,0
58777643_DATFQLJO_MYHFUROV_0_173,58777643_DATFQLJO_MYHFUROV_0,BKWXOKMTVCCX,58777643_DATFQLJO_MYHFUROV_0_173,58777643_DATFQLJO_MYHFUROV_0,JDYHOIIWXZDD,0
58777643_DATFQLJO_MYHFUROV_0_174,58777643_DATFQLJO_MYHFUROV_0,BKWXOKMTVCCX,58777643_DATFQLJO_MYHFUROV_0_174,58777643_DATFQLJO_MYHFUROV_0,JDYHOIIWXZDD,0
58777643_DATFQLJO_MYHFUROV_0_175,58777643_DATFQLJO_MYHFUROV_0,BKWXOKMTVCCX,58777643_DATFQLJO_MYHFUROV_0_175,58777643_DATFQLJO_MYHFUROV_0,JDYHOIIWXZDD,0
58777643_DATFQLJO_MYHFUROV_0_176,58777643_DATFQLJO_MYHFUROV_0,BKWXOKMTVCCX,58777643_DATFQLJO_MYHFUROV_0_176,58777643_DATFQLJO_MYHFUROV_0,JDYHOIIWXZDD,0
58777643_DATFQLJO_MYHFUROV_0_177,58777643_DATFQLJO_MYHFUROV_0,BKWXOKMTVCCX,58777643_DATFQLJO_MYHFUROV_0_177,58777643_DATFQLJO_MYHFUROV_0,JDYHOIIWXZDD,0
58777643_DATFQLJO_MYHFUROV_0_178,58777643_DATFQLJO_MYHFUROV_0,BKWXOKMTVCCX,58777643_DATFQLJO_MYHFUROV_0_178,58777643_DATFQLJO_MYHFUROV_0,JDYHOIIWXZDD,0
58777643_DATFQLJO_MYHFUROV_0_179,58777643_DATFQLJO_MYHFUROV_0,BKWXOKMTVCCX,58777643_DATFQLJO_MYHFUROV_0_179,58777643_DATFQLJO_MYHFUROV_0,JDYHOIIWXZDD,0
58777643_DATFQLJO_MYHFUROV_0_180,58777643_DATFQLJO_MYHFUROV_0,BKWXOKMTVCCX,58777643_DATFQLJO_MYHFUROV_0_180,58777643_DATFQLJO_MYHFUROV_0,JDYHOIIWXZDD,0
58777643_DATFQLJO_MYHFUROV_0_181,58777643_DATFQLJO_MYHFUROV_0,BKWXOKMTVCCX,58777643_DATFQLJO_MYHFUROV_0_181,58777643_DATFQLJO_MYHFUROV_0,JDYHOIIWXZDD,0
58777643_DATFQLJO_MYHFUROV_0_182,58777643_DATFQLJO_MYHFUROV_0,BKWXOKMTVCCX,58777643_DATFQLJO_MYHFUROV_0_182,58777643_DATFQLJO_MYHFUROV_0,JDYHOIIWXZDD,0
58777643_DATFQLJO_MYHFUROV_0_183,58777643_DATFQLJO_MYHFUROV_0,BKWXOKMTVCCX,58777643_DATFQLJO_MYHFUROV_0_183,58777643_DATFQLJO_MYHFUROV_0,JDYHOIIWXZDD,0
58777643_DATFQLJO_MYHFUROV_0_184,58777643_DATFQLJO_MYHFUROV_0,BKWXOKMTVCCX,58777643_DATFQLJO_MYHFUROV_0_184,58777643_DATFQLJO_MYHFUROV_0,JDYHOIIWXZDD,0
58777643_DATFQLJO_MYHFUROV_0_185,58777643_DATFQLJO_MYHFUROV_0,BKWXOKMTVCCX,58777643_DATFQLJO_MYHFUROV_0_185,58777643_DATFQLJO_MYHFUROV_0,JDYHOIIWXZDD,0
58777643_DATFQLJO_MYHFUROV_0_186,58777643_DATFQLJO_MYHFUROV_0,BKWXOKMTVCCX,58777643_DATFQLJO_MYHFUROV_0_186,58777643_DATFQLJO_MYHFUROV_0,JDYHOIIWXZDD,0
58777643_DATFQLJO_MYHFUROV_0_187,58777643_DATFQLJO_MYHFUROV_0,BKWXOKMTVCCX,58777643_DATFQLJO_MYHFUROV_0_187,58777643_DATFQLJO_MYHFUROV_0,JDYHOIIWXZDD,0
58777643_DATFQLJO_MYHFUROV_0_188,58777643_DATFQLJO_MYHFUROV_0,BKWXOKMTVCCX,58777643_DATFQLJO_MYHFUROV_0_188,58777643_DATFQLJO_MYHFUROV_0,JDYHOIIWXZDD,0
58777643_DATFQLJO_MYHFUROV_0_189,58777643_DATFQLJO_MYHFUROV_0,BKWXOKMTVCCX,58777643_DATFQLJO_MYHFUROV_0_189,58777643_DATFQLJO_MYHFUROV_0,JDYHOIIWXZDD,0
58777643_DATFQLJO_MYHFUROV_0_190,58777643_DATFQLJO_MYHFUROV_0,BKWXOKMTVCCX,58777643_DATFQLJO_MYHFUROV_0_190,58777643_DATFQLJO_MYHFUROV_0,JDYHOIIWXZDD,0
58777643_DATFQLJO_MYHFUROV_0_191,58777643_DATFQLJO_MYHFUROV_0,BKWXOKMTVCCX,58777643_DATFQLJO_MYHFUROV_0_191,58777643_DATFQLJO_MYHFUROV_0,JDYHOIIWXZDD,0
58777643_DATFQLJO_MYHFUROV_0_192,58777643_DATFQLJO_MYHFUROV_0,BKWXOKMTVCCX,58777643_DATFQLJO_MYHFUROV_0_192,58777643_DATFQLJO_MYHFUROV_0,JDYHOIIWXZDD,0
58777643_DATFQLJO_MYHFUROV_0_193,58777643_DATFQLJO_MYHFUROV_0,BKWXOKMTVCCX,58777643_DATFQLJO_MYHFUROV_0_193,58777643_DATFQLJO_MYHFUROV_0,JDYHOIIWXZDD,0
58777643_DATFQLJO_MYHFUROV_0_194,58777643_DATFQLJO_MYHFUROV_0,BKWXOKMTVCCX,58777643_DATFQLJO_MYHFUROV_0_194,58777643_DATFQLJO_MYHFUROV_0,JDYHOIIWXZDD,0
58777643_DATFQLJO_MYHFUROV_0_195,58777643_DATFQLJO_MYHFUROV_0,BKWXOKMTVCCX,58777643_DATFQLJO_MYHFUROV_0_195,58777643_DATFQLJO_MYHFUROV_0,JDYHOIIWXZDD,0
58777643_DATFQLJO_MYHFUROV_0_196,58777643_DATFQLJO_MYHFUROV_0,BKWXOKMTVCCX,58777643_DATFQLJO_MYHFUROV_0_196,58777643_DATFQLJO_MYHFUROV_0,JDYHOIIWXZDD,0
58777643_DATFQLJO_MYHFUROV_0_197,58777643_DATFQLJO_MYHFUROV_0,BKWXOKMTVCCX,58777643_DATFQLJO_MYHFUROV_0_197,58777643_DATFQLJO_MYHFUROV_0,JDYHOIIWXZDD,0
58777643_DATFQLJO_MYHFUROV_0_198,58777643_DATFQLJO_MYHFUROV_0,BKWXOKMTVCCX,58777643_DATFQLJO_MYHFUROV_0_198,58777643_DATFQLJO_MYHFUROV_0,JDYHOIIWXZDD,0
58777643_DATFQLJO_MYHFUROV_0_199,58777643_DATFQLJO_MYHFUROV_0,BKWXOKMTVCCX,58777643_DATFQLJO_MYHFUROV_0_199,58777643_DATFQLJO_MYHFUROV_0,JDYHOIIWXZDD,0
58777643_DATFQLJO_MYHFUROV_0_200,58777643_DATFQLJO_MYHFUROV_0,BKWXOKMTVCCX,58777643_DATFQLJO_MYHFUROV_0_200,58777643_DATFQLJO_MYHFUROV_0,JDYHOIIWXZDD,0
58777643_DATFQLJO_MYHFUROV_0_201,58777643_DATFQLJO_MYHFUROV_0,BKWXOKMTVCCX,58777643_DATFQLJO_MYHFUROV_0_201,58777643_DATFQLJO_MYHFUROV_0,JDYHOIIWXZDD,0
58777643_DATFQLJO_MYHFUROV_0_202,58777643_DATFQLJO_MYHFUROV_0,BKWXOKMTVCCX,58777643_DATFQLJO_MYHFUROV_0_202,58777643_DATFQLJO_MYHFUROV_0,JDYHOIIWXZDD,0
58777643_DATFQLJO_MYHFUROV_0_203,58777643_DATFQLJO_MYHFUROV_0,BKWXOKMTVCCX,58777643_DATFQLJO_MYHFUROV_0_203,58777643_DATFQLJO_MYHFUROV_0,JDYHOIIWXZDD,0
58777643_DATFQLJO_MYHFUROV_0_204,58777643_DATFQLJO_MYHFUROV_0,BKWXOKMTVCCX,58777643_DATFQLJO_MYHFUROV_0_204,58777643_DATFQLJO_MYHFUROV_0,JDYHOIIWXZDD,0
58777643_DATFQLJO_MYHFUROV_0_205,58777643_DATFQLJO_MYHFUROV_0,BKWXOKMTVCCX,58777643_DATFQLJO_MYHFUROV_0_205,58777643_DATFQLJO_MYHFUROV_0,JDYHOIIWXZDD,0
58777643_DATFQLJO_MYHFUROV_0_206,58777643_DATFQLJO_MYHFUROV_0,BKWXOKMTVCCX,58777643_DATFQLJO_MYHFUROV_0_206,58777643_DATFQLJO_MYHFUROV_0,JDYHOIIWXZDD,0
58777643_DATFQLJO_MYHFUROV_0_207,58777643_DATFQLJO_MYHFUROV_0,BKWXOKMTVCCX,58777643_DATFQLJO_MYHFUROV_0_207,58777643_DATFQLJO_MYHFUROV_0,JDYHOIIWXZDD,0
58777643_DATFQLJO_MYHFUROV_0_208,58777643_DATFQLJO_MYHFUROV_0,BKWXOKMTVCCX,58777643_DATFQLJO_MYHFUROV_0_208,58777643_DATFQLJO_MYHFUROV_0,JDYHOIIWXZDD,0
58777643_DATFQLJO_MYHFUROV_0_209,58777643_DATFQLJO_MYHFUROV_0,BKWXOKMTVCCX,58777643_DATFQLJO_MYHFUROV_0_209,58777643_DATFQLJO_MYHFUROV_0,JDYHOIIWXZDD,0
58777643_DATFQLJO_MYHFUROV_0_210,58777643_DATFQLJO_MYHFUROV_0,BKWXOKMTVCCX,58777643_DATFQLJO_MYHFUROV_0_210,58777643_DATFQLJO_MYHFUROV_0,JDYHOIIWXZDD,0
58777643_DATFQLJO_MYHFUROV_0_211,58777643_DATFQLJO_MYHFUROV_0,BKWXOKMTVCCX,58777643_DATFQLJO_MYHFUROV_0_211,58777643_DATFQLJO_MYHFUROV_0,JDYHOIIWXZDD,0
58777643_DATFQLJO_MYHFUROV_0_212,58777643_DATFQLJO_MYHFUROV_0,BKWXOKMTVCCX,58777643_DATFQLJO_MYHFUROV_0_212,58777643_DATFQLJO_MYHFUROV_0,JDYHOIIWXZDD,0
58777643_DATFQLJO_MYHFUROV_0_213,58777643_DATFQLJO_MYHFUROV_0,BKWXOKMTVCCX,58777643_DATFQLJO_MYHFUROV_0_213,58777643_DATFQLJO_MYHFUROV_0,JDYHOIIWXZDD,0
58777643_DATFQLJO_MYHFUROV_0_214,58777643_DATFQLJO_MYHFUROV_0,BKWXOKMTVCCX,58777643_DATFQLJO_MYHFUROV_0_214,58777643_DATFQLJO_MYHFUROV_0,JDYHOIIWXZDD,0
58777643_DATFQLJO_MYHFUROV_0_215,58777643_DATFQLJO_MYHFUROV_0,BKWXOKMTVCCX,58777643_DATFQLJO_MYHFUROV_0_215,58777643_DATFQLJO_MYHFUROV_0,JDYHOIIWXZDD,0
58777643_DATFQLJO_MYHFUROV_0_216,58777643_DATFQLJO_MYHFUROV_0,BKWXOKMTVCCX,58777643_DATFQLJO_MYHFUROV_0_216,58777643_DATFQLJO_MYHFUROV_0,JDYHOIIWXZDD,0
58777643_DATFQLJO_MYHFUROV_0_217,58777643_DATFQLJO_MYHFUROV_0,BKWXOKMTVCCX,58777643_DATFQLJO_MYHFUROV_0_217,58777643_DATFQLJO_MYHFUROV_0,JDYHOIIWXZDD,0
58777643_DATFQLJO_MYHFUROV_0_218,58777643_DATFQLJO_MYHFUROV_0,BKWXOKMTVCCX,58777643_DATFQLJO_MYHFUROV_0_218,58777643_DATFQLJO_MYHFUROV_0,JDYHOIIWXZDD,0
58777643_DATFQLJO_MYHFUROV_0_219,58777643_DATFQLJO_MYHFUROV_0,BKWXOKMTVCCX,58777643_DATFQLJO_MYHFUROV_0_219,58777643_DATFQLJO_MYHFUROV_0,JDYHOIIWXZDD,0
58777643_DATFQLJO_MYHFUROV_0_220,58777643_DATFQLJO_MYHFUROV_0,BKWXOKMTVCCX,58777643_DATFQLJO_MYHFUROV_0_220,58777643_DATFQLJO_MYHFUROV_0,JDYHOIIWXZDD,0
58777643_DATFQLJO_MYHFUROV_0_221,58777643_DATFQLJO_MYHFUROV_0,BKWXOKMTVCCX,58777643_DATFQLJO_MYHFUROV_0_221,58777643_DATFQLJO_MYHFUROV_0,JDYHOIIWXZDD,0
58777643_DATFQLJO_MYHFUROV_0_222,58777643_DATFQLJO_MYHFUROV_0,BKWXOKMTVCCX,58777643_DATFQLJO_MYHFUROV_0_222,58777643_DATFQLJO_MYHFUROV_0,JDYHOIIWXZDD,0
58777643_DATFQLJO_MYHFUROV_0_223,58777643_DATFQLJO_MYHFUROV_0,BKWXOKMTVCCX,58777643_DATFQLJO_MYHFUROV_0_223,58777643_DATFQLJO_MYHFUROV_0,JDYHOIIWXZDD,0
58777643_DATFQLJO_MYHFUROV_0_224,58777643_DATFQLJO_MYHFUROV_0,BKWXOKMTVCCX,58777643_DATFQLJO_MYHFUROV_0_224,58777643_DATFQLJO_MYHFUROV_0,JDYHOIIWXZDD,0
58777643_DATFQLJO_MYHFUROV_0_225,58777643_DATFQLJO_MYHFUROV_0,BKWXOKMTVCCX,58777643_DATFQLJO_MYHFUROV_0_225,58777643_DATFQLJO_MYHFUROV_0,JDYHOIIWXZDD,0
58777643_DATFQLJO_MYHFUROV_0_226,58777643_DATFQLJO_MYHFUROV_0,BKWXOKMTVCCX,58777643_DATFQLJO_MYHFUROV_0_226,58777643_DATFQLJO_MYHFUROV_0,JDYHOIIWXZDD,0
58777643_DATFQLJO_MYHFUROV_0_227,58777643_DATFQLJO_MYHFUROV_0,BKWXOKMTVCCX,58777643_DATFQLJO_MYHFUROV_0_227,58777643_DATFQLJO_MYHFUROV_0,JDYHOIIWXZDD,0
58777643_DATFQLJO_MYHFUROV_0_228,58777643_DATFQLJO_MYHFUROV_0,BKWXOKMTVCCX,58777643_DATFQLJO_MYHFUROV_0_228,58777643_DATFQLJO_MYHFUROV_0,JDYHOIIWXZDD,0
58777643_DATFQLJO_MYHFUROV_0_229,58777643_DATFQLJO_MYHFUROV_0,BKWXOKMTVCCX,58777643_DATFQLJO_MYHFUROV_0_229,58777643_DATFQLJO_MYHFUROV_0,JDYHOIIWXZDD,0
58777643_DATFQLJO_MYHFUROV_0_230,58777643_DATFQLJO_MYHFUROV_0,BKWXOKMTVCCX,58777643_DATFQLJO_MYHFUROV_0_230,58777643_DATFQLJO_MYHFUROV_0,JDYHOIIWXZDD,0
58777643_DATFQLJO_MYHFUROV_0_231,58777643_DATFQLJO_MYHFUROV_0,BKWXOKMTVCCX,58777643_DATFQLJO_MYHFUROV_0_231,58777643_DATFQLJO_MYHFUROV_0,JDYHOIIWXZDD,0
58777643_DATFQLJO_MYHFUROV_0_232,58777643_DATFQLJO_MYHFUROV_0,BKWXOKMTVCCX,58777643_DATFQLJO_MYHFUROV_0_232,58777643_DATFQLJO_MYHFUROV_0,JDYHOIIWXZDD,0
58777643_DATFQLJO_MYHFUROV_0_233,58777643_DATFQLJO_MYHFUROV_0,BKWXOKMTVCCX,58777643_DATFQLJO_MYHFUROV_0_233,58777643_DATFQLJO_MYHFUROV_0,JDYHOIIWXZDD,0
58777643_DATFQLJO_MYHFUROV_0_234,58777643_DATFQLJO_MYHFUROV_0,BKWXOKMTVCCX,58777643_DATFQLJO_MYHFUROV_0_234,58777643_DATFQLJO_MYHFUROV_0,JDYHOIIWXZDD,0
58777643_DATFQLJO_MYHFUROV_0_235,58777643_DATFQLJO_MYHFUROV_0,BKWXOKMTVCCX,58777643_DATFQLJO_MYHFUROV_0_235,58777643_DATFQLJO_MYHFUROV_0,JDYHOIIWXZDD,0
58777643_DATFQLJO_MYHFUROV_0_236,58777643_DATFQLJO_MYHFUROV_0,BKWXOKMTVCCX,58777643_DATFQLJO_MYHFUROV_0_236,58777643_DATFQLJO_MYHFUROV_0,JDYHOIIWXZDD,0
58777643_MYHFUROV_ANJWABCD_0_0,58777643_MYHFUROV_ANJWABCD_0,BKWXOKMTVCCX,58777643_MYHFUROV_ANJWABCD_0_0,58777643_MYHFUROV_ANJWABCD_0,JDYHOIIWXZDD,0
58777643_MYHFUROV_ANJWABCD_0_1,58777643_MYHFUROV_ANJWABCD_0,BKWXOKMTVCCX,58777643_MYHFUROV_ANJWABCD_0_1,58777643_MYHFUROV_ANJWABCD_0,JDYHOIIWXZDD,0
58777643_MYHFUROV_ANJWABCD_0_2,58777643_MYHFUROV_ANJWABCD_0,BKWXOKMTVCCX,58777643_MYHFUROV_ANJWABCD_0_2,58777643_MYHFUROV_ANJWABCD_0,JDYHOIIWXZDD,0
58777643_MYHFUROV_ANJWABCD_0_3,58777643_MYHFUROV_ANJWABCD_0,BKWXOKMTVCCX,58777643_MYHFUROV_ANJWABCD_0_3,58777643_MYHFUROV_ANJWABCD_0,JDYHOIIWXZDD,0
58777643_MYHFUROV_ANJWABCD_0_4,58777643_MYHFUROV_ANJWABCD_0,BKWXOKMTVCCX,58777643_MYHFUROV_ANJWABCD_0_4,58777643_MYHFUROV_ANJWABCD_0,JDYHOIIWXZDD,0
58777643_MYHFUROV_ANJWABCD_0_5,58777643_MYHFUROV_ANJWABCD_0,BKWXOKMTVCCX,58777643_MYHFUROV_ANJWABCD_0_5,58777643_MYHFUROV_ANJWABCD_0,JDYHOIIWXZDD,0
58777643_MYHFUROV_ANJWABCD_0_6,58777643_MYHFUROV_ANJWABCD_0,BKWXOKMTVCCX,58777643_MYHFUROV_ANJWABCD_0_6,58777643_MYHFUROV_ANJWABCD_0,JDYHOIIWXZDD,0
58777643_MYHFUROV_ANJWABCD_0_7,58777643_MYHFUROV_ANJWABCD_0,BKWXOKMTVCCX,58777643_MYHFUROV_ANJWABCD_0_7,58777643_MYHFUROV_ANJWABCD_0,JDYHOIIWXZDD,0
58777643_MYHFUROV_ANJWABCD_0_8,58777643_MYHFUROV_ANJWABCD_0,BKWXOKMTVCCX,58777643_MYHFUROV_ANJWABCD_0_8,58777643_MYHFUROV_ANJWABCD_0,JDYHOIIWXZDD,0
58777643_MYHFUROV_ANJWABCD_0_9,58777643_MYHFUROV_ANJWABCD_0,BKWXOKMTVCCX,58777643_MYHFUROV_ANJWABCD_0_9,58777643_MYHFUROV_ANJWABCD_0,JDYHOIIWXZDD,0
58777643_MYHFUROV_ANJWABCD_0_10,58777643_MYHFUROV_ANJWABCD_0,BKWXOKMTVCCX,58777643_MYHFUROV_ANJWABCD_0_10,58777643_MYHFUROV_ANJWABCD_0,JDYHOIIWXZDD,0
58777643_MYHFUROV_ANJWABCD_0_11,58777643_MYHFUROV_ANJWABCD_0,BKWXOKMTVCCX,58777643_MYHFUROV_ANJWABCD_0_11,58777643_MYHFUROV_ANJWABCD_0,JDYHOIIWXZDD,0
58777643_MYHFUROV_ANJWABCD_0_12,58777643_MYHFUROV_ANJWABCD_0,BKWXOKMTVCCX,58777643_MYHFUROV_ANJWABCD_0_12,58777643_MYHFUROV_ANJWABCD_0,JDYHOIIWXZDD,0
58777643_MYHFUROV_ANJWABCD_0_13,58777643_MYHFUROV_ANJWABCD_0,BKWXOKMTVCCX,58777643_MYHFUROV_ANJWABCD_0_13,58777643_MYHFUROV_ANJWABCD_0,JDYHOIIWXZDD,0
58777643_MYHFUROV_ANJWABCD_0_14,58777643_MYHFUROV_ANJWABCD_0,BKWXOKMTVCCX,58777643_MYHFUROV_ANJWABCD_0_14,58777643_MYHFUROV_ANJWABCD_0,JDYHOIIWXZDD,0
58777643_MYHFUROV_ANJWABCD_0_15,58777643_MYHFUROV_ANJWABCD_0,BKWXOKMTVCCX,58777643_MYHFUROV_ANJWABCD_0_15,58777643_MYHFUROV_ANJWABCD_0,JDYHOIIWXZDD,0
58777643_MYHFUROV_ANJWABCD_0_16,58777643_MYHFUROV_ANJWABCD_0,BKWXOKMTVCCX,58777643_MYHFUROV_ANJWABCD_0_16,58777643_MYHFUROV_ANJWABCD_0,JDYHOIIWXZDD,0
58777643_MYHFUROV_ANJWABCD_0_17,58777643_MYHFUROV_ANJWABCD_0,BKWXOKMTVCCX,58777643_MYHFUROV_ANJWABCD_0_17,58777643_MYHFUROV_ANJWABCD_0,JDYHOIIWXZDD,0
58777643_MYHFUROV_ANJWABCD_0_18,58777643_MYHFUROV_ANJWABCD_0,BKWXOKMTVCCX,58777643_MYHFUROV_ANJWABCD_0_18,58777643_MYHFUROV_ANJWABCD_0,JDYHOIIWXZDD,0
58777643_MYHFUROV_ANJWABCD_0_19,58777643_MYHFUROV_ANJWABCD_0,BKWXOKMTVCCX,58777643_MYHFUROV_ANJWABCD_0_19,58777643_MYHFUROV_ANJWABCD_0,JDYHOIIWXZDD,0
58777643_MYHFUROV_ANJWABCD_0_20,58777643_MYHFUROV_ANJWABCD_0,BKWXOKMTVCCX,58777643_MYHFUROV_ANJWABCD_0_20,58777643_MYHFUROV_ANJWABCD_0,JDYHOIIWXZDD,0
58777643_MYHFUROV_ANJWABCD_0_21,58777643_MYHFUROV_ANJWABCD_0,BKWXOKMTVCCX,58777643_MYHFUROV_ANJWABCD_0_21,58777643_MYHFUROV_ANJWABCD_0,JDYHOIIWXZDD,0
58777643_MYHFUROV_ANJWABCD_0_22,58777643_MYHFUROV_ANJWABCD_0,BKWXOKMTVCCX,58777643_MYHFUROV_ANJWABCD_0_22,58777643_MYHFUROV_ANJWABCD_0,JDYHOIIWXZDD,0
58777643_MYHFUROV_ANJWABCD_0_23,58777643_MYHFUROV_ANJWABCD_0,BKWXOKMTVCCX,58777643_MYHFUROV_ANJWABCD_0_23,58777643_MYHFUROV_ANJWABCD_0,JDYHOIIWXZDD,0
58777643_MYHFUROV_ANJWABCD_0_24,58777643_MYHFUROV_ANJWABCD_0,BKWXOKMTVCCX,58777643_MYHFUROV_ANJWABCD_0_24,58777643_MYHFUROV_ANJWABCD_0,JDYHOIIWXZDD,0
58777643_MYHFUROV_ANJWABCD_0_25,58777643_MYHFUROV_ANJWABCD_0,BKWXOKMTVCCX,58777643_MYHFUROV_ANJWABCD_0_25,58777643_MYHFUROV_ANJWABCD_0,JDYHOIIWXZDD,0
58777643_MYHFUROV_ANJWABCD_0_26,58777643_MYHFUROV_ANJWABCD_0,BKWXOKMTVCCX,58777643_MYHFUROV_ANJWABCD_0_26,58777643_MYHFUROV_ANJWABCD_0,JDYHOIIWXZDD,0
58777643_MYHFUROV_ANJWABCD_0_27,58777643_MYHFUROV_ANJWABCD_0,BKWXOKMTVCCX,58777643_MYHFUROV_ANJWABCD_0_27,58777643_MYHFUROV_ANJWABCD_0,JDYHOIIWXZDD,0
58777643_MYHFUROV_ANJWABCD_0_28,58777643_MYHFUROV_ANJWABCD_0,BKWXOKMTVCCX,58777643_MYHFUROV_ANJWABCD_0_28,58777643_MYHFUROV_ANJWABCD_0,JDYHOIIWXZDD,0
58777643_MYHFUROV_ANJWABCD_0_29,58777643_MYHFUROV_ANJWABCD_0,BKWXOKMTVCCX,58777643_MYHFUROV_ANJWABCD_0_29,58777643_MYHFUROV_ANJWABCD_0,JDYHOIIWXZDD,0
58777643_MYHFUROV_ANJWABCD_0_30,58777643_MYHFUROV_ANJWABCD_0,BKWXOKMTVCCX,58777643_MYHFUROV_ANJWABCD_0_30,58777643_MYHFUROV_ANJWABCD_0,JDYHOIIWXZDD,0
58777643_MYHFUROV_ANJWABCD_0_31,58777643_MYHFUROV_ANJWABCD_0,BKWXOKMTVCCX,58777643_MYHFUROV_ANJWABCD_0_31,58777643_MYHFUROV_ANJWABCD_0,JDYHOIIWXZDD,0
58777643_MYHFUROV_ANJWABCD_0_32,58777643_MYHFUROV_ANJWABCD_0,BKWXOKMTVCCX,58777643_MYHFUROV_ANJWABCD_0_32,58777643_MYHFUROV_ANJWABCD_0,JDYHOIIWXZDD,0
58777643_MYHFUROV_ANJWABCD_0_33,58777643_MYHFUROV_ANJWABCD_0,BKWXOKMTVCCX,58777643_MYHFUROV_ANJWABCD_0_33,58777643_MYHFUROV_ANJWABCD_0,JDYHOIIWXZDD,0
58777643_MYHFUROV_ANJWABCD_0_34,58777643_MYHFUROV_ANJWABCD_0,BKWXOKMTVCCX,58777643_MYHFUROV_ANJWABCD_0_34,58777643_MYHFUROV_ANJWABCD_0,JDYHOIIWXZDD,0
58777643_MYHFUROV_ANJWABCD_0_35,58777643_MYHFUROV_ANJWABCD_0,BKWXOKMTVCCX,58777643_MYHFUROV_ANJWABCD_0_35,58777643_MYHFUROV_ANJWABCD_0,JDYHOIIWXZDD,0
58777643_MYHFUROV_ANJWABCD_0_36,58777643_MYHFUROV_ANJWABCD_0,BKWXOKMTVCCX,58777643_MYHFUROV_ANJWABCD_0_36,58777643_MYHFUROV_ANJWABCD_0,JDYHOIIWXZDD,0
58777643_MYHFUROV_ANJWABCD_0_37,58777643_MYHFUROV_ANJWABCD_0,BKWXOKMTVCCX,58777643_MYHFUROV_ANJWABCD_0_37,58777643_MYHFUROV_ANJWABCD_0,JDYHOIIWXZDD,0
58777643_MYHFUROV_ANJWABCD_0_38,58777643_MYHFUROV_ANJWABCD_0,BKWXOKMTVCCX,58777643_MYHFUROV_ANJWABCD_0_38,58777643_MYHFUROV_ANJWABCD_0,JDYHOIIWXZDD,0
58777643_MYHFUROV_ANJWABCD_0_39,58777643_MYHFUROV_ANJWABCD_0,BKWXOKMTVCCX,58777643_MYHFUROV_ANJWABCD_0_39,58777643_MYHFUROV_ANJWABCD_0,JDYHOIIWXZDD,0
58777643_MYHFUROV_ANJWABCD_0_40,58777643_MYHFUROV_ANJWABCD_0,BKWXOKMTVCCX,58777643_MYHFUROV_ANJWABCD_0_40,58777643_MYHFUROV_ANJWABCD_0,JDYHOIIWXZDD,0
58777643_MYHFUROV_ANJWABCD_0_41,58777643_MYHFUROV_ANJWABCD_0,BKWXOKMTVCCX,58777643_MYHFUROV_ANJWABCD_0_41,58777643_MYHFUROV_ANJWABCD_0,JDYHOIIWXZDD,0
58777643_MYHFUROV_ANJWABCD_0_42,58777643_MYHFUROV_ANJWABCD_0,BKWXOKMTVCCX,58777643_MYHFUROV_ANJWABCD_0_42,58777643_MYHFUROV_ANJWABCD_0,JDYHOIIWXZDD,0
58777643_MYHFUROV_ANJWABCD_0_43,58777643_MYHFUROV_ANJWABCD_0,BKWXOKMTVCCX,58777643_MYHFUROV_ANJWABCD_0_43,58777643_MYHFUROV_ANJWABCD_0,JDYHOIIWXZDD,0
58777643_MYHFUROV_ANJWABCD_0_44,58777643_MYHFUROV_ANJWABCD_0,BKWXOKMTVCCX,58777643_MYHFUROV_ANJWABCD_0_44,58777643_MYHFUROV_ANJWABCD_0,JDYHOIIWXZDD,0
58777643_MYHFUROV_ANJWABCD_0_45,58777643_MYHFUROV_ANJWABCD_0,BKWXOKMTVCCX,58777643_MYHFUROV_ANJWABCD_0_45,58777643_MYHFUROV_ANJWABCD_0,JDYHOIIWXZDD,0
58777643_MYHFUROV_ANJWABCD_0_46,58777643_MYHFUROV_ANJWABCD_0,BKWXOKMTVCCX,58777643_MYHFUROV_ANJWABCD_0_46,58777643_MYHFUROV_ANJWABCD_0,JDYHOIIWXZDD,0
58777643_MYHFUROV_ANJWABCD_0_47,58777643_MYHFUROV_ANJWABCD_0,BKWXOKMTVCCX,58777643_MYHFUROV_ANJWABCD_0_47,58777643_MYHFUROV_ANJWABCD_0,JDYHOIIWXZDD,0
58777643_MYHFUROV_ANJWABCD_0_48,58777643_MYHFUROV_ANJWABCD_0,BKWXOKMTVCCX,58777643_MYHFUROV_ANJWABCD_0_48,58777643_MYHFUROV_ANJWABCD_0,JDYHOIIWXZDD,0
58777643_MYHFUROV_ANJWABCD_0_49,58777643_MYHFUROV_ANJWABCD_0,BKWXOKMTVCCX,58777643_MYHFUROV_ANJWABCD_0_49,58777643_MYHFUROV_ANJWABCD_0,JDYHOIIWXZDD,0
58777643_MYHFUROV_ANJWABCD_0_50,58777643_MYHFUROV_ANJWABCD_0,BKWXOKMTVCCX,58777643_MYHFUROV_ANJWABCD_0_50,58777643_MYHFUROV_ANJWABCD_0,JDYHOIIWXZDD,0
58777643_MYHFUROV_ANJWABCD_0_51,58777643_MYHFUROV_ANJWABCD_0,BKWXOKMTVCCX,58777643_MYHFUROV_ANJWABCD_0_51,58777643_MYHFUROV_ANJWABCD_0,JDYHOIIWXZDD,0
58777643_MYHFUROV_ANJWABCD_0_52,58777643_MYHFUROV_ANJWABCD_0,BKWXOKMTVCCX,58777643_MYHFUROV_ANJWABCD_0_52,58777643_MYHFUROV_ANJWABCD_0,JDYHOIIWXZDD,0
58777643_MYHFUROV_ANJWABCD_0_53,58777643_MYHFUROV_ANJWABCD_0,BKWXOKMTVCCX,58777643_MYHFUROV_ANJWABCD_0_53,58777643_MYHFUROV_ANJWABCD_0,JDYHOIIWXZDD,0
58777643_MYHFUROV_ANJWABCD_0_54,58777643_MYHFUROV_ANJWABCD_0,BKWXOKMTVCCX,58777643_MYHFUROV_ANJWABCD_0_54,58777643_MYHFUROV_ANJWABCD_0,JDYHOIIWXZDD,0
58777643_MYHFUROV_ANJWABCD_0_55,58777643_MYHFUROV_ANJWABCD_0,BKWXOKMTVCCX,58777643_MYHFUROV_ANJWABCD_0_55,58777643_MYHFUROV_ANJWABCD_0,JDYHOIIWXZDD,0
58777643_MYHFUROV_ANJWABCD_0_56,58777643_MYHFUROV_ANJWABCD_0,BKWXOKMTVCCX,58777643_MYHFUROV_ANJWABCD_0_56,58777643_MYHFUROV_ANJWABCD_0,JDYHOIIWXZDD,0
58777643_MYHFUROV_ANJWABCD_0_57,58777643_MYHFUROV_ANJWABCD_0,BKWXOKMTVCCX,58777643_MYHFUROV_ANJWABCD_0_57,58777643_MYHFUROV_ANJWABCD_0,JDYHOIIWXZDD,0
58777643_MYHFUROV_ANJWABCD_0_58,58777643_MYHFUROV_ANJWABCD_0,BKWXOKMTVCCX,58777643_MYHFUROV_ANJWABCD_0_58,58777643_MYHFUROV_ANJWABCD_0,JDYHOIIWXZDD,0
58777643_MYHFUROV_ANJWABCD_0_59,58777643_MYHFUROV_ANJWABCD_0,BKWXOKMTVCCX,58777643_MYHFUROV_ANJWABCD_0_59,58777643_MYHFUROV_ANJWABCD_0,JDYHOIIWXZDD,0
58777643_MYHFUROV_ANJWABCD_0_60,58777643_MYHFUROV_ANJWABCD_0,BKWXOKMTVCCX,58777643_MYHFUROV_ANJWABCD_0_60,58777643_MYHFUROV_ANJWABCD_0,JDYHOIIWXZDD,0
58777643_MYHFUROV_ANJWABCD_0_61,58777643_MYHFUROV_ANJWABCD_0,BKWXOKMTVCCX,58777643_MYHFUROV_ANJWABCD_0_61,58777643_MYHFUROV_ANJWABCD_0,JDYHOIIWXZDD,0
58777643_MYHFUROV_ANJWABCD_0_62,58777643_MYHFUROV_ANJWABCD_0,BKWXOKMTVCCX,58777643_MYHFUROV_ANJWABCD_0_62,58777643_MYHFUROV_ANJWABCD_0,JDYHOIIWXZDD,0
58777643_MYHFUROV_ANJWABCD_0_63,58777643_MYHFUROV_ANJWABCD_0,BKWXOKMTVCCX,58777643_MYHFUROV_ANJWABCD_0_63,58777643_MYHFUROV_ANJWABCD_0,JDYHOIIWXZDD,0
58777643_MYHFUROV_ANJWABCD_0_64,58777643_MYHFUROV_ANJWABCD_0,BKWXOKMTVCCX,58777643_MYHFUROV_ANJWABCD_0_64,58777643_MYHFUROV_ANJWABCD_0,JDYHOIIWXZDD,0
58777643_MYHFUROV_ANJWABCD_0_65,58777643_MYHFUROV_ANJWABCD_0,BKWXOKMTVCCX,58777643_MYHFUROV_ANJWABCD_0_65,58777643_MYHFUROV_ANJWABCD_0,JDYHOIIWXZDD,0
58777643_MYHFUROV_ANJWABCD_0_66,58777643_MYHFUROV_ANJWABCD_0,BKWXOKMTVCCX,58777643_MYHFUROV_ANJWABCD_0_66,58777643_MYHFUROV_ANJWABCD_0,JDYHOIIWXZDD,0
58777643_MYHFUROV_ANJWABCD_0_67,58777643_MYHFUROV_ANJWABCD_0,BKWXOKMTVCCX,58777643_MYHFUROV_ANJWABCD_0_67,58777643_MYHFUROV_ANJWABCD_0,JDYHOIIWXZDD,0
58777643_MYHFUROV_ANJWABCD_0_68,58777643_MYHFUROV_ANJWABCD_0,BKWXOKMTVCCX,58777643_MYHFUROV_ANJWABCD_0_68,58777643_MYHFUROV_ANJWABCD_0,JDYHOIIWXZDD,0
58777643_MYHFUROV_ANJWABCD_0_69,58777643_MYHFUROV_ANJWABCD_0,BKWXOKMTVCCX,58777643_MYHFUROV_ANJWABCD_0_69,58777643_MYHFUROV_ANJWABCD_0,JDYHOIIWXZDD,0
58777643_MYHFUROV_ANJWABCD_0_70,58777643_MYHFUROV_ANJWABCD_0,BKWXOKMTVCCX,58777643_MYHFUROV_ANJWABCD_0_70,58777643_MYHFUROV_ANJWABCD_0,JDYHOIIWXZDD,0
58777643_MYHFUROV_ANJWABCD_0_71,58777643_MYHFUROV_ANJWABCD_0,BKWXOKMTVCCX,58777643_MYHFUROV_ANJWABCD_0_71,58777643_MYHFUROV_ANJWABCD_0,JDYHOIIWXZDD,0
58777643_MYHFUROV_ANJWABCD_0_72,58777643_MYHFUROV_ANJWABCD_0,BKWXOKMTVCCX,58777643_MYHFUROV_ANJWABCD_0_72,58777643_MYHFUROV_ANJWABCD_0,JDYHOIIWXZDD,0
58777643_MYHFUROV_ANJWABCD_0_73,58777643_MYHFUROV_ANJWABCD_0,BKWXOKMTVCCX,58777643_MYHFUROV_ANJWABCD_0_73,58777643_MYHFUROV_ANJWABCD_0,JDYHOIIWXZDD,0
58777643_MYHFUROV_ANJWABCD_0_74,58777643_MYHFUROV_ANJWABCD_0,BKWXOKMTVCCX,58777643_MYHFUROV_ANJWABCD_0_74,58777643_MYHFUROV_ANJWABCD_0,JDYHOIIWXZDD,0
58777643_MYHFUROV_ANJWABCD_0_75,58777643_MYHFUROV_ANJWABCD_0,BKWXOKMTVCCX,58777643_MYHFUROV_ANJWABCD_0_75,58777643_MYHFUROV_ANJWABCD_0,JDYHOIIWXZDD,0
58777643_MYHFUROV_ANJWABCD_0_76,58777643_MYHFUROV_ANJWABCD_0,BKWXOKMTVCCX,58777643_MYHFUROV_ANJWABCD_0_76,58777643_MYHFUROV_ANJWABCD_0,JDYHOIIWXZDD,0
58777643_MYHFUROV_ANJWABCD_0_77,58777643_MYHFUROV_ANJWABCD_0,BKWXOKMTVCCX,58777643_MYHFUROV_ANJWABCD_0_77,58777643_MYHFUROV_ANJWABCD_0,JDYHOIIWXZDD,0
58777643_MYHFUROV_ANJWABCD_0_78,58777643_MYHFUROV_ANJWABCD_0,BKWXOKMTVCCX,58777643_MYHFUROV_ANJWABCD_0_78,58777643_MYHFUROV_ANJWABCD_0,JDYHOIIWXZDD,0
58777643_MYHFUROV_ANJWABCD_0_79,58777643_MYHFUROV_ANJWABCD_0,BKWXOKMTVCCX,58777643_MYHFUROV_ANJWABCD_0_79,58777643_MYHFUROV_ANJWABCD_0,JDYHOIIWXZDD,0
58777643_MYHFUROV_ANJWABCD_0_80,58777643_MYHFUROV_ANJWABCD_0,BKWXOKMTVCCX,58777643_MYHFUROV_ANJWABCD_0_80,58777643_MYHFUROV_ANJWABCD_0,JDYHOIIWXZDD,0
58777643_MYHFUROV_ANJWABCD_0_81,58777643_MYHFUROV_ANJWABCD_0,BKWXOKMTVCCX,58777643_MYHFUROV_ANJWABCD_0_81,58777643_MYHFUROV_ANJWABCD_0,JDYHOIIWXZDD,0
58777643_MYHFUROV_ANJWABCD_0_82,58777643_MYHFUROV_ANJWABCD_0,BKWXOKMTVCCX,58777643_MYHFUROV_ANJWABCD_0_82,58777643_MYHFUROV_ANJWABCD_0,JDYHOIIWXZDD,0
58777643_MYHFUROV_ANJWABCD_0_83,58777643_MYHFUROV_ANJWABCD_0,BKWXOKMTVCCX,58777643_MYHFUROV_ANJWABCD_0_83,58777643_MYHFUROV_ANJWABCD_0,JDYHOIIWXZDD,0
58777643_MYHFUROV_ANJWABCD_0_84,58777643_MYHFUROV_ANJWABCD_0,BKWXOKMTVCCX,58777643_MYHFUROV_ANJWABCD_0_84,58777643_MYHFUROV_ANJWABCD_0,JDYHOIIWXZDD,0
58777643_MYHFUROV_ANJWABCD_0_85,58777643_MYHFUROV_ANJWABCD_0,BKWXOKMTVCCX,58777643_MYHFUROV_ANJWABCD_0_85,58777643_MYHFUROV_ANJWABCD_0,JDYHOIIWXZDD,0
58777643_MYHFUROV_ANJWABCD_0_86,58777643_MYHFUROV_ANJWABCD_0,BKWXOKMTVCCX,58777643_MYHFUROV_ANJWABCD_0_86,58777643_MYHFUROV_ANJWABCD_0,JDYHOIIWXZDD,0
58777643_MYHFUROV_ANJWABCD_0_87,58777643_MYHFUROV_ANJWABCD_0,BKWXOKMTVCCX,58777643_MYHFUROV_ANJWABCD_0_87,58777643_MYHFUROV_ANJWABCD_0,JDYHOIIWXZDD,0
58777643_MYHFUROV_ANJWABCD_0_88,58777643_MYHFUROV_ANJWABCD_0,BKWXOKMTVCCX,58777643_MYHFUROV_ANJWABCD_0_88,58777643_MYHFUROV_ANJWABCD_0,JDYHOIIWXZDD,0
58777643_MYHFUROV_ANJWABCD_0_89,58777643_MYHFUROV_ANJWABCD_0,BKWXOKMTVCCX,58777643_MYHFUROV_ANJWABCD_0_89,58777643_MYHFUROV_ANJWABCD_0,JDYHOIIWXZDD,1
58777643_MYHFUROV_ANJWABCD_0_90,58777643_MYHFUROV_ANJWABCD_0,BKWXOKMTVCCX,58777643_MYHFUROV_ANJWABCD_0_90,58777643_MYHFUROV_ANJWABCD_0,JDYHOIIWXZDD,0
58777643_MYHFUROV_ANJWABCD_0_91,58777643_MYHFUROV_ANJWABCD_0,BKWXOKMTVCCX,58777643_MYHFUROV_ANJWABCD_0_91,58777643_MYHFUROV_ANJWABCD_0,JDYHOIIWXZDD,0
58777643_MYHFUROV_ANJWABCD_0_92,58777643_MYHFUROV_ANJWABCD_0,BKWXOKMTVCCX,58777643_MYHFUROV_ANJWABCD_0_92,58777643_MYHFUROV_ANJWABCD_0,JDYHOIIWXZDD,0
58777643_MYHFUROV_ANJWABCD_0_93,58777643_MYHFUROV_ANJWABCD_0,BKWXOKMTVCCX,58777643_MYHFUROV_ANJWABCD_0_93,58777643_MYHFUROV_ANJWABCD_0,JDYHOIIWXZDD,0
58777643_MYHFUROV_ANJWABCD_0_94,58777643_MYHFUROV_ANJWABCD_0,BKWXOKMTVCCX,58777643_MYHFUROV_ANJWABCD_0_94,58777643_MYHFUROV_ANJWABCD_0,JDYHOIIWXZDD,0
58777643_MYHFUROV_ANJWABCD_0_95,58777643_MYHFUROV_ANJWABCD_0,BKWXOKMTVCCX,58777643_MYHFUROV_ANJWABCD_0_95,58777643_MYHFUROV_ANJWABCD_0,JDYHOIIWXZDD,0
58777643_MYHFUROV_ANJWABCD_0_96,58777643_MYHFUROV_ANJWABCD_0,BKWXOKMTVCCX,58777643_MYHFUROV_ANJWABCD_0_96,58777643_MYHFUROV_ANJWABCD_0,JDYHOIIWXZDD,0
58777643_MYHFUROV_ANJWABCD_0_97,58777643_MYHFUROV_ANJWABCD_0,BKWXOKMTVCCX,58777643_MYHFUROV_ANJWABCD_0_97,58777643_MYHFUROV_ANJWABCD_0,JDYHOIIWXZDD,0
58777643_MYHFUROV_ANJWABCD_0_98,58777643_MYHFUROV_ANJWABCD_0,BKWXOKMTVCCX,58777643_MYHFUROV_ANJWABCD_0_98,58777643_MYHFUROV_ANJWABCD_0,JDYHOIIWXZDD,0
58777643_MYHFUROV_ANJWABCD_0_99,58777643_MYHFUROV_ANJWABCD_0,BKWXOKMTVCCX,58777643_MYHFUROV_ANJWABCD_0_99,58777643_MYHFUROV_ANJWABCD_0,JDYHOIIWXZDD,0
58777643_MYHFUROV_ANJWABCD_0_100,58777643_MYHFUROV_ANJWABCD_0,BKWXOKMTVCCX,58777643_MYHFUROV_ANJWABCD_0_100,58777643_MYHFUROV_ANJWABCD_0,JDYHOIIWXZDD,0
58777643_MYHFUROV_ANJWABCD_0_101,58777643_MYHFUROV_ANJWABCD_0,BKWXOKMTVCCX,58777643_MYHFUROV_ANJWABCD_0_101,58777643_MYHFUROV_ANJWABCD_0,JDYHOIIWXZDD,0
58777643_MYHFUROV_ANJWABCD_0_102,58777643_MYHFUROV_ANJWABCD_0,BKWXOKMTVCCX,58777643_MYHFUROV_ANJWABCD_0_102,58777643_MYHFUROV_ANJWABCD_0,JDYHOIIWXZDD,0
58777643_YBGKQNGI_BUTRLQEX_0_0,58777643_YBGKQNGI_BUTRLQEX_0,BKWXOKMTVCCX,58777643_YBGKQNGI_BUTRLQEX_0_0,58777643_YBGKQNGI_BUTRLQEX_0,JDYHOIIWXZDD,0
58777643_YBGKQNGI_BUTRLQEX_0_1,58777643_YBGKQNGI_BUTRLQEX_0,BKWXOKMTVCCX,58777643_YBGKQNGI_BUTRLQEX_0_1,58777643_YBGKQNGI_BUTRLQEX_0,JDYHOIIWXZDD,0
58777643_YBGKQNGI_BUTRLQEX_0_2,58777643_YBGKQNGI_BUTRLQEX_0,BKWXOKMTVCCX,58777643_YBGKQNGI_BUTRLQEX_0_2,58777643_YBGKQNGI_BUTRLQEX_0,JDYHOIIWXZDD,0
58777643_YBGKQNGI_BUTRLQEX_0_3,58777643_YBGKQNGI_BUTRLQEX_0,BKWXOKMTVCCX,58777643_YBGKQNGI_BUTRLQEX_0_3,58777643_YBGKQNGI_BUTRLQEX_0,JDYHOIIWXZDD,0
58777643_YBGKQNGI_BUTRLQEX_0_4,58777643_YBGKQNGI_BUTRLQEX_0,BKWXOKMTVCCX,58777643_YBGKQNGI_BUTRLQEX_0_4,58777643_YBGKQNGI_BUTRLQEX_0,JDYHOIIWXZDD,0
58777643_YBGKQNGI_BUTRLQEX_0_5,58777643_YBGKQNGI_BUTRLQEX_0,BKWXOKMTVCCX,58777643_YBGKQNGI_BUTRLQEX_0_5,58777643_YBGKQNGI_BUTRLQEX_0,JDYHOIIWXZDD,0
58777643_YBGKQNGI_BUTRLQEX_0_6,58777643_YBGKQNGI_BUTRLQEX_0,BKWXOKMTVCCX,58777643_YBGKQNGI_BUTRLQEX_0_6,58777643_YBGKQNGI_BUTRLQEX_0,JDYHOIIWXZDD,0
58777643_YBGKQNGI_BUTRLQEX_0_7,58777643_YBGKQNGI_BUTRLQEX_0,BKWXOKMTVCCX,58777643_YBGKQNGI_BUTRLQEX_0_7,58777643_YBGKQNGI_BUTRLQEX_0,JDYHOIIWXZDD,0
58777643_YBGKQNGI_BUTRLQEX_0_8,58777643_YBGKQNGI_BUTRLQEX_0,BKWXOKMTVCCX,58777643_YBGKQNGI_BUTRLQEX_0_8,58777643_YBGKQNGI_BUTRLQEX_0,JDYHOIIWXZDD,0
58777643_YBGKQNGI_BUTRLQEX_0_9,58777643_YBGKQNGI_BUTRLQEX_0,BKWXOKMTVCCX,58777643_YBGKQNGI_BUTRLQEX_0_9,58777643_YBGKQNGI_BUTRLQEX_0,JDYHOIIWXZDD,0
58777643_YBGKQNGI_BUTRLQEX_0_10,58777643_YBGKQNGI_BUTRLQEX_0,BKWXOKMTVCCX,58777643_YBGKQNGI_BUTRLQEX_0_10,58777643_YBGKQNGI_BUTRLQEX_0,JDYHOIIWXZDD,0
58777643_YBGKQNGI_BUTRLQEX_0_11,58777643_YBGKQNGI_BUTRLQEX_0,BKWXOKMTVCCX,58777643_YBGKQNGI_BUTRLQEX_0_11,58777643_YBGKQNGI_BUTRLQEX_0,JDYHOIIWXZDD,0
58777643_YBGKQNGI_BUTRLQEX_0_12,58777643_YBGKQNGI_BUTRLQEX_0,BKWXOKMTVCCX,58777643_YBGKQNGI_BUTRLQEX_0_12,58777643_YBGKQNGI_BUTRLQEX_0,JDYHOIIWXZDD,0
58777643_YBGKQNGI_BUTRLQEX_0_13,58777643_YBGKQNGI_BUTRLQEX_0,BKWXOKMTVCCX,58777643_YBGKQNGI_BUTRLQEX_0_13,58777643_YBGKQNGI_BUTRLQEX_0,JDYHOIIWXZDD,0
58777643_YBGKQNGI_BUTRLQEX_0_14,58777643_YBGKQNGI_BUTRLQEX_0,BKWXOKMTVCCX,58777643_YBGKQNGI_BUTRLQEX_0_14,58777643_YBGKQNGI_BUTRLQEX_0,JDYHOIIWXZDD,0
58777643_YBGKQNGI_BUTRLQEX_0_15,58777643_YBGKQNGI_BUTRLQEX_0,BKWXOKMTVCCX,58777643_YBGKQNGI_BUTRLQEX_0_15,58777643_YBGKQNGI_BUTRLQEX_0,JDYHOIIWXZDD,0
58777643_YBGKQNGI_BUTRLQEX_0_16,58777643_YBGKQNGI_BUTRLQEX_0,BKWXOKMTVCCX,58777643_YBGKQNGI_BUTRLQEX_0_16,58777643_YBGKQNGI_BUTRLQEX_0,JDYHOIIWXZDD,0
58777643_YBGKQNGI_BUTRLQEX_0_17,58777643_YBGKQNGI_BUTRLQEX_0,BKWXOKMTVCCX,58777643_YBGKQNGI_BUTRLQEX_0_17,58777643_YBGKQNGI_BUTRLQEX_0,JDYHOIIWXZDD,0
58777643_YBGKQNGI_BUTRLQEX_0_18,58777643_YBGKQNGI_BUTRLQEX_0,BKWXOKMTVCCX,58777643_YBGKQNGI_BUTRLQEX_0_18,58777643_YBGKQNGI_BUTRLQEX_0,JDYHOIIWXZDD,0
58777643_YBGKQNGI_BUTRLQEX_0_19,58777643_YBGKQNGI_BUTRLQEX_0,BKWXOKMTVCCX,58777643_YBGKQNGI_BUTRLQEX_0_19,58777643_YBGKQNGI_BUTRLQEX_0,JDYHOIIWXZDD,0
58777643_YBGKQNGI_BUTRLQEX_0_20,58777643_YBGKQNGI_BUTRLQEX_0,BKWXOKMTVCCX,58777643_YBGKQNGI_BUTRLQEX_0_20,58777643_YBGKQNGI_BUTRLQEX_0,JDYHOIIWXZDD,0
58777643_YBGKQNGI_BUTRLQEX_0_21,58777643_YBGKQNGI_BUTRLQEX_0,BKWXOKMTVCCX,58777643_YBGKQNGI_BUTRLQEX_0_21,58777643_YBGKQNGI_BUTRLQEX_0,JDYHOIIWXZDD,0
58777643_YBGKQNGI_BUTRLQEX_0_22,58777643_YBGKQNGI_BUTRLQEX_0,BKWXOKMTVCCX,58777643_YBGKQNGI_BUTRLQEX_0_22,58777643_YBGKQNGI_BUTRLQEX_0,JDYHOIIWXZDD,0
58777643_YBGKQNGI_BUTRLQEX_0_23,58777643_YBGKQNGI_BUTRLQEX_0,BKWXOKMTVCCX,58777643_YBGKQNGI_BUTRLQEX_0_23,58777643_YBGKQNGI_BUTRLQEX_0,JDYHOIIWXZDD,0
58777643_YBGKQNGI_BUTRLQEX_0_24,58777643_YBGKQNGI_BUTRLQEX_0,BKWXOKMTVCCX,58777643_YBGKQNGI_BUTRLQEX_0_24,58777643_YBGKQNGI_BUTRLQEX_0,JDYHOIIWXZDD,0
58777643_YBGKQNGI_BUTRLQEX_0_25,58777643_YBGKQNGI_BUTRLQEX_0,BKWXOKMTVCCX,58777643_YBGKQNGI_BUTRLQEX_0_25,58777643_YBGKQNGI_BUTRLQEX_0,JDYHOIIWXZDD,0
58777643_YBGKQNGI_BUTRLQEX_0_26,58777643_YBGKQNGI_BUTRLQEX_0,BKWXOKMTVCCX,58777643_YBGKQNGI_BUTRLQEX_0_26,58777643_YBGKQNGI_BUTRLQEX_0,JDYHOIIWXZDD,0
58777643_YBGKQNGI_BUTRLQEX_0_27,58777643_YBGKQNGI_BUTRLQEX_0,BKWXOKMTVCCX,58777643_YBGKQNGI_BUTRLQEX_0_27,58777643_YBGKQNGI_BUTRLQEX_0,JDYHOIIWXZDD,0
58777643_YBGKQNGI_BUTRLQEX_0_28,58777643_YBGKQNGI_BUTRLQEX_0,BKWXOKMTVCCX,58777643_YBGKQNGI_BUTRLQEX_0_28,58777643_YBGKQNGI_BUTRLQEX_0,JDYHOIIWXZDD,0
58777643_YBGKQNGI_BUTRLQEX_0_29,58777643_YBGKQNGI_BUTRLQEX_0,BKWXOKMTVCCX,58777643_YBGKQNGI_BUTRLQEX_0_29,58777643_YBGKQNGI_BUTRLQEX_0,JDYHOIIWXZDD,0
58777643_YBGKQNGI_BUTRLQEX_0_30,58777643_YBGKQNGI_BUTRLQEX_0,BKWXOKMTVCCX,58777643_YBGKQNGI_BUTRLQEX_0_30,58777643_YBGKQNGI_BUTRLQEX_0,JDYHOIIWXZDD,0
58777643_YBGKQNGI_BUTRLQEX_0_31,58777643_YBGKQNGI_BUTRLQEX_0,BKWXOKMTVCCX,58777643_YBGKQNGI_BUTRLQEX_0_31,58777643_YBGKQNGI_BUTRLQEX_0,JDYHOIIWXZDD,0
58777643_YBGKQNGI_BUTRLQEX_0_32,58777643_YBGKQNGI_BUTRLQEX_0,BKWXOKMTVCCX,58777643_YBGKQNGI_BUTRLQEX_0_32,58777643_YBGKQNGI_BUTRLQEX_0,JDYHOIIWXZDD,0
58777643_YBGKQNGI_BUTRLQEX_0_33,58777643_YBGKQNGI_BUTRLQEX_0,BKWXOKMTVCCX,58777643_YBGKQNGI_BUTRLQEX_0_33,58777643_YBGKQNGI_BUTRLQEX_0,JDYHOIIWXZDD,0
58777643_YBGKQNGI_BUTRLQEX_0_34,58777643_YBGKQNGI_BUTRLQEX_0,BKWXOKMTVCCX,58777643_YBGKQNGI_BUTRLQEX_0_34,58777643_YBGKQNGI_BUTRLQEX_0,JDYHOIIWXZDD,0
58777643_YBGKQNGI_BUTRLQEX_0_35,58777643_YBGKQNGI_BUTRLQEX_0,BKWXOKMTVCCX,58777643_YBGKQNGI_BUTRLQEX_0_35,58777643_YBGKQNGI_BUTRLQEX_0,JDYHOIIWXZDD,0
58777643_YBGKQNGI_BUTRLQEX_0_36,58777643_YBGKQNGI_BUTRLQEX_0,BKWXOKMTVCCX,58777643_YBGKQNGI_BUTRLQEX_0_36,58777643_YBGKQNGI_BUTRLQEX_0,JDYHOIIWXZDD,0
58777643_YBGKQNGI_BUTRLQEX_0_37,58777643_YBGKQNGI_BUTRLQEX_0,BKWXOKMTVCCX,58777643_YBGKQNGI_BUTRLQEX_0_37,58777643_YBGKQNGI_BUTRLQEX_0,JDYHOIIWXZDD,0
58777643_YBGKQNGI_BUTRLQEX_0_38,58777643_YBGKQNGI_BUTRLQEX_0,BKWXOKMTVCCX,58777643_YBGKQNGI_BUTRLQEX_0_38,58777643_YBGKQNGI_BUTRLQEX_0,JDYHOIIWXZDD,1
58777643_YBGKQNGI_BUTRLQEX_0_39,58777643_YBGKQNGI_BUTRLQEX_0,BKWXOKMTVCCX,58777643_YBGKQNGI_BUTRLQEX_0_39,58777643_YBGKQNGI_BUTRLQEX_0,JDYHOIIWXZDD,1
58777643_YBGKQNGI_BUTRLQEX_0_40,58777643_YBGKQNGI_BUTRLQEX_0,BKWXOKMTVCCX,58777643_YBGKQNGI_BUTRLQEX_0_40,58777643_YBGKQNGI_BUTRLQEX_0,JDYHOIIWXZDD,0
58777643_YBGKQNGI_BUTRLQEX_0_41,58777643_YBGKQNGI_BUTRLQEX_0,BKWXOKMTVCCX,58777643_YBGKQNGI_BUTRLQEX_0_41,58777643_YBGKQNGI_BUTRLQEX_0,JDYHOIIWXZDD,0
58777643_YBGKQNGI_BUTRLQEX_0_42,58777643_YBGKQNGI_BUTRLQEX_0,BKWXOKMTVCCX,58777643_YBGKQNGI_BUTRLQEX_0_42,58777643_YBGKQNGI_BUTRLQEX_0,JDYHOIIWXZDD,0
58777643_YBGKQNGI_BUTRLQEX_0_43,58777643_YBGKQNGI_BUTRLQEX_0,BKWXOKMTVCCX,58777643_YBGKQNGI_BUTRLQEX_0_43,58777643_YBGKQNGI_BUTRLQEX_0,JDYHOIIWXZDD,0
58777643_YBGKQNGI_BUTRLQEX_0_44,58777643_YBGKQNGI_BUTRLQEX_0,BKWXOKMTVCCX,58777643_YBGKQNGI_BUTRLQEX_0_44,58777643_YBGKQNGI_BUTRLQEX_0,JDYHOIIWXZDD,0
58777643_YBGKQNGI_BUTRLQEX_0_45,58777643_YBGKQNGI_BUTRLQEX_0,BKWXOKMTVCCX,58777643_YBGKQNGI_BUTRLQEX_0_45,58777643_YBGKQNGI_BUTRLQEX_0,JDYHOIIWXZDD,0
58777643_YBGKQNGI_BUTRLQEX_0_46,58777643_YBGKQNGI_BUTRLQEX_0,BKWXOKMTVCCX,58777643_YBGKQNGI_BUTRLQEX_0_46,58777643_YBGKQNGI_BUTRLQEX_0,JDYHOIIWXZDD,0
58777643_YBGKQNGI_BUTRLQEX_0_47,58777643_YBGKQNGI_BUTRLQEX_0,BKWXOKMTVCCX,58777643_YBGKQNGI_BUTRLQEX_0_47,58777643_YBGKQNGI_BUTRLQEX_0,JDYHOIIWXZDD,0
58777643_YBGKQNGI_BUTRLQEX_0_48,58777643_YBGKQNGI_BUTRLQEX_0,BKWXOKMTVCCX,58777643_YBGKQNGI_BUTRLQEX_0_48,58777643_YBGKQNGI_BUTRLQEX_0,JDYHOIIWXZDD,0
58777643_YBGKQNGI_BUTRLQEX_0_49,58777643_YBGKQNGI_BUTRLQEX_0,BKWXOKMTVCCX,58777643_YBGKQNGI_BUTRLQEX_0_49,58777643_YBGKQNGI_BUTRLQEX_0,JDYHOIIWXZDD,0
58777643_YBGKQNGI_BUTRLQEX_0_50,58777643_YBGKQNGI_BUTRLQEX_0,BKWXOKMTVCCX,58777643_YBGKQNGI_BUTRLQEX_0_50,58777643_YBGKQNGI_BUTRLQEX_0,JDYHOIIWXZDD,0
58777643_YBGKQNGI_BUTRLQEX_0_51,58777643_YBGKQNGI_BUTRLQEX_0,BKWXOKMTVCCX,58777643_YBGKQNGI_BUTRLQEX_0_51,58777643_YBGKQNGI_BUTRLQEX_0,JDYHOIIWXZDD,0
58777643_YBGKQNGI_BUTRLQEX_0_52,58777643_YBGKQNGI_BUTRLQEX_0,BKWXOKMTVCCX,58777643_YBGKQNGI_BUTRLQEX_0_52,58777643_YBGKQNGI_BUTRLQEX_0,JDYHOIIWXZDD,0
58777643_YBGKQNGI_BUTRLQEX_0_53,58777643_YBGKQNGI_BUTRLQEX_0,BKWXOKMTVCCX,58777643_YBGKQNGI_BUTRLQEX_0_53,58777643_YBGKQNGI_BUTRLQEX_0,JDYHOIIWXZDD,0
58777643_YBGKQNGI_BUTRLQEX_0_54,58777643_YBGKQNGI_BUTRLQEX_0,BKWXOKMTVCCX,58777643_YBGKQNGI_BUTRLQEX_0_54,58777643_YBGKQNGI_BUTRLQEX_0,JDYHOIIWXZDD,0
58777643_YBGKQNGI_BUTRLQEX_0_55,58777643_YBGKQNGI_BUTRLQEX_0,BKWXOKMTVCCX,58777643_YBGKQNGI_BUTRLQEX_0_55,58777643_YBGKQNGI_BUTRLQEX_0,JDYHOIIWXZDD,0
58777643_YBGKQNGI_BUTRLQEX_0_56,58777643_YBGKQNGI_BUTRLQEX_0,BKWXOKMTVCCX,58777643_YBGKQNGI_BUTRLQEX_0_56,58777643_YBGKQNGI_BUTRLQEX_0,JDYHOIIWXZDD,0
58777643_YBGKQNGI_BUTRLQEX_0_57,58777643_YBGKQNGI_BUTRLQEX_0,BKWXOKMTVCCX,58777643_YBGKQNGI_BUTRLQEX_0_57,58777643_YBGKQNGI_BUTRLQEX_0,JDYHOIIWXZDD,0
58777643_YBGKQNGI_BUTRLQEX_0_58,58777643_YBGKQNGI_BUTRLQEX_0,BKWXOKMTVCCX,58777643_YBGKQNGI_BUTRLQEX_0_58,58777643_YBGKQNGI_BUTRLQEX_0,JDYHOIIWXZDD,0
58777643_YBGKQNGI_BUTRLQEX_0_59,58777643_YBGKQNGI_BUTRLQEX_0,BKWXOKMTVCCX,58777643_YBGKQNGI_BUTRLQEX_0_59,58777643_YBGKQNGI_BUTRLQEX_0,JDYHOIIWXZDD,0
58777643_YBGKQNGI_BUTRLQEX_0_60,58777643_YBGKQNGI_BUTRLQEX_0,BKWXOKMTVCCX,58777643_YBGKQNGI_BUTRLQEX_0_60,58777643_YBGKQNGI_BUTRLQEX_0,JDYHOIIWXZDD,0
58777643_YBGKQNGI_BUTRLQEX_0_61,58777643_YBGKQNGI_BUTRLQEX_0,BKWXOKMTVCCX,58777643_YBGKQNGI_BUTRLQEX_0_61,58777643_YBGKQNGI_BUTRLQEX_0,JDYHOIIWXZDD,0
58777643_YBGKQNGI_BUTRLQEX_0_62,58777643_YBGKQNGI_BUTRLQEX_0,BKWXOKMTVCCX,58777643_YBGKQNGI_BUTRLQEX_0_62,58777643_YBGKQNGI_BUTRLQEX_0,JDYHOIIWXZDD,0
58777643_YBGKQNGI_BUTRLQEX_0_63,58777643_YBGKQNGI_BUTRLQEX_0,BKWXOKMTVCCX,58777643_YBGKQNGI_BUTRLQEX_0_63,58777643_YBGKQNGI_BUTRLQEX_0,JDYHOIIWXZDD,0
58777643_YBGKQNGI_BUTRLQEX_0_64,58777643_YBGKQNGI_BUTRLQEX_0,BKWXOKMTVCCX,58777643_YBGKQNGI_BUTRLQEX_0_64,58777643_YBGKQNGI_BUTRLQEX_0,JDYHOIIWXZDD,0
58777643_YBGKQNGI_BUTRLQEX_0_65,58777643_YBGKQNGI_BUTRLQEX_0,BKWXOKMTVCCX,58777643_YBGKQNGI_BUTRLQEX_0_65,58777643_YBGKQNGI_BUTRLQEX_0,JDYHOIIWXZDD,0
58777643_YBGKQNGI_BUTRLQEX_0_66,58777643_YBGKQNGI_BUTRLQEX_0,BKWXOKMTVCCX,58777643_YBGKQNGI_BUTRLQEX_0_66,58777643_YBGKQNGI_BUTRLQEX_0,JDYHOIIWXZDD,0
58777643_YBGKQNGI_BUTRLQEX_0_67,58777643_YBGKQNGI_BUTRLQEX_0,BKWXOKMTVCCX,58777643_YBGKQNGI_BUTRLQEX_0_67,58777643_YBGKQNGI_BUTRLQEX_0,JDYHOIIWXZDD,0
58777643_YBGKQNGI_BUTRLQEX_0_68,58777643_YBGKQNGI_BUTRLQEX_0,BKWXOKMTVCCX,58777643_YBGKQNGI_BUTRLQEX_0_68,58777643_YBGKQNGI_BUTRLQEX_0,JDYHOIIWXZDD,0
58777643_YBGKQNGI_BUTRLQEX_0_69,58777643_YBGKQNGI_BUTRLQEX_0,BKWXOKMTVCCX,58777643_YBGKQNGI_BUTRLQEX_0_69,58777643_YBGKQNGI_BUTRLQEX_0,JDYHOIIWXZDD,0
58777643_YBGKQNGI_BUTRLQEX_0_70,58777643_YBGKQNGI_BUTRLQEX_0,BKWXOKMTVCCX,58777643_YBGKQNGI_BUTRLQEX_0_70,58777643_YBGKQNGI_BUTRLQEX_0,JDYHOIIWXZDD,0
62591433_SXKPVCFE_TLOSLTMS_0_0,62591433_SXKPVCFE_TLOSLTMS_0,QCIXJGYIIJDP,62591433_SXKPVCFE_TLOSLTMS_0_0,62591433_SXKPVCFE_TLOSLTMS_0,NKMWALUKREUN,0
62591433_SXKPVCFE_TLOSLTMS_0_1,62591433_SXKPVCFE_TLOSLTMS_0,QCIXJGYIIJDP,62591433_SXKPVCFE_TLOSLTMS_0_1,62591433_SXKPVCFE_TLOSLTMS_0,NKMWALUKREUN,0
62591433_SXKPVCFE_TLOSLTMS_0_2,62591433_SXKPVCFE_TLOSLTMS_0,QCIXJGYIIJDP,62591433_SXKPVCFE_TLOSLTMS_0_2,62591433_SXKPVCFE_TLOSLTMS_0,NKMWALUKREUN,0
62591433_SXKPVCFE_TLOSLTMS_0_3,62591433_SXKPVCFE_TLOSLTMS_0,QCIXJGYIIJDP,62591433_SXKPVCFE_TLOSLTMS_0_3,62591433_SXKPVCFE_TLOSLTMS_0,NKMWALUKREUN,0
62591433_SXKPVCFE_TLOSLTMS_0_4,62591433_SXKPVCFE_TLOSLTMS_0,QCIXJGYIIJDP,62591433_SXKPVCFE_TLOSLTMS_0_4,62591433_SXKPVCFE_TLOSLTMS_0,NKMWALUKREUN,0
62591433_SXKPVCFE_TLOSLTMS_0_5,62591433_SXKPVCFE_TLOSLTMS_0,QCIXJGYIIJDP,62591433_SXKPVCFE_TLOSLTMS_0_5,62591433_SXKPVCFE_TLOSLTMS_0,NKMWALUKREUN,0
62591433_SXKPVCFE_TLOSLTMS_0_6,62591433_SXKPVCFE_TLOSLTMS_0,QCIXJGYIIJDP,62591433_SXKPVCFE_TLOSLTMS_0_6,62591433_SXKPVCFE_TLOSLTMS_0,NKMWALUKREUN,0
62591433_SXKPVCFE_TLOSLTMS_0_7,62591433_SXKPVCFE_TLOSLTMS_0,QCIXJGYIIJDP,62591433_SXKPVCFE_TLOSLTMS_0_7,62591433_SXKPVCFE_TLOSLTMS_0,NKMWALUKREUN,0
62591433_SXKPVCFE_TLOSLTMS_0_8,62591433_SXKPVCFE_TLOSLTMS_0,QCIXJGYIIJDP,62591433_SXKPVCFE_TLOSLTMS_0_8,62591433_SXKPVCFE_TLOSLTMS_0,NKMWALUKREUN,0
62591433_SXKPVCFE_TLOSLTMS_0_9,62591433_SXKPVCFE_TLOSLTMS_0,QCIXJGYIIJDP,62591433_SXKPVCFE_TLOSLTMS_0_9,62591433_SXKPVCFE_TLOSLTMS_0,NKMWALUKREUN,0
62591433_SXKPVCFE_TLOSLTMS_0_10,62591433_SXKPVCFE_TLOSLTMS_0,QCIXJGYIIJDP,62591433_SXKPVCFE_TLOSLTMS_0_10,62591433_SXKPVCFE_TLOSLTMS_0,NKMWALUKREUN,0
62591433_SXKPVCFE_TLOSLTMS_0_11,62591433_SXKPVCFE_TLOSLTMS_0,QCIXJGYIIJDP,62591433_SXKPVCFE_TLOSLTMS_0_11,62591433_SXKPVCFE_TLOSLTMS_0,NKMWALUKREUN,0
62591433_SXKPVCFE_TLOSLTMS_0_12,62591433_SXKPVCFE_TLOSLTMS_0,QCIXJGYIIJDP,62591433_SXKPVCFE_TLOSLTMS_0_12,62591433_SXKPVCFE_TLOSLTMS_0,NKMWALUKREUN,0
62591433_SXKPVCFE_TLOSLTMS_0_13,62591433_SXKPVCFE_TLOSLTMS_0,QCIXJGYIIJDP,62591433_SXKPVCFE_TLOSLTMS_0_13,62591433_SXKPVCFE_TLOSLTMS_0,NKMWALUKREUN,0
62591433_SXKPVCFE_TLOSLTMS_0_14,62591433_SXKPVCFE_TLOSLTMS_0,QCIXJGYIIJDP,62591433_SXKPVCFE_TLOSLTMS_0_14,62591433_SXKPVCFE_TLOSLTMS_0,NKMWALUKREUN,0
62591433_SXKPVCFE_TLOSLTMS_0_15,62591433_SXKPVCFE_TLOSLTMS_0,QCIXJGYIIJDP,62591433_SXKPVCFE_TLOSLTMS_0_15,62591433_SXKPVCFE_TLOSLTMS_0,NKMWALUKREUN,0
62591433_SXKPVCFE_TLOSLTMS_0_16,62591433_SXKPVCFE_TLOSLTMS_0,QCIXJGYIIJDP,62591433_SXKPVCFE_TLOSLTMS_0_16,62591433_SXKPVCFE_TLOSLTMS_0,NKMWALUKREUN,0
62591433_SXKPVCFE_TLOSLTMS_0_17,62591433_SXKPVCFE_TLOSLTMS_0,QCIXJGYIIJDP,62591433_SXKPVCFE_TLOSLTMS_0_17,62591433_SXKPVCFE_TLOSLTMS_0,NKMWALUKREUN,0
62591433_SXKPVCFE_TLOSLTMS_0_18,62591433_SXKPVCFE_TLOSLTMS_0,QCIXJGYIIJDP,62591433_SXKPVCFE_TLOSLTMS_0_18,62591433_SXKPVCFE_TLOSLTMS_0,NKMWALUKREUN,0
62591433_SXKPVCFE_TLOSLTMS_0_19,62591433_SXKPVCFE_TLOSLTMS_0,QCIXJGYIIJDP,62591433_SXKPVCFE_TLOSLTMS_0_19,62591433_SXKPVCFE_TLOSLTMS_0,NKMWALUKREUN,0
62591433_SXKPVCFE_TLOSLTMS_0_20,62591433_SXKPVCFE_TLOSLTMS_0,QCIXJGYIIJDP,62591433_SXKPVCFE_TLOSLTMS_0_20,62591433_SXKPVCFE_TLOSLTMS_0,NKMWALUKREUN,0
62591433_SXKPVCFE_TLOSLTMS_0_21,62591433_SXKPVCFE_TLOSLTMS_0,QCIXJGYIIJDP,62591433_SXKPVCFE_TLOSLTMS_0_21,62591433_SXKPVCFE_TLOSLTMS_0,NKMWALUKREUN,0
62591433_SXKPVCFE_TLOSLTMS_0_22,62591433_SXKPVCFE_TLOSLTMS_0,QCIXJGYIIJDP,62591433_SXKPVCFE_TLOSLTMS_0_22,62591433_SXKPVCFE_TLOSLTMS_0,NKMWALUKREUN,0
62591433_SXKPVCFE_TLOSLTMS_0_23,62591433_SXKPVCFE_TLOSLTMS_0,QCIXJGYIIJDP,62591433_SXKPVCFE_TLOSLTMS_0_23,62591433_SXKPVCFE_TLOSLTMS_0,NKMWALUKREUN,0
62591433_SXKPVCFE_TLOSLTMS_0_24,62591433_SXKPVCFE_TLOSLTMS_0,QCIXJGYIIJDP,62591433_SXKPVCFE_TLOSLTMS_0_24,62591433_SXKPVCFE_TLOSLTMS_0,NKMWALUKREUN,0
62591433_SXKPVCFE_TLOSLTMS_0_25,62591433_SXKPVCFE_TLOSLTMS_0,QCIXJGYIIJDP,62591433_SXKPVCFE_TLOSLTMS_0_25,62591433_SXKPVCFE_TLOSLTMS_0,NKMWALUKREUN,0
62591433_SXKPVCFE_TLOSLTMS_0_26,62591433_SXKPVCFE_TLOSLTMS_0,QCIXJGYIIJDP,62591433_SXKPVCFE_TLOSLTMS_0_26,62591433_SXKPVCFE_TLOSLTMS_0,NKMWALUKREUN,0
62591433_SXKPVCFE_TLOSLTMS_0_27,62591433_SXKPVCFE_TLOSLTMS_0,QCIXJGYIIJDP,62591433_SXKPVCFE_TLOSLTMS_0_27,62591433_SXKPVCFE_TLOSLTMS_0,NKMWALUKREUN,0
62591433_SXKPVCFE_TLOSLTMS_0_28,62591433_SXKPVCFE_TLOSLTMS_0,QCIXJGYIIJDP,62591433_SXKPVCFE_TLOSLTMS_0_28,62591433_SXKPVCFE_TLOSLTMS_0,NKMWALUKREUN,0
62591433_SXKPVCFE_TLOSLTMS_0_29,62591433_SXKPVCFE_TLOSLTMS_0,QCIXJGYIIJDP,62591433_SXKPVCFE_TLOSLTMS_0_29,62591433_SXKPVCFE_TLOSLTMS_0,NKMWALUKREUN,0
62591433_SXKPVCFE_TLOSLTMS_0_30,62591433_SXKPVCFE_TLOSLTMS_0,QCIXJGYIIJDP,62591433_SXKPVCFE_TLOSLTMS_0_30,62591433_SXKPVCFE_TLOSLTMS_0,NKMWALUKREUN,0
62591433_SXKPVCFE_TLOSLTMS_0_31,62591433_SXKPVCFE_TLOSLTMS_0,QCIXJGYIIJDP,62591433_SXKPVCFE_TLOSLTMS_0_31,62591433_SXKPVCFE_TLOSLTMS_0,NKMWALUKREUN,0
62591433_SXKPVCFE_TLOSLTMS_0_32,62591433_SXKPVCFE_TLOSLTMS_0,QCIXJGYIIJDP,62591433_SXKPVCFE_TLOSLTMS_0_32,62591433_SXKPVCFE_TLOSLTMS_0,NKMWALUKREUN,0
62591433_SXKPVCFE_TLOSLTMS_0_33,62591433_SXKPVCFE_TLOSLTMS_0,QCIXJGYIIJDP,62591433_SXKPVCFE_TLOSLTMS_0_33,62591433_SXKPVCFE_TLOSLTMS_0,NKMWALUKREUN,0
62591433_SXKPVCFE_TLOSLTMS_0_34,62591433_SXKPVCFE_TLOSLTMS_0,QCIXJGYIIJDP,62591433_SXKPVCFE_TLOSLTMS_0_34,62591433_SXKPVCFE_TLOSLTMS_0,NKMWALUKREUN,0
62591433_SXKPVCFE_TLOSLTMS_0_35,62591433_SXKPVCFE_TLOSLTMS_0,QCIXJGYIIJDP,62591433_SXKPVCFE_TLOSLTMS_0_35,62591433_SXKPVCFE_TLOSLTMS_0,NKMWALUKREUN,0
62591433_SXKPVCFE_TLOSLTMS_0_36,62591433_SXKPVCFE_TLOSLTMS_0,QCIXJGYIIJDP,62591433_SXKPVCFE_TLOSLTMS_0_36,62591433_SXKPVCFE_TLOSLTMS_0,NKMWALUKREUN,0
62591433_SXKPVCFE_TLOSLTMS_0_37,62591433_SXKPVCFE_TLOSLTMS_0,QCIXJGYIIJDP,62591433_SXKPVCFE_TLOSLTMS_0_37,62591433_SXKPVCFE_TLOSLTMS_0,NKMWALUKREUN,0
62591433_SXKPVCFE_TLOSLTMS_0_38,62591433_SXKPVCFE_TLOSLTMS_0,QCIXJGYIIJDP,62591433_SXKPVCFE_TLOSLTMS_0_38,62591433_SXKPVCFE_TLOSLTMS_0,NKMWALUKREUN,0
62591433_SXKPVCFE_TLOSLTMS_0_39,62591433_SXKPVCFE_TLOSLTMS_0,QCIXJGYIIJDP,62591433_SXKPVCFE_TLOSLTMS_0_39,62591433_SXKPVCFE_TLOSLTMS_0,NKMWALUKREUN,0
62591433_SXKPVCFE_TLOSLTMS_0_40,62591433_SXKPVCFE_TLOSLTMS_0,QCIXJGYIIJDP,62591433_SXKPVCFE_TLOSLTMS_0_40,62591433_SXKPVCFE_TLOSLTMS_0,NKMWALUKREUN,0
62591433_SXKPVCFE_TLOSLTMS_0_41,62591433_SXKPVCFE_TLOSLTMS_0,QCIXJGYIIJDP,62591433_SXKPVCFE_TLOSLTMS_0_41,62591433_SXKPVCFE_TLOSLTMS_0,NKMWALUKREUN,0
62591433_SXKPVCFE_TLOSLTMS_0_42,62591433_SXKPVCFE_TLOSLTMS_0,QCIXJGYIIJDP,62591433_SXKPVCFE_TLOSLTMS_0_42,62591433_SXKPVCFE_TLOSLTMS_0,NKMWALUKREUN,0
62591433_SXKPVCFE_TLOSLTMS_0_43,62591433_SXKPVCFE_TLOSLTMS_0,QCIXJGYIIJDP,62591433_SXKPVCFE_TLOSLTMS_0_43,62591433_SXKPVCFE_TLOSLTMS_0,NKMWALUKREUN,0
62591433_SXKPVCFE_TLOSLTMS_0_44,62591433_SXKPVCFE_TLOSLTMS_0,QCIXJGYIIJDP,62591433_SXKPVCFE_TLOSLTMS_0_44,62591433_SXKPVCFE_TLOSLTMS_0,NKMWALUKREUN,0
62591433_SXKPVCFE_TLOSLTMS_0_45,62591433_SXKPVCFE_TLOSLTMS_0,QCIXJGYIIJDP,62591433_SXKPVCFE_TLOSLTMS_0_45,62591433_SXKPVCFE_TLOSLTMS_0,NKMWALUKREUN,0
62591433_SXKPVCFE_TLOSLTMS_0_46,62591433_SXKPVCFE_TLOSLTMS_0,QCIXJGYIIJDP,62591433_SXKPVCFE_TLOSLTMS_0_46,62591433_SXKPVCFE_TLOSLTMS_0,NKMWALUKREUN,0
62591433_SXKPVCFE_TLOSLTMS_0_47,62591433_SXKPVCFE_TLOSLTMS_0,QCIXJGYIIJDP,62591433_SXKPVCFE_TLOSLTMS_0_47,62591433_SXKPVCFE_TLOSLTMS_0,NKMWALUKREUN,0
62591433_SXKPVCFE_TLOSLTMS_0_48,62591433_SXKPVCFE_TLOSLTMS_0,QCIXJGYIIJDP,62591433_SXKPVCFE_TLOSLTMS_0_48,62591433_SXKPVCFE_TLOSLTMS_0,NKMWALUKREUN,0
62591433_SXKPVCFE_TLOSLTMS_0_49,62591433_SXKPVCFE_TLOSLTMS_0,QCIXJGYIIJDP,62591433_SXKPVCFE_TLOSLTMS_0_49,62591433_SXKPVCFE_TLOSLTMS_0,NKMWALUKREUN,0
62591433_SXKPVCFE_TLOSLTMS_0_50,62591433_SXKPVCFE_TLOSLTMS_0,QCIXJGYIIJDP,62591433_SXKPVCFE_TLOSLTMS_0_50,62591433_SXKPVCFE_TLOSLTMS_0,NKMWALUKREUN,0
62591433_SXKPVCFE_TLOSLTMS_0_51,62591433_SXKPVCFE_TLOSLTMS_0,QCIXJGYIIJDP,62591433_SXKPVCFE_TLOSLTMS_0_51,62591433_SXKPVCFE_TLOSLTMS_0,NKMWALUKREUN,0
62591433_SXKPVCFE_TLOSLTMS_0_52,62591433_SXKPVCFE_TLOSLTMS_0,QCIXJGYIIJDP,62591433_SXKPVCFE_TLOSLTMS_0_52,62591433_SXKPVCFE_TLOSLTMS_0,NKMWALUKREUN,0
62591433_SXKPVCFE_TLOSLTMS_0_53,62591433_SXKPVCFE_TLOSLTMS_0,QCIXJGYIIJDP,62591433_SXKPVCFE_TLOSLTMS_0_53,62591433_SXKPVCFE_TLOSLTMS_0,NKMWALUKREUN,0
62591433_SXKPVCFE_TLOSLTMS_0_54,62591433_SXKPVCFE_TLOSLTMS_0,QCIXJGYIIJDP,62591433_SXKPVCFE_TLOSLTMS_0_54,62591433_SXKPVCFE_TLOSLTMS_0,NKMWALUKREUN,0
62591433_SXKPVCFE_TLOSLTMS_0_55,62591433_SXKPVCFE_TLOSLTMS_0,QCIXJGYIIJDP,62591433_SXKPVCFE_TLOSLTMS_0_55,62591433_SXKPVCFE_TLOSLTMS_0,NKMWALUKREUN,0
62591433_SXKPVCFE_TLOSLTMS_0_56,62591433_SXKPVCFE_TLOSLTMS_0,QCIXJGYIIJDP,62591433_SXKPVCFE_TLOSLTMS_0_56,62591433_SXKPVCFE_TLOSLTMS_0,NKMWALUKREUN,0
62591433_SXKPVCFE_TLOSLTMS_0_57,62591433_SXKPVCFE_TLOSLTMS_0,QCIXJGYIIJDP,62591433_SXKPVCFE_TLOSLTMS_0_57,62591433_SXKPVCFE_TLOSLTMS_0,NKMWALUKREUN,0
62591433_SXKPVCFE_TLOSLTMS_0_58,62591433_SXKPVCFE_TLOSLTMS_0,QCIXJGYIIJDP,62591433_SXKPVCFE_TLOSLTMS_0_58,62591433_SXKPVCFE_TLOSLTMS_0,NKMWALUKREUN,0
62591433_SXKPVCFE_TLOSLTMS_0_59,62591433_SXKPVCFE_TLOSLTMS_0,QCIXJGYIIJDP,62591433_SXKPVCFE_TLOSLTMS_0_59,62591433_SXKPVCFE_TLOSLTMS_0,NKMWALUKREUN,0
62591433_SXKPVCFE_TLOSLTMS_0_60,62591433_SXKPVCFE_TLOSLTMS_0,QCIXJGYIIJDP,62591433_SXKPVCFE_TLOSLTMS_0_60,62591433_SXKPVCFE_TLOSLTMS_0,NKMWALUKREUN,0
62591433_SXKPVCFE_TLOSLTMS_0_61,62591433_SXKPVCFE_TLOSLTMS_0,QCIXJGYIIJDP,62591433_SXKPVCFE_TLOSLTMS_0_61,62591433_SXKPVCFE_TLOSLTMS_0,NKMWALUKREUN,0
62591433_SXKPVCFE_TLOSLTMS_0_62,62591433_SXKPVCFE_TLOSLTMS_0,QCIXJGYIIJDP,62591433_SXKPVCFE_TLOSLTMS_0_62,62591433_SXKPVCFE_TLOSLTMS_0,NKMWALUKREUN,0
62591433_SXKPVCFE_TLOSLTMS_0_63,62591433_SXKPVCFE_TLOSLTMS_0,QCIXJGYIIJDP,62591433_SXKPVCFE_TLOSLTMS_0_63,62591433_SXKPVCFE_TLOSLTMS_0,NKMWALUKREUN,0
62591433_SXKPVCFE_TLOSLTMS_0_64,62591433_SXKPVCFE_TLOSLTMS_0,QCIXJGYIIJDP,62591433_SXKPVCFE_TLOSLTMS_0_64,62591433_SXKPVCFE_TLOSLTMS_0,NKMWALUKREUN,0
62591433_SXKPVCFE_TLOSLTMS_0_65,62591433_SXKPVCFE_TLOSLTMS_0,QCIXJGYIIJDP,62591433_SXKPVCFE_TLOSLTMS_0_65,62591433_SXKPVCFE_TLOSLTMS_0,NKMWALUKREUN,0
62591433_SXKPVCFE_TLOSLTMS_0_66,62591433_SXKPVCFE_TLOSLTMS_0,QCIXJGYIIJDP,62591433_SXKPVCFE_TLOSLTMS_0_66,62591433_SXKPVCFE_TLOSLTMS_0,NKMWALUKREUN,0
62591433_SXKPVCFE_TLOSLTMS_0_67,62591433_SXKPVCFE_TLOSLTMS_0,QCIXJGYIIJDP,62591433_SXKPVCFE_TLOSLTMS_0_67,62591433_SXKPVCFE_TLOSLTMS_0,NKMWALUKREUN,0
62591433_SXKPVCFE_TLOSLTMS_0_68,62591433_SXKPVCFE_TLOSLTMS_0,QCIXJGYIIJDP,62591433_SXKPVCFE_TLOSLTMS_0_68,62591433_SXKPVCFE_TLOSLTMS_0,NKMWALUKREUN,0
62591433_SXKPVCFE_TLOSLTMS_0_69,62591433_SXKPVCFE_TLOSLTMS_0,QCIXJGYIIJDP,62591433_SXKPVCFE_TLOSLTMS_0_69,62591433_SXKPVCFE_TLOSLTMS_0,NKMWALUKREUN,0
62591433_SXKPVCFE_TLOSLTMS_0_70,62591433_SXKPVCFE_TLOSLTMS_0,QCIXJGYIIJDP,62591433_SXKPVCFE_TLOSLTMS_0_70,62591433_SXKPVCFE_TLOSLTMS_0,NKMWALUKREUN,0
62591433_SXKPVCFE_TLOSLTMS_0_71,62591433_SXKPVCFE_TLOSLTMS_0,QCIXJGYIIJDP,62591433_SXKPVCFE_TLOSLTMS_0_71,62591433_SXKPVCFE_TLOSLTMS_0,NKMWALUKREUN,0
62591433_SXKPVCFE_TLOSLTMS_0_72,62591433_SXKPVCFE_TLOSLTMS_0,QCIXJGYIIJDP,62591433_SXKPVCFE_TLOSLTMS_0_72,62591433_SXKPVCFE_TLOSLTMS_0,NKMWALUKREUN,0
62591433_SXKPVCFE_TLOSLTMS_0_73,62591433_SXKPVCFE_TLOSLTMS_0,QCIXJGYIIJDP,62591433_SXKPVCFE_TLOSLTMS_0_73,62591433_SXKPVCFE_TLOSLTMS_0,NKMWALUKREUN,0
87880809_LJNFLUMT_SWIOJTSM_0_0,87880809_LJNFLUMT_SWIOJTSM_0,AEXXGGJVBCJX,87880809_LJNFLUMT_SWIOJTSM_0_0,87880809_LJNFLUMT_SWIOJTSM_0,AXIUDYJEBFTJ,0
87880809_LJNFLUMT_SWIOJTSM_0_1,87880809_LJNFLUMT_SWIOJTSM_0,AEXXGGJVBCJX,87880809_LJNFLUMT_SWIOJTSM_0_1,87880809_LJNFLUMT_SWIOJTSM_0,AXIUDYJEBFTJ,0
87880809_LJNFLUMT_SWIOJTSM_0_2,87880809_LJNFLUMT_SWIOJTSM_0,AEXXGGJVBCJX,87880809_LJNFLUMT_SWIOJTSM_0_2,87880809_LJNFLUMT_SWIOJTSM_0,AXIUDYJEBFTJ,0
87880809_LJNFLUMT_SWIOJTSM_0_3,87880809_LJNFLUMT_SWIOJTSM_0,AEXXGGJVBCJX,87880809_LJNFLUMT_SWIOJTSM_0_3,87880809_LJNFLUMT_SWIOJTSM_0,AXIUDYJEBFTJ,0
87880809_LJNFLUMT_SWIOJTSM_0_4,87880809_LJNFLUMT_SWIOJTSM_0,AEXXGGJVBCJX,87880809_LJNFLUMT_SWIOJTSM_0_4,87880809_LJNFLUMT_SWIOJTSM_0,AXIUDYJEBFTJ,0
87880809_LJNFLUMT_SWIOJTSM_0_5,87880809_LJNFLUMT_SWIOJTSM_0,AEXXGGJVBCJX,87880809_LJNFLUMT_SWIOJTSM_0_5,87880809_LJNFLUMT_SWIOJTSM_0,AXIUDYJEBFTJ,0
87880809_LJNFLUMT_SWIOJTSM_0_6,87880809_LJNFLUMT_SWIOJTSM_0,AEXXGGJVBCJX,87880809_LJNFLUMT_SWIOJTSM_0_6,87880809_LJNFLUMT_SWIOJTSM_0,AXIUDYJEBFTJ,0
87880809_LJNFLUMT_SWIOJTSM_0_7,87880809_LJNFLUMT_SWIOJTSM_0,AEXXGGJVBCJX,87880809_LJNFLUMT_SWIOJTSM_0_7,87880809_LJNFLUMT_SWIOJTSM_0,AXIUDYJEBFTJ,0
87880809_LJNFLUMT_SWIOJTSM_0_8,87880809_LJNFLUMT_SWIOJTSM_0,AEXXGGJVBCJX,87880809_LJNFLUMT_SWIOJTSM_0_8,87880809_LJNFLUMT_SWIOJTSM_0,AXIUDYJEBFTJ,0
87880809_LJNFLUMT_SWIOJTSM_0_9,87880809_LJNFLUMT_SWIOJTSM_0,AEXXGGJVBCJX,87880809_LJNFLUMT_SWIOJTSM_0_9,87880809_LJNFLUMT_SWIOJTSM_0,AXIUDYJEBFTJ,0
87880809_LJNFLUMT_SWIOJTSM_0_10,87880809_LJNFLUMT_SWIOJTSM_0,AEXXGGJVBCJX,87880809_LJNFLUMT_SWIOJTSM_0_10,87880809_LJNFLUMT_SWIOJTSM_0,AXIUDYJEBFTJ,0
87880809_LJNFLUMT_SWIOJTSM_0_11,87880809_LJNFLUMT_SWIOJTSM_0,AEXXGGJVBCJX,87880809_LJNFLUMT_SWIOJTSM_0_11,87880809_LJNFLUMT_SWIOJTSM_0,AXIUDYJEBFTJ,0
87880809_LJNFLUMT_SWIOJTSM_0_12,87880809_LJNFLUMT_SWIOJTSM_0,AEXXGGJVBCJX,87880809_LJNFLUMT_SWIOJTSM_0_12,87880809_LJNFLUMT_SWIOJTSM_0,AXIUDYJEBFTJ,0
87880809_LJNFLUMT_SWIOJTSM_0_13,87880809_LJNFLUMT_SWIOJTSM_0,AEXXGGJVBCJX,87880809_LJNFLUMT_SWIOJTSM_0_13,87880809_LJNFLUMT_SWIOJTSM_0,AXIUDYJEBFTJ,0
87880809_LJNFLUMT_SWIOJTSM_0_14,87880809_LJNFLUMT_SWIOJTSM_0,AEXXGGJVBCJX,87880809_LJNFLUMT_SWIOJTSM_0_14,87880809_LJNFLUMT_SWIOJTSM_0,AXIUDYJEBFTJ,0
87880809_LJNFLUMT_SWIOJTSM_0_15,87880809_LJNFLUMT_SWIOJTSM_0,AEXXGGJVBCJX,87880809_LJNFLUMT_SWIOJTSM_0_15,87880809_LJNFLUMT_SWIOJTSM_0,AXIUDYJEBFTJ,0
87880809_LJNFLUMT_SWIOJTSM_0_16,87880809_LJNFLUMT_SWIOJTSM_0,AEXXGGJVBCJX,87880809_LJNFLUMT_SWIOJTSM_0_16,87880809_LJNFLUMT_SWIOJTSM_0,AXIUDYJEBFTJ,0
87880809_LJNFLUMT_SWIOJTSM_0_17,87880809_LJNFLUMT_SWIOJTSM_0,AEXXGGJVBCJX,87880809_LJNFLUMT_SWIOJTSM_0_17,87880809_LJNFLUMT_SWIOJTSM_0,AXIUDYJEBFTJ,0
87880809_LJNFLUMT_SWIOJTSM_0_18,87880809_LJNFLUMT_SWIOJTSM_0,AEXXGGJVBCJX,87880809_LJNFLUMT_SWIOJTSM_0_18,87880809_LJNFLUMT_SWIOJTSM_0,AXIUDYJEBFTJ,0
87880809_LJNFLUMT_SWIOJTSM_0_19,87880809_LJNFLUMT_SWIOJTSM_0,AEXXGGJVBCJX,87880809_LJNFLUMT_SWIOJTSM_0_19,87880809_LJNFLUMT_SWIOJTSM_0,AXIUDYJEBFTJ,0
87880809_LJNFLUMT_SWIOJTSM_0_20,87880809_LJNFLUMT_SWIOJTSM_0,AEXXGGJVBCJX,87880809_LJNFLUMT_SWIOJTSM_0_20,87880809_LJNFLUMT_SWIOJTSM_0,AXIUDYJEBFTJ,0
87880809_LJNFLUMT_SWIOJTSM_0_21,87880809_LJNFLUMT_SWIOJTSM_0,AEXXGGJVBCJX,87880809_LJNFLUMT_SWIOJTSM_0_21,87880809_LJNFLUMT_SWIOJTSM_0,AXIUDYJEBFTJ,0
87880809_LJNFLUMT_SWIOJTSM_0_22,87880809_LJNFLUMT_SWIOJTSM_0,AEXXGGJVBCJX,87880809_LJNFLUMT_SWIOJTSM_0_22,87880809_LJNFLUMT_SWIOJTSM_0,AXIUDYJEBFTJ,0
87880809_LJNFLUMT_SWIOJTSM_0_23,87880809_LJNFLUMT_SWIOJTSM_0,AEXXGGJVBCJX,87880809_LJNFLUMT_SWIOJTSM_0_23,87880809_LJNFLUMT_SWIOJTSM_0,AXIUDYJEBFTJ,0
87880809_LJNFLUMT_SWIOJTSM_0_24,87880809_LJNFLUMT_SWIOJTSM_0,AEXXGGJVBCJX,87880809_LJNFLUMT_SWIOJTSM_0_24,87880809_LJNFLUMT_SWIOJTSM_0,AXIUDYJEBFTJ,0
87880809_LJNFLUMT_SWIOJTSM_0_25,87880809_LJNFLUMT_SWIOJTSM_0,AEXXGGJVBCJX,87880809_LJNFLUMT_SWIOJTSM_0_25,87880809_LJNFLUMT_SWIOJTSM_0,AXIUDYJEBFTJ,0
87880809_LJNFLUMT_SWIOJTSM_0_26,87880809_LJNFLUMT_SWIOJTSM_0,AEXXGGJVBCJX,87880809_LJNFLUMT_SWIOJTSM_0_26,87880809_LJNFLUMT_SWIOJTSM_0,AXIUDYJEBFTJ,0
87880809_LJNFLUMT_SWIOJTSM_0_27,87880809_LJNFLUMT_SWIOJTSM_0,AEXXGGJVBCJX,87880809_LJNFLUMT_SWIOJTSM_0_27,87880809_LJNFLUMT_SWIOJTSM_0,AXIUDYJEBFTJ,0
87880809_LJNFLUMT_SWIOJTSM_0_28,87880809_LJNFLUMT_SWIOJTSM_0,AEXXGGJVBCJX,87880809_LJNFLUMT_SWIOJTSM_0_28,87880809_LJNFLUMT_SWIOJTSM_0,AXIUDYJEBFTJ,0
87880809_LJNFLUMT_SWIOJTSM_0_29,87880809_LJNFLUMT_SWIOJTSM_0,AEXXGGJVBCJX,87880809_LJNFLUMT_SWIOJTSM_0_29,87880809_LJNFLUMT_SWIOJTSM_0,AXIUDYJEBFTJ,0
87880809_LJNFLUMT_SWIOJTSM_0_30,87880809_LJNFLUMT_SWIOJTSM_0,AEXXGGJVBCJX,87880809_LJNFLUMT_SWIOJTSM_0_30,87880809_LJNFLUMT_SWIOJTSM_0,AXIUDYJEBFTJ,0
87880809_LJNFLUMT_SWIOJTSM_0_31,87880809_LJNFLUMT_SWIOJTSM_0,AEXXGGJVBCJX,87880809_LJNFLUMT_SWIOJTSM_0_31,87880809_LJNFLUMT_SWIOJTSM_0,AXIUDYJEBFTJ,0
87880809_LJNFLUMT_SWIOJTSM_0_32,87880809_LJNFLUMT_SWIOJTSM_0,AEXXGGJVBCJX,87880809_LJNFLUMT_SWIOJTSM_0_32,87880809_LJNFLUMT_SWIOJTSM_0,AXIUDYJEBFTJ,0
87880809_LJNFLUMT_SWIOJTSM_0_33,87880809_LJNFLUMT_SWIOJTSM_0,AEXXGGJVBCJX,87880809_LJNFLUMT_SWIOJTSM_0_33,87880809_LJNFLUMT_SWIOJTSM_0,AXIUDYJEBFTJ,0
87880809_LJNFLUMT_SWIOJTSM_0_34,87880809_LJNFLUMT_SWIOJTSM_0,AEXXGGJVBCJX,87880809_LJNFLUMT_SWIOJTSM_0_34,87880809_LJNFLUMT_SWIOJTSM_0,AXIUDYJEBFTJ,0
87880809_LJNFLUMT_SWIOJTSM_0_35,87880809_LJNFLUMT_SWIOJTSM_0,AEXXGGJVBCJX,87880809_LJNFLUMT_SWIOJTSM_0_35,87880809_LJNFLUMT_SWIOJTSM_0,AXIUDYJEBFTJ,0
87880809_LJNFLUMT_SWIOJTSM_0_36,87880809_LJNFLUMT_SWIOJTSM_0,AEXXGGJVBCJX,87880809_LJNFLUMT_SWIOJTSM_0_36,87880809_LJNFLUMT_SWIOJTSM_0,AXIUDYJEBFTJ,0
87880809_LJNFLUMT_SWIOJTSM_0_37,87880809_LJNFLUMT_SWIOJTSM_0,AEXXGGJVBCJX,87880809_LJNFLUMT_SWIOJTSM_0_37,87880809_LJNFLUMT_SWIOJTSM_0,AXIUDYJEBFTJ,0
87880809_LJNFLUMT_SWIOJTSM_0_38,87880809_LJNFLUMT_SWIOJTSM_0,AEXXGGJVBCJX,87880809_LJNFLUMT_SWIOJTSM_0_38,87880809_LJNFLUMT_SWIOJTSM_0,AXIUDYJEBFTJ,0
87880809_LJNFLUMT_SWIOJTSM_0_39,87880809_LJNFLUMT_SWIOJTSM_0,AEXXGGJVBCJX,87880809_LJNFLUMT_SWIOJTSM_0_39,87880809_LJNFLUMT_SWIOJTSM_0,AXIUDYJEBFTJ,0
87880809_LJNFLUMT_SWIOJTSM_0_40,87880809_LJNFLUMT_SWIOJTSM_0,AEXXGGJVBCJX,87880809_LJNFLUMT_SWIOJTSM_0_40,87880809_LJNFLUMT_SWIOJTSM_0,AXIUDYJEBFTJ,0
87880809_LJNFLUMT_SWIOJTSM_0_41,87880809_LJNFLUMT_SWIOJTSM_0,AEXXGGJVBCJX,87880809_LJNFLUMT_SWIOJTSM_0_41,87880809_LJNFLUMT_SWIOJTSM_0,AXIUDYJEBFTJ,0
87880809_LJNFLUMT_SWIOJTSM_0_42,87880809_LJNFLUMT_SWIOJTSM_0,AEXXGGJVBCJX,87880809_LJNFLUMT_SWIOJTSM_0_42,87880809_LJNFLUMT_SWIOJTSM_0,AXIUDYJEBFTJ,0
87880809_LJNFLUMT_SWIOJTSM_0_43,87880809_LJNFLUMT_SWIOJTSM_0,AEXXGGJVBCJX,87880809_LJNFLUMT_SWIOJTSM_0_43,87880809_LJNFLUMT_SWIOJTSM_0,AXIUDYJEBFTJ,0
87880809_LJNFLUMT_SWIOJTSM_0_44,87880809_LJNFLUMT_SWIOJTSM_0,AEXXGGJVBCJX,87880809_LJNFLUMT_SWIOJTSM_0_44,87880809_LJNFLUMT_SWIOJTSM_0,AXIUDYJEBFTJ,0
87880809_LJNFLUMT_SWIOJTSM_0_45,87880809_LJNFLUMT_SWIOJTSM_0,AEXXGGJVBCJX,87880809_LJNFLUMT_SWIOJTSM_0_45,87880809_LJNFLUMT_SWIOJTSM_0,AXIUDYJEBFTJ,0
87880809_LJNFLUMT_SWIOJTSM_0_46,87880809_LJNFLUMT_SWIOJTSM_0,AEXXGGJVBCJX,87880809_LJNFLUMT_SWIOJTSM_0_46,87880809_LJNFLUMT_SWIOJTSM_0,AXIUDYJEBFTJ,0
87880809_LJNFLUMT_SWIOJTSM_0_47,87880809_LJNFLUMT_SWIOJTSM_0,AEXXGGJVBCJX,87880809_LJNFLUMT_SWIOJTSM_0_47,87880809_LJNFLUMT_SWIOJTSM_0,AXIUDYJEBFTJ,0
87880809_LJNFLUMT_SWIOJTSM_0_48,87880809_LJNFLUMT_SWIOJTSM_0,AEXXGGJVBCJX,87880809_LJNFLUMT_SWIOJTSM_0_48,87880809_LJNFLUMT_SWIOJTSM_0,AXIUDYJEBFTJ,0
87880809_LJNFLUMT_SWIOJTSM_0_49,87880809_LJNFLUMT_SWIOJTSM_0,AEXXGGJVBCJX,87880809_LJNFLUMT_SWIOJTSM_0_49,87880809_LJNFLUMT_SWIOJTSM_0,AXIUDYJEBFTJ,0
87880809_LJNFLUMT_SWIOJTSM_0_50,87880809_LJNFLUMT_SWIOJTSM_0,AEXXGGJVBCJX,87880809_LJNFLUMT_SWIOJTSM_0_50,87880809_LJNFLUMT_SWIOJTSM_0,AXIUDYJEBFTJ,0
87880809_LJNFLUMT_SWIOJTSM_0_51,87880809_LJNFLUMT_SWIOJTSM_0,AEXXGGJVBCJX,87880809_LJNFLUMT_SWIOJTSM_0_51,87880809_LJNFLUMT_SWIOJTSM_0,AXIUDYJEBFTJ,0
87880809_LJNFLUMT_SWIOJTSM_0_52,87880809_LJNFLUMT_SWIOJTSM_0,AEXXGGJVBCJX,87880809_LJNFLUMT_SWIOJTSM_0_52,87880809_LJNFLUMT_SWIOJTSM_0,AXIUDYJEBFTJ,0
87880809_LJNFLUMT_SWIOJTSM_0_53,87880809_LJNFLUMT_SWIOJTSM_0,AEXXGGJVBCJX,87880809_LJNFLUMT_SWIOJTSM_0_53,87880809_LJNFLUMT_SWIOJTSM_0,AXIUDYJEBFTJ,0
87880809_LJNFLUMT_SWIOJTSM_0_54,87880809_LJNFLUMT_SWIOJTSM_0,AEXXGGJVBCJX,87880809_LJNFLUMT_SWIOJTSM_0_54,87880809_LJNFLUMT_SWIOJTSM_0,AXIUDYJEBFTJ,0
87880809_LJNFLUMT_SWIOJTSM_0_55,87880809_LJNFLUMT_SWIOJTSM_0,AEXXGGJVBCJX,87880809_LJNFLUMT_SWIOJTSM_0_55,87880809_LJNFLUMT_SWIOJTSM_0,AXIUDYJEBFTJ,0
87880809_LJNFLUMT_SWIOJTSM_0_56,87880809_LJNFLUMT_SWIOJTSM_0,AEXXGGJVBCJX,87880809_LJNFLUMT_SWIOJTSM_0_56,87880809_LJNFLUMT_SWIOJTSM_0,AXIUDYJEBFTJ,0
87880809_LJNFLUMT_SWIOJTSM_0_57,87880809_LJNFLUMT_SWIOJTSM_0,AEXXGGJVBCJX,87880809_LJNFLUMT_SWIOJTSM_0_57,87880809_LJNFLUMT_SWIOJTSM_0,AXIUDYJEBFTJ,0
87880809_LJNFLUMT_SWIOJTSM_0_58,87880809_LJNFLUMT_SWIOJTSM_0,AEXXGGJVBCJX,87880809_LJNFLUMT_SWIOJTSM_0_58,87880809_LJNFLUMT_SWIOJTSM_0,AXIUDYJEBFTJ,0
87880809_LJNFLUMT_SWIOJTSM_0_59,87880809_LJNFLUMT_SWIOJTSM_0,AEXXGGJVBCJX,87880809_LJNFLUMT_SWIOJTSM_0_59,87880809_LJNFLUMT_SWIOJTSM_0,AXIUDYJEBFTJ,0
87880809_LJNFLUMT_SWIOJTSM_0_60,87880809_LJNFLUMT_SWIOJTSM_0,AEXXGGJVBCJX,87880809_LJNFLUMT_SWIOJTSM_0_60,87880809_LJNFLUMT_SWIOJTSM_0,AXIUDYJEBFTJ,0
87880809_LJNFLUMT_SWIOJTSM_0_61,87880809_LJNFLUMT_SWIOJTSM_0,AEXXGGJVBCJX,87880809_LJNFLUMT_SWIOJTSM_0_61,87880809_LJNFLUMT_SWIOJTSM_0,AXIUDYJEBFTJ,0
87880809_LJNFLUMT_SWIOJTSM_0_62,87880809_LJNFLUMT_SWIOJTSM_0,AEXXGGJVBCJX,87880809_LJNFLUMT_SWIOJTSM_0_62,87880809_LJNFLUMT_SWIOJTSM_0,AXIUDYJEBFTJ,0
87880809_LJNFLUMT_SWIOJTSM_0_63,87880809_LJNFLUMT_SWIOJTSM_0,AEXXGGJVBCJX,87880809_LJNFLUMT_SWIOJTSM_0_63,87880809_LJNFLUMT_SWIOJTSM_0,AXIUDYJEBFTJ,0
87880809_LJNFLUMT_SWIOJTSM_0_64,87880809_LJNFLUMT_SWIOJTSM_0,AEXXGGJVBCJX,87880809_LJNFLUMT_SWIOJTSM_0_64,87880809_LJNFLUMT_SWIOJTSM_0,AXIUDYJEBFTJ,0
87880809_LJNFLUMT_SWIOJTSM_0_65,87880809_LJNFLUMT_SWIOJTSM_0,AEXXGGJVBCJX,87880809_LJNFLUMT_SWIOJTSM_0_65,87880809_LJNFLUMT_SWIOJTSM_0,AXIUDYJEBFTJ,0
87880809_LJNFLUMT_SWIOJTSM_0_66,87880809_LJNFLUMT_SWIOJTSM_0,AEXXGGJVBCJX,87880809_LJNFLUMT_SWIOJTSM_0_66,87880809_LJNFLUMT_SWIOJTSM_0,AXIUDYJEBFTJ,0
87880809_LJNFLUMT_SWIOJTSM_0_67,87880809_LJNFLUMT_SWIOJTSM_0,AEXXGGJVBCJX,87880809_LJNFLUMT_SWIOJTSM_0_67,87880809_LJNFLUMT_SWIOJTSM_0,AXIUDYJEBFTJ,0
87880809_LJNFLUMT_SWIOJTSM_0_68,87880809_LJNFLUMT_SWIOJTSM_0,AEXXGGJVBCJX,87880809_LJNFLUMT_SWIOJTSM_0_68,87880809_LJNFLUMT_SWIOJTSM_0,AXIUDYJEBFTJ,0
87880809_LJNFLUMT_SWIOJTSM_0_69,87880809_LJNFLUMT_SWIOJTSM_0,AEXXGGJVBCJX,87880809_LJNFLUMT_SWIOJTSM_0_69,87880809_LJNFLUMT_SWIOJTSM_0,AXIUDYJEBFTJ,0
87880809_LJNFLUMT_SWIOJTSM_0_70,87880809_LJNFLUMT_SWIOJTSM_0,AEXXGGJVBCJX,87880809_LJNFLUMT_SWIOJTSM_0_70,87880809_LJNFLUMT_SWIOJTSM_0,AXIUDYJEBFTJ,0
87880809_LJNFLUMT_SWIOJTSM_0_71,87880809_LJNFLUMT_SWIOJTSM_0,AEXXGGJVBCJX,87880809_LJNFLUMT_SWIOJTSM_0_71,87880809_LJNFLUMT_SWIOJTSM_0,AXIUDYJEBFTJ,0
87880809_LJNFLUMT_SWIOJTSM_0_72,87880809_LJNFLUMT_SWIOJTSM_0,AEXXGGJVBCJX,87880809_LJNFLUMT_SWIOJTSM_0_72,87880809_LJNFLUMT_SWIOJTSM_0,AXIUDYJEBFTJ,0
87880809_LJNFLUMT_SWIOJTSM_0_73,87880809_LJNFLUMT_SWIOJTSM_0,AEXXGGJVBCJX,87880809_LJNFLUMT_SWIOJTSM_0_73,87880809_LJNFLUMT_SWIOJTSM_0,AXIUDYJEBFTJ,0
87880809_LJNFLUMT_SWIOJTSM_0_74,87880809_LJNFLUMT_SWIOJTSM_0,AEXXGGJVBCJX,87880809_LJNFLUMT_SWIOJTSM_0_74,87880809_LJNFLUMT_SWIOJTSM_0,AXIUDYJEBFTJ,0
87880809_LJNFLUMT_SWIOJTSM_0_75,87880809_LJNFLUMT_SWIOJTSM_0,AEXXGGJVBCJX,87880809_LJNFLUMT_SWIOJTSM_0_75,87880809_LJNFLUMT_SWIOJTSM_0,AXIUDYJEBFTJ,0
87880809_LJNFLUMT_SWIOJTSM_0_76,87880809_LJNFLUMT_SWIOJTSM_0,AEXXGGJVBCJX,87880809_LJNFLUMT_SWIOJTSM_0_76,87880809_LJNFLUMT_SWIOJTSM_0,AXIUDYJEBFTJ,0
87880809_LJNFLUMT_SWIOJTSM_0_77,87880809_LJNFLUMT_SWIOJTSM_0,AEXXGGJVBCJX,87880809_LJNFLUMT_SWIOJTSM_0_77,87880809_LJNFLUMT_SWIOJTSM_0,AXIUDYJEBFTJ,0
87880809_LJNFLUMT_SWIOJTSM_0_78,87880809_LJNFLUMT_SWIOJTSM_0,AEXXGGJVBCJX,87880809_LJNFLUMT_SWIOJTSM_0_78,87880809_LJNFLUMT_SWIOJTSM_0,AXIUDYJEBFTJ,0
87880809_LJNFLUMT_SWIOJTSM_0_79,87880809_LJNFLUMT_SWIOJTSM_0,AEXXGGJVBCJX,87880809_LJNFLUMT_SWIOJTSM_0_79,87880809_LJNFLUMT_SWIOJTSM_0,AXIUDYJEBFTJ,0
87880809_LJNFLUMT_SWIOJTSM_0_80,87880809_LJNFLUMT_SWIOJTSM_0,AEXXGGJVBCJX,87880809_LJNFLUMT_SWIOJTSM_0_80,87880809_LJNFLUMT_SWIOJTSM_0,AXIUDYJEBFTJ,0
87880809_LJNFLUMT_SWIOJTSM_0_81,87880809_LJNFLUMT_SWIOJTSM_0,AEXXGGJVBCJX,87880809_LJNFLUMT_SWIOJTSM_0_81,87880809_LJNFLUMT_SWIOJTSM_0,AXIUDYJEBFTJ,0
87880809_LJNFLUMT_SWIOJTSM_0_82,87880809_LJNFLUMT_SWIOJTSM_0,AEXXGGJVBCJX,87880809_LJNFLUMT_SWIOJTSM_0_82,87880809_LJNFLUMT_SWIOJTSM_0,AXIUDYJEBFTJ,0
87880809_LJNFLUMT_SWIOJTSM_0_83,87880809_LJNFLUMT_SWIOJTSM_0,AEXXGGJVBCJX,87880809_LJNFLUMT_SWIOJTSM_0_83,87880809_LJNFLUMT_SWIOJTSM_0,AXIUDYJEBFTJ,0
87880809_LJNFLUMT_SWIOJTSM_0_84,87880809_LJNFLUMT_SWIOJTSM_0,AEXXGGJVBCJX,87880809_LJNFLUMT_SWIOJTSM_0_84,87880809_LJNFLUMT_SWIOJTSM_0,AXIUDYJEBFTJ,0
87880809_LJNFLUMT_SWIOJTSM_0_85,87880809_LJNFLUMT_SWIOJTSM_0,AEXXGGJVBCJX,87880809_LJNFLUMT_SWIOJTSM_0_85,87880809_LJNFLUMT_SWIOJTSM_0,AXIUDYJEBFTJ,0
87880809_LJNFLUMT_SWIOJTSM_0_86,87880809_LJNFLUMT_SWIOJTSM_0,AEXXGGJVBCJX,87880809_LJNFLUMT_SWIOJTSM_0_86,87880809_LJNFLUMT_SWIOJTSM_0,AXIUDYJEBFTJ,0
87880809_LJNFLUMT_SWIOJTSM_0_87,87880809_LJNFLUMT_SWIOJTSM_0,AEXXGGJVBCJX,87880809_LJNFLUMT_SWIOJTSM_0_87,87880809_LJNFLUMT_SWIOJTSM_0,AXIUDYJEBFTJ,0
87880809_LJNFLUMT_SWIOJTSM_0_88,87880809_LJNFLUMT_SWIOJTSM_0,AEXXGGJVBCJX,87880809_LJNFLUMT_SWIOJTSM_0_88,87880809_LJNFLUMT_SWIOJTSM_0,AXIUDYJEBFTJ,0
87880809_LJNFLUMT_SWIOJTSM_0_89,87880809_LJNFLUMT_SWIOJTSM_0,AEXXGGJVBCJX,87880809_LJNFLUMT_SWIOJTSM_0_89,87880809_LJNFLUMT_SWIOJTSM_0,AXIUDYJEBFTJ,0
87880809_LJNFLUMT_SWIOJTSM_0_90,87880809_LJNFLUMT_SWIOJTSM_0,AEXXGGJVBCJX,87880809_LJNFLUMT_SWIOJTSM_0_90,87880809_LJNFLUMT_SWIOJTSM_0,AXIUDYJEBFTJ,0
87880809_LJNFLUMT_SWIOJTSM_0_91,87880809_LJNFLUMT_SWIOJTSM_0,AEXXGGJVBCJX,87880809_LJNFLUMT_SWIOJTSM_0_91,87880809_LJNFLUMT_SWIOJTSM_0,AXIUDYJEBFTJ,0
87880809_LJNFLUMT_SWIOJTSM_0_92,87880809_LJNFLUMT_SWIOJTSM_0,AEXXGGJVBCJX,87880809_LJNFLUMT_SWIOJTSM_0_92,87880809_LJNFLUMT_SWIOJTSM_0,AXIUDYJEBFTJ,0
87880809_LJNFLUMT_SWIOJTSM_0_93,87880809_LJNFLUMT_SWIOJTSM_0,AEXXGGJVBCJX,87880809_LJNFLUMT_SWIOJTSM_0_93,87880809_LJNFLUMT_SWIOJTSM_0,AXIUDYJEBFTJ,0
87880809_LJNFLUMT_SWIOJTSM_0_94,87880809_LJNFLUMT_SWIOJTSM_0,AEXXGGJVBCJX,87880809_LJNFLUMT_SWIOJTSM_0_94,87880809_LJNFLUMT_SWIOJTSM_0,AXIUDYJEBFTJ,0
87880809_LJNFLUMT_SWIOJTSM_0_95,87880809_LJNFLUMT_SWIOJTSM_0,AEXXGGJVBCJX,87880809_LJNFLUMT_SWIOJTSM_0_95,87880809_LJNFLUMT_SWIOJTSM_0,AXIUDYJEBFTJ,0
87880809_LJNFLUMT_SWIOJTSM_0_96,87880809_LJNFLUMT_SWIOJTSM_0,AEXXGGJVBCJX,87880809_LJNFLUMT_SWIOJTSM_0_96,87880809_LJNFLUMT_SWIOJTSM_0,AXIUDYJEBFTJ,0
87880809_LJNFLUMT_SWIOJTSM_0_97,87880809_LJNFLUMT_SWIOJTSM_0,AEXXGGJVBCJX,87880809_LJNFLUMT_SWIOJTSM_0_97,87880809_LJNFLUMT_SWIOJTSM_0,AXIUDYJEBFTJ,0
87880809_LJNFLUMT_SWIOJTSM_0_98,87880809_LJNFLUMT_SWIOJTSM_0,AEXXGGJVBCJX,87880809_LJNFLUMT_SWIOJTSM_0_98,87880809_LJNFLUMT_SWIOJTSM_0,AXIUDYJEBFTJ,0
87880809_LJNFLUMT_SWIOJTSM_0_99,87880809_LJNFLUMT_SWIOJTSM_0,AEXXGGJVBCJX,87880809_LJNFLUMT_SWIOJTSM_0_99,87880809_LJNFLUMT_SWIOJTSM_0,AXIUDYJEBFTJ,0
87880809_LJNFLUMT_SWIOJTSM_0_100,87880809_LJNFLUMT_SWIOJTSM_0,AEXXGGJVBCJX,87880809_LJNFLUMT_SWIOJTSM_0_100,87880809_LJNFLUMT_SWIOJTSM_0,AXIUDYJEBFTJ,0
87880809_LJNFLUMT_SWIOJTSM_0_101,87880809_LJNFLUMT_SWIOJTSM_0,AEXXGGJVBCJX,87880809_LJNFLUMT_SWIOJTSM_0_101,87880809_LJNFLUMT_SWIOJTSM_0,AXIUDYJEBFTJ,0
87880809_LJNFLUMT_SWIOJTSM_0_102,87880809_LJNFLUMT_SWIOJTSM_0,AEXXGGJVBCJX,87880809_LJNFLUMT_SWIOJTSM_0_102,87880809_LJNFLUMT_SWIOJTSM_0,AXIUDYJEBFTJ,0
87880809_LJNFLUMT_SWIOJTSM_0_103,87880809_LJNFLUMT_SWIOJTSM_0,AEXXGGJVBCJX,87880809_LJNFLUMT_SWIOJTSM_0_103,87880809_LJNFLUMT_SWIOJTSM_0,AXIUDYJEBFTJ,0
87880809_LJNFLUMT_SWIOJTSM_0_104,87880809_LJNFLUMT_SWIOJTSM_0,AEXXGGJVBCJX,87880809_LJNFLUMT_SWIOJTSM_0_104,87880809_LJNFLUMT_SWIOJTSM_0,AXIUDYJEBFTJ,0
82375114_BPORINGO_SXKPVCFE_0_0,82375114_BPORINGO_SXKPVCFE_0,TRGRJTNEAIEO,82375114_BPORINGO_SXKPVCFE_0_0,82375114_BPORINGO_SXKPVCFE_0,ZSGCCATIPCUH,0
82375114_BPORINGO_SXKPVCFE_0_1,82375114_BPORINGO_SXKPVCFE_0,TRGRJTNEAIEO,82375114_BPORINGO_SXKPVCFE_0_1,82375114_BPORINGO_SXKPVCFE_0,ZSGCCATIPCUH,0
82375114_BPORINGO_SXKPVCFE_0_2,82375114_BPORINGO_SXKPVCFE_0,TRGRJTNEAIEO,82375114_BPORINGO_SXKPVCFE_0_2,82375114_BPORINGO_SXKPVCFE_0,ZSGCCATIPCUH,0
82375114_BPORINGO_SXKPVCFE_0_3,82375114_BPORINGO_SXKPVCFE_0,TRGRJTNEAIEO,82375114_BPORINGO_SXKPVCFE_0_3,82375114_BPORINGO_SXKPVCFE_0,ZSGCCATIPCUH,0
82375114_BPORINGO_SXKPVCFE_0_4,82375114_BPORINGO_SXKPVCFE_0,TRGRJTNEAIEO,82375114_BPORINGO_SXKPVCFE_0_4,82375114_BPORINGO_SXKPVCFE_0,ZSGCCATIPCUH,0
82375114_BPORINGO_SXKPVCFE_0_5,82375114_BPORINGO_SXKPVCFE_0,TRGRJTNEAIEO,82375114_BPORINGO_SXKPVCFE_0_5,82375114_BPORINGO_SXKPVCFE_0,ZSGCCATIPCUH,0
82375114_BPORINGO_SXKPVCFE_0_6,82375114_BPORINGO_SXKPVCFE_0,TRGRJTNEAIEO,82375114_BPORINGO_SXKPVCFE_0_6,82375114_BPORINGO_SXKPVCFE_0,ZSGCCATIPCUH,0
82375114_BPORINGO_SXKPVCFE_0_7,82375114_BPORINGO_SXKPVCFE_0,TRGRJTNEAIEO,82375114_BPORINGO_SXKPVCFE_0_7,82375114_BPORINGO_SXKPVCFE_0,ZSGCCATIPCUH,0
82375114_BPORINGO_SXKPVCFE_0_8,82375114_BPORINGO_SXKPVCFE_0,TRGRJTNEAIEO,82375114_BPORINGO_SXKPVCFE_0_8,82375114_BPORINGO_SXKPVCFE_0,ZSGCCATIPCUH,0
82375114_BPORINGO_SXKPVCFE_0_9,82375114_BPORINGO_SXKPVCFE_0,TRGRJTNEAIEO,82375114_BPORINGO_SXKPVCFE_0_9,82375114_BPORINGO_SXKPVCFE_0,ZSGCCATIPCUH,0
82375114_BPORINGO_SXKPVCFE_0_10,82375114_BPORINGO_SXKPVCFE_0,TRGRJTNEAIEO,82375114_BPORINGO_SXKPVCFE_0_10,82375114_BPORINGO_SXKPVCFE_0,ZSGCCATIPCUH,0
82375114_BPORINGO_SXKPVCFE_0_11,82375114_BPORINGO_SXKPVCFE_0,TRGRJTNEAIEO,82375114_BPORINGO_SXKPVCFE_0_11,82375114_BPORINGO_SXKPVCFE_0,ZSGCCATIPCUH,0
82375114_BPORINGO_SXKPVCFE_0_12,82375114_BPORINGO_SXKPVCFE_0,TRGRJTNEAIEO,82375114_BPORINGO_SXKPVCFE_0_12,82375114_BPORINGO_SXKPVCFE_0,ZSGCCATIPCUH,0
82375114_BPORINGO_SXKPVCFE_0_13,82375114_BPORINGO_SXKPVCFE_0,TRGRJTNEAIEO,82375114_BPORINGO_SXKPVCFE_0_13,82375114_BPORINGO_SXKPVCFE_0,ZSGCCATIPCUH,0
82375114_BPORINGO_SXKPVCFE_0_14,82375114_BPORINGO_SXKPVCFE_0,TRGRJTNEAIEO,82375114_BPORINGO_SXKPVCFE_0_14,82375114_BPORINGO_SXKPVCFE_0,ZSGCCATIPCUH,0
82375114_BPORINGO_SXKPVCFE_0_15,82375114_BPORINGO_SXKPVCFE_0,TRGRJTNEAIEO,82375114_BPORINGO_SXKPVCFE_0_15,82375114_BPORINGO_SXKPVCFE_0,ZSGCCATIPCUH,0
82375114_BPORINGO_SXKPVCFE_0_16,82375114_BPORINGO_SXKPVCFE_0,TRGRJTNEAIEO,82375114_BPORINGO_SXKPVCFE_0_16,82375114_BPORINGO_SXKPVCFE_0,ZSGCCATIPCUH,0
82375114_BPORINGO_SXKPVCFE_0_17,82375114_BPORINGO_SXKPVCFE_0,TRGRJTNEAIEO,82375114_BPORINGO_SXKPVCFE_0_17,82375114_BPORINGO_SXKPVCFE_0,ZSGCCATIPCUH,0
82375114_BPORINGO_SXKPVCFE_0_18,82375114_BPORINGO_SXKPVCFE_0,TRGRJTNEAIEO,82375114_BPORINGO_SXKPVCFE_0_18,82375114_BPORINGO_SXKPVCFE_0,ZSGCCATIPCUH,0
82375114_BPORINGO_SXKPVCFE_0_19,82375114_BPORINGO_SXKPVCFE_0,TRGRJTNEAIEO,82375114_BPORINGO_SXKPVCFE_0_19,82375114_BPORINGO_SXKPVCFE_0,ZSGCCATIPCUH,0
82375114_BPORINGO_SXKPVCFE_0_20,82375114_BPORINGO_SXKPVCFE_0,TRGRJTNEAIEO,82375114_BPORINGO_SXKPVCFE_0_20,82375114_BPORINGO_SXKPVCFE_0,ZSGCCATIPCUH,0
82375114_BPORINGO_SXKPVCFE_0_21,82375114_BPORINGO_SXKPVCFE_0,TRGRJTNEAIEO,82375114_BPORINGO_SXKPVCFE_0_21,82375114_BPORINGO_SXKPVCFE_0,ZSGCCATIPCUH,0
82375114_BPORINGO_SXKPVCFE_0_22,82375114_BPORINGO_SXKPVCFE_0,TRGRJTNEAIEO,82375114_BPORINGO_SXKPVCFE_0_22,82375114_BPORINGO_SXKPVCFE_0,ZSGCCATIPCUH,0
82375114_BPORINGO_SXKPVCFE_0_23,82375114_BPORINGO_SXKPVCFE_0,TRGRJTNEAIEO,82375114_BPORINGO_SXKPVCFE_0_23,82375114_BPORINGO_SXKPVCFE_0,ZSGCCATIPCUH,0
82375114_BPORINGO_SXKPVCFE_0_24,82375114_BPORINGO_SXKPVCFE_0,TRGRJTNEAIEO,82375114_BPORINGO_SXKPVCFE_0_24,82375114_BPORINGO_SXKPVCFE_0,ZSGCCATIPCUH,0
82375114_BPORINGO_SXKPVCFE_0_25,82375114_BPORINGO_SXKPVCFE_0,TRGRJTNEAIEO,82375114_BPORINGO_SXKPVCFE_0_25,82375114_BPORINGO_SXKPVCFE_0,ZSGCCATIPCUH,0
82375114_BPORINGO_SXKPVCFE_0_26,82375114_BPORINGO_SXKPVCFE_0,TRGRJTNEAIEO,82375114_BPORINGO_SXKPVCFE_0_26,82375114_BPORINGO_SXKPVCFE_0,ZSGCCATIPCUH,0
82375114_BPORINGO_SXKPVCFE_0_27,82375114_BPORINGO_SXKPVCFE_0,TRGRJTNEAIEO,82375114_BPORINGO_SXKPVCFE_0_27,82375114_BPORINGO_SXKPVCFE_0,ZSGCCATIPCUH,0
82375114_BPORINGO_SXKPVCFE_0_28,82375114_BPORINGO_SXKPVCFE_0,TRGRJTNEAIEO,82375114_BPORINGO_SXKPVCFE_0_28,82375114_BPORINGO_SXKPVCFE_0,ZSGCCATIPCUH,0
82375114_BPORINGO_SXKPVCFE_0_29,82375114_BPORINGO_SXKPVCFE_0,TRGRJTNEAIEO,82375114_BPORINGO_SXKPVCFE_0_29,82375114_BPORINGO_SXKPVCFE_0,ZSGCCATIPCUH,0
82375114_BPORINGO_SXKPVCFE_0_30,82375114_BPORINGO_SXKPVCFE_0,TRGRJTNEAIEO,82375114_BPORINGO_SXKPVCFE_0_30,82375114_BPORINGO_SXKPVCFE_0,ZSGCCATIPCUH,0
82375114_BPORINGO_SXKPVCFE_0_31,82375114_BPORINGO_SXKPVCFE_0,TRGRJTNEAIEO,82375114_BPORINGO_SXKPVCFE_0_31,82375114_BPORINGO_SXKPVCFE_0,ZSGCCATIPCUH,0
82375114_BPORINGO_SXKPVCFE_0_32,82375114_BPORINGO_SXKPVCFE_0,TRGRJTNEAIEO,82375114_BPORINGO_SXKPVCFE_0_32,82375114_BPORINGO_SXKPVCFE_0,ZSGCCATIPCUH,0
82375114_BPORINGO_SXKPVCFE_0_33,82375114_BPORINGO_SXKPVCFE_0,TRGRJTNEAIEO,82375114_BPORINGO_SXKPVCFE_0_33,82375114_BPORINGO_SXKPVCFE_0,ZSGCCATIPCUH,0
82375114_BPORINGO_SXKPVCFE_0_34,82375114_BPORINGO_SXKPVCFE_0,TRGRJTNEAIEO,82375114_BPORINGO_SXKPVCFE_0_34,82375114_BPORINGO_SXKPVCFE_0,ZSGCCATIPCUH,0
82375114_BPORINGO_SXKPVCFE_0_35,82375114_BPORINGO_SXKPVCFE_0,TRGRJTNEAIEO,82375114_BPORINGO_SXKPVCFE_0_35,82375114_BPORINGO_SXKPVCFE_0,ZSGCCATIPCUH,0
82375114_BPORINGO_SXKPVCFE_0_36,82375114_BPORINGO_SXKPVCFE_0,TRGRJTNEAIEO,82375114_BPORINGO_SXKPVCFE_0_36,82375114_BPORINGO_SXKPVCFE_0,ZSGCCATIPCUH,0
82375114_BPORINGO_SXKPVCFE_0_37,82375114_BPORINGO_SXKPVCFE_0,TRGRJTNEAIEO,82375114_BPORINGO_SXKPVCFE_0_37,82375114_BPORINGO_SXKPVCFE_0,ZSGCCATIPCUH,0
82375114_BPORINGO_SXKPVCFE_0_38,82375114_BPORINGO_SXKPVCFE_0,TRGRJTNEAIEO,82375114_BPORINGO_SXKPVCFE_0_38,82375114_BPORINGO_SXKPVCFE_0,ZSGCCATIPCUH,0
82375114_BPORINGO_SXKPVCFE_0_39,82375114_BPORINGO_SXKPVCFE_0,TRGRJTNEAIEO,82375114_BPORINGO_SXKPVCFE_0_39,82375114_BPORINGO_SXKPVCFE_0,ZSGCCATIPCUH,0
82375114_BPORINGO_SXKPVCFE_0_40,82375114_BPORINGO_SXKPVCFE_0,TRGRJTNEAIEO,82375114_BPORINGO_SXKPVCFE_0_40,82375114_BPORINGO_SXKPVCFE_0,ZSGCCATIPCUH,0
82375114_BPORINGO_SXKPVCFE_0_41,82375114_BPORINGO_SXKPVCFE_0,TRGRJTNEAIEO,82375114_BPORINGO_SXKPVCFE_0_41,82375114_BPORINGO_SXKPVCFE_0,ZSGCCATIPCUH,0
82375114_BPORINGO_SXKPVCFE_0_42,82375114_BPORINGO_SXKPVCFE_0,TRGRJTNEAIEO,82375114_BPORINGO_SXKPVCFE_0_42,82375114_BPORINGO_SXKPVCFE_0,ZSGCCATIPCUH,0
82375114_BPORINGO_SXKPVCFE_0_43,82375114_BPORINGO_SXKPVCFE_0,TRGRJTNEAIEO,82375114_BPORINGO_SXKPVCFE_0_43,82375114_BPORINGO_SXKPVCFE_0,ZSGCCATIPCUH,0
82375114_BPORINGO_SXKPVCFE_0_44,82375114_BPORINGO_SXKPVCFE_0,TRGRJTNEAIEO,82375114_BPORINGO_SXKPVCFE_0_44,82375114_BPORINGO_SXKPVCFE_0,ZSGCCATIPCUH,0
82375114_BPORINGO_SXKPVCFE_0_45,82375114_BPORINGO_SXKPVCFE_0,TRGRJTNEAIEO,82375114_BPORINGO_SXKPVCFE_0_45,82375114_BPORINGO_SXKPVCFE_0,ZSGCCATIPCUH,0
82375114_BPORINGO_SXKPVCFE_0_46,82375114_BPORINGO_SXKPVCFE_0,TRGRJTNEAIEO,82375114_BPORINGO_SXKPVCFE_0_46,82375114_BPORINGO_SXKPVCFE_0,ZSGCCATIPCUH,0
82375114_BPORINGO_SXKPVCFE_0_47,82375114_BPORINGO_SXKPVCFE_0,TRGRJTNEAIEO,82375114_BPORINGO_SXKPVCFE_0_47,82375114_BPORINGO_SXKPVCFE_0,ZSGCCATIPCUH,0
82375114_BPORINGO_SXKPVCFE_0_48,82375114_BPORINGO_SXKPVCFE_0,TRGRJTNEAIEO,82375114_BPORINGO_SXKPVCFE_0_48,82375114_BPORINGO_SXKPVCFE_0,ZSGCCATIPCUH,0
82375114_BPORINGO_SXKPVCFE_0_49,82375114_BPORINGO_SXKPVCFE_0,TRGRJTNEAIEO,82375114_BPORINGO_SXKPVCFE_0_49,82375114_BPORINGO_SXKPVCFE_0,ZSGCCATIPCUH,0
82375114_BPORINGO_SXKPVCFE_0_50,82375114_BPORINGO_SXKPVCFE_0,TRGRJTNEAIEO,82375114_BPORINGO_SXKPVCFE_0_50,82375114_BPORINGO_SXKPVCFE_0,ZSGCCATIPCUH,0
82375114_BPORINGO_SXKPVCFE_0_51,82375114_BPORINGO_SXKPVCFE_0,TRGRJTNEAIEO,82375114_BPORINGO_SXKPVCFE_0_51,82375114_BPORINGO_SXKPVCFE_0,ZSGCCATIPCUH,0
82375114_BPORINGO_SXKPVCFE_0_52,82375114_BPORINGO_SXKPVCFE_0,TRGRJTNEAIEO,82375114_BPORINGO_SXKPVCFE_0_52,82375114_BPORINGO_SXKPVCFE_0,ZSGCCATIPCUH,0
82375114_BPORINGO_SXKPVCFE_0_53,82375114_BPORINGO_SXKPVCFE_0,TRGRJTNEAIEO,82375114_BPORINGO_SXKPVCFE_0_53,82375114_BPORINGO_SXKPVCFE_0,ZSGCCATIPCUH,0
82375114_BPORINGO_SXKPVCFE_0_54,82375114_BPORINGO_SXKPVCFE_0,TRGRJTNEAIEO,82375114_BPORINGO_SXKPVCFE_0_54,82375114_BPORINGO_SXKPVCFE_0,ZSGCCATIPCUH,0
82375114_BPORINGO_SXKPVCFE_0_55,82375114_BPORINGO_SXKPVCFE_0,TRGRJTNEAIEO,82375114_BPORINGO_SXKPVCFE_0_55,82375114_BPORINGO_SXKPVCFE_0,ZSGCCATIPCUH,0
82375114_BPORINGO_SXKPVCFE_0_56,82375114_BPORINGO_SXKPVCFE_0,TRGRJTNEAIEO,82375114_BPORINGO_SXKPVCFE_0_56,82375114_BPORINGO_SXKPVCFE_0,ZSGCCATIPCUH,0
82375114_BPORINGO_SXKPVCFE_0_57,82375114_BPORINGO_SXKPVCFE_0,TRGRJTNEAIEO,82375114_BPORINGO_SXKPVCFE_0_57,82375114_BPORINGO_SXKPVCFE_0,ZSGCCATIPCUH,0
82375114_BPORINGO_SXKPVCFE_0_58,82375114_BPORINGO_SXKPVCFE_0,TRGRJTNEAIEO,82375114_BPORINGO_SXKPVCFE_0_58,82375114_BPORINGO_SXKPVCFE_0,ZSGCCATIPCUH,0
82375114_BPORINGO_SXKPVCFE_0_59,82375114_BPORINGO_SXKPVCFE_0,TRGRJTNEAIEO,82375114_BPORINGO_SXKPVCFE_0_59,82375114_BPORINGO_SXKPVCFE_0,ZSGCCATIPCUH,0
82375114_BPORINGO_SXKPVCFE_0_60,82375114_BPORINGO_SXKPVCFE_0,TRGRJTNEAIEO,82375114_BPORINGO_SXKPVCFE_0_60,82375114_BPORINGO_SXKPVCFE_0,ZSGCCATIPCUH,0
82375114_BPORINGO_SXKPVCFE_0_61,82375114_BPORINGO_SXKPVCFE_0,TRGRJTNEAIEO,82375114_BPORINGO_SXKPVCFE_0_61,82375114_BPORINGO_SXKPVCFE_0,ZSGCCATIPCUH,0
82375114_BPORINGO_SXKPVCFE_0_62,82375114_BPORINGO_SXKPVCFE_0,TRGRJTNEAIEO,82375114_BPORINGO_SXKPVCFE_0_62,82375114_BPORINGO_SXKPVCFE_0,ZSGCCATIPCUH,0
82375114_BPORINGO_SXKPVCFE_0_63,82375114_BPORINGO_SXKPVCFE_0,TRGRJTNEAIEO,82375114_BPORINGO_SXKPVCFE_0_63,82375114_BPORINGO_SXKPVCFE_0,ZSGCCATIPCUH,0
82375114_BPORINGO_SXKPVCFE_0_64,82375114_BPORINGO_SXKPVCFE_0,TRGRJTNEAIEO,82375114_BPORINGO_SXKPVCFE_0_64,82375114_BPORINGO_SXKPVCFE_0,ZSGCCATIPCUH,0
82375114_BPORINGO_SXKPVCFE_0_65,82375114_BPORINGO_SXKPVCFE_0,TRGRJTNEAIEO,82375114_BPORINGO_SXKPVCFE_0_65,82375114_BPORINGO_SXKPVCFE_0,ZSGCCATIPCUH,0
82375114_BPORINGO_SXKPVCFE_0_66,82375114_BPORINGO_SXKPVCFE_0,TRGRJTNEAIEO,82375114_BPORINGO_SXKPVCFE_0_66,82375114_BPORINGO_SXKPVCFE_0,ZSGCCATIPCUH,0
82375114_BPORINGO_SXKPVCFE_0_67,82375114_BPORINGO_SXKPVCFE_0,TRGRJTNEAIEO,82375114_BPORINGO_SXKPVCFE_0_67,82375114_BPORINGO_SXKPVCFE_0,ZSGCCATIPCUH,0
82375114_BPORINGO_SXKPVCFE_0_68,82375114_BPORINGO_SXKPVCFE_0,TRGRJTNEAIEO,82375114_BPORINGO_SXKPVCFE_0_68,82375114_BPORINGO_SXKPVCFE_0,ZSGCCATIPCUH,0
82375114_BPORINGO_SXKPVCFE_0_69,82375114_BPORINGO_SXKPVCFE_0,TRGRJTNEAIEO,82375114_BPORINGO_SXKPVCFE_0_69,82375114_BPORINGO_SXKPVCFE_0,ZSGCCATIPCUH,0
82375114_BPORINGO_SXKPVCFE_0_70,82375114_BPORINGO_SXKPVCFE_0,TRGRJTNEAIEO,82375114_BPORINGO_SXKPVCFE_0_70,82375114_BPORINGO_SXKPVCFE_0,ZSGCCATIPCUH,0
82375114_BPORINGO_SXKPVCFE_0_71,82375114_BPORINGO_SXKPVCFE_0,TRGRJTNEAIEO,82375114_BPORINGO_SXKPVCFE_0_71,82375114_BPORINGO_SXKPVCFE_0,ZSGCCATIPCUH,0
82375114_BPORINGO_SXKPVCFE_0_72,82375114_BPORINGO_SXKPVCFE_0,TRGRJTNEAIEO,82375114_BPORINGO_SXKPVCFE_0_72,82375114_BPORINGO_SXKPVCFE_0,ZSGCCATIPCUH,0
82375114_BPORINGO_SXKPVCFE_0_73,82375114_BPORINGO_SXKPVCFE_0,TRGRJTNEAIEO,82375114_BPORINGO_SXKPVCFE_0_73,82375114_BPORINGO_SXKPVCFE_0,ZSGCCATIPCUH,0
82375114_BPORINGO_SXKPVCFE_0_74,82375114_BPORINGO_SXKPVCFE_0,TRGRJTNEAIEO,82375114_BPORINGO_SXKPVCFE_0_74,82375114_BPORINGO_SXKPVCFE_0,ZSGCCATIPCUH,0
82375114_BPORINGO_SXKPVCFE_0_75,82375114_BPORINGO_SXKPVCFE_0,TRGRJTNEAIEO,82375114_BPORINGO_SXKPVCFE_0_75,82375114_BPORINGO_SXKPVCFE_0,ZSGCCATIPCUH,0
82375114_BPORINGO_SXKPVCFE_0_76,82375114_BPORINGO_SXKPVCFE_0,TRGRJTNEAIEO,82375114_BPORINGO_SXKPVCFE_0_76,82375114_BPORINGO_SXKPVCFE_0,ZSGCCATIPCUH,0
82375114_BPORINGO_SXKPVCFE_0_77,82375114_BPORINGO_SXKPVCFE_0,TRGRJTNEAIEO,82375114_BPORINGO_SXKPVCFE_0_77,82375114_BPORINGO_SXKPVCFE_0,ZSGCCATIPCUH,0
82375114_BPORINGO_SXKPVCFE_0_78,82375114_BPORINGO_SXKPVCFE_0,TRGRJTNEAIEO,82375114_BPORINGO_SXKPVCFE_0_78,82375114_BPORINGO_SXKPVCFE_0,ZSGCCATIPCUH,0
82375114_BPORINGO_SXKPVCFE_0_79,82375114_BPORINGO_SXKPVCFE_0,TRGRJTNEAIEO,82375114_BPORINGO_SXKPVCFE_0_79,82375114_BPORINGO_SXKPVCFE_0,ZSGCCATIPCUH,0
82375114_BPORINGO_SXKPVCFE_0_80,82375114_BPORINGO_SXKPVCFE_0,TRGRJTNEAIEO,82375114_BPORINGO_SXKPVCFE_0_80,82375114_BPORINGO_SXKPVCFE_0,ZSGCCATIPCUH,0
82375114_BPORINGO_SXKPVCFE_0_81,82375114_BPORINGO_SXKPVCFE_0,TRGRJTNEAIEO,82375114_BPORINGO_SXKPVCFE_0_81,82375114_BPORINGO_SXKPVCFE_0,ZSGCCATIPCUH,0
82375114_BPORINGO_SXKPVCFE_0_82,82375114_BPORINGO_SXKPVCFE_0,TRGRJTNEAIEO,82375114_BPORINGO_SXKPVCFE_0_82,82375114_BPORINGO_SXKPVCFE_0,ZSGCCATIPCUH,0
82375114_BPORINGO_SXKPVCFE_0_83,82375114_BPORINGO_SXKPVCFE_0,TRGRJTNEAIEO,82375114_BPORINGO_SXKPVCFE_0_83,82375114_BPORINGO_SXKPVCFE_0,ZSGCCATIPCUH,0
82375114_BPORINGO_SXKPVCFE_0_84,82375114_BPORINGO_SXKPVCFE_0,TRGRJTNEAIEO,82375114_BPORINGO_SXKPVCFE_0_84,82375114_BPORINGO_SXKPVCFE_0,ZSGCCATIPCUH,0
82375114_BPORINGO_SXKPVCFE_0_85,82375114_BPORINGO_SXKPVCFE_0,TRGRJTNEAIEO,82375114_BPORINGO_SXKPVCFE_0_85,82375114_BPORINGO_SXKPVCFE_0,ZSGCCATIPCUH,0
82375114_BPORINGO_SXKPVCFE_0_86,82375114_BPORINGO_SXKPVCFE_0,TRGRJTNEAIEO,82375114_BPORINGO_SXKPVCFE_0_86,82375114_BPORINGO_SXKPVCFE_0,ZSGCCATIPCUH,0
82375114_BPORINGO_SXKPVCFE_0_87,82375114_BPORINGO_SXKPVCFE_0,TRGRJTNEAIEO,82375114_BPORINGO_SXKPVCFE_0_87,82375114_BPORINGO_SXKPVCFE_0,ZSGCCATIPCUH,0
82375114_BPORINGO_SXKPVCFE_0_88,82375114_BPORINGO_SXKPVCFE_0,TRGRJTNEAIEO,82375114_BPORINGO_SXKPVCFE_0_88,82375114_BPORINGO_SXKPVCFE_0,ZSGCCATIPCUH,0
82375114_BPORINGO_SXKPVCFE_0_89,82375114_BPORINGO_SXKPVCFE_0,TRGRJTNEAIEO,82375114_BPORINGO_SXKPVCFE_0_89,82375114_BPORINGO_SXKPVCFE_0,ZSGCCATIPCUH,0
82375114_BPORINGO_SXKPVCFE_0_90,82375114_BPORINGO_SXKPVCFE_0,TRGRJTNEAIEO,82375114_BPORINGO_SXKPVCFE_0_90,82375114_BPORINGO_SXKPVCFE_0,ZSGCCATIPCUH,0
82375114_BPORINGO_SXKPVCFE_0_91,82375114_BPORINGO_SXKPVCFE_0,TRGRJTNEAIEO,82375114_BPORINGO_SXKPVCFE_0_91,82375114_BPORINGO_SXKPVCFE_0,ZSGCCATIPCUH,0
82375114_BPORINGO_SXKPVCFE_0_92,82375114_BPORINGO_SXKPVCFE_0,TRGRJTNEAIEO,82375114_BPORINGO_SXKPVCFE_0_92,82375114_BPORINGO_SXKPVCFE_0,ZSGCCATIPCUH,0
82375114_BPORINGO_SXKPVCFE_0_93,82375114_BPORINGO_SXKPVCFE_0,TRGRJTNEAIEO,82375114_BPORINGO_SXKPVCFE_0_93,82375114_BPORINGO_SXKPVCFE_0,ZSGCCATIPCUH,0
82375114_BPORINGO_SXKPVCFE_0_94,82375114_BPORINGO_SXKPVCFE_0,TRGRJTNEAIEO,82375114_BPORINGO_SXKPVCFE_0_94,8237511