id_A,segment_id_A,source_file_A,id_B,segment_id_B,source_file_B,prediction
13336473_SWIOJTSM_RVFWPMSK_0_0,13336473_SWIOJTSM_RVFWPMSK_0,JWRARGWSGJZN,13336473_SWIOJTSM_RVFWPMSK_0_0,13336473_SWIOJTSM_RVFWPMSK_0,ULWGIXVZAPFO,0
13336473_SWIOJTSM_RVFWPMSK_0_1,13336473_SWIOJTSM_RVFWPMSK_0,JWRARGWSGJZN,13336473_SWIOJTSM_RVFWPMSK_0_1,13336473_SWIOJTSM_RVFWPMSK_0,ULWGIXVZAPFO,0
13336473_SWIOJTSM_RVFWPMSK_0_2,13336473_SWIOJTSM_RVFWPMSK_0,JWRARGWSGJZN,13336473_SWIOJTSM_RVFWPMSK_0_2,13336473_SWIOJTSM_RVFWPMSK_0,ULWGIXVZAPFO,0
13336473_SWIOJTSM_RVFWPMSK_0_4,13336473_SWIOJTSM_RVFWPMSK_0,JWRARGWSGJZN,13336473_SWIOJTSM_RVFWPMSK_0_4,13336473_SWIOJTSM_RVFWPMSK_0,ULWGIXVZAPFO,0
13336473_SWIOJTSM_RVFWPMSK_0_5,13336473_SWIOJTSM_RVFWPMSK_0,JWRARGWSGJZN,13336473_SWIOJTSM_RVFWPMSK_0_5,13336473_SWIOJTSM_RVFWPMSK_0,ULWGIXVZAPFO,0
13336473_SWIOJTSM_RVFWPMSK_0_6,13336473_SWIOJTSM_RVFWPMSK_0,JWRARGWSGJZN,13336473_SWIOJTSM_RVFWPMSK_0_6,13336473_SWIOJTSM_RVFWPMSK_0,ULWGIXVZAPFO,0
13336473_SWIOJTSM_RVFWPMSK_0_7,13336473_SWIOJTSM_RVFWPMSK_0,JWRARGWSGJZN,13336473_SWIOJTSM_RVFWPMSK_0_7,13336473_SWIOJTSM_RVFWPMSK_0,ULWGIXVZAPFO,0
13336473_SWIOJTSM_RVFWPMSK_0_8,13336473_SWIOJTSM_RVFWPMSK_0,JWRARGWSGJZN,13336473_SWIOJTSM_RVFWPMSK_0_8,13336473_SWIOJTSM_RVFWPMSK_0,ULWGIXVZAPFO,0
13336473_SWIOJTSM_RVFWPMSK_0_9,13336473_SWIOJTSM_RVFWPMSK_0,JWRARGWSGJZN,13336473_SWIOJTSM_RVFWPMSK_0_9,13336473_SWIOJTSM_RVFWPMSK_0,ULWGIXVZAPFO,0
13336473_SWIOJTSM_RVFWPMSK_0_10,13336473_SWIOJTSM_RVFWPMSK_0,JWRARGWSGJZN,13336473_SWIOJTSM_RVFWPMSK_0_10,13336473_SWIOJTSM_RVFWPMSK_0,ULWGIXVZAPFO,0
13336473_SWIOJTSM_RVFWPMSK_0_11,13336473_SWIOJTSM_RVFWPMSK_0,JWRARGWSGJZN,13336473_SWIOJTSM_RVFWPMSK_0_11,13336473_SWIOJTSM_RVFWPMSK_0,ULWGIXVZAPFO,0
13336473_SWIOJTSM_RVFWPMSK_0_12,13336473_SWIOJTSM_RVFWPMSK_0,JWRARGWSGJZN,13336473_SWIOJTSM_RVFWPMSK_0_12,13336473_SWIOJTSM_RVFWPMSK_0,ULWGIXVZAPFO,0
13336473_SWIOJTSM_RVFWPMSK_0_13,13336473_SWIOJTSM_RVFWPMSK_0,JWRARGWSGJZN,13336473_SWIOJTSM_RVFWPMSK_0_13,13336473_SWIOJTSM_RVFWPMSK_0,ULWGIXVZAPFO,0
13336473_SWIOJTSM_RVFWPMSK_0_14,13336473_SWIOJTSM_RVFWPMSK_0,JWRARGWSGJZN,13336473_SWIOJTSM_RVFWPMSK_0_14,13336473_SWIOJTSM_RVFWPMSK_0,ULWGIXVZAPFO,0
13336473_SWIOJTSM_RVFWPMSK_0_15,13336473_SWIOJTSM_RVFWPMSK_0,JWRARGWSGJZN,13336473_SWIOJTSM_RVFWPMSK_0_15,13336473_SWIOJTSM_RVFWPMSK_0,ULWGIXVZAPFO,0
13336473_SWIOJTSM_RVFWPMSK_0_16,13336473_SWIOJTSM_RVFWPMSK_0,JWRARGWSGJZN,13336473_SWIOJTSM_RVFWPMSK_0_16,13336473_SWIOJTSM_RVFWPMSK_0,ULWGIXVZAPFO,0
13336473_SWIOJTSM_RVFWPMSK_0_17,13336473_SWIOJTSM_RVFWPMSK_0,JWRARGWSGJZN,13336473_SWIOJTSM_RVFWPMSK_0_17,13336473_SWIOJTSM_RVFWPMSK_0,ULWGIXVZAPFO,0
13336473_SWIOJTSM_RVFWPMSK_0_18,13336473_SWIOJTSM_RVFWPMSK_0,JWRARGWSGJZN,13336473_SWIOJTSM_RVFWPMSK_0_18,13336473_SWIOJTSM_RVFWPMSK_0,ULWGIXVZAPFO,1
13336473_SWIOJTSM_RVFWPMSK_0_19,13336473_SWIOJTSM_RVFWPMSK_0,JWRARGWSGJZN,13336473_SWIOJTSM_RVFWPMSK_0_19,13336473_SWIOJTSM_RVFWPMSK_0,ULWGIXVZAPFO,0
13336473_SWIOJTSM_RVFWPMSK_0_20,13336473_SWIOJTSM_RVFWPMSK_0,JWRARGWSGJZN,13336473_SWIOJTSM_RVFWPMSK_0_20,13336473_SWIOJTSM_RVFWPMSK_0,ULWGIXVZAPFO,1
13336473_SWIOJTSM_RVFWPMSK_0_21,13336473_SWIOJTSM_RVFWPMSK_0,JWRARGWSGJZN,13336473_SWIOJTSM_RVFWPMSK_0_21,13336473_SWIOJTSM_RVFWPMSK_0,ULWGIXVZAPFO,0
13336473_SWIOJTSM_RVFWPMSK_0_22,13336473_SWIOJTSM_RVFWPMSK_0,JWRARGWSGJZN,13336473_SWIOJTSM_RVFWPMSK_0_22,13336473_SWIOJTSM_RVFWPMSK_0,ULWGIXVZAPFO,0
13336473_SWIOJTSM_RVFWPMSK_0_23,13336473_SWIOJTSM_RVFWPMSK_0,JWRARGWSGJZN,13336473_SWIOJTSM_RVFWPMSK_0_23,13336473_SWIOJTSM_RVFWPMSK_0,ULWGIXVZAPFO,0
13336473_SWIOJTSM_RVFWPMSK_0_24,13336473_SWIOJTSM_RVFWPMSK_0,JWRARGWSGJZN,13336473_SWIOJTSM_RVFWPMSK_0_24,13336473_SWIOJTSM_RVFWPMSK_0,ULWGIXVZAPFO,0
13336473_SWIOJTSM_RVFWPMSK_0_26,13336473_SWIOJTSM_RVFWPMSK_0,JWRARGWSGJZN,13336473_SWIOJTSM_RVFWPMSK_0_26,13336473_SWIOJTSM_RVFWPMSK_0,ULWGIXVZAPFO,0
13336473_SWIOJTSM_RVFWPMSK_0_27,13336473_SWIOJTSM_RVFWPMSK_0,JWRARGWSGJZN,13336473_SWIOJTSM_RVFWPMSK_0_27,13336473_SWIOJTSM_RVFWPMSK_0,ULWGIXVZAPFO,0
13336473_SWIOJTSM_RVFWPMSK_0_28,13336473_SWIOJTSM_RVFWPMSK_0,JWRARGWSGJZN,13336473_SWIOJTSM_RVFWPMSK_0_28,13336473_SWIOJTSM_RVFWPMSK_0,ULWGIXVZAPFO,0
13336473_SWIOJTSM_RVFWPMSK_0_29,13336473_SWIOJTSM_RVFWPMSK_0,JWRARGWSGJZN,13336473_SWIOJTSM_RVFWPMSK_0_29,13336473_SWIOJTSM_RVFWPMSK_0,ULWGIXVZAPFO,0
13336473_SWIOJTSM_RVFWPMSK_0_30,13336473_SWIOJTSM_RVFWPMSK_0,JWRARGWSGJZN,13336473_SWIOJTSM_RVFWPMSK_0_30,13336473_SWIOJTSM_RVFWPMSK_0,ULWGIXVZAPFO,0
13336473_SWIOJTSM_RVFWPMSK_0_31,13336473_SWIOJTSM_RVFWPMSK_0,JWRARGWSGJZN,13336473_SWIOJTSM_RVFWPMSK_0_31,13336473_SWIOJTSM_RVFWPMSK_0,ULWGIXVZAPFO,0
13336473_SWIOJTSM_RVFWPMSK_0_32,13336473_SWIOJTSM_RVFWPMSK_0,JWRARGWSGJZN,13336473_SWIOJTSM_RVFWPMSK_0_32,13336473_SWIOJTSM_RVFWPMSK_0,ULWGIXVZAPFO,0
13336473_SWIOJTSM_RVFWPMSK_0_33,13336473_SWIOJTSM_RVFWPMSK_0,JWRARGWSGJZN,13336473_SWIOJTSM_RVFWPMSK_0_33,13336473_SWIOJTSM_RVFWPMSK_0,ULWGIXVZAPFO,0
13336473_SWIOJTSM_RVFWPMSK_0_34,13336473_SWIOJTSM_RVFWPMSK_0,JWRARGWSGJZN,13336473_SWIOJTSM_RVFWPMSK_0_34,13336473_SWIOJTSM_RVFWPMSK_0,ULWGIXVZAPFO,0
13336473_SWIOJTSM_RVFWPMSK_0_35,13336473_SWIOJTSM_RVFWPMSK_0,JWRARGWSGJZN,13336473_SWIOJTSM_RVFWPMSK_0_35,13336473_SWIOJTSM_RVFWPMSK_0,ULWGIXVZAPFO,0
13336473_SWIOJTSM_RVFWPMSK_0_36,13336473_SWIOJTSM_RVFWPMSK_0,JWRARGWSGJZN,13336473_SWIOJTSM_RVFWPMSK_0_36,13336473_SWIOJTSM_RVFWPMSK_0,ULWGIXVZAPFO,0
13336473_SWIOJTSM_RVFWPMSK_0_37,13336473_SWIOJTSM_RVFWPMSK_0,JWRARGWSGJZN,13336473_SWIOJTSM_RVFWPMSK_0_37,13336473_SWIOJTSM_RVFWPMSK_0,ULWGIXVZAPFO,0
13336473_SWIOJTSM_RVFWPMSK_0_38,13336473_SWIOJTSM_RVFWPMSK_0,JWRARGWSGJZN,13336473_SWIOJTSM_RVFWPMSK_0_38,13336473_SWIOJTSM_RVFWPMSK_0,ULWGIXVZAPFO,0
13336473_SWIOJTSM_RVFWPMSK_0_39,13336473_SWIOJTSM_RVFWPMSK_0,JWRARGWSGJZN,13336473_SWIOJTSM_RVFWPMSK_0_39,13336473_SWIOJTSM_RVFWPMSK_0,ULWGIXVZAPFO,0
13336473_SWIOJTSM_RVFWPMSK_0_40,13336473_SWIOJTSM_RVFWPMSK_0,JWRARGWSGJZN,13336473_SWIOJTSM_RVFWPMSK_0_40,13336473_SWIOJTSM_RVFWPMSK_0,ULWGIXVZAPFO,0
13336473_SWIOJTSM_RVFWPMSK_0_41,13336473_SWIOJTSM_RVFWPMSK_0,JWRARGWSGJZN,13336473_SWIOJTSM_RVFWPMSK_0_41,13336473_SWIOJTSM_RVFWPMSK_0,ULWGIXVZAPFO,0
13336473_SWIOJTSM_RVFWPMSK_0_42,13336473_SWIOJTSM_RVFWPMSK_0,JWRARGWSGJZN,13336473_SWIOJTSM_RVFWPMSK_0_42,13336473_SWIOJTSM_RVFWPMSK_0,ULWGIXVZAPFO,0
13336473_SWIOJTSM_RVFWPMSK_0_43,13336473_SWIOJTSM_RVFWPMSK_0,JWRARGWSGJZN,13336473_SWIOJTSM_RVFWPMSK_0_43,13336473_SWIOJTSM_RVFWPMSK_0,ULWGIXVZAPFO,0
13336473_SWIOJTSM_RVFWPMSK_0_44,13336473_SWIOJTSM_RVFWPMSK_0,JWRARGWSGJZN,13336473_SWIOJTSM_RVFWPMSK_0_44,13336473_SWIOJTSM_RVFWPMSK_0,ULWGIXVZAPFO,0
13336473_SWIOJTSM_RVFWPMSK_0_45,13336473_SWIOJTSM_RVFWPMSK_0,JWRARGWSGJZN,13336473_SWIOJTSM_RVFWPMSK_0_45,13336473_SWIOJTSM_RVFWPMSK_0,ULWGIXVZAPFO,0
13336473_SWIOJTSM_RVFWPMSK_0_46,13336473_SWIOJTSM_RVFWPMSK_0,JWRARGWSGJZN,13336473_SWIOJTSM_RVFWPMSK_0_46,13336473_SWIOJTSM_RVFWPMSK_0,ULWGIXVZAPFO,0
13336473_SWIOJTSM_RVFWPMSK_0_47,13336473_SWIOJTSM_RVFWPMSK_0,JWRARGWSGJZN,13336473_SWIOJTSM_RVFWPMSK_0_47,13336473_SWIOJTSM_RVFWPMSK_0,ULWGIXVZAPFO,0
13336473_SWIOJTSM_RVFWPMSK_0_48,13336473_SWIOJTSM_RVFWPMSK_0,JWRARGWSGJZN,13336473_SWIOJTSM_RVFWPMSK_0_48,13336473_SWIOJTSM_RVFWPMSK_0,ULWGIXVZAPFO,0
13336473_SWIOJTSM_RVFWPMSK_0_49,13336473_SWIOJTSM_RVFWPMSK_0,JWRARGWSGJZN,13336473_SWIOJTSM_RVFWPMSK_0_49,13336473_SWIOJTSM_RVFWPMSK_0,ULWGIXVZAPFO,0
13336473_SWIOJTSM_RVFWPMSK_0_50,13336473_SWIOJTSM_RVFWPMSK_0,JWRARGWSGJZN,13336473_SWIOJTSM_RVFWPMSK_0_50,13336473_SWIOJTSM_RVFWPMSK_0,ULWGIXVZAPFO,0
13336473_SWIOJTSM_RVFWPMSK_0_51,13336473_SWIOJTSM_RVFWPMSK_0,JWRARGWSGJZN,13336473_SWIOJTSM_RVFWPMSK_0_51,13336473_SWIOJTSM_RVFWPMSK_0,ULWGIXVZAPFO,0
13336473_SWIOJTSM_RVFWPMSK_0_52,13336473_SWIOJTSM_RVFWPMSK_0,JWRARGWSGJZN,13336473_SWIOJTSM_RVFWPMSK_0_52,13336473_SWIOJTSM_RVFWPMSK_0,ULWGIXVZAPFO,0
13336473_SWIOJTSM_RVFWPMSK_0_53,13336473_SWIOJTSM_RVFWPMSK_0,JWRARGWSGJZN,13336473_SWIOJTSM_RVFWPMSK_0_53,13336473_SWIOJTSM_RVFWPMSK_0,ULWGIXVZAPFO,1
13336473_SWIOJTSM_RVFWPMSK_0_54,13336473_SWIOJTSM_RVFWPMSK_0,JWRARGWSGJZN,13336473_SWIOJTSM_RVFWPMSK_0_54,13336473_SWIOJTSM_RVFWPMSK_0,ULWGIXVZAPFO,1
13336473_SWIOJTSM_RVFWPMSK_0_56,13336473_SWIOJTSM_RVFWPMSK_0,JWRARGWSGJZN,13336473_SWIOJTSM_RVFWPMSK_0_56,13336473_SWIOJTSM_RVFWPMSK_0,ULWGIXVZAPFO,1
13336473_SWIOJTSM_RVFWPMSK_0_57,13336473_SWIOJTSM_RVFWPMSK_0,JWRARGWSGJZN,13336473_SWIOJTSM_RVFWPMSK_0_57,13336473_SWIOJTSM_RVFWPMSK_0,ULWGIXVZAPFO,0
13336473_SWIOJTSM_RVFWPMSK_0_58,13336473_SWIOJTSM_RVFWPMSK_0,JWRARGWSGJZN,13336473_SWIOJTSM_RVFWPMSK_0_58,13336473_SWIOJTSM_RVFWPMSK_0,ULWGIXVZAPFO,0
13336473_SWIOJTSM_RVFWPMSK_0_60,13336473_SWIOJTSM_RVFWPMSK_0,JWRARGWSGJZN,13336473_SWIOJTSM_RVFWPMSK_0_60,13336473_SWIOJTSM_RVFWPMSK_0,ULWGIXVZAPFO,0
13336473_SWIOJTSM_RVFWPMSK_0_61,13336473_SWIOJTSM_RVFWPMSK_0,JWRARGWSGJZN,13336473_SWIOJTSM_RVFWPMSK_0_61,13336473_SWIOJTSM_RVFWPMSK_0,ULWGIXVZAPFO,0
13336473_SWIOJTSM_RVFWPMSK_0_62,13336473_SWIOJTSM_RVFWPMSK_0,JWRARGWSGJZN,13336473_SWIOJTSM_RVFWPMSK_0_62,13336473_SWIOJTSM_RVFWPMSK_0,ULWGIXVZAPFO,0
13336473_SWIOJTSM_RVFWPMSK_0_63,13336473_SWIOJTSM_RVFWPMSK_0,JWRARGWSGJZN,13336473_SWIOJTSM_RVFWPMSK_0_63,13336473_SWIOJTSM_RVFWPMSK_0,ULWGIXVZAPFO,0
13336473_SWIOJTSM_RVFWPMSK_0_65,13336473_SWIOJTSM_RVFWPMSK_0,JWRARGWSGJZN,13336473_SWIOJTSM_RVFWPMSK_0_65,13336473_SWIOJTSM_RVFWPMSK_0,ULWGIXVZAPFO,0
13336473_SWIOJTSM_RVFWPMSK_0_66,13336473_SWIOJTSM_RVFWPMSK_0,JWRARGWSGJZN,13336473_SWIOJTSM_RVFWPMSK_0_66,13336473_SWIOJTSM_RVFWPMSK_0,ULWGIXVZAPFO,0
13336473_SWIOJTSM_RVFWPMSK_0_67,13336473_SWIOJTSM_RVFWPMSK_0,JWRARGWSGJZN,13336473_SWIOJTSM_RVFWPMSK_0_67,13336473_SWIOJTSM_RVFWPMSK_0,ULWGIXVZAPFO,1
13336473_SWIOJTSM_RVFWPMSK_0_68,13336473_SWIOJTSM_RVFWPMSK_0,JWRARGWSGJZN,13336473_SWIOJTSM_RVFWPMSK_0_68,13336473_SWIOJTSM_RVFWPMSK_0,ULWGIXVZAPFO,1
13336473_SWIOJTSM_RVFWPMSK_0_69,13336473_SWIOJTSM_RVFWPMSK_0,JWRARGWSGJZN,13336473_SWIOJTSM_RVFWPMSK_0_69,13336473_SWIOJTSM_RVFWPMSK_0,ULWGIXVZAPFO,1
13336473_SWIOJTSM_RVFWPMSK_0_70,13336473_SWIOJTSM_RVFWPMSK_0,JWRARGWSGJZN,13336473_SWIOJTSM_RVFWPMSK_0_70,13336473_SWIOJTSM_RVFWPMSK_0,ULWGIXVZAPFO,1
13336473_SWIOJTSM_RVFWPMSK_0_72,13336473_SWIOJTSM_RVFWPMSK_0,JWRARGWSGJZN,13336473_SWIOJTSM_RVFWPMSK_0_72,13336473_SWIOJTSM_RVFWPMSK_0,ULWGIXVZAPFO,0
13336473_SWIOJTSM_RVFWPMSK_0_73,13336473_SWIOJTSM_RVFWPMSK_0,JWRARGWSGJZN,13336473_SWIOJTSM_RVFWPMSK_0_73,13336473_SWIOJTSM_RVFWPMSK_0,ULWGIXVZAPFO,0
13336473_SWIOJTSM_RVFWPMSK_0_74,13336473_SWIOJTSM_RVFWPMSK_0,JWRARGWSGJZN,13336473_SWIOJTSM_RVFWPMSK_0_74,13336473_SWIOJTSM_RVFWPMSK_0,ULWGIXVZAPFO,0
13336473_SWIOJTSM_RVFWPMSK_0_75,13336473_SWIOJTSM_RVFWPMSK_0,JWRARGWSGJZN,13336473_SWIOJTSM_RVFWPMSK_0_75,13336473_SWIOJTSM_RVFWPMSK_0,ULWGIXVZAPFO,1
13336473_SWIOJTSM_RVFWPMSK_0_76,13336473_SWIOJTSM_RVFWPMSK_0,JWRARGWSGJZN,13336473_SWIOJTSM_RVFWPMSK_0_76,13336473_SWIOJTSM_RVFWPMSK_0,ULWGIXVZAPFO,1
13336473_SWIOJTSM_RVFWPMSK_0_77,13336473_SWIOJTSM_RVFWPMSK_0,JWRARGWSGJZN,13336473_SWIOJTSM_RVFWPMSK_0_77,13336473_SWIOJTSM_RVFWPMSK_0,ULWGIXVZAPFO,0
13336473_SWIOJTSM_RVFWPMSK_0_78,13336473_SWIOJTSM_RVFWPMSK_0,JWRARGWSGJZN,13336473_SWIOJTSM_RVFWPMSK_0_78,13336473_SWIOJTSM_RVFWPMSK_0,ULWGIXVZAPFO,0
13336473_SWIOJTSM_RVFWPMSK_0_79,13336473_SWIOJTSM_RVFWPMSK_0,JWRARGWSGJZN,13336473_SWIOJTSM_RVFWPMSK_0_79,13336473_SWIOJTSM_RVFWPMSK_0,ULWGIXVZAPFO,0
13336473_SWIOJTSM_RVFWPMSK_0_80,13336473_SWIOJTSM_RVFWPMSK_0,JWRARGWSGJZN,13336473_SWIOJTSM_RVFWPMSK_0_80,13336473_SWIOJTSM_RVFWPMSK_0,ULWGIXVZAPFO,0
13336473_SWIOJTSM_RVFWPMSK_0_81,13336473_SWIOJTSM_RVFWPMSK_0,JWRARGWSGJZN,13336473_SWIOJTSM_RVFWPMSK_0_81,13336473_SWIOJTSM_RVFWPMSK_0,ULWGIXVZAPFO,0
13336473_SWIOJTSM_RVFWPMSK_0_82,13336473_SWIOJTSM_RVFWPMSK_0,JWRARGWSGJZN,13336473_SWIOJTSM_RVFWPMSK_0_82,13336473_SWIOJTSM_RVFWPMSK_0,ULWGIXVZAPFO,0
13336473_SWIOJTSM_RVFWPMSK_0_83,13336473_SWIOJTSM_RVFWPMSK_0,JWRARGWSGJZN,13336473_SWIOJTSM_RVFWPMSK_0_83,13336473_SWIOJTSM_RVFWPMSK_0,ULWGIXVZAPFO,0
13336473_SWIOJTSM_RVFWPMSK_0_84,13336473_SWIOJTSM_RVFWPMSK_0,JWRARGWSGJZN,13336473_SWIOJTSM_RVFWPMSK_0_84,13336473_SWIOJTSM_RVFWPMSK_0,ULWGIXVZAPFO,0
13336473_SWIOJTSM_RVFWPMSK_0_85,13336473_SWIOJTSM_RVFWPMSK_0,JWRARGWSGJZN,13336473_SWIOJTSM_RVFWPMSK_0_85,13336473_SWIOJTSM_RVFWPMSK_0,ULWGIXVZAPFO,0
13336473_SWIOJTSM_RVFWPMSK_0_86,13336473_SWIOJTSM_RVFWPMSK_0,JWRARGWSGJZN,13336473_SWIOJTSM_RVFWPMSK_0_86,13336473_SWIOJTSM_RVFWPMSK_0,ULWGIXVZAPFO,0
13336473_SWIOJTSM_RVFWPMSK_0_87,13336473_SWIOJTSM_RVFWPMSK_0,JWRARGWSGJZN,13336473_SWIOJTSM_RVFWPMSK_0_87,13336473_SWIOJTSM_RVFWPMSK_0,ULWGIXVZAPFO,0
13336473_SWIOJTSM_RVFWPMSK_0_88,13336473_SWIOJTSM_RVFWPMSK_0,JWRARGWSGJZN,13336473_SWIOJTSM_RVFWPMSK_0_88,13336473_SWIOJTSM_RVFWPMSK_0,ULWGIXVZAPFO,0
13336473_SWIOJTSM_RVFWPMSK_0_89,13336473_SWIOJTSM_RVFWPMSK_0,JWRARGWSGJZN,13336473_SWIOJTSM_RVFWPMSK_0_89,13336473_SWIOJTSM_RVFWPMSK_0,ULWGIXVZAPFO,0
13336473_SWIOJTSM_RVFWPMSK_0_90,13336473_SWIOJTSM_RVFWPMSK_0,JWRARGWSGJZN,13336473_SWIOJTSM_RVFWPMSK_0_90,13336473_SWIOJTSM_RVFWPMSK_0,ULWGIXVZAPFO,0
13336473_SWIOJTSM_RVFWPMSK_0_91,13336473_SWIOJTSM_RVFWPMSK_0,JWRARGWSGJZN,13336473_SWIOJTSM_RVFWPMSK_0_91,13336473_SWIOJTSM_RVFWPMSK_0,ULWGIXVZAPFO,0
13336473_SWIOJTSM_RVFWPMSK_0_92,13336473_SWIOJTSM_RVFWPMSK_0,JWRARGWSGJZN,13336473_SWIOJTSM_RVFWPMSK_0_92,13336473_SWIOJTSM_RVFWPMSK_0,ULWGIXVZAPFO,0
13336473_SWIOJTSM_RVFWPMSK_0_93,13336473_SWIOJTSM_RVFWPMSK_0,JWRARGWSGJZN,13336473_SWIOJTSM_RVFWPMSK_0_93,13336473_SWIOJTSM_RVFWPMSK_0,ULWGIXVZAPFO,0
13336473_SWIOJTSM_RVFWPMSK_0_94,13336473_SWIOJTSM_RVFWPMSK_0,JWRARGWSGJZN,13336473_SWIOJTSM_RVFWPMSK_0_94,13336473_SWIOJTSM_RVFWPMSK_0,ULWGIXVZAPFO,1
13336473_SWIOJTSM_RVFWPMSK_0_95,13336473_SWIOJTSM_RVFWPMSK_0,JWRARGWSGJZN,13336473_SWIOJTSM_RVFWPMSK_0_95,13336473_SWIOJTSM_RVFWPMSK_0,ULWGIXVZAPFO,1
13336473_SWIOJTSM_RVFWPMSK_0_96,13336473_SWIOJTSM_RVFWPMSK_0,JWRARGWSGJZN,13336473_SWIOJTSM_RVFWPMSK_0_96,13336473_SWIOJTSM_RVFWPMSK_0,ULWGIXVZAPFO,0
13336473_SWIOJTSM_RVFWPMSK_0_97,13336473_SWIOJTSM_RVFWPMSK_0,JWRARGWSGJZN,13336473_SWIOJTSM_RVFWPMSK_0_97,13336473_SWIOJTSM_RVFWPMSK_0,ULWGIXVZAPFO,0
13336473_SWIOJTSM_RVFWPMSK_0_99,13336473_SWIOJTSM_RVFWPMSK_0,JWRARGWSGJZN,13336473_SWIOJTSM_RVFWPMSK_0_99,13336473_SWIOJTSM_RVFWPMSK_0,ULWGIXVZAPFO,0
13336473_SWIOJTSM_RVFWPMSK_0_100,13336473_SWIOJTSM_RVFWPMSK_0,JWRARGWSGJZN,13336473_SWIOJTSM_RVFWPMSK_0_100,13336473_SWIOJTSM_RVFWPMSK_0,ULWGIXVZAPFO,0
13336473_SWIOJTSM_RVFWPMSK_0_101,13336473_SWIOJTSM_RVFWPMSK_0,JWRARGWSGJZN,13336473_SWIOJTSM_RVFWPMSK_0_101,13336473_SWIOJTSM_RVFWPMSK_0,ULWGIXVZAPFO,0
13336473_SWIOJTSM_RVFWPMSK_0_102,13336473_SWIOJTSM_RVFWPMSK_0,JWRARGWSGJZN,13336473_SWIOJTSM_RVFWPMSK_0_102,13336473_SWIOJTSM_RVFWPMSK_0,ULWGIXVZAPFO,0
13336473_SWIOJTSM_RVFWPMSK_0_103,13336473_SWIOJTSM_RVFWPMSK_0,JWRARGWSGJZN,13336473_SWIOJTSM_RVFWPMSK_0_103,13336473_SWIOJTSM_RVFWPMSK_0,ULWGIXVZAPFO,0
13336473_SWIOJTSM_RVFWPMSK_0_104,13336473_SWIOJTSM_RVFWPMSK_0,JWRARGWSGJZN,13336473_SWIOJTSM_RVFWPMSK_0_104,13336473_SWIOJTSM_RVFWPMSK_0,ULWGIXVZAPFO,0
13336473_SWIOJTSM_RVFWPMSK_0_105,13336473_SWIOJTSM_RVFWPMSK_0,JWRARGWSGJZN,13336473_SWIOJTSM_RVFWPMSK_0_105,13336473_SWIOJTSM_RVFWPMSK_0,ULWGIXVZAPFO,0
13336473_SWIOJTSM_RVFWPMSK_0_106,13336473_SWIOJTSM_RVFWPMSK_0,JWRARGWSGJZN,13336473_SWIOJTSM_RVFWPMSK_0_106,13336473_SWIOJTSM_RVFWPMSK_0,ULWGIXVZAPFO,0
13336473_SWIOJTSM_RVFWPMSK_0_107,13336473_SWIOJTSM_RVFWPMSK_0,JWRARGWSGJZN,13336473_SWIOJTSM_RVFWPMSK_0_107,13336473_SWIOJTSM_RVFWPMSK_0,ULWGIXVZAPFO,0
13336473_SWIOJTSM_RVFWPMSK_0_108,13336473_SWIOJTSM_RVFWPMSK_0,JWRARGWSGJZN,13336473_SWIOJTSM_RVFWPMSK_0_108,13336473_SWIOJTSM_RVFWPMSK_0,ULWGIXVZAPFO,0
13336473_SWIOJTSM_RVFWPMSK_0_109,13336473_SWIOJTSM_RVFWPMSK_0,JWRARGWSGJZN,13336473_SWIOJTSM_RVFWPMSK_0_109,13336473_SWIOJTSM_RVFWPMSK_0,ULWGIXVZAPFO,0
13336473_SWIOJTSM_RVFWPMSK_0_110,13336473_SWIOJTSM_RVFWPMSK_0,JWRARGWSGJZN,13336473_SWIOJTSM_RVFWPMSK_0_110,13336473_SWIOJTSM_RVFWPMSK_0,ULWGIXVZAPFO,0
13336473_SWIOJTSM_RVFWPMSK_0_112,13336473_SWIOJTSM_RVFWPMSK_0,JWRARGWSGJZN,13336473_SWIOJTSM_RVFWPMSK_0_112,13336473_SWIOJTSM_RVFWPMSK_0,ULWGIXVZAPFO,0
13336473_SWIOJTSM_RVFWPMSK_0_113,13336473_SWIOJTSM_RVFWPMSK_0,JWRARGWSGJZN,13336473_SWIOJTSM_RVFWPMSK_0_113,13336473_SWIOJTSM_RVFWPMSK_0,ULWGIXVZAPFO,0
13336473_SWIOJTSM_RVFWPMSK_0_114,13336473_SWIOJTSM_RVFWPMSK_0,JWRARGWSGJZN,13336473_SWIOJTSM_RVFWPMSK_0_114,13336473_SWIOJTSM_RVFWPMSK_0,ULWGIXVZAPFO,0
44731344_SXKPVCFE_XLOLCGQM_0_0,44731344_SXKPVCFE_XLOLCGQM_0,FOPZUCAJROVY,44731344_SXKPVCFE_XLOLCGQM_0_0,44731344_SXKPVCFE_XLOLCGQM_0,LQQLRKCFNPPJ,0
44731344_SXKPVCFE_XLOLCGQM_0_0,44731344_SXKPVCFE_XLOLCGQM_0,FOPZUCAJROVY,44731344_SXKPVCFE_XLOLCGQM_0_0,44731344_SXKPVCFE_XLOLCGQM_0,CKMVQHUTCSSS,0
44731344_SXKPVCFE_XLOLCGQM_0_0,44731344_SXKPVCFE_XLOLCGQM_0,FOPZUCAJROVY,44731344_SXKPVCFE_XLOLCGQM_0_0,44731344_SXKPVCFE_XLOLCGQM_0,JOCUQRLPFDAQ,0
44731344_SXKPVCFE_XLOLCGQM_0_1,44731344_SXKPVCFE_XLOLCGQM_0,FOPZUCAJROVY,44731344_SXKPVCFE_XLOLCGQM_0_1,44731344_SXKPVCFE_XLOLCGQM_0,LQQLRKCFNPPJ,0
44731344_SXKPVCFE_XLOLCGQM_0_1,44731344_SXKPVCFE_XLOLCGQM_0,FOPZUCAJROVY,44731344_SXKPVCFE_XLOLCGQM_0_1,44731344_SXKPVCFE_XLOLCGQM_0,CKMVQHUTCSSS,0
44731344_SXKPVCFE_XLOLCGQM_0_1,44731344_SXKPVCFE_XLOLCGQM_0,FOPZUCAJROVY,44731344_SXKPVCFE_XLOLCGQM_0_1,44731344_SXKPVCFE_XLOLCGQM_0,JOCUQRLPFDAQ,0
44731344_SXKPVCFE_XLOLCGQM_0_2,44731344_SXKPVCFE_XLOLCGQM_0,FOPZUCAJROVY,44731344_SXKPVCFE_XLOLCGQM_0_2,44731344_SXKPVCFE_XLOLCGQM_0,LQQLRKCFNPPJ,0
44731344_SXKPVCFE_XLOLCGQM_0_2,44731344_SXKPVCFE_XLOLCGQM_0,FOPZUCAJROVY,44731344_SXKPVCFE_XLOLCGQM_0_2,44731344_SXKPVCFE_XLOLCGQM_0,CKMVQHUTCSSS,0
44731344_SXKPVCFE_XLOLCGQM_0_2,44731344_SXKPVCFE_XLOLCGQM_0,FOPZUCAJROVY,44731344_SXKPVCFE_XLOLCGQM_0_2,44731344_SXKPVCFE_XLOLCGQM_0,JOCUQRLPFDAQ,0
44731344_SXKPVCFE_XLOLCGQM_0_4,44731344_SXKPVCFE_XLOLCGQM_0,FOPZUCAJROVY,44731344_SXKPVCFE_XLOLCGQM_0_4,44731344_SXKPVCFE_XLOLCGQM_0,LQQLRKCFNPPJ,0
44731344_SXKPVCFE_XLOLCGQM_0_4,44731344_SXKPVCFE_XLOLCGQM_0,FOPZUCAJROVY,44731344_SXKPVCFE_XLOLCGQM_0_4,44731344_SXKPVCFE_XLOLCGQM_0,CKMVQHUTCSSS,0
44731344_SXKPVCFE_XLOLCGQM_0_4,44731344_SXKPVCFE_XLOLCGQM_0,FOPZUCAJROVY,44731344_SXKPVCFE_XLOLCGQM_0_4,44731344_SXKPVCFE_XLOLCGQM_0,JOCUQRLPFDAQ,0
44731344_SXKPVCFE_XLOLCGQM_0_5,44731344_SXKPVCFE_XLOLCGQM_0,FOPZUCAJROVY,44731344_SXKPVCFE_XLOLCGQM_0_5,44731344_SXKPVCFE_XLOLCGQM_0,CKMVQHUTCSSS,0
44731344_SXKPVCFE_XLOLCGQM_0_5,44731344_SXKPVCFE_XLOLCGQM_0,FOPZUCAJROVY,44731344_SXKPVCFE_XLOLCGQM_0_5,44731344_SXKPVCFE_XLOLCGQM_0,JOCUQRLPFDAQ,0
44731344_SXKPVCFE_XLOLCGQM_0_6,44731344_SXKPVCFE_XLOLCGQM_0,FOPZUCAJROVY,44731344_SXKPVCFE_XLOLCGQM_0_6,44731344_SXKPVCFE_XLOLCGQM_0,LQQLRKCFNPPJ,0
44731344_SXKPVCFE_XLOLCGQM_0_6,44731344_SXKPVCFE_XLOLCGQM_0,FOPZUCAJROVY,44731344_SXKPVCFE_XLOLCGQM_0_6,44731344_SXKPVCFE_XLOLCGQM_0,CKMVQHUTCSSS,0
44731344_SXKPVCFE_XLOLCGQM_0_6,44731344_SXKPVCFE_XLOLCGQM_0,FOPZUCAJROVY,44731344_SXKPVCFE_XLOLCGQM_0_6,44731344_SXKPVCFE_XLOLCGQM_0,JOCUQRLPFDAQ,0
44731344_SXKPVCFE_XLOLCGQM_0_7,44731344_SXKPVCFE_XLOLCGQM_0,FOPZUCAJROVY,44731344_SXKPVCFE_XLOLCGQM_0_7,44731344_SXKPVCFE_XLOLCGQM_0,LQQLRKCFNPPJ,0
44731344_SXKPVCFE_XLOLCGQM_0_7,44731344_SXKPVCFE_XLOLCGQM_0,FOPZUCAJROVY,44731344_SXKPVCFE_XLOLCGQM_0_7,44731344_SXKPVCFE_XLOLCGQM_0,CKMVQHUTCSSS,0
44731344_SXKPVCFE_XLOLCGQM_0_7,44731344_SXKPVCFE_XLOLCGQM_0,FOPZUCAJROVY,44731344_SXKPVCFE_XLOLCGQM_0_7,44731344_SXKPVCFE_XLOLCGQM_0,JOCUQRLPFDAQ,0
44731344_SXKPVCFE_XLOLCGQM_0_8,44731344_SXKPVCFE_XLOLCGQM_0,FOPZUCAJROVY,44731344_SXKPVCFE_XLOLCGQM_0_8,44731344_SXKPVCFE_XLOLCGQM_0,LQQLRKCFNPPJ,1
44731344_SXKPVCFE_XLOLCGQM_0_8,44731344_SXKPVCFE_XLOLCGQM_0,FOPZUCAJROVY,44731344_SXKPVCFE_XLOLCGQM_0_8,44731344_SXKPVCFE_XLOLCGQM_0,CKMVQHUTCSSS,1
44731344_SXKPVCFE_XLOLCGQM_0_8,44731344_SXKPVCFE_XLOLCGQM_0,FOPZUCAJROVY,44731344_SXKPVCFE_XLOLCGQM_0_8,44731344_SXKPVCFE_XLOLCGQM_0,JOCUQRLPFDAQ,1
44731344_SXKPVCFE_XLOLCGQM_0_9,44731344_SXKPVCFE_XLOLCGQM_0,FOPZUCAJROVY,44731344_SXKPVCFE_XLOLCGQM_0_9,44731344_SXKPVCFE_XLOLCGQM_0,LQQLRKCFNPPJ,0
44731344_SXKPVCFE_XLOLCGQM_0_9,44731344_SXKPVCFE_XLOLCGQM_0,FOPZUCAJROVY,44731344_SXKPVCFE_XLOLCGQM_0_9,44731344_SXKPVCFE_XLOLCGQM_0,CKMVQHUTCSSS,0
44731344_SXKPVCFE_XLOLCGQM_0_9,44731344_SXKPVCFE_XLOLCGQM_0,FOPZUCAJROVY,44731344_SXKPVCFE_XLOLCGQM_0_9,44731344_SXKPVCFE_XLOLCGQM_0,JOCUQRLPFDAQ,0
44731344_SXKPVCFE_XLOLCGQM_0_10,44731344_SXKPVCFE_XLOLCGQM_0,FOPZUCAJROVY,44731344_SXKPVCFE_XLOLCGQM_0_10,44731344_SXKPVCFE_XLOLCGQM_0,LQQLRKCFNPPJ,0
44731344_SXKPVCFE_XLOLCGQM_0_10,44731344_SXKPVCFE_XLOLCGQM_0,FOPZUCAJROVY,44731344_SXKPVCFE_XLOLCGQM_0_10,44731344_SXKPVCFE_XLOLCGQM_0,CKMVQHUTCSSS,0
44731344_SXKPVCFE_XLOLCGQM_0_10,44731344_SXKPVCFE_XLOLCGQM_0,FOPZUCAJROVY,44731344_SXKPVCFE_XLOLCGQM_0_10,44731344_SXKPVCFE_XLOLCGQM_0,JOCUQRLPFDAQ,0
44731344_SXKPVCFE_XLOLCGQM_0_11,44731344_SXKPVCFE_XLOLCGQM_0,FOPZUCAJROVY,44731344_SXKPVCFE_XLOLCGQM_0_11,44731344_SXKPVCFE_XLOLCGQM_0,LQQLRKCFNPPJ,0
44731344_SXKPVCFE_XLOLCGQM_0_11,44731344_SXKPVCFE_XLOLCGQM_0,FOPZUCAJROVY,44731344_SXKPVCFE_XLOLCGQM_0_11,44731344_SXKPVCFE_XLOLCGQM_0,CKMVQHUTCSSS,0
44731344_SXKPVCFE_XLOLCGQM_0_11,44731344_SXKPVCFE_XLOLCGQM_0,FOPZUCAJROVY,44731344_SXKPVCFE_XLOLCGQM_0_11,44731344_SXKPVCFE_XLOLCGQM_0,JOCUQRLPFDAQ,0
44731344_SXKPVCFE_XLOLCGQM_0_12,44731344_SXKPVCFE_XLOLCGQM_0,FOPZUCAJROVY,44731344_SXKPVCFE_XLOLCGQM_0_12,44731344_SXKPVCFE_XLOLCGQM_0,LQQLRKCFNPPJ,0
44731344_SXKPVCFE_XLOLCGQM_0_12,44731344_SXKPVCFE_XLOLCGQM_0,FOPZUCAJROVY,44731344_SXKPVCFE_XLOLCGQM_0_12,44731344_SXKPVCFE_XLOLCGQM_0,CKMVQHUTCSSS,0
44731344_SXKPVCFE_XLOLCGQM_0_12,44731344_SXKPVCFE_XLOLCGQM_0,FOPZUCAJROVY,44731344_SXKPVCFE_XLOLCGQM_0_12,44731344_SXKPVCFE_XLOLCGQM_0,JOCUQRLPFDAQ,0
44731344_SXKPVCFE_XLOLCGQM_0_13,44731344_SXKPVCFE_XLOLCGQM_0,FOPZUCAJROVY,44731344_SXKPVCFE_XLOLCGQM_0_13,44731344_SXKPVCFE_XLOLCGQM_0,LQQLRKCFNPPJ,0
44731344_SXKPVCFE_XLOLCGQM_0_13,44731344_SXKPVCFE_XLOLCGQM_0,FOPZUCAJROVY,44731344_SXKPVCFE_XLOLCGQM_0_13,44731344_SXKPVCFE_XLOLCGQM_0,CKMVQHUTCSSS,0
44731344_SXKPVCFE_XLOLCGQM_0_13,44731344_SXKPVCFE_XLOLCGQM_0,FOPZUCAJROVY,44731344_SXKPVCFE_XLOLCGQM_0_13,44731344_SXKPVCFE_XLOLCGQM_0,JOCUQRLPFDAQ,0
44731344_SXKPVCFE_XLOLCGQM_0_14,44731344_SXKPVCFE_XLOLCGQM_0,FOPZUCAJROVY,44731344_SXKPVCFE_XLOLCGQM_0_14,44731344_SXKPVCFE_XLOLCGQM_0,LQQLRKCFNPPJ,0
44731344_SXKPVCFE_XLOLCGQM_0_14,44731344_SXKPVCFE_XLOLCGQM_0,FOPZUCAJROVY,44731344_SXKPVCFE_XLOLCGQM_0_14,44731344_SXKPVCFE_XLOLCGQM_0,CKMVQHUTCSSS,0
44731344_SXKPVCFE_XLOLCGQM_0_14,44731344_SXKPVCFE_XLOLCGQM_0,FOPZUCAJROVY,44731344_SXKPVCFE_XLOLCGQM_0_14,44731344_SXKPVCFE_XLOLCGQM_0,JOCUQRLPFDAQ,0
44731344_SXKPVCFE_XLOLCGQM_0_15,44731344_SXKPVCFE_XLOLCGQM_0,FOPZUCAJROVY,44731344_SXKPVCFE_XLOLCGQM_0_15,44731344_SXKPVCFE_XLOLCGQM_0,LQQLRKCFNPPJ,0
44731344_SXKPVCFE_XLOLCGQM_0_15,44731344_SXKPVCFE_XLOLCGQM_0,FOPZUCAJROVY,44731344_SXKPVCFE_XLOLCGQM_0_15,44731344_SXKPVCFE_XLOLCGQM_0,CKMVQHUTCSSS,0
44731344_SXKPVCFE_XLOLCGQM_0_15,44731344_SXKPVCFE_XLOLCGQM_0,FOPZUCAJROVY,44731344_SXKPVCFE_XLOLCGQM_0_15,44731344_SXKPVCFE_XLOLCGQM_0,JOCUQRLPFDAQ,0
44731344_SXKPVCFE_XLOLCGQM_0_16,44731344_SXKPVCFE_XLOLCGQM_0,FOPZUCAJROVY,44731344_SXKPVCFE_XLOLCGQM_0_16,44731344_SXKPVCFE_XLOLCGQM_0,LQQLRKCFNPPJ,0
44731344_SXKPVCFE_XLOLCGQM_0_16,44731344_SXKPVCFE_XLOLCGQM_0,FOPZUCAJROVY,44731344_SXKPVCFE_XLOLCGQM_0_16,44731344_SXKPVCFE_XLOLCGQM_0,CKMVQHUTCSSS,0
44731344_SXKPVCFE_XLOLCGQM_0_16,44731344_SXKPVCFE_XLOLCGQM_0,FOPZUCAJROVY,44731344_SXKPVCFE_XLOLCGQM_0_16,44731344_SXKPVCFE_XLOLCGQM_0,JOCUQRLPFDAQ,0
44731344_SXKPVCFE_XLOLCGQM_0_17,44731344_SXKPVCFE_XLOLCGQM_0,FOPZUCAJROVY,44731344_SXKPVCFE_XLOLCGQM_0_17,44731344_SXKPVCFE_XLOLCGQM_0,LQQLRKCFNPPJ,0
44731344_SXKPVCFE_XLOLCGQM_0_17,44731344_SXKPVCFE_XLOLCGQM_0,FOPZUCAJROVY,44731344_SXKPVCFE_XLOLCGQM_0_17,44731344_SXKPVCFE_XLOLCGQM_0,CKMVQHUTCSSS,0
44731344_SXKPVCFE_XLOLCGQM_0_17,44731344_SXKPVCFE_XLOLCGQM_0,FOPZUCAJROVY,44731344_SXKPVCFE_XLOLCGQM_0_17,44731344_SXKPVCFE_XLOLCGQM_0,JOCUQRLPFDAQ,0
44731344_SXKPVCFE_XLOLCGQM_0_18,44731344_SXKPVCFE_XLOLCGQM_0,FOPZUCAJROVY,44731344_SXKPVCFE_XLOLCGQM_0_18,44731344_SXKPVCFE_XLOLCGQM_0,LQQLRKCFNPPJ,0
44731344_SXKPVCFE_XLOLCGQM_0_18,44731344_SXKPVCFE_XLOLCGQM_0,FOPZUCAJROVY,44731344_SXKPVCFE_XLOLCGQM_0_18,44731344_SXKPVCFE_XLOLCGQM_0,CKMVQHUTCSSS,0
44731344_SXKPVCFE_XLOLCGQM_0_18,44731344_SXKPVCFE_XLOLCGQM_0,FOPZUCAJROVY,44731344_SXKPVCFE_XLOLCGQM_0_18,44731344_SXKPVCFE_XLOLCGQM_0,JOCUQRLPFDAQ,0
44731344_SXKPVCFE_XLOLCGQM_0_19,44731344_SXKPVCFE_XLOLCGQM_0,FOPZUCAJROVY,44731344_SXKPVCFE_XLOLCGQM_0_19,44731344_SXKPVCFE_XLOLCGQM_0,LQQLRKCFNPPJ,0
44731344_SXKPVCFE_XLOLCGQM_0_19,44731344_SXKPVCFE_XLOLCGQM_0,FOPZUCAJROVY,44731344_SXKPVCFE_XLOLCGQM_0_19,44731344_SXKPVCFE_XLOLCGQM_0,CKMVQHUTCSSS,0
44731344_SXKPVCFE_XLOLCGQM_0_19,44731344_SXKPVCFE_XLOLCGQM_0,FOPZUCAJROVY,44731344_SXKPVCFE_XLOLCGQM_0_19,44731344_SXKPVCFE_XLOLCGQM_0,JOCUQRLPFDAQ,0
44731344_SXKPVCFE_XLOLCGQM_0_0,44731344_SXKPVCFE_XLOLCGQM_0,LQQLRKCFNPPJ,44731344_SXKPVCFE_XLOLCGQM_0_0,44731344_SXKPVCFE_XLOLCGQM_0,CKMVQHUTCSSS,0
44731344_SXKPVCFE_XLOLCGQM_0_0,44731344_SXKPVCFE_XLOLCGQM_0,LQQLRKCFNPPJ,44731344_SXKPVCFE_XLOLCGQM_0_0,44731344_SXKPVCFE_XLOLCGQM_0,JOCUQRLPFDAQ,0
44731344_SXKPVCFE_XLOLCGQM_0_1,44731344_SXKPVCFE_XLOLCGQM_0,LQQLRKCFNPPJ,44731344_SXKPVCFE_XLOLCGQM_0_1,44731344_SXKPVCFE_XLOLCGQM_0,CKMVQHUTCSSS,0
44731344_SXKPVCFE_XLOLCGQM_0_1,44731344_SXKPVCFE_XLOLCGQM_0,LQQLRKCFNPPJ,44731344_SXKPVCFE_XLOLCGQM_0_1,44731344_SXKPVCFE_XLOLCGQM_0,JOCUQRLPFDAQ,0
44731344_SXKPVCFE_XLOLCGQM_0_2,44731344_SXKPVCFE_XLOLCGQM_0,LQQLRKCFNPPJ,44731344_SXKPVCFE_XLOLCGQM_0_2,44731344_SXKPVCFE_XLOLCGQM_0,CKMVQHUTCSSS,0
44731344_SXKPVCFE_XLOLCGQM_0_2,44731344_SXKPVCFE_XLOLCGQM_0,LQQLRKCFNPPJ,44731344_SXKPVCFE_XLOLCGQM_0_2,44731344_SXKPVCFE_XLOLCGQM_0,JOCUQRLPFDAQ,0
44731344_SXKPVCFE_XLOLCGQM_0_3,44731344_SXKPVCFE_XLOLCGQM_0,LQQLRKCFNPPJ,44731344_SXKPVCFE_XLOLCGQM_0_3,44731344_SXKPVCFE_XLOLCGQM_0,CKMVQHUTCSSS,0
44731344_SXKPVCFE_XLOLCGQM_0_3,44731344_SXKPVCFE_XLOLCGQM_0,LQQLRKCFNPPJ,44731344_SXKPVCFE_XLOLCGQM_0_3,44731344_SXKPVCFE_XLOLCGQM_0,JOCUQRLPFDAQ,0
44731344_SXKPVCFE_XLOLCGQM_0_4,44731344_SXKPVCFE_XLOLCGQM_0,LQQLRKCFNPPJ,44731344_SXKPVCFE_XLOLCGQM_0_4,44731344_SXKPVCFE_XLOLCGQM_0,CKMVQHUTCSSS,0
44731344_SXKPVCFE_XLOLCGQM_0_4,44731344_SXKPVCFE_XLOLCGQM_0,LQQLRKCFNPPJ,44731344_SXKPVCFE_XLOLCGQM_0_4,44731344_SXKPVCFE_XLOLCGQM_0,JOCUQRLPFDAQ,0
44731344_SXKPVCFE_XLOLCGQM_0_6,44731344_SXKPVCFE_XLOLCGQM_0,LQQLRKCFNPPJ,44731344_SXKPVCFE_XLOLCGQM_0_6,44731344_SXKPVCFE_XLOLCGQM_0,CKMVQHUTCSSS,0
44731344_SXKPVCFE_XLOLCGQM_0_6,44731344_SXKPVCFE_XLOLCGQM_0,LQQLRKCFNPPJ,44731344_SXKPVCFE_XLOLCGQM_0_6,44731344_SXKPVCFE_XLOLCGQM_0,JOCUQRLPFDAQ,0
44731344_SXKPVCFE_XLOLCGQM_0_7,44731344_SXKPVCFE_XLOLCGQM_0,LQQLRKCFNPPJ,44731344_SXKPVCFE_XLOLCGQM_0_7,44731344_SXKPVCFE_XLOLCGQM_0,CKMVQHUTCSSS,0
44731344_SXKPVCFE_XLOLCGQM_0_7,44731344_SXKPVCFE_XLOLCGQM_0,LQQLRKCFNPPJ,44731344_SXKPVCFE_XLOLCGQM_0_7,44731344_SXKPVCFE_XLOLCGQM_0,JOCUQRLPFDAQ,0
44731344_SXKPVCFE_XLOLCGQM_0_8,44731344_SXKPVCFE_XLOLCGQM_0,LQQLRKCFNPPJ,44731344_SXKPVCFE_XLOLCGQM_0_8,44731344_SXKPVCFE_XLOLCGQM_0,CKMVQHUTCSSS,0
44731344_SXKPVCFE_XLOLCGQM_0_8,44731344_SXKPVCFE_XLOLCGQM_0,LQQLRKCFNPPJ,44731344_SXKPVCFE_XLOLCGQM_0_8,44731344_SXKPVCFE_XLOLCGQM_0,JOCUQRLPFDAQ,0
44731344_SXKPVCFE_XLOLCGQM_0_9,44731344_SXKPVCFE_XLOLCGQM_0,LQQLRKCFNPPJ,44731344_SXKPVCFE_XLOLCGQM_0_9,44731344_SXKPVCFE_XLOLCGQM_0,CKMVQHUTCSSS,0
44731344_SXKPVCFE_XLOLCGQM_0_9,44731344_SXKPVCFE_XLOLCGQM_0,LQQLRKCFNPPJ,44731344_SXKPVCFE_XLOLCGQM_0_9,44731344_SXKPVCFE_XLOLCGQM_0,JOCUQRLPFDAQ,0
44731344_SXKPVCFE_XLOLCGQM_0_10,44731344_SXKPVCFE_XLOLCGQM_0,LQQLRKCFNPPJ,44731344_SXKPVCFE_XLOLCGQM_0_10,44731344_SXKPVCFE_XLOLCGQM_0,CKMVQHUTCSSS,0
44731344_SXKPVCFE_XLOLCGQM_0_10,44731344_SXKPVCFE_XLOLCGQM_0,LQQLRKCFNPPJ,44731344_SXKPVCFE_XLOLCGQM_0_10,44731344_SXKPVCFE_XLOLCGQM_0,JOCUQRLPFDAQ,0
44731344_SXKPVCFE_XLOLCGQM_0_11,44731344_SXKPVCFE_XLOLCGQM_0,LQQLRKCFNPPJ,44731344_SXKPVCFE_XLOLCGQM_0_11,44731344_SXKPVCFE_XLOLCGQM_0,CKMVQHUTCSSS,0
44731344_SXKPVCFE_XLOLCGQM_0_11,44731344_SXKPVCFE_XLOLCGQM_0,LQQLRKCFNPPJ,44731344_SXKPVCFE_XLOLCGQM_0_11,44731344_SXKPVCFE_XLOLCGQM_0,JOCUQRLPFDAQ,0
44731344_SXKPVCFE_XLOLCGQM_0_12,44731344_SXKPVCFE_XLOLCGQM_0,LQQLRKCFNPPJ,44731344_SXKPVCFE_XLOLCGQM_0_12,44731344_SXKPVCFE_XLOLCGQM_0,CKMVQHUTCSSS,0
44731344_SXKPVCFE_XLOLCGQM_0_12,44731344_SXKPVCFE_XLOLCGQM_0,LQQLRKCFNPPJ,44731344_SXKPVCFE_XLOLCGQM_0_12,44731344_SXKPVCFE_XLOLCGQM_0,JOCUQRLPFDAQ,0
44731344_SXKPVCFE_XLOLCGQM_0_13,44731344_SXKPVCFE_XLOLCGQM_0,LQQLRKCFNPPJ,44731344_SXKPVCFE_XLOLCGQM_0_13,44731344_SXKPVCFE_XLOLCGQM_0,CKMVQHUTCSSS,0
44731344_SXKPVCFE_XLOLCGQM_0_13,44731344_SXKPVCFE_XLOLCGQM_0,LQQLRKCFNPPJ,44731344_SXKPVCFE_XLOLCGQM_0_13,44731344_SXKPVCFE_XLOLCGQM_0,JOCUQRLPFDAQ,0
44731344_SXKPVCFE_XLOLCGQM_0_14,44731344_SXKPVCFE_XLOLCGQM_0,LQQLRKCFNPPJ,44731344_SXKPVCFE_XLOLCGQM_0_14,44731344_SXKPVCFE_XLOLCGQM_0,CKMVQHUTCSSS,0
44731344_SXKPVCFE_XLOLCGQM_0_14,44731344_SXKPVCFE_XLOLCGQM_0,LQQLRKCFNPPJ,44731344_SXKPVCFE_XLOLCGQM_0_14,44731344_SXKPVCFE_XLOLCGQM_0,JOCUQRLPFDAQ,0
44731344_SXKPVCFE_XLOLCGQM_0_15,44731344_SXKPVCFE_XLOLCGQM_0,LQQLRKCFNPPJ,44731344_SXKPVCFE_XLOLCGQM_0_15,44731344_SXKPVCFE_XLOLCGQM_0,CKMVQHUTCSSS,0
44731344_SXKPVCFE_XLOLCGQM_0_15,44731344_SXKPVCFE_XLOLCGQM_0,LQQLRKCFNPPJ,44731344_SXKPVCFE_XLOLCGQM_0_15,44731344_SXKPVCFE_XLOLCGQM_0,JOCUQRLPFDAQ,0
44731344_SXKPVCFE_XLOLCGQM_0_16,44731344_SXKPVCFE_XLOLCGQM_0,LQQLRKCFNPPJ,44731344_SXKPVCFE_XLOLCGQM_0_16,44731344_SXKPVCFE_XLOLCGQM_0,CKMVQHUTCSSS,0
44731344_SXKPVCFE_XLOLCGQM_0_16,44731344_SXKPVCFE_XLOLCGQM_0,LQQLRKCFNPPJ,44731344_SXKPVCFE_XLOLCGQM_0_16,44731344_SXKPVCFE_XLOLCGQM_0,JOCUQRLPFDAQ,0
44731344_SXKPVCFE_XLOLCGQM_0_17,44731344_SXKPVCFE_XLOLCGQM_0,LQQLRKCFNPPJ,44731344_SXKPVCFE_XLOLCGQM_0_17,44731344_SXKPVCFE_XLOLCGQM_0,CKMVQHUTCSSS,0
44731344_SXKPVCFE_XLOLCGQM_0_17,44731344_SXKPVCFE_XLOLCGQM_0,LQQLRKCFNPPJ,44731344_SXKPVCFE_XLOLCGQM_0_17,44731344_SXKPVCFE_XLOLCGQM_0,JOCUQRLPFDAQ,0
44731344_SXKPVCFE_XLOLCGQM_0_18,44731344_SXKPVCFE_XLOLCGQM_0,LQQLRKCFNPPJ,44731344_SXKPVCFE_XLOLCGQM_0_18,44731344_SXKPVCFE_XLOLCGQM_0,CKMVQHUTCSSS,0
44731344_SXKPVCFE_XLOLCGQM_0_18,44731344_SXKPVCFE_XLOLCGQM_0,LQQLRKCFNPPJ,44731344_SXKPVCFE_XLOLCGQM_0_18,44731344_SXKPVCFE_XLOLCGQM_0,JOCUQRLPFDAQ,0
44731344_SXKPVCFE_XLOLCGQM_0_19,44731344_SXKPVCFE_XLOLCGQM_0,LQQLRKCFNPPJ,44731344_SXKPVCFE_XLOLCGQM_0_19,44731344_SXKPVCFE_XLOLCGQM_0,CKMVQHUTCSSS,0
44731344_SXKPVCFE_XLOLCGQM_0_19,44731344_SXKPVCFE_XLOLCGQM_0,LQQLRKCFNPPJ,44731344_SXKPVCFE_XLOLCGQM_0_19,44731344_SXKPVCFE_XLOLCGQM_0,JOCUQRLPFDAQ,0
44731344_SXKPVCFE_XLOLCGQM_0_0,44731344_SXKPVCFE_XLOLCGQM_0,CKMVQHUTCSSS,44731344_SXKPVCFE_XLOLCGQM_0_0,44731344_SXKPVCFE_XLOLCGQM_0,JOCUQRLPFDAQ,0
44731344_SXKPVCFE_XLOLCGQM_0_1,44731344_SXKPVCFE_XLOLCGQM_0,CKMVQHUTCSSS,44731344_SXKPVCFE_XLOLCGQM_0_1,44731344_SXKPVCFE_XLOLCGQM_0,JOCUQRLPFDAQ,0
44731344_SXKPVCFE_XLOLCGQM_0_2,44731344_SXKPVCFE_XLOLCGQM_0,CKMVQHUTCSSS,44731344_SXKPVCFE_XLOLCGQM_0_2,44731344_SXKPVCFE_XLOLCGQM_0,JOCUQRLPFDAQ,0
44731344_SXKPVCFE_XLOLCGQM_0_3,44731344_SXKPVCFE_XLOLCGQM_0,CKMVQHUTCSSS,44731344_SXKPVCFE_XLOLCGQM_0_3,44731344_SXKPVCFE_XLOLCGQM_0,JOCUQRLPFDAQ,0
44731344_SXKPVCFE_XLOLCGQM_0_4,44731344_SXKPVCFE_XLOLCGQM_0,CKMVQHUTCSSS,44731344_SXKPVCFE_XLOLCGQM_0_4,44731344_SXKPVCFE_XLOLCGQM_0,JOCUQRLPFDAQ,0
44731344_SXKPVCFE_XLOLCGQM_0_5,44731344_SXKPVCFE_XLOLCGQM_0,CKMVQHUTCSSS,44731344_SXKPVCFE_XLOLCGQM_0_5,44731344_SXKPVCFE_XLOLCGQM_0,JOCUQRLPFDAQ,0
44731344_SXKPVCFE_XLOLCGQM_0_6,44731344_SXKPVCFE_XLOLCGQM_0,CKMVQHUTCSSS,44731344_SXKPVCFE_XLOLCGQM_0_6,44731344_SXKPVCFE_XLOLCGQM_0,JOCUQRLPFDAQ,0
44731344_SXKPVCFE_XLOLCGQM_0_7,44731344_SXKPVCFE_XLOLCGQM_0,CKMVQHUTCSSS,44731344_SXKPVCFE_XLOLCGQM_0_7,44731344_SXKPVCFE_XLOLCGQM_0,JOCUQRLPFDAQ,0
44731344_SXKPVCFE_XLOLCGQM_0_8,44731344_SXKPVCFE_XLOLCGQM_0,CKMVQHUTCSSS,44731344_SXKPVCFE_XLOLCGQM_0_8,44731344_SXKPVCFE_XLOLCGQM_0,JOCUQRLPFDAQ,0
44731344_SXKPVCFE_XLOLCGQM_0_9,44731344_SXKPVCFE_XLOLCGQM_0,CKMVQHUTCSSS,44731344_SXKPVCFE_XLOLCGQM_0_9,44731344_SXKPVCFE_XLOLCGQM_0,JOCUQRLPFDAQ,0
44731344_SXKPVCFE_XLOLCGQM_0_10,44731344_SXKPVCFE_XLOLCGQM_0,CKMVQHUTCSSS,44731344_SXKPVCFE_XLOLCGQM_0_10,44731344_SXKPVCFE_XLOLCGQM_0,JOCUQRLPFDAQ,0
44731344_SXKPVCFE_XLOLCGQM_0_11,44731344_SXKPVCFE_XLOLCGQM_0,CKMVQHUTCSSS,44731344_SXKPVCFE_XLOLCGQM_0_11,44731344_SXKPVCFE_XLOLCGQM_0,JOCUQRLPFDAQ,0
44731344_SXKPVCFE_XLOLCGQM_0_12,44731344_SXKPVCFE_XLOLCGQM_0,CKMVQHUTCSSS,44731344_SXKPVCFE_XLOLCGQM_0_12,44731344_SXKPVCFE_XLOLCGQM_0,JOCUQRLPFDAQ,0
44731344_SXKPVCFE_XLOLCGQM_0_13,44731344_SXKPVCFE_XLOLCGQM_0,CKMVQHUTCSSS,44731344_SXKPVCFE_XLOLCGQM_0_13,44731344_SXKPVCFE_XLOLCGQM_0,JOCUQRLPFDAQ,0
44731344_SXKPVCFE_XLOLCGQM_0_14,44731344_SXKPVCFE_XLOLCGQM_0,CKMVQHUTCSSS,44731344_SXKPVCFE_XLOLCGQM_0_14,44731344_SXKPVCFE_XLOLCGQM_0,JOCUQRLPFDAQ,0
44731344_SXKPVCFE_XLOLCGQM_0_15,44731344_SXKPVCFE_XLOLCGQM_0,CKMVQHUTCSSS,44731344_SXKPVCFE_XLOLCGQM_0_15,44731344_SXKPVCFE_XLOLCGQM_0,JOCUQRLPFDAQ,0
44731344_SXKPVCFE_XLOLCGQM_0_16,44731344_SXKPVCFE_XLOLCGQM_0,CKMVQHUTCSSS,44731344_SXKPVCFE_XLOLCGQM_0_16,44731344_SXKPVCFE_XLOLCGQM_0,JOCUQRLPFDAQ,0
44731344_SXKPVCFE_XLOLCGQM_0_17,44731344_SXKPVCFE_XLOLCGQM_0,CKMVQHUTCSSS,44731344_SXKPVCFE_XLOLCGQM_0_17,44731344_SXKPVCFE_XLOLCGQM_0,JOCUQRLPFDAQ,0
44731344_SXKPVCFE_XLOLCGQM_0_18,44731344_SXKPVCFE_XLOLCGQM_0,CKMVQHUTCSSS,44731344_SXKPVCFE_XLOLCGQM_0_18,44731344_SXKPVCFE_XLOLCGQM_0,JOCUQRLPFDAQ,0
44731344_SXKPVCFE_XLOLCGQM_0_19,44731344_SXKPVCFE_XLOLCGQM_0,CKMVQHUTCSSS,44731344_SXKPVCFE_XLOLCGQM_0_19,44731344_SXKPVCFE_XLOLCGQM_0,JOCUQRLPFDAQ,0
87821028_RWGIMNJG_DRXGSCTF_0_0,87821028_RWGIMNJG_DRXGSCTF_0,ZRNDTJVDRLTG,87821028_RWGIMNJG_DRXGSCTF_0_0,87821028_RWGIMNJG_DRXGSCTF_0,WTMKGTDPLTJV,1
87821028_RWGIMNJG_DRXGSCTF_0_1,87821028_RWGIMNJG_DRXGSCTF_0,ZRNDTJVDRLTG,87821028_RWGIMNJG_DRXGSCTF_0_1,87821028_RWGIMNJG_DRXGSCTF_0,WTMKGTDPLTJV,0
87821028_RWGIMNJG_DRXGSCTF_0_2,87821028_RWGIMNJG_DRXGSCTF_0,ZRNDTJVDRLTG,87821028_RWGIMNJG_DRXGSCTF_0_2,87821028_RWGIMNJG_DRXGSCTF_0,WTMKGTDPLTJV,0
87821028_RWGIMNJG_DRXGSCTF_0_3,87821028_RWGIMNJG_DRXGSCTF_0,ZRNDTJVDRLTG,87821028_RWGIMNJG_DRXGSCTF_0_3,87821028_RWGIMNJG_DRXGSCTF_0,WTMKGTDPLTJV,0
87821028_RWGIMNJG_DRXGSCTF_0_4,87821028_RWGIMNJG_DRXGSCTF_0,ZRNDTJVDRLTG,87821028_RWGIMNJG_DRXGSCTF_0_4,87821028_RWGIMNJG_DRXGSCTF_0,WTMKGTDPLTJV,0
87821028_RWGIMNJG_DRXGSCTF_0_5,87821028_RWGIMNJG_DRXGSCTF_0,ZRNDTJVDRLTG,87821028_RWGIMNJG_DRXGSCTF_0_5,87821028_RWGIMNJG_DRXGSCTF_0,WTMKGTDPLTJV,0
87821028_RWGIMNJG_DRXGSCTF_0_6,87821028_RWGIMNJG_DRXGSCTF_0,ZRNDTJVDRLTG,87821028_RWGIMNJG_DRXGSCTF_0_6,87821028_RWGIMNJG_DRXGSCTF_0,WTMKGTDPLTJV,0
87821028_RWGIMNJG_DRXGSCTF_0_7,87821028_RWGIMNJG_DRXGSCTF_0,ZRNDTJVDRLTG,87821028_RWGIMNJG_DRXGSCTF_0_7,87821028_RWGIMNJG_DRXGSCTF_0,WTMKGTDPLTJV,0
87821028_RWGIMNJG_DRXGSCTF_0_8,87821028_RWGIMNJG_DRXGSCTF_0,ZRNDTJVDRLTG,87821028_RWGIMNJG_DRXGSCTF_0_8,87821028_RWGIMNJG_DRXGSCTF_0,WTMKGTDPLTJV,0
87821028_RWGIMNJG_DRXGSCTF_0_9,87821028_RWGIMNJG_DRXGSCTF_0,ZRNDTJVDRLTG,87821028_RWGIMNJG_DRXGSCTF_0_9,87821028_RWGIMNJG_DRXGSCTF_0,WTMKGTDPLTJV,0
87821028_RWGIMNJG_DRXGSCTF_0_10,87821028_RWGIMNJG_DRXGSCTF_0,ZRNDTJVDRLTG,87821028_RWGIMNJG_DRXGSCTF_0_10,87821028_RWGIMNJG_DRXGSCTF_0,WTMKGTDPLTJV,0
72908348_LJNFLUMT_SXKPVCFE_0_0,72908348_LJNFLUMT_SXKPVCFE_0,HALUZXCPXETW,72908348_LJNFLUMT_SXKPVCFE_0_0,72908348_LJNFLUMT_SXKPVCFE_0,ONLTDHRXPTIR,0
72908348_LJNFLUMT_SXKPVCFE_0_1,72908348_LJNFLUMT_SXKPVCFE_0,HALUZXCPXETW,72908348_LJNFLUMT_SXKPVCFE_0_1,72908348_LJNFLUMT_SXKPVCFE_0,ONLTDHRXPTIR,0
72908348_LJNFLUMT_SXKPVCFE_0_2,72908348_LJNFLUMT_SXKPVCFE_0,HALUZXCPXETW,72908348_LJNFLUMT_SXKPVCFE_0_2,72908348_LJNFLUMT_SXKPVCFE_0,ONLTDHRXPTIR,0
72908348_LJNFLUMT_SXKPVCFE_0_3,72908348_LJNFLUMT_SXKPVCFE_0,HALUZXCPXETW,72908348_LJNFLUMT_SXKPVCFE_0_3,72908348_LJNFLUMT_SXKPVCFE_0,ONLTDHRXPTIR,0
72908348_LJNFLUMT_SXKPVCFE_0_5,72908348_LJNFLUMT_SXKPVCFE_0,HALUZXCPXETW,72908348_LJNFLUMT_SXKPVCFE_0_5,72908348_LJNFLUMT_SXKPVCFE_0,ONLTDHRXPTIR,0
72908348_LJNFLUMT_SXKPVCFE_0_6,72908348_LJNFLUMT_SXKPVCFE_0,HALUZXCPXETW,72908348_LJNFLUMT_SXKPVCFE_0_6,72908348_LJNFLUMT_SXKPVCFE_0,ONLTDHRXPTIR,0
72908348_LJNFLUMT_SXKPVCFE_0_8,72908348_LJNFLUMT_SXKPVCFE_0,HALUZXCPXETW,72908348_LJNFLUMT_SXKPVCFE_0_8,72908348_LJNFLUMT_SXKPVCFE_0,ONLTDHRXPTIR,0
72908348_LJNFLUMT_SXKPVCFE_0_9,72908348_LJNFLUMT_SXKPVCFE_0,HALUZXCPXETW,72908348_LJNFLUMT_SXKPVCFE_0_9,72908348_LJNFLUMT_SXKPVCFE_0,ONLTDHRXPTIR,0
72908348_LJNFLUMT_SXKPVCFE_0_10,72908348_LJNFLUMT_SXKPVCFE_0,HALUZXCPXETW,72908348_LJNFLUMT_SXKPVCFE_0_10,72908348_LJNFLUMT_SXKPVCFE_0,ONLTDHRXPTIR,1
72908348_LJNFLUMT_SXKPVCFE_0_11,72908348_LJNFLUMT_SXKPVCFE_0,HALUZXCPXETW,72908348_LJNFLUMT_SXKPVCFE_0_11,72908348_LJNFLUMT_SXKPVCFE_0,ONLTDHRXPTIR,0
72908348_LJNFLUMT_SXKPVCFE_0_12,72908348_LJNFLUMT_SXKPVCFE_0,HALUZXCPXETW,72908348_LJNFLUMT_SXKPVCFE_0_12,72908348_LJNFLUMT_SXKPVCFE_0,ONLTDHRXPTIR,0
72908348_LJNFLUMT_SXKPVCFE_0_13,72908348_LJNFLUMT_SXKPVCFE_0,HALUZXCPXETW,72908348_LJNFLUMT_SXKPVCFE_0_13,72908348_LJNFLUMT_SXKPVCFE_0,ONLTDHRXPTIR,0
72908348_LJNFLUMT_SXKPVCFE_0_14,72908348_LJNFLUMT_SXKPVCFE_0,HALUZXCPXETW,72908348_LJNFLUMT_SXKPVCFE_0_14,72908348_LJNFLUMT_SXKPVCFE_0,ONLTDHRXPTIR,0
72908348_LJNFLUMT_SXKPVCFE_0_15,72908348_LJNFLUMT_SXKPVCFE_0,HALUZXCPXETW,72908348_LJNFLUMT_SXKPVCFE_0_15,72908348_LJNFLUMT_SXKPVCFE_0,ONLTDHRXPTIR,0
72908348_LJNFLUMT_SXKPVCFE_0_16,72908348_LJNFLUMT_SXKPVCFE_0,HALUZXCPXETW,72908348_LJNFLUMT_SXKPVCFE_0_16,72908348_LJNFLUMT_SXKPVCFE_0,ONLTDHRXPTIR,1
72908348_LJNFLUMT_SXKPVCFE_0_17,72908348_LJNFLUMT_SXKPVCFE_0,HALUZXCPXETW,72908348_LJNFLUMT_SXKPVCFE_0_17,72908348_LJNFLUMT_SXKPVCFE_0,ONLTDHRXPTIR,0
72908348_LJNFLUMT_SXKPVCFE_0_18,72908348_LJNFLUMT_SXKPVCFE_0,HALUZXCPXETW,72908348_LJNFLUMT_SXKPVCFE_0_18,72908348_LJNFLUMT_SXKPVCFE_0,ONLTDHRXPTIR,1
72908348_LJNFLUMT_SXKPVCFE_0_19,72908348_LJNFLUMT_SXKPVCFE_0,HALUZXCPXETW,72908348_LJNFLUMT_SXKPVCFE_0_19,72908348_LJNFLUMT_SXKPVCFE_0,ONLTDHRXPTIR,0
72908348_LJNFLUMT_SXKPVCFE_0_20,72908348_LJNFLUMT_SXKPVCFE_0,HALUZXCPXETW,72908348_LJNFLUMT_SXKPVCFE_0_20,72908348_LJNFLUMT_SXKPVCFE_0,ONLTDHRXPTIR,0
72908348_LJNFLUMT_SXKPVCFE_0_21,72908348_LJNFLUMT_SXKPVCFE_0,HALUZXCPXETW,72908348_LJNFLUMT_SXKPVCFE_0_21,72908348_LJNFLUMT_SXKPVCFE_0,ONLTDHRXPTIR,0
72908348_LJNFLUMT_SXKPVCFE_0_22,72908348_LJNFLUMT_SXKPVCFE_0,HALUZXCPXETW,72908348_LJNFLUMT_SXKPVCFE_0_22,72908348_LJNFLUMT_SXKPVCFE_0,ONLTDHRXPTIR,1
72908348_LJNFLUMT_SXKPVCFE_0_23,72908348_LJNFLUMT_SXKPVCFE_0,HALUZXCPXETW,72908348_LJNFLUMT_SXKPVCFE_0_23,72908348_LJNFLUMT_SXKPVCFE_0,ONLTDHRXPTIR,0
72908348_LJNFLUMT_SXKPVCFE_0_24,72908348_LJNFLUMT_SXKPVCFE_0,HALUZXCPXETW,72908348_LJNFLUMT_SXKPVCFE_0_24,72908348_LJNFLUMT_SXKPVCFE_0,ONLTDHRXPTIR,1
72908348_LJNFLUMT_SXKPVCFE_0_25,72908348_LJNFLUMT_SXKPVCFE_0,HALUZXCPXETW,72908348_LJNFLUMT_SXKPVCFE_0_25,72908348_LJNFLUMT_SXKPVCFE_0,ONLTDHRXPTIR,0
72908348_LJNFLUMT_SXKPVCFE_0_26,72908348_LJNFLUMT_SXKPVCFE_0,HALUZXCPXETW,72908348_LJNFLUMT_SXKPVCFE_0_26,72908348_LJNFLUMT_SXKPVCFE_0,ONLTDHRXPTIR,0
72908348_LJNFLUMT_SXKPVCFE_0_27,72908348_LJNFLUMT_SXKPVCFE_0,HALUZXCPXETW,72908348_LJNFLUMT_SXKPVCFE_0_27,72908348_LJNFLUMT_SXKPVCFE_0,ONLTDHRXPTIR,0
72908348_LJNFLUMT_SXKPVCFE_0_28,72908348_LJNFLUMT_SXKPVCFE_0,HALUZXCPXETW,72908348_LJNFLUMT_SXKPVCFE_0_28,72908348_LJNFLUMT_SXKPVCFE_0,ONLTDHRXPTIR,0
72908348_LJNFLUMT_SXKPVCFE_0_29,72908348_LJNFLUMT_SXKPVCFE_0,HALUZXCPXETW,72908348_LJNFLUMT_SXKPVCFE_0_29,72908348_LJNFLUMT_SXKPVCFE_0,ONLTDHRXPTIR,0
72908348_LJNFLUMT_SXKPVCFE_0_30,72908348_LJNFLUMT_SXKPVCFE_0,HALUZXCPXETW,72908348_LJNFLUMT_SXKPVCFE_0_30,72908348_LJNFLUMT_SXKPVCFE_0,ONLTDHRXPTIR,0
72908348_LJNFLUMT_SXKPVCFE_0_31,72908348_LJNFLUMT_SXKPVCFE_0,HALUZXCPXETW,72908348_LJNFLUMT_SXKPVCFE_0_31,72908348_LJNFLUMT_SXKPVCFE_0,ONLTDHRXPTIR,0
72908348_LJNFLUMT_SXKPVCFE_0_32,72908348_LJNFLUMT_SXKPVCFE_0,HALUZXCPXETW,72908348_LJNFLUMT_SXKPVCFE_0_32,72908348_LJNFLUMT_SXKPVCFE_0,ONLTDHRXPTIR,0
72908348_LJNFLUMT_SXKPVCFE_0_33,72908348_LJNFLUMT_SXKPVCFE_0,HALUZXCPXETW,72908348_LJNFLUMT_SXKPVCFE_0_33,72908348_LJNFLUMT_SXKPVCFE_0,ONLTDHRXPTIR,0
72908348_LJNFLUMT_SXKPVCFE_0_34,72908348_LJNFLUMT_SXKPVCFE_0,HALUZXCPXETW,72908348_LJNFLUMT_SXKPVCFE_0_34,72908348_LJNFLUMT_SXKPVCFE_0,ONLTDHRXPTIR,0
72908348_LJNFLUMT_SXKPVCFE_0_35,72908348_LJNFLUMT_SXKPVCFE_0,HALUZXCPXETW,72908348_LJNFLUMT_SXKPVCFE_0_35,72908348_LJNFLUMT_SXKPVCFE_0,ONLTDHRXPTIR,0
72908348_LJNFLUMT_SXKPVCFE_0_36,72908348_LJNFLUMT_SXKPVCFE_0,HALUZXCPXETW,72908348_LJNFLUMT_SXKPVCFE_0_36,72908348_LJNFLUMT_SXKPVCFE_0,ONLTDHRXPTIR,0
72908348_LJNFLUMT_SXKPVCFE_0_37,72908348_LJNFLUMT_SXKPVCFE_0,HALUZXCPXETW,72908348_LJNFLUMT_SXKPVCFE_0_37,72908348_LJNFLUMT_SXKPVCFE_0,ONLTDHRXPTIR,1
72908348_LJNFLUMT_SXKPVCFE_0_39,72908348_LJNFLUMT_SXKPVCFE_0,HALUZXCPXETW,72908348_LJNFLUMT_SXKPVCFE_0_39,72908348_LJNFLUMT_SXKPVCFE_0,ONLTDHRXPTIR,0
72908348_LJNFLUMT_SXKPVCFE_0_40,72908348_LJNFLUMT_SXKPVCFE_0,HALUZXCPXETW,72908348_LJNFLUMT_SXKPVCFE_0_40,72908348_LJNFLUMT_SXKPVCFE_0,ONLTDHRXPTIR,0
72908348_LJNFLUMT_SXKPVCFE_0_41,72908348_LJNFLUMT_SXKPVCFE_0,HALUZXCPXETW,72908348_LJNFLUMT_SXKPVCFE_0_41,72908348_LJNFLUMT_SXKPVCFE_0,ONLTDHRXPTIR,1
72908348_LJNFLUMT_SXKPVCFE_0_43,72908348_LJNFLUMT_SXKPVCFE_0,HALUZXCPXETW,72908348_LJNFLUMT_SXKPVCFE_0_43,72908348_LJNFLUMT_SXKPVCFE_0,ONLTDHRXPTIR,0
72908348_LJNFLUMT_SXKPVCFE_0_44,72908348_LJNFLUMT_SXKPVCFE_0,HALUZXCPXETW,72908348_LJNFLUMT_SXKPVCFE_0_44,72908348_LJNFLUMT_SXKPVCFE_0,ONLTDHRXPTIR,0
72908348_LJNFLUMT_SXKPVCFE_0_45,72908348_LJNFLUMT_SXKPVCFE_0,HALUZXCPXETW,72908348_LJNFLUMT_SXKPVCFE_0_45,72908348_LJNFLUMT_SXKPVCFE_0,ONLTDHRXPTIR,0
72908348_LJNFLUMT_SXKPVCFE_0_46,72908348_LJNFLUMT_SXKPVCFE_0,HALUZXCPXETW,72908348_LJNFLUMT_SXKPVCFE_0_46,72908348_LJNFLUMT_SXKPVCFE_0,ONLTDHRXPTIR,0
72908348_LJNFLUMT_SXKPVCFE_0_47,72908348_LJNFLUMT_SXKPVCFE_0,HALUZXCPXETW,72908348_LJNFLUMT_SXKPVCFE_0_47,72908348_LJNFLUMT_SXKPVCFE_0,ONLTDHRXPTIR,0
72908348_LJNFLUMT_SXKPVCFE_0_48,72908348_LJNFLUMT_SXKPVCFE_0,HALUZXCPXETW,72908348_LJNFLUMT_SXKPVCFE_0_48,72908348_LJNFLUMT_SXKPVCFE_0,ONLTDHRXPTIR,0
72908348_LJNFLUMT_SXKPVCFE_0_50,72908348_LJNFLUMT_SXKPVCFE_0,HALUZXCPXETW,72908348_LJNFLUMT_SXKPVCFE_0_50,72908348_LJNFLUMT_SXKPVCFE_0,ONLTDHRXPTIR,0
72908348_LJNFLUMT_SXKPVCFE_0_51,72908348_LJNFLUMT_SXKPVCFE_0,HALUZXCPXETW,72908348_LJNFLUMT_SXKPVCFE_0_51,72908348_LJNFLUMT_SXKPVCFE_0,ONLTDHRXPTIR,0
72908348_LJNFLUMT_SXKPVCFE_0_52,72908348_LJNFLUMT_SXKPVCFE_0,HALUZXCPXETW,72908348_LJNFLUMT_SXKPVCFE_0_52,72908348_LJNFLUMT_SXKPVCFE_0,ONLTDHRXPTIR,1
72908348_LJNFLUMT_SXKPVCFE_0_53,72908348_LJNFLUMT_SXKPVCFE_0,HALUZXCPXETW,72908348_LJNFLUMT_SXKPVCFE_0_53,72908348_LJNFLUMT_SXKPVCFE_0,ONLTDHRXPTIR,1
72908348_LJNFLUMT_SXKPVCFE_0_54,72908348_LJNFLUMT_SXKPVCFE_0,HALUZXCPXETW,72908348_LJNFLUMT_SXKPVCFE_0_54,72908348_LJNFLUMT_SXKPVCFE_0,ONLTDHRXPTIR,1
72908348_LJNFLUMT_SXKPVCFE_0_55,72908348_LJNFLUMT_SXKPVCFE_0,HALUZXCPXETW,72908348_LJNFLUMT_SXKPVCFE_0_55,72908348_LJNFLUMT_SXKPVCFE_0,ONLTDHRXPTIR,0
72908348_LJNFLUMT_SXKPVCFE_0_56,72908348_LJNFLUMT_SXKPVCFE_0,HALUZXCPXETW,72908348_LJNFLUMT_SXKPVCFE_0_56,72908348_LJNFLUMT_SXKPVCFE_0,ONLTDHRXPTIR,0
72908348_LJNFLUMT_SXKPVCFE_0_57,72908348_LJNFLUMT_SXKPVCFE_0,HALUZXCPXETW,72908348_LJNFLUMT_SXKPVCFE_0_57,72908348_LJNFLUMT_SXKPVCFE_0,ONLTDHRXPTIR,0
72908348_LJNFLUMT_SXKPVCFE_0_58,72908348_LJNFLUMT_SXKPVCFE_0,HALUZXCPXETW,72908348_LJNFLUMT_SXKPVCFE_0_58,72908348_LJNFLUMT_SXKPVCFE_0,ONLTDHRXPTIR,0
72908348_LJNFLUMT_SXKPVCFE_0_59,72908348_LJNFLUMT_SXKPVCFE_0,HALUZXCPXETW,72908348_LJNFLUMT_SXKPVCFE_0_59,72908348_LJNFLUMT_SXKPVCFE_0,ONLTDHRXPTIR,0
72908348_LJNFLUMT_SXKPVCFE_0_61,72908348_LJNFLUMT_SXKPVCFE_0,HALUZXCPXETW,72908348_LJNFLUMT_SXKPVCFE_0_61,72908348_LJNFLUMT_SXKPVCFE_0,ONLTDHRXPTIR,0
72908348_LJNFLUMT_SXKPVCFE_0_62,72908348_LJNFLUMT_SXKPVCFE_0,HALUZXCPXETW,72908348_LJNFLUMT_SXKPVCFE_0_62,72908348_LJNFLUMT_SXKPVCFE_0,ONLTDHRXPTIR,0
72908348_LJNFLUMT_SXKPVCFE_0_63,72908348_LJNFLUMT_SXKPVCFE_0,HALUZXCPXETW,72908348_LJNFLUMT_SXKPVCFE_0_63,72908348_LJNFLUMT_SXKPVCFE_0,ONLTDHRXPTIR,0
72908348_LJNFLUMT_SXKPVCFE_0_64,72908348_LJNFLUMT_SXKPVCFE_0,HALUZXCPXETW,72908348_LJNFLUMT_SXKPVCFE_0_64,72908348_LJNFLUMT_SXKPVCFE_0,ONLTDHRXPTIR,0
72908348_LJNFLUMT_SXKPVCFE_0_65,72908348_LJNFLUMT_SXKPVCFE_0,HALUZXCPXETW,72908348_LJNFLUMT_SXKPVCFE_0_65,72908348_LJNFLUMT_SXKPVCFE_0,ONLTDHRXPTIR,0
72908348_LJNFLUMT_SXKPVCFE_0_66,72908348_LJNFLUMT_SXKPVCFE_0,HALUZXCPXETW,72908348_LJNFLUMT_SXKPVCFE_0_66,72908348_LJNFLUMT_SXKPVCFE_0,ONLTDHRXPTIR,0
72908348_LJNFLUMT_SXKPVCFE_0_67,72908348_LJNFLUMT_SXKPVCFE_0,HALUZXCPXETW,72908348_LJNFLUMT_SXKPVCFE_0_67,72908348_LJNFLUMT_SXKPVCFE_0,ONLTDHRXPTIR,0
72908348_LJNFLUMT_SXKPVCFE_0_68,72908348_LJNFLUMT_SXKPVCFE_0,HALUZXCPXETW,72908348_LJNFLUMT_SXKPVCFE_0_68,72908348_LJNFLUMT_SXKPVCFE_0,ONLTDHRXPTIR,0
72908348_LJNFLUMT_SXKPVCFE_0_69,72908348_LJNFLUMT_SXKPVCFE_0,HALUZXCPXETW,72908348_LJNFLUMT_SXKPVCFE_0_69,72908348_LJNFLUMT_SXKPVCFE_0,ONLTDHRXPTIR,0
72908348_LJNFLUMT_SXKPVCFE_0_70,72908348_LJNFLUMT_SXKPVCFE_0,HALUZXCPXETW,72908348_LJNFLUMT_SXKPVCFE_0_70,72908348_LJNFLUMT_SXKPVCFE_0,ONLTDHRXPTIR,0
72908348_LJNFLUMT_SXKPVCFE_0_72,72908348_LJNFLUMT_SXKPVCFE_0,HALUZXCPXETW,72908348_LJNFLUMT_SXKPVCFE_0_72,72908348_LJNFLUMT_SXKPVCFE_0,ONLTDHRXPTIR,0
72908348_LJNFLUMT_SXKPVCFE_0_73,72908348_LJNFLUMT_SXKPVCFE_0,HALUZXCPXETW,72908348_LJNFLUMT_SXKPVCFE_0_73,72908348_LJNFLUMT_SXKPVCFE_0,ONLTDHRXPTIR,0
72908348_LJNFLUMT_SXKPVCFE_0_74,72908348_LJNFLUMT_SXKPVCFE_0,HALUZXCPXETW,72908348_LJNFLUMT_SXKPVCFE_0_74,72908348_LJNFLUMT_SXKPVCFE_0,ONLTDHRXPTIR,1
72908348_LJNFLUMT_SXKPVCFE_0_75,72908348_LJNFLUMT_SXKPVCFE_0,HALUZXCPXETW,72908348_LJNFLUMT_SXKPVCFE_0_75,72908348_LJNFLUMT_SXKPVCFE_0,ONLTDHRXPTIR,0
72908348_LJNFLUMT_SXKPVCFE_0_76,72908348_LJNFLUMT_SXKPVCFE_0,HALUZXCPXETW,72908348_LJNFLUMT_SXKPVCFE_0_76,72908348_LJNFLUMT_SXKPVCFE_0,ONLTDHRXPTIR,0
72908348_LJNFLUMT_SXKPVCFE_0_77,72908348_LJNFLUMT_SXKPVCFE_0,HALUZXCPXETW,72908348_LJNFLUMT_SXKPVCFE_0_77,72908348_LJNFLUMT_SXKPVCFE_0,ONLTDHRXPTIR,1
72908348_LJNFLUMT_SXKPVCFE_0_78,72908348_LJNFLUMT_SXKPVCFE_0,HALUZXCPXETW,72908348_LJNFLUMT_SXKPVCFE_0_78,72908348_LJNFLUMT_SXKPVCFE_0,ONLTDHRXPTIR,0
72908348_LJNFLUMT_SXKPVCFE_0_79,72908348_LJNFLUMT_SXKPVCFE_0,HALUZXCPXETW,72908348_LJNFLUMT_SXKPVCFE_0_79,72908348_LJNFLUMT_SXKPVCFE_0,ONLTDHRXPTIR,0
72908348_LJNFLUMT_SXKPVCFE_0_80,72908348_LJNFLUMT_SXKPVCFE_0,HALUZXCPXETW,72908348_LJNFLUMT_SXKPVCFE_0_80,72908348_LJNFLUMT_SXKPVCFE_0,ONLTDHRXPTIR,0
72908348_LJNFLUMT_SXKPVCFE_0_81,72908348_LJNFLUMT_SXKPVCFE_0,HALUZXCPXETW,72908348_LJNFLUMT_SXKPVCFE_0_81,72908348_LJNFLUMT_SXKPVCFE_0,ONLTDHRXPTIR,0
72908348_LJNFLUMT_SXKPVCFE_0_82,72908348_LJNFLUMT_SXKPVCFE_0,HALUZXCPXETW,72908348_LJNFLUMT_SXKPVCFE_0_82,72908348_LJNFLUMT_SXKPVCFE_0,ONLTDHRXPTIR,0
72908348_LJNFLUMT_SXKPVCFE_0_83,72908348_LJNFLUMT_SXKPVCFE_0,HALUZXCPXETW,72908348_LJNFLUMT_SXKPVCFE_0_83,72908348_LJNFLUMT_SXKPVCFE_0,ONLTDHRXPTIR,0
72908348_LJNFLUMT_SXKPVCFE_0_84,72908348_LJNFLUMT_SXKPVCFE_0,HALUZXCPXETW,72908348_LJNFLUMT_SXKPVCFE_0_84,72908348_LJNFLUMT_SXKPVCFE_0,ONLTDHRXPTIR,0
72908348_LJNFLUMT_SXKPVCFE_0_86,72908348_LJNFLUMT_SXKPVCFE_0,HALUZXCPXETW,72908348_LJNFLUMT_SXKPVCFE_0_86,72908348_LJNFLUMT_SXKPVCFE_0,ONLTDHRXPTIR,0
72908348_LJNFLUMT_SXKPVCFE_0_87,72908348_LJNFLUMT_SXKPVCFE_0,HALUZXCPXETW,72908348_LJNFLUMT_SXKPVCFE_0_87,72908348_LJNFLUMT_SXKPVCFE_0,ONLTDHRXPTIR,0
72908348_LJNFLUMT_SXKPVCFE_0_88,72908348_LJNFLUMT_SXKPVCFE_0,HALUZXCPXETW,72908348_LJNFLUMT_SXKPVCFE_0_88,72908348_LJNFLUMT_SXKPVCFE_0,ONLTDHRXPTIR,0
72908348_LJNFLUMT_SXKPVCFE_0_90,72908348_LJNFLUMT_SXKPVCFE_0,HALUZXCPXETW,72908348_LJNFLUMT_SXKPVCFE_0_90,72908348_LJNFLUMT_SXKPVCFE_0,ONLTDHRXPTIR,0
72908348_LJNFLUMT_SXKPVCFE_0_91,72908348_LJNFLUMT_SXKPVCFE_0,HALUZXCPXETW,72908348_LJNFLUMT_SXKPVCFE_0_91,72908348_LJNFLUMT_SXKPVCFE_0,ONLTDHRXPTIR,0
72908348_LJNFLUMT_SXKPVCFE_0_92,72908348_LJNFLUMT_SXKPVCFE_0,HALUZXCPXETW,72908348_LJNFLUMT_SXKPVCFE_0_92,72908348_LJNFLUMT_SXKPVCFE_0,ONLTDHRXPTIR,0
72908348_LJNFLUMT_SXKPVCFE_0_93,72908348_LJNFLUMT_SXKPVCFE_0,HALUZXCPXETW,72908348_LJNFLUMT_SXKPVCFE_0_93,72908348_LJNFLUMT_SXKPVCFE_0,ONLTDHRXPTIR,0
72908348_LJNFLUMT_SXKPVCFE_0_94,72908348_LJNFLUMT_SXKPVCFE_0,HALUZXCPXETW,72908348_LJNFLUMT_SXKPVCFE_0_94,72908348_LJNFLUMT_SXKPVCFE_0,ONLTDHRXPTIR,0
72908348_LJNFLUMT_SXKPVCFE_0_96,72908348_LJNFLUMT_SXKPVCFE_0,HALUZXCPXETW,72908348_LJNFLUMT_SXKPVCFE_0_96,72908348_LJNFLUMT_SXKPVCFE_0,ONLTDHRXPTIR,0
72908348_LJNFLUMT_SXKPVCFE_0_97,72908348_LJNFLUMT_SXKPVCFE_0,HALUZXCPXETW,72908348_LJNFLUMT_SXKPVCFE_0_97,72908348_LJNFLUMT_SXKPVCFE_0,ONLTDHRXPTIR,0
72908348_LJNFLUMT_SXKPVCFE_0_98,72908348_LJNFLUMT_SXKPVCFE_0,HALUZXCPXETW,72908348_LJNFLUMT_SXKPVCFE_0_98,72908348_LJNFLUMT_SXKPVCFE_0,ONLTDHRXPTIR,1
72908348_LJNFLUMT_SXKPVCFE_0_100,72908348_LJNFLUMT_SXKPVCFE_0,HALUZXCPXETW,72908348_LJNFLUMT_SXKPVCFE_0_100,72908348_LJNFLUMT_SXKPVCFE_0,ONLTDHRXPTIR,0
72908348_LJNFLUMT_SXKPVCFE_0_101,72908348_LJNFLUMT_SXKPVCFE_0,HALUZXCPXETW,72908348_LJNFLUMT_SXKPVCFE_0_101,72908348_LJNFLUMT_SXKPVCFE_0,ONLTDHRXPTIR,0
72908348_LJNFLUMT_SXKPVCFE_0_102,72908348_LJNFLUMT_SXKPVCFE_0,HALUZXCPXETW,72908348_LJNFLUMT_SXKPVCFE_0_102,72908348_LJNFLUMT_SXKPVCFE_0,ONLTDHRXPTIR,0
72908348_LJNFLUMT_SXKPVCFE_0_103,72908348_LJNFLUMT_SXKPVCFE_0,HALUZXCPXETW,72908348_LJNFLUMT_SXKPVCFE_0_103,72908348_LJNFLUMT_SXKPVCFE_0,ONLTDHRXPTIR,0
72908348_LJNFLUMT_SXKPVCFE_0_104,72908348_LJNFLUMT_SXKPVCFE_0,HALUZXCPXETW,72908348_LJNFLUMT_SXKPVCFE_0_104,72908348_LJNFLUMT_SXKPVCFE_0,ONLTDHRXPTIR,0
72908348_LJNFLUMT_SXKPVCFE_0_105,72908348_LJNFLUMT_SXKPVCFE_0,HALUZXCPXETW,72908348_LJNFLUMT_SXKPVCFE_0_105,72908348_LJNFLUMT_SXKPVCFE_0,ONLTDHRXPTIR,0
72908348_LJNFLUMT_SXKPVCFE_0_106,72908348_LJNFLUMT_SXKPVCFE_0,HALUZXCPXETW,72908348_LJNFLUMT_SXKPVCFE_0_106,72908348_LJNFLUMT_SXKPVCFE_0,ONLTDHRXPTIR,0
72908348_LJNFLUMT_SXKPVCFE_0_107,72908348_LJNFLUMT_SXKPVCFE_0,HALUZXCPXETW,72908348_LJNFLUMT_SXKPVCFE_0_107,72908348_LJNFLUMT_SXKPVCFE_0,ONLTDHRXPTIR,0
72908348_LJNFLUMT_SXKPVCFE_0_108,72908348_LJNFLUMT_SXKPVCFE_0,HALUZXCPXETW,72908348_LJNFLUMT_SXKPVCFE_0_108,72908348_LJNFLUMT_SXKPVCFE_0,ONLTDHRXPTIR,0
72908348_LJNFLUMT_SXKPVCFE_0_109,72908348_LJNFLUMT_SXKPVCFE_0,HALUZXCPXETW,72908348_LJNFLUMT_SXKPVCFE_0_109,72908348_LJNFLUMT_SXKPVCFE_0,ONLTDHRXPTIR,0
72908348_LJNFLUMT_SXKPVCFE_0_111,72908348_LJNFLUMT_SXKPVCFE_0,HALUZXCPXETW,72908348_LJNFLUMT_SXKPVCFE_0_111,72908348_LJNFLUMT_SXKPVCFE_0,ONLTDHRXPTIR,1
72908348_LJNFLUMT_SXKPVCFE_0_112,72908348_LJNFLUMT_SXKPVCFE_0,HALUZXCPXETW,72908348_LJNFLUMT_SXKPVCFE_0_112,72908348_LJNFLUMT_SXKPVCFE_0,ONLTDHRXPTIR,0
72908348_LJNFLUMT_SXKPVCFE_0_113,72908348_LJNFLUMT_SXKPVCFE_0,HALUZXCPXETW,72908348_LJNFLUMT_SXKPVCFE_0_113,72908348_LJNFLUMT_SXKPVCFE_0,ONLTDHRXPTIR,0
72908348_LJNFLUMT_SXKPVCFE_0_114,72908348_LJNFLUMT_SXKPVCFE_0,HALUZXCPXETW,72908348_LJNFLUMT_SXKPVCFE_0_114,72908348_LJNFLUMT_SXKPVCFE_0,ONLTDHRXPTIR,0
72908348_LJNFLUMT_SXKPVCFE_0_115,72908348_LJNFLUMT_SXKPVCFE_0,HALUZXCPXETW,72908348_LJNFLUMT_SXKPVCFE_0_115,72908348_LJNFLUMT_SXKPVCFE_0,ONLTDHRXPTIR,0
72908348_LJNFLUMT_SXKPVCFE_0_116,72908348_LJNFLUMT_SXKPVCFE_0,HALUZXCPXETW,72908348_LJNFLUMT_SXKPVCFE_0_116,72908348_LJNFLUMT_SXKPVCFE_0,ONLTDHRXPTIR,0
72908348_LJNFLUMT_SXKPVCFE_0_117,72908348_LJNFLUMT_SXKPVCFE_0,HALUZXCPXETW,72908348_LJNFLUMT_SXKPVCFE_0_117,72908348_LJNFLUMT_SXKPVCFE_0,ONLTDHRXPTIR,0
72908348_LJNFLUMT_SXKPVCFE_0_118,72908348_LJNFLUMT_SXKPVCFE_0,HALUZXCPXETW,72908348_LJNFLUMT_SXKPVCFE_0_118,72908348_LJNFLUMT_SXKPVCFE_0,ONLTDHRXPTIR,0
72908348_LJNFLUMT_SXKPVCFE_0_119,72908348_LJNFLUMT_SXKPVCFE_0,HALUZXCPXETW,72908348_LJNFLUMT_SXKPVCFE_0_119,72908348_LJNFLUMT_SXKPVCFE_0,ONLTDHRXPTIR,0
72908348_LJNFLUMT_SXKPVCFE_0_120,72908348_LJNFLUMT_SXKPVCFE_0,HALUZXCPXETW,72908348_LJNFLUMT_SXKPVCFE_0_120,72908348_LJNFLUMT_SXKPVCFE_0,ONLTDHRXPTIR,0
72908348_LJNFLUMT_SXKPVCFE_0_121,72908348_LJNFLUMT_SXKPVCFE_0,HALUZXCPXETW,72908348_LJNFLUMT_SXKPVCFE_0_121,72908348_LJNFLUMT_SXKPVCFE_0,ONLTDHRXPTIR,0
72908348_LJNFLUMT_SXKPVCFE_0_122,72908348_LJNFLUMT_SXKPVCFE_0,HALUZXCPXETW,72908348_LJNFLUMT_SXKPVCFE_0_122,72908348_LJNFLUMT_SXKPVCFE_0,ONLTDHRXPTIR,0
72908348_LJNFLUMT_SXKPVCFE_0_123,72908348_LJNFLUMT_SXKPVCFE_0,HALUZXCPXETW,72908348_LJNFLUMT_SXKPVCFE_0_123,72908348_LJNFLUMT_SXKPVCFE_0,ONLTDHRXPTIR,0
72908348_LJNFLUMT_SXKPVCFE_0_124,72908348_LJNFLUMT_SXKPVCFE_0,HALUZXCPXETW,72908348_LJNFLUMT_SXKPVCFE_0_124,72908348_LJNFLUMT_SXKPVCFE_0,ONLTDHRXPTIR,1
72908348_LJNFLUMT_SXKPVCFE_0_125,72908348_LJNFLUMT_SXKPVCFE_0,HALUZXCPXETW,72908348_LJNFLUMT_SXKPVCFE_0_125,72908348_LJNFLUMT_SXKPVCFE_0,ONLTDHRXPTIR,0
72908348_LJNFLUMT_SXKPVCFE_0_126,72908348_LJNFLUMT_SXKPVCFE_0,HALUZXCPXETW,72908348_LJNFLUMT_SXKPVCFE_0_126,72908348_LJNFLUMT_SXKPVCFE_0,ONLTDHRXPTIR,1
72908348_LJNFLUMT_SXKPVCFE_0_127,72908348_LJNFLUMT_SXKPVCFE_0,HALUZXCPXETW,72908348_LJNFLUMT_SXKPVCFE_0_127,72908348_LJNFLUMT_SXKPVCFE_0,ONLTDHRXPTIR,0
72908348_LJNFLUMT_SXKPVCFE_0_129,72908348_LJNFLUMT_SXKPVCFE_0,HALUZXCPXETW,72908348_LJNFLUMT_SXKPVCFE_0_129,72908348_LJNFLUMT_SXKPVCFE_0,ONLTDHRXPTIR,0
72908348_LJNFLUMT_SXKPVCFE_0_130,72908348_LJNFLUMT_SXKPVCFE_0,HALUZXCPXETW,72908348_LJNFLUMT_SXKPVCFE_0_130,72908348_LJNFLUMT_SXKPVCFE_0,ONLTDHRXPTIR,0
72908348_LJNFLUMT_SXKPVCFE_0_131,72908348_LJNFLUMT_SXKPVCFE_0,HALUZXCPXETW,72908348_LJNFLUMT_SXKPVCFE_0_131,72908348_LJNFLUMT_SXKPVCFE_0,ONLTDHRXPTIR,0
72908348_LJNFLUMT_SXKPVCFE_0_132,72908348_LJNFLUMT_SXKPVCFE_0,HALUZXCPXETW,72908348_LJNFLUMT_SXKPVCFE_0_132,72908348_LJNFLUMT_SXKPVCFE_0,ONLTDHRXPTIR,0
72908348_LJNFLUMT_SXKPVCFE_0_133,72908348_LJNFLUMT_SXKPVCFE_0,HALUZXCPXETW,72908348_LJNFLUMT_SXKPVCFE_0_133,72908348_LJNFLUMT_SXKPVCFE_0,ONLTDHRXPTIR,0
72908348_LJNFLUMT_SXKPVCFE_0_134,72908348_LJNFLUMT_SXKPVCFE_0,HALUZXCPXETW,72908348_LJNFLUMT_SXKPVCFE_0_134,72908348_LJNFLUMT_SXKPVCFE_0,ONLTDHRXPTIR,0
72908348_LJNFLUMT_SXKPVCFE_0_135,72908348_LJNFLUMT_SXKPVCFE_0,HALUZXCPXETW,72908348_LJNFLUMT_SXKPVCFE_0_135,72908348_LJNFLUMT_SXKPVCFE_0,ONLTDHRXPTIR,0
72908348_LJNFLUMT_SXKPVCFE_0_136,72908348_LJNFLUMT_SXKPVCFE_0,HALUZXCPXETW,72908348_LJNFLUMT_SXKPVCFE_0_136,72908348_LJNFLUMT_SXKPVCFE_0,ONLTDHRXPTIR,0
72908348_LJNFLUMT_SXKPVCFE_0_137,72908348_LJNFLUMT_SXKPVCFE_0,HALUZXCPXETW,72908348_LJNFLUMT_SXKPVCFE_0_137,72908348_LJNFLUMT_SXKPVCFE_0,ONLTDHRXPTIR,0
72908348_LJNFLUMT_SXKPVCFE_0_138,72908348_LJNFLUMT_SXKPVCFE_0,HALUZXCPXETW,72908348_LJNFLUMT_SXKPVCFE_0_138,72908348_LJNFLUMT_SXKPVCFE_0,ONLTDHRXPTIR,0
14866993_BUTRLQEX_KUHPVHRW_0_0,14866993_BUTRLQEX_KUHPVHRW_0,JXBWMMYOUCIK,14866993_BUTRLQEX_KUHPVHRW_0_0,14866993_BUTRLQEX_KUHPVHRW_0,DRSLLHUYAKQV,0
14866993_BUTRLQEX_KUHPVHRW_0_1,14866993_BUTRLQEX_KUHPVHRW_0,JXBWMMYOUCIK,14866993_BUTRLQEX_KUHPVHRW_0_1,14866993_BUTRLQEX_KUHPVHRW_0,DRSLLHUYAKQV,0
14866993_BUTRLQEX_KUHPVHRW_0_2,14866993_BUTRLQEX_KUHPVHRW_0,JXBWMMYOUCIK,14866993_BUTRLQEX_KUHPVHRW_0_2,14866993_BUTRLQEX_KUHPVHRW_0,DRSLLHUYAKQV,0
14866993_BUTRLQEX_KUHPVHRW_0_4,14866993_BUTRLQEX_KUHPVHRW_0,JXBWMMYOUCIK,14866993_BUTRLQEX_KUHPVHRW_0_4,14866993_BUTRLQEX_KUHPVHRW_0,DRSLLHUYAKQV,0
14866993_BUTRLQEX_KUHPVHRW_0_5,14866993_BUTRLQEX_KUHPVHRW_0,JXBWMMYOUCIK,14866993_BUTRLQEX_KUHPVHRW_0_5,14866993_BUTRLQEX_KUHPVHRW_0,DRSLLHUYAKQV,0
14866993_BUTRLQEX_KUHPVHRW_0_6,14866993_BUTRLQEX_KUHPVHRW_0,JXBWMMYOUCIK,14866993_BUTRLQEX_KUHPVHRW_0_6,14866993_BUTRLQEX_KUHPVHRW_0,DRSLLHUYAKQV,0
14866993_BUTRLQEX_KUHPVHRW_0_7,14866993_BUTRLQEX_KUHPVHRW_0,JXBWMMYOUCIK,14866993_BUTRLQEX_KUHPVHRW_0_7,14866993_BUTRLQEX_KUHPVHRW_0,DRSLLHUYAKQV,0
14866993_BUTRLQEX_KUHPVHRW_0_8,14866993_BUTRLQEX_KUHPVHRW_0,JXBWMMYOUCIK,14866993_BUTRLQEX_KUHPVHRW_0_8,14866993_BUTRLQEX_KUHPVHRW_0,DRSLLHUYAKQV,0
14866993_BUTRLQEX_KUHPVHRW_0_9,14866993_BUTRLQEX_KUHPVHRW_0,JXBWMMYOUCIK,14866993_BUTRLQEX_KUHPVHRW_0_9,14866993_BUTRLQEX_KUHPVHRW_0,DRSLLHUYAKQV,0
14866993_BUTRLQEX_KUHPVHRW_0_10,14866993_BUTRLQEX_KUHPVHRW_0,JXBWMMYOUCIK,14866993_BUTRLQEX_KUHPVHRW_0_10,14866993_BUTRLQEX_KUHPVHRW_0,DRSLLHUYAKQV,0
14866993_BUTRLQEX_KUHPVHRW_0_11,14866993_BUTRLQEX_KUHPVHRW_0,JXBWMMYOUCIK,14866993_BUTRLQEX_KUHPVHRW_0_11,14866993_BUTRLQEX_KUHPVHRW_0,DRSLLHUYAKQV,0
14866993_BUTRLQEX_KUHPVHRW_0_12,14866993_BUTRLQEX_KUHPVHRW_0,JXBWMMYOUCIK,14866993_BUTRLQEX_KUHPVHRW_0_12,14866993_BUTRLQEX_KUHPVHRW_0,DRSLLHUYAKQV,1
14866993_BUTRLQEX_KUHPVHRW_0_13,14866993_BUTRLQEX_KUHPVHRW_0,JXBWMMYOUCIK,14866993_BUTRLQEX_KUHPVHRW_0_13,14866993_BUTRLQEX_KUHPVHRW_0,DRSLLHUYAKQV,0
14866993_BUTRLQEX_KUHPVHRW_0_14,14866993_BUTRLQEX_KUHPVHRW_0,JXBWMMYOUCIK,14866993_BUTRLQEX_KUHPVHRW_0_14,14866993_BUTRLQEX_KUHPVHRW_0,DRSLLHUYAKQV,0
14866993_BUTRLQEX_KUHPVHRW_0_15,14866993_BUTRLQEX_KUHPVHRW_0,JXBWMMYOUCIK,14866993_BUTRLQEX_KUHPVHRW_0_15,14866993_BUTRLQEX_KUHPVHRW_0,DRSLLHUYAKQV,0
14866993_BUTRLQEX_KUHPVHRW_0_16,14866993_BUTRLQEX_KUHPVHRW_0,JXBWMMYOUCIK,14866993_BUTRLQEX_KUHPVHRW_0_16,14866993_BUTRLQEX_KUHPVHRW_0,DRSLLHUYAKQV,0
14866993_BUTRLQEX_KUHPVHRW_0_17,14866993_BUTRLQEX_KUHPVHRW_0,JXBWMMYOUCIK,14866993_BUTRLQEX_KUHPVHRW_0_17,14866993_BUTRLQEX_KUHPVHRW_0,DRSLLHUYAKQV,0
14866993_BUTRLQEX_KUHPVHRW_0_18,14866993_BUTRLQEX_KUHPVHRW_0,JXBWMMYOUCIK,14866993_BUTRLQEX_KUHPVHRW_0_18,14866993_BUTRLQEX_KUHPVHRW_0,DRSLLHUYAKQV,0
14866993_BUTRLQEX_KUHPVHRW_0_19,14866993_BUTRLQEX_KUHPVHRW_0,JXBWMMYOUCIK,14866993_BUTRLQEX_KUHPVHRW_0_19,14866993_BUTRLQEX_KUHPVHRW_0,DRSLLHUYAKQV,0
14866993_BUTRLQEX_KUHPVHRW_0_20,14866993_BUTRLQEX_KUHPVHRW_0,JXBWMMYOUCIK,14866993_BUTRLQEX_KUHPVHRW_0_20,14866993_BUTRLQEX_KUHPVHRW_0,DRSLLHUYAKQV,0
14866993_BUTRLQEX_KUHPVHRW_0_21,14866993_BUTRLQEX_KUHPVHRW_0,JXBWMMYOUCIK,14866993_BUTRLQEX_KUHPVHRW_0_21,14866993_BUTRLQEX_KUHPVHRW_0,DRSLLHUYAKQV,0
14866993_BUTRLQEX_KUHPVHRW_0_22,14866993_BUTRLQEX_KUHPVHRW_0,JXBWMMYOUCIK,14866993_BUTRLQEX_KUHPVHRW_0_22,14866993_BUTRLQEX_KUHPVHRW_0,DRSLLHUYAKQV,0
14866993_BUTRLQEX_KUHPVHRW_0_23,14866993_BUTRLQEX_KUHPVHRW_0,JXBWMMYOUCIK,14866993_BUTRLQEX_KUHPVHRW_0_23,14866993_BUTRLQEX_KUHPVHRW_0,DRSLLHUYAKQV,0
14866993_BUTRLQEX_KUHPVHRW_0_24,14866993_BUTRLQEX_KUHPVHRW_0,JXBWMMYOUCIK,14866993_BUTRLQEX_KUHPVHRW_0_24,14866993_BUTRLQEX_KUHPVHRW_0,DRSLLHUYAKQV,0
14866993_BUTRLQEX_KUHPVHRW_0_25,14866993_BUTRLQEX_KUHPVHRW_0,JXBWMMYOUCIK,14866993_BUTRLQEX_KUHPVHRW_0_25,14866993_BUTRLQEX_KUHPVHRW_0,DRSLLHUYAKQV,0
14866993_BUTRLQEX_KUHPVHRW_0_27,14866993_BUTRLQEX_KUHPVHRW_0,JXBWMMYOUCIK,14866993_BUTRLQEX_KUHPVHRW_0_27,14866993_BUTRLQEX_KUHPVHRW_0,DRSLLHUYAKQV,0
14866993_BUTRLQEX_KUHPVHRW_0_28,14866993_BUTRLQEX_KUHPVHRW_0,JXBWMMYOUCIK,14866993_BUTRLQEX_KUHPVHRW_0_28,14866993_BUTRLQEX_KUHPVHRW_0,DRSLLHUYAKQV,0
14866993_BUTRLQEX_KUHPVHRW_0_29,14866993_BUTRLQEX_KUHPVHRW_0,JXBWMMYOUCIK,14866993_BUTRLQEX_KUHPVHRW_0_29,14866993_BUTRLQEX_KUHPVHRW_0,DRSLLHUYAKQV,0
14866993_BUTRLQEX_KUHPVHRW_0_31,14866993_BUTRLQEX_KUHPVHRW_0,JXBWMMYOUCIK,14866993_BUTRLQEX_KUHPVHRW_0_31,14866993_BUTRLQEX_KUHPVHRW_0,DRSLLHUYAKQV,1
14866993_BUTRLQEX_KUHPVHRW_0_32,14866993_BUTRLQEX_KUHPVHRW_0,JXBWMMYOUCIK,14866993_BUTRLQEX_KUHPVHRW_0_32,14866993_BUTRLQEX_KUHPVHRW_0,DRSLLHUYAKQV,0
14866993_BUTRLQEX_KUHPVHRW_0_33,14866993_BUTRLQEX_KUHPVHRW_0,JXBWMMYOUCIK,14866993_BUTRLQEX_KUHPVHRW_0_33,14866993_BUTRLQEX_KUHPVHRW_0,DRSLLHUYAKQV,0
14866993_BUTRLQEX_KUHPVHRW_0_34,14866993_BUTRLQEX_KUHPVHRW_0,JXBWMMYOUCIK,14866993_BUTRLQEX_KUHPVHRW_0_34,14866993_BUTRLQEX_KUHPVHRW_0,DRSLLHUYAKQV,0
14866993_BUTRLQEX_KUHPVHRW_0_35,14866993_BUTRLQEX_KUHPVHRW_0,JXBWMMYOUCIK,14866993_BUTRLQEX_KUHPVHRW_0_35,14866993_BUTRLQEX_KUHPVHRW_0,DRSLLHUYAKQV,0
14866993_BUTRLQEX_KUHPVHRW_0_36,14866993_BUTRLQEX_KUHPVHRW_0,JXBWMMYOUCIK,14866993_BUTRLQEX_KUHPVHRW_0_36,14866993_BUTRLQEX_KUHPVHRW_0,DRSLLHUYAKQV,0
14866993_BUTRLQEX_KUHPVHRW_0_38,14866993_BUTRLQEX_KUHPVHRW_0,JXBWMMYOUCIK,14866993_BUTRLQEX_KUHPVHRW_0_38,14866993_BUTRLQEX_KUHPVHRW_0,DRSLLHUYAKQV,1
14866993_BUTRLQEX_KUHPVHRW_0_39,14866993_BUTRLQEX_KUHPVHRW_0,JXBWMMYOUCIK,14866993_BUTRLQEX_KUHPVHRW_0_39,14866993_BUTRLQEX_KUHPVHRW_0,DRSLLHUYAKQV,0
14866993_BUTRLQEX_KUHPVHRW_0_40,14866993_BUTRLQEX_KUHPVHRW_0,JXBWMMYOUCIK,14866993_BUTRLQEX_KUHPVHRW_0_40,14866993_BUTRLQEX_KUHPVHRW_0,DRSLLHUYAKQV,0
14866993_BUTRLQEX_KUHPVHRW_0_41,14866993_BUTRLQEX_KUHPVHRW_0,JXBWMMYOUCIK,14866993_BUTRLQEX_KUHPVHRW_0_41,14866993_BUTRLQEX_KUHPVHRW_0,DRSLLHUYAKQV,0
14866993_BUTRLQEX_KUHPVHRW_0_42,14866993_BUTRLQEX_KUHPVHRW_0,JXBWMMYOUCIK,14866993_BUTRLQEX_KUHPVHRW_0_42,14866993_BUTRLQEX_KUHPVHRW_0,DRSLLHUYAKQV,0
14866993_BUTRLQEX_KUHPVHRW_0_43,14866993_BUTRLQEX_KUHPVHRW_0,JXBWMMYOUCIK,14866993_BUTRLQEX_KUHPVHRW_0_43,14866993_BUTRLQEX_KUHPVHRW_0,DRSLLHUYAKQV,0
14866993_BUTRLQEX_KUHPVHRW_0_44,14866993_BUTRLQEX_KUHPVHRW_0,JXBWMMYOUCIK,14866993_BUTRLQEX_KUHPVHRW_0_44,14866993_BUTRLQEX_KUHPVHRW_0,DRSLLHUYAKQV,0
14866993_BUTRLQEX_KUHPVHRW_0_45,14866993_BUTRLQEX_KUHPVHRW_0,JXBWMMYOUCIK,14866993_BUTRLQEX_KUHPVHRW_0_45,14866993_BUTRLQEX_KUHPVHRW_0,DRSLLHUYAKQV,0
14866993_ERHJXOIL_MYHFUROV_0_0,14866993_ERHJXOIL_MYHFUROV_0,JXBWMMYOUCIK,14866993_ERHJXOIL_MYHFUROV_0_0,14866993_ERHJXOIL_MYHFUROV_0,DRSLLHUYAKQV,1
14866993_ERHJXOIL_MYHFUROV_0_1,14866993_ERHJXOIL_MYHFUROV_0,JXBWMMYOUCIK,14866993_ERHJXOIL_MYHFUROV_0_1,14866993_ERHJXOIL_MYHFUROV_0,DRSLLHUYAKQV,0
14866993_ERHJXOIL_MYHFUROV_0_2,14866993_ERHJXOIL_MYHFUROV_0,JXBWMMYOUCIK,14866993_ERHJXOIL_MYHFUROV_0_2,14866993_ERHJXOIL_MYHFUROV_0,DRSLLHUYAKQV,0
14866993_ERHJXOIL_MYHFUROV_0_3,14866993_ERHJXOIL_MYHFUROV_0,JXBWMMYOUCIK,14866993_ERHJXOIL_MYHFUROV_0_3,14866993_ERHJXOIL_MYHFUROV_0,DRSLLHUYAKQV,0
14866993_ERHJXOIL_MYHFUROV_0_4,14866993_ERHJXOIL_MYHFUROV_0,JXBWMMYOUCIK,14866993_ERHJXOIL_MYHFUROV_0_4,14866993_ERHJXOIL_MYHFUROV_0,DRSLLHUYAKQV,0
14866993_ERHJXOIL_MYHFUROV_0_5,14866993_ERHJXOIL_MYHFUROV_0,JXBWMMYOUCIK,14866993_ERHJXOIL_MYHFUROV_0_5,14866993_ERHJXOIL_MYHFUROV_0,DRSLLHUYAKQV,0
14866993_ERHJXOIL_MYHFUROV_0_6,14866993_ERHJXOIL_MYHFUROV_0,JXBWMMYOUCIK,14866993_ERHJXOIL_MYHFUROV_0_6,14866993_ERHJXOIL_MYHFUROV_0,DRSLLHUYAKQV,0
14866993_ERHJXOIL_MYHFUROV_0_7,14866993_ERHJXOIL_MYHFUROV_0,JXBWMMYOUCIK,14866993_ERHJXOIL_MYHFUROV_0_7,14866993_ERHJXOIL_MYHFUROV_0,DRSLLHUYAKQV,0
14866993_ERHJXOIL_MYHFUROV_0_8,14866993_ERHJXOIL_MYHFUROV_0,JXBWMMYOUCIK,14866993_ERHJXOIL_MYHFUROV_0_8,14866993_ERHJXOIL_MYHFUROV_0,DRSLLHUYAKQV,0
14866993_ERHJXOIL_MYHFUROV_0_9,14866993_ERHJXOIL_MYHFUROV_0,JXBWMMYOUCIK,14866993_ERHJXOIL_MYHFUROV_0_9,14866993_ERHJXOIL_MYHFUROV_0,DRSLLHUYAKQV,0
14866993_ERHJXOIL_MYHFUROV_0_10,14866993_ERHJXOIL_MYHFUROV_0,JXBWMMYOUCIK,14866993_ERHJXOIL_MYHFUROV_0_10,14866993_ERHJXOIL_MYHFUROV_0,DRSLLHUYAKQV,0
14866993_ERHJXOIL_MYHFUROV_0_11,14866993_ERHJXOIL_MYHFUROV_0,JXBWMMYOUCIK,14866993_ERHJXOIL_MYHFUROV_0_11,14866993_ERHJXOIL_MYHFUROV_0,DRSLLHUYAKQV,1
14866993_ERHJXOIL_MYHFUROV_0_12,14866993_ERHJXOIL_MYHFUROV_0,JXBWMMYOUCIK,14866993_ERHJXOIL_MYHFUROV_0_12,14866993_ERHJXOIL_MYHFUROV_0,DRSLLHUYAKQV,0
14866993_ERHJXOIL_MYHFUROV_0_13,14866993_ERHJXOIL_MYHFUROV_0,JXBWMMYOUCIK,14866993_ERHJXOIL_MYHFUROV_0_13,14866993_ERHJXOIL_MYHFUROV_0,DRSLLHUYAKQV,0
14866993_ERHJXOIL_MYHFUROV_0_14,14866993_ERHJXOIL_MYHFUROV_0,JXBWMMYOUCIK,14866993_ERHJXOIL_MYHFUROV_0_14,14866993_ERHJXOIL_MYHFUROV_0,DRSLLHUYAKQV,0
14866993_ERHJXOIL_MYHFUROV_0_15,14866993_ERHJXOIL_MYHFUROV_0,JXBWMMYOUCIK,14866993_ERHJXOIL_MYHFUROV_0_15,14866993_ERHJXOIL_MYHFUROV_0,DRSLLHUYAKQV,0
14866993_ERHJXOIL_MYHFUROV_0_16,14866993_ERHJXOIL_MYHFUROV_0,JXBWMMYOUCIK,14866993_ERHJXOIL_MYHFUROV_0_16,14866993_ERHJXOIL_MYHFUROV_0,DRSLLHUYAKQV,1
14866993_ERHJXOIL_MYHFUROV_0_17,14866993_ERHJXOIL_MYHFUROV_0,JXBWMMYOUCIK,14866993_ERHJXOIL_MYHFUROV_0_17,14866993_ERHJXOIL_MYHFUROV_0,DRSLLHUYAKQV,0
14866993_ERHJXOIL_MYHFUROV_0_18,14866993_ERHJXOIL_MYHFUROV_0,JXBWMMYOUCIK,14866993_ERHJXOIL_MYHFUROV_0_18,14866993_ERHJXOIL_MYHFUROV_0,DRSLLHUYAKQV,0
14866993_ERHJXOIL_MYHFUROV_0_19,14866993_ERHJXOIL_MYHFUROV_0,JXBWMMYOUCIK,14866993_ERHJXOIL_MYHFUROV_0_19,14866993_ERHJXOIL_MYHFUROV_0,DRSLLHUYAKQV,0
14866993_ERHJXOIL_MYHFUROV_0_21,14866993_ERHJXOIL_MYHFUROV_0,JXBWMMYOUCIK,14866993_ERHJXOIL_MYHFUROV_0_21,14866993_ERHJXOIL_MYHFUROV_0,DRSLLHUYAKQV,0
14866993_ERHJXOIL_MYHFUROV_0_22,14866993_ERHJXOIL_MYHFUROV_0,JXBWMMYOUCIK,14866993_ERHJXOIL_MYHFUROV_0_22,14866993_ERHJXOIL_MYHFUROV_0,DRSLLHUYAKQV,0
14866993_ERHJXOIL_MYHFUROV_0_23,14866993_ERHJXOIL_MYHFUROV_0,JXBWMMYOUCIK,14866993_ERHJXOIL_MYHFUROV_0_23,14866993_ERHJXOIL_MYHFUROV_0,DRSLLHUYAKQV,0
14866993_ERHJXOIL_MYHFUROV_0_24,14866993_ERHJXOIL_MYHFUROV_0,JXBWMMYOUCIK,14866993_ERHJXOIL_MYHFUROV_0_24,14866993_ERHJXOIL_MYHFUROV_0,DRSLLHUYAKQV,0
14866993_ERHJXOIL_MYHFUROV_0_25,14866993_ERHJXOIL_MYHFUROV_0,JXBWMMYOUCIK,14866993_ERHJXOIL_MYHFUROV_0_25,14866993_ERHJXOIL_MYHFUROV_0,DRSLLHUYAKQV,0
14866993_ERHJXOIL_MYHFUROV_0_26,14866993_ERHJXOIL_MYHFUROV_0,JXBWMMYOUCIK,14866993_ERHJXOIL_MYHFUROV_0_26,14866993_ERHJXOIL_MYHFUROV_0,DRSLLHUYAKQV,0
14866993_ERHJXOIL_MYHFUROV_0_27,14866993_ERHJXOIL_MYHFUROV_0,JXBWMMYOUCIK,14866993_ERHJXOIL_MYHFUROV_0_27,14866993_ERHJXOIL_MYHFUROV_0,DRSLLHUYAKQV,1
14866993_ERHJXOIL_MYHFUROV_0_28,14866993_ERHJXOIL_MYHFUROV_0,JXBWMMYOUCIK,14866993_ERHJXOIL_MYHFUROV_0_28,14866993_ERHJXOIL_MYHFUROV_0,DRSLLHUYAKQV,0
14866993_ERHJXOIL_MYHFUROV_0_29,14866993_ERHJXOIL_MYHFUROV_0,JXBWMMYOUCIK,14866993_ERHJXOIL_MYHFUROV_0_29,14866993_ERHJXOIL_MYHFUROV_0,DRSLLHUYAKQV,0
14866993_ERHJXOIL_MYHFUROV_0_31,14866993_ERHJXOIL_MYHFUROV_0,JXBWMMYOUCIK,14866993_ERHJXOIL_MYHFUROV_0_31,14866993_ERHJXOIL_MYHFUROV_0,DRSLLHUYAKQV,0
14866993_ERHJXOIL_MYHFUROV_0_32,14866993_ERHJXOIL_MYHFUROV_0,JXBWMMYOUCIK,14866993_ERHJXOIL_MYHFUROV_0_32,14866993_ERHJXOIL_MYHFUROV_0,DRSLLHUYAKQV,0
14866993_ERHJXOIL_MYHFUROV_0_33,14866993_ERHJXOIL_MYHFUROV_0,JXBWMMYOUCIK,14866993_ERHJXOIL_MYHFUROV_0_33,14866993_ERHJXOIL_MYHFUROV_0,DRSLLHUYAKQV,0
14866993_ERHJXOIL_MYHFUROV_0_34,14866993_ERHJXOIL_MYHFUROV_0,JXBWMMYOUCIK,14866993_ERHJXOIL_MYHFUROV_0_34,14866993_ERHJXOIL_MYHFUROV_0,DRSLLHUYAKQV,0
14866993_ERHJXOIL_MYHFUROV_0_36,14866993_ERHJXOIL_MYHFUROV_0,JXBWMMYOUCIK,14866993_ERHJXOIL_MYHFUROV_0_36,14866993_ERHJXOIL_MYHFUROV_0,DRSLLHUYAKQV,0
14866993_ERHJXOIL_MYHFUROV_0_37,14866993_ERHJXOIL_MYHFUROV_0,JXBWMMYOUCIK,14866993_ERHJXOIL_MYHFUROV_0_37,14866993_ERHJXOIL_MYHFUROV_0,DRSLLHUYAKQV,0
14866993_ERHJXOIL_MYHFUROV_0_38,14866993_ERHJXOIL_MYHFUROV_0,JXBWMMYOUCIK,14866993_ERHJXOIL_MYHFUROV_0_38,14866993_ERHJXOIL_MYHFUROV_0,DRSLLHUYAKQV,0
14866993_ERHJXOIL_MYHFUROV_0_40,14866993_ERHJXOIL_MYHFUROV_0,JXBWMMYOUCIK,14866993_ERHJXOIL_MYHFUROV_0_40,14866993_ERHJXOIL_MYHFUROV_0,DRSLLHUYAKQV,0
14866993_ERHJXOIL_MYHFUROV_0_41,14866993_ERHJXOIL_MYHFUROV_0,JXBWMMYOUCIK,14866993_ERHJXOIL_MYHFUROV_0_41,14866993_ERHJXOIL_MYHFUROV_0,DRSLLHUYAKQV,0
14866993_ERHJXOIL_MYHFUROV_0_42,14866993_ERHJXOIL_MYHFUROV_0,JXBWMMYOUCIK,14866993_ERHJXOIL_MYHFUROV_0_42,14866993_ERHJXOIL_MYHFUROV_0,DRSLLHUYAKQV,0
14866993_ERHJXOIL_MYHFUROV_0_44,14866993_ERHJXOIL_MYHFUROV_0,JXBWMMYOUCIK,14866993_ERHJXOIL_MYHFUROV_0_44,14866993_ERHJXOIL_MYHFUROV_0,DRSLLHUYAKQV,0
14866993_ERHJXOIL_MYHFUROV_0_45,14866993_ERHJXOIL_MYHFUROV_0,JXBWMMYOUCIK,14866993_ERHJXOIL_MYHFUROV_0_45,14866993_ERHJXOIL_MYHFUROV_0,DRSLLHUYAKQV,0
14866993_ERHJXOIL_MYHFUROV_0_46,14866993_ERHJXOIL_MYHFUROV_0,JXBWMMYOUCIK,14866993_ERHJXOIL_MYHFUROV_0_46,14866993_ERHJXOIL_MYHFUROV_0,DRSLLHUYAKQV,0
14866993_ERHJXOIL_MYHFUROV_0_47,14866993_ERHJXOIL_MYHFUROV_0,JXBWMMYOUCIK,14866993_ERHJXOIL_MYHFUROV_0_47,14866993_ERHJXOIL_MYHFUROV_0,DRSLLHUYAKQV,0
14866993_ERHJXOIL_MYHFUROV_0_49,14866993_ERHJXOIL_MYHFUROV_0,JXBWMMYOUCIK,14866993_ERHJXOIL_MYHFUROV_0_49,14866993_ERHJXOIL_MYHFUROV_0,DRSLLHUYAKQV,0
14866993_ERHJXOIL_MYHFUROV_0_50,14866993_ERHJXOIL_MYHFUROV_0,JXBWMMYOUCIK,14866993_ERHJXOIL_MYHFUROV_0_50,14866993_ERHJXOIL_MYHFUROV_0,DRSLLHUYAKQV,0
14866993_ERHJXOIL_MYHFUROV_0_51,14866993_ERHJXOIL_MYHFUROV_0,JXBWMMYOUCIK,14866993_ERHJXOIL_MYHFUROV_0_51,14866993_ERHJXOIL_MYHFUROV_0,DRSLLHUYAKQV,0
14866993_ERHJXOIL_MYHFUROV_0_52,14866993_ERHJXOIL_MYHFUROV_0,JXBWMMYOUCIK,14866993_ERHJXOIL_MYHFUROV_0_52,14866993_ERHJXOIL_MYHFUROV_0,DRSLLHUYAKQV,0
14866993_ERHJXOIL_MYHFUROV_0_54,14866993_ERHJXOIL_MYHFUROV_0,JXBWMMYOUCIK,14866993_ERHJXOIL_MYHFUROV_0_54,14866993_ERHJXOIL_MYHFUROV_0,DRSLLHUYAKQV,0
14866993_ERHJXOIL_MYHFUROV_0_55,14866993_ERHJXOIL_MYHFUROV_0,JXBWMMYOUCIK,14866993_ERHJXOIL_MYHFUROV_0_55,14866993_ERHJXOIL_MYHFUROV_0,DRSLLHUYAKQV,0
14866993_ERHJXOIL_MYHFUROV_0_56,14866993_ERHJXOIL_MYHFUROV_0,JXBWMMYOUCIK,14866993_ERHJXOIL_MYHFUROV_0_56,14866993_ERHJXOIL_MYHFUROV_0,DRSLLHUYAKQV,0
14866993_ERHJXOIL_MYHFUROV_0_57,14866993_ERHJXOIL_MYHFUROV_0,JXBWMMYOUCIK,14866993_ERHJXOIL_MYHFUROV_0_57,14866993_ERHJXOIL_MYHFUROV_0,DRSLLHUYAKQV,0
14866993_ERHJXOIL_MYHFUROV_0_59,14866993_ERHJXOIL_MYHFUROV_0,JXBWMMYOUCIK,14866993_ERHJXOIL_MYHFUROV_0_59,14866993_ERHJXOIL_MYHFUROV_0,DRSLLHUYAKQV,1
14866993_ERHJXOIL_MYHFUROV_0_60,14866993_ERHJXOIL_MYHFUROV_0,JXBWMMYOUCIK,14866993_ERHJXOIL_MYHFUROV_0_60,14866993_ERHJXOIL_MYHFUROV_0,DRSLLHUYAKQV,1
14866993_ERHJXOIL_MYHFUROV_0_61,14866993_ERHJXOIL_MYHFUROV_0,JXBWMMYOUCIK,14866993_ERHJXOIL_MYHFUROV_0_61,14866993_ERHJXOIL_MYHFUROV_0,DRSLLHUYAKQV,0
14866993_ERHJXOIL_MYHFUROV_0_62,14866993_ERHJXOIL_MYHFUROV_0,JXBWMMYOUCIK,14866993_ERHJXOIL_MYHFUROV_0_62,14866993_ERHJXOIL_MYHFUROV_0,DRSLLHUYAKQV,0
14866993_ERHJXOIL_MYHFUROV_0_63,14866993_ERHJXOIL_MYHFUROV_0,JXBWMMYOUCIK,14866993_ERHJXOIL_MYHFUROV_0_63,14866993_ERHJXOIL_MYHFUROV_0,DRSLLHUYAKQV,0
14866993_ERHJXOIL_MYHFUROV_0_64,14866993_ERHJXOIL_MYHFUROV_0,JXBWMMYOUCIK,14866993_ERHJXOIL_MYHFUROV_0_64,14866993_ERHJXOIL_MYHFUROV_0,DRSLLHUYAKQV,0
14866993_ERHJXOIL_MYHFUROV_0_65,14866993_ERHJXOIL_MYHFUROV_0,JXBWMMYOUCIK,14866993_ERHJXOIL_MYHFUROV_0_65,14866993_ERHJXOIL_MYHFUROV_0,DRSLLHUYAKQV,0
14866993_ERHJXOIL_MYHFUROV_0_66,14866993_ERHJXOIL_MYHFUROV_0,JXBWMMYOUCIK,14866993_ERHJXOIL_MYHFUROV_0_66,14866993_ERHJXOIL_MYHFUROV_0,DRSLLHUYAKQV,0
14866993_ERHJXOIL_MYHFUROV_0_67,14866993_ERHJXOIL_MYHFUROV_0,JXBWMMYOUCIK,14866993_ERHJXOIL_MYHFUROV_0_67,14866993_ERHJXOIL_MYHFUROV_0,DRSLLHUYAKQV,0
14866993_ERHJXOIL_MYHFUROV_0_68,14866993_ERHJXOIL_MYHFUROV_0,JXBWMMYOUCIK,14866993_ERHJXOIL_MYHFUROV_0_68,14866993_ERHJXOIL_MYHFUROV_0,DRSLLHUYAKQV,0
14866993_ERHJXOIL_MYHFUROV_0_69,14866993_ERHJXOIL_MYHFUROV_0,JXBWMMYOUCIK,14866993_ERHJXOIL_MYHFUROV_0_69,14866993_ERHJXOIL_MYHFUROV_0,DRSLLHUYAKQV,0
14866993_ERHJXOIL_MYHFUROV_0_70,14866993_ERHJXOIL_MYHFUROV_0,JXBWMMYOUCIK,14866993_ERHJXOIL_MYHFUROV_0_70,14866993_ERHJXOIL_MYHFUROV_0,DRSLLHUYAKQV,0
14866993_ERHJXOIL_MYHFUROV_0_71,14866993_ERHJXOIL_MYHFUROV_0,JXBWMMYOUCIK,14866993_ERHJXOIL_MYHFUROV_0_71,14866993_ERHJXOIL_MYHFUROV_0,DRSLLHUYAKQV,0
14866993_ERHJXOIL_MYHFUROV_0_73,14866993_ERHJXOIL_MYHFUROV_0,JXBWMMYOUCIK,14866993_ERHJXOIL_MYHFUROV_0_73,14866993_ERHJXOIL_MYHFUROV_0,DRSLLHUYAKQV,0
14866993_ERHJXOIL_MYHFUROV_0_74,14866993_ERHJXOIL_MYHFUROV_0,JXBWMMYOUCIK,14866993_ERHJXOIL_MYHFUROV_0_74,14866993_ERHJXOIL_MYHFUROV_0,DRSLLHUYAKQV,0
14866993_ERHJXOIL_MYHFUROV_0_75,14866993_ERHJXOIL_MYHFUROV_0,JXBWMMYOUCIK,14866993_ERHJXOIL_MYHFUROV_0_75,14866993_ERHJXOIL_MYHFUROV_0,DRSLLHUYAKQV,0
14866993_ERHJXOIL_MYHFUROV_0_76,14866993_ERHJXOIL_MYHFUROV_0,JXBWMMYOUCIK,14866993_ERHJXOIL_MYHFUROV_0_76,14866993_ERHJXOIL_MYHFUROV_0,DRSLLHUYAKQV,0
14866993_ACGWBSOA_ISUHMPLZ_0_1,14866993_ACGWBSOA_ISUHMPLZ_0,JXBWMMYOUCIK,14866993_ACGWBSOA_ISUHMPLZ_0_1,14866993_ACGWBSOA_ISUHMPLZ_0,DRSLLHUYAKQV,0
14866993_ACGWBSOA_ISUHMPLZ_0_2,14866993_ACGWBSOA_ISUHMPLZ_0,JXBWMMYOUCIK,14866993_ACGWBSOA_ISUHMPLZ_0_2,14866993_ACGWBSOA_ISUHMPLZ_0,DRSLLHUYAKQV,0
14866993_ACGWBSOA_ISUHMPLZ_0_3,14866993_ACGWBSOA_ISUHMPLZ_0,JXBWMMYOUCIK,14866993_ACGWBSOA_ISUHMPLZ_0_3,14866993_ACGWBSOA_ISUHMPLZ_0,DRSLLHUYAKQV,1
14866993_ACGWBSOA_ISUHMPLZ_0_4,14866993_ACGWBSOA_ISUHMPLZ_0,JXBWMMYOUCIK,14866993_ACGWBSOA_ISUHMPLZ_0_4,14866993_ACGWBSOA_ISUHMPLZ_0,DRSLLHUYAKQV,0
14866993_ACGWBSOA_ISUHMPLZ_0_6,14866993_ACGWBSOA_ISUHMPLZ_0,JXBWMMYOUCIK,14866993_ACGWBSOA_ISUHMPLZ_0_6,14866993_ACGWBSOA_ISUHMPLZ_0,DRSLLHUYAKQV,0
14866993_ACGWBSOA_ISUHMPLZ_0_7,14866993_ACGWBSOA_ISUHMPLZ_0,JXBWMMYOUCIK,14866993_ACGWBSOA_ISUHMPLZ_0_7,14866993_ACGWBSOA_ISUHMPLZ_0,DRSLLHUYAKQV,0
14866993_ACGWBSOA_ISUHMPLZ_0_8,14866993_ACGWBSOA_ISUHMPLZ_0,JXBWMMYOUCIK,14866993_ACGWBSOA_ISUHMPLZ_0_8,14866993_ACGWBSOA_ISUHMPLZ_0,DRSLLHUYAKQV,0
14866993_ACGWBSOA_ISUHMPLZ_0_9,14866993_ACGWBSOA_ISUHMPLZ_0,JXBWMMYOUCIK,14866993_ACGWBSOA_ISUHMPLZ_0_9,14866993_ACGWBSOA_ISUHMPLZ_0,DRSLLHUYAKQV,1
14866993_ACGWBSOA_ISUHMPLZ_0_11,14866993_ACGWBSOA_ISUHMPLZ_0,JXBWMMYOUCIK,14866993_ACGWBSOA_ISUHMPLZ_0_11,14866993_ACGWBSOA_ISUHMPLZ_0,DRSLLHUYAKQV,0
14866993_ACGWBSOA_ISUHMPLZ_0_12,14866993_ACGWBSOA_ISUHMPLZ_0,JXBWMMYOUCIK,14866993_ACGWBSOA_ISUHMPLZ_0_12,14866993_ACGWBSOA_ISUHMPLZ_0,DRSLLHUYAKQV,1
14866993_ACGWBSOA_ISUHMPLZ_0_13,14866993_ACGWBSOA_ISUHMPLZ_0,JXBWMMYOUCIK,14866993_ACGWBSOA_ISUHMPLZ_0_13,14866993_ACGWBSOA_ISUHMPLZ_0,DRSLLHUYAKQV,1
14866993_ACGWBSOA_ISUHMPLZ_0_14,14866993_ACGWBSOA_ISUHMPLZ_0,JXBWMMYOUCIK,14866993_ACGWBSOA_ISUHMPLZ_0_14,14866993_ACGWBSOA_ISUHMPLZ_0,DRSLLHUYAKQV,1
14866993_ACGWBSOA_ISUHMPLZ_0_15,14866993_ACGWBSOA_ISUHMPLZ_0,JXBWMMYOUCIK,14866993_ACGWBSOA_ISUHMPLZ_0_15,14866993_ACGWBSOA_ISUHMPLZ_0,DRSLLHUYAKQV,0
58777643_DATFQLJO_MYHFUROV_0_0,58777643_DATFQLJO_MYHFUROV_0,BKWXOKMTVCCX,58777643_DATFQLJO_MYHFUROV_0_0,58777643_DATFQLJO_MYHFUROV_0,JDYHOIIWXZDD,1
58777643_DATFQLJO_MYHFUROV_0_1,58777643_DATFQLJO_MYHFUROV_0,BKWXOKMTVCCX,58777643_DATFQLJO_MYHFUROV_0_1,58777643_DATFQLJO_MYHFUROV_0,JDYHOIIWXZDD,0
58777643_DATFQLJO_MYHFUROV_0_2,58777643_DATFQLJO_MYHFUROV_0,BKWXOKMTVCCX,58777643_DATFQLJO_MYHFUROV_0_2,58777643_DATFQLJO_MYHFUROV_0,JDYHOIIWXZDD,0
58777643_DATFQLJO_MYHFUROV_0_3,58777643_DATFQLJO_MYHFUROV_0,BKWXOKMTVCCX,58777643_DATFQLJO_MYHFUROV_0_3,58777643_DATFQLJO_MYHFUROV_0,JDYHOIIWXZDD,0
58777643_DATFQLJO_MYHFUROV_0_4,58777643_DATFQLJO_MYHFUROV_0,BKWXOKMTVCCX,58777643_DATFQLJO_MYHFUROV_0_4,58777643_DATFQLJO_MYHFUROV_0,JDYHOIIWXZDD,0
58777643_DATFQLJO_MYHFUROV_0_5,58777643_DATFQLJO_MYHFUROV_0,BKWXOKMTVCCX,58777643_DATFQLJO_MYHFUROV_0_5,58777643_DATFQLJO_MYHFUROV_0,JDYHOIIWXZDD,0
58777643_DATFQLJO_MYHFUROV_0_6,58777643_DATFQLJO_MYHFUROV_0,BKWXOKMTVCCX,58777643_DATFQLJO_MYHFUROV_0_6,58777643_DATFQLJO_MYHFUROV_0,JDYHOIIWXZDD,1
58777643_DATFQLJO_MYHFUROV_0_7,58777643_DATFQLJO_MYHFUROV_0,BKWXOKMTVCCX,58777643_DATFQLJO_MYHFUROV_0_7,58777643_DATFQLJO_MYHFUROV_0,JDYHOIIWXZDD,0
58777643_DATFQLJO_MYHFUROV_0_8,58777643_DATFQLJO_MYHFUROV_0,BKWXOKMTVCCX,58777643_DATFQLJO_MYHFUROV_0_8,58777643_DATFQLJO_MYHFUROV_0,JDYHOIIWXZDD,0
58777643_DATFQLJO_MYHFUROV_0_9,58777643_DATFQLJO_MYHFUROV_0,BKWXOKMTVCCX,58777643_DATFQLJO_MYHFUROV_0_9,58777643_DATFQLJO_MYHFUROV_0,JDYHOIIWXZDD,0
58777643_DATFQLJO_MYHFUROV_0_10,58777643_DATFQLJO_MYHFUROV_0,BKWXOKMTVCCX,58777643_DATFQLJO_MYHFUROV_0_10,58777643_DATFQLJO_MYHFUROV_0,JDYHOIIWXZDD,1
58777643_DATFQLJO_MYHFUROV_0_11,58777643_DATFQLJO_MYHFUROV_0,BKWXOKMTVCCX,58777643_DATFQLJO_MYHFUROV_0_11,58777643_DATFQLJO_MYHFUROV_0,JDYHOIIWXZDD,1
58777643_DATFQLJO_MYHFUROV_0_12,58777643_DATFQLJO_MYHFUROV_0,BKWXOKMTVCCX,58777643_DATFQLJO_MYHFUROV_0_12,58777643_DATFQLJO_MYHFUROV_0,JDYHOIIWXZDD,1
58777643_DATFQLJO_MYHFUROV_0_13,58777643_DATFQLJO_MYHFUROV_0,BKWXOKMTVCCX,58777643_DATFQLJO_MYHFUROV_0_13,58777643_DATFQLJO_MYHFUROV_0,JDYHOIIWXZDD,0
58777643_DATFQLJO_MYHFUROV_0_14,58777643_DATFQLJO_MYHFUROV_0,BKWXOKMTVCCX,58777643_DATFQLJO_MYHFUROV_0_14,58777643_DATFQLJO_MYHFUROV_0,JDYHOIIWXZDD,0
58777643_DATFQLJO_MYHFUROV_0_15,58777643_DATFQLJO_MYHFUROV_0,BKWXOKMTVCCX,58777643_DATFQLJO_MYHFUROV_0_15,58777643_DATFQLJO_MYHFUROV_0,JDYHOIIWXZDD,0
58777643_DATFQLJO_MYHFUROV_0_16,58777643_DATFQLJO_MYHFUROV_0,BKWXOKMTVCCX,58777643_DATFQLJO_MYHFUROV_0_16,58777643_DATFQLJO_MYHFUROV_0,JDYHOIIWXZDD,0
58777643_DATFQLJO_MYHFUROV_0_17,58777643_DATFQLJO_MYHFUROV_0,BKWXOKMTVCCX,58777643_DATFQLJO_MYHFUROV_0_17,58777643_DATFQLJO_MYHFUROV_0,JDYHOIIWXZDD,0
58777643_DATFQLJO_MYHFUROV_0_18,58777643_DATFQLJO_MYHFUROV_0,BKWXOKMTVCCX,58777643_DATFQLJO_MYHFUROV_0_18,58777643_DATFQLJO_MYHFUROV_0,JDYHOIIWXZDD,0
58777643_DATFQLJO_MYHFUROV_0_19,58777643_DATFQLJO_MYHFUROV_0,BKWXOKMTVCCX,58777643_DATFQLJO_MYHFUROV_0_19,58777643_DATFQLJO_MYHFUROV_0,JDYHOIIWXZDD,1
58777643_DATFQLJO_MYHFUROV_0_20,58777643_DATFQLJO_MYHFUROV_0,BKWXOKMTVCCX,58777643_DATFQLJO_MYHFUROV_0_20,58777643_DATFQLJO_MYHFUROV_0,JDYHOIIWXZDD,0
58777643_DATFQLJO_MYHFUROV_0_21,58777643_DATFQLJO_MYHFUROV_0,BKWXOKMTVCCX,58777643_DATFQLJO_MYHFUROV_0_21,58777643_DATFQLJO_MYHFUROV_0,JDYHOIIWXZDD,1
58777643_DATFQLJO_MYHFUROV_0_22,58777643_DATFQLJO_MYHFUROV_0,BKWXOKMTVCCX,58777643_DATFQLJO_MYHFUROV_0_22,58777643_DATFQLJO_MYHFUROV_0,JDYHOIIWXZDD,0
58777643_DATFQLJO_MYHFUROV_0_23,58777643_DATFQLJO_MYHFUROV_0,BKWXOKMTVCCX,58777643_DATFQLJO_MYHFUROV_0_23,58777643_DATFQLJO_MYHFUROV_0,JDYHOIIWXZDD,0
58777643_DATFQLJO_MYHFUROV_0_24,58777643_DATFQLJO_MYHFUROV_0,BKWXOKMTVCCX,58777643_DATFQLJO_MYHFUROV_0_24,58777643_DATFQLJO_MYHFUROV_0,JDYHOIIWXZDD,0
58777643_DATFQLJO_MYHFUROV_0_25,58777643_DATFQLJO_MYHFUROV_0,BKWXOKMTVCCX,58777643_DATFQLJO_MYHFUROV_0_25,58777643_DATFQLJO_MYHFUROV_0,JDYHOIIWXZDD,0
58777643_DATFQLJO_MYHFUROV_0_26,58777643_DATFQLJO_MYHFUROV_0,BKWXOKMTVCCX,58777643_DATFQLJO_MYHFUROV_0_26,58777643_DATFQLJO_MYHFUROV_0,JDYHOIIWXZDD,0
58777643_DATFQLJO_MYHFUROV_0_27,58777643_DATFQLJO_MYHFUROV_0,BKWXOKMTVCCX,58777643_DATFQLJO_MYHFUROV_0_27,58777643_DATFQLJO_MYHFUROV_0,JDYHOIIWXZDD,0
58777643_DATFQLJO_MYHFUROV_0_28,58777643_DATFQLJO_MYHFUROV_0,BKWXOKMTVCCX,58777643_DATFQLJO_MYHFUROV_0_28,58777643_DATFQLJO_MYHFUROV_0,JDYHOIIWXZDD,0
58777643_DATFQLJO_MYHFUROV_0_29,58777643_DATFQLJO_MYHFUROV_0,BKWXOKMTVCCX,58777643_DATFQLJO_MYHFUROV_0_29,58777643_DATFQLJO_MYHFUROV_0,JDYHOIIWXZDD,1
58777643_DATFQLJO_MYHFUROV_0_30,58777643_DATFQLJO_MYHFUROV_0,BKWXOKMTVCCX,58777643_DATFQLJO_MYHFUROV_0_30,58777643_DATFQLJO_MYHFUROV_0,JDYHOIIWXZDD,0
58777643_DATFQLJO_MYHFUROV_0_32,58777643_DATFQLJO_MYHFUROV_0,BKWXOKMTVCCX,58777643_DATFQLJO_MYHFUROV_0_32,58777643_DATFQLJO_MYHFUROV_0,JDYHOIIWXZDD,0
58777643_DATFQLJO_MYHFUROV_0_33,58777643_DATFQLJO_MYHFUROV_0,BKWXOKMTVCCX,58777643_DATFQLJO_MYHFUROV_0_33,58777643_DATFQLJO_MYHFUROV_0,JDYHOIIWXZDD,0
58777643_DATFQLJO_MYHFUROV_0_34,58777643_DATFQLJO_MYHFUROV_0,BKWXOKMTVCCX,58777643_DATFQLJO_MYHFUROV_0_34,58777643_DATFQLJO_MYHFUROV_0,JDYHOIIWXZDD,0
58777643_DATFQLJO_MYHFUROV_0_35,58777643_DATFQLJO_MYHFUROV_0,BKWXOKMTVCCX,58777643_DATFQLJO_MYHFUROV_0_35,58777643_DATFQLJO_MYHFUROV_0,JDYHOIIWXZDD,0
58777643_DATFQLJO_MYHFUROV_0_37,58777643_DATFQLJO_MYHFUROV_0,BKWXOKMTVCCX,58777643_DATFQLJO_MYHFUROV_0_37,58777643_DATFQLJO_MYHFUROV_0,JDYHOIIWXZDD,0
58777643_DATFQLJO_MYHFUROV_0_38,58777643_DATFQLJO_MYHFUROV_0,BKWXOKMTVCCX,58777643_DATFQLJO_MYHFUROV_0_38,58777643_DATFQLJO_MYHFUROV_0,JDYHOIIWXZDD,0
58777643_DATFQLJO_MYHFUROV_0_39,58777643_DATFQLJO_MYHFUROV_0,BKWXOKMTVCCX,58777643_DATFQLJO_MYHFUROV_0_39,58777643_DATFQLJO_MYHFUROV_0,JDYHOIIWXZDD,0
58777643_DATFQLJO_MYHFUROV_0_40,58777643_DATFQLJO_MYHFUROV_0,BKWXOKMTVCCX,58777643_DATFQLJO_MYHFUROV_0_40,58777643_DATFQLJO_MYHFUROV_0,JDYHOIIWXZDD,0
58777643_DATFQLJO_MYHFUROV_0_41,58777643_DATFQLJO_MYHFUROV_0,BKWXOKMTVCCX,58777643_DATFQLJO_MYHFUROV_0_41,58777643_DATFQLJO_MYHFUROV_0,JDYHOIIWXZDD,0
58777643_DATFQLJO_MYHFUROV_0_42,58777643_DATFQLJO_MYHFUROV_0,BKWXOKMTVCCX,58777643_DATFQLJO_MYHFUROV_0_42,58777643_DATFQLJO_MYHFUROV_0,JDYHOIIWXZDD,0
58777643_DATFQLJO_MYHFUROV_0_43,58777643_DATFQLJO_MYHFUROV_0,BKWXOKMTVCCX,58777643_DATFQLJO_MYHFUROV_0_43,58777643_DATFQLJO_MYHFUROV_0,JDYHOIIWXZDD,0
58777643_DATFQLJO_MYHFUROV_0_44,58777643_DATFQLJO_MYHFUROV_0,BKWXOKMTVCCX,58777643_DATFQLJO_MYHFUROV_0_44,58777643_DATFQLJO_MYHFUROV_0,JDYHOIIWXZDD,0
58777643_DATFQLJO_MYHFUROV_0_45,58777643_DATFQLJO_MYHFUROV_0,BKWXOKMTVCCX,58777643_DATFQLJO_MYHFUROV_0_45,58777643_DATFQLJO_MYHFUROV_0,JDYHOIIWXZDD,0
58777643_DATFQLJO_MYHFUROV_0_46,58777643_DATFQLJO_MYHFUROV_0,BKWXOKMTVCCX,58777643_DATFQLJO_MYHFUROV_0_46,58777643_DATFQLJO_MYHFUROV_0,JDYHOIIWXZDD,0
58777643_DATFQLJO_MYHFUROV_0_48,58777643_DATFQLJO_MYHFUROV_0,BKWXOKMTVCCX,58777643_DATFQLJO_MYHFUROV_0_48,58777643_DATFQLJO_MYHFUROV_0,JDYHOIIWXZDD,0
58777643_DATFQLJO_MYHFUROV_0_49,58777643_DATFQLJO_MYHFUROV_0,BKWXOKMTVCCX,58777643_DATFQLJO_MYHFUROV_0_49,58777643_DATFQLJO_MYHFUROV_0,JDYHOIIWXZDD,0
58777643_DATFQLJO_MYHFUROV_0_50,58777643_DATFQLJO_MYHFUROV_0,BKWXOKMTVCCX,58777643_DATFQLJO_MYHFUROV_0_50,58777643_DATFQLJO_MYHFUROV_0,JDYHOIIWXZDD,0
58777643_DATFQLJO_MYHFUROV_0_51,58777643_DATFQLJO_MYHFUROV_0,BKWXOKMTVCCX,58777643_DATFQLJO_MYHFUROV_0_51,58777643_DATFQLJO_MYHFUROV_0,JDYHOIIWXZDD,0
58777643_DATFQLJO_MYHFUROV_0_52,58777643_DATFQLJO_MYHFUROV_0,BKWXOKMTVCCX,58777643_DATFQLJO_MYHFUROV_0_52,58777643_DATFQLJO_MYHFUROV_0,JDYHOIIWXZDD,0
58777643_DATFQLJO_MYHFUROV_0_53,58777643_DATFQLJO_MYHFUROV_0,BKWXOKMTVCCX,58777643_DATFQLJO_MYHFUROV_0_53,58777643_DATFQLJO_MYHFUROV_0,JDYHOIIWXZDD,0
58777643_DATFQLJO_MYHFUROV_0_54,58777643_DATFQLJO_MYHFUROV_0,BKWXOKMTVCCX,58777643_DATFQLJO_MYHFUROV_0_54,58777643_DATFQLJO_MYHFUROV_0,JDYHOIIWXZDD,0
58777643_DATFQLJO_MYHFUROV_0_55,58777643_DATFQLJO_MYHFUROV_0,BKWXOKMTVCCX,58777643_DATFQLJO_MYHFUROV_0_55,58777643_DATFQLJO_MYHFUROV_0,JDYHOIIWXZDD,0
58777643_DATFQLJO_MYHFUROV_0_56,58777643_DATFQLJO_MYHFUROV_0,BKWXOKMTVCCX,58777643_DATFQLJO_MYHFUROV_0_56,58777643_DATFQLJO_MYHFUROV_0,JDYHOIIWXZDD,1
58777643_DATFQLJO_MYHFUROV_0_57,58777643_DATFQLJO_MYHFUROV_0,BKWXOKMTVCCX,58777643_DATFQLJO_MYHFUROV_0_57,58777643_DATFQLJO_MYHFUROV_0,JDYHOIIWXZDD,0
58777643_DATFQLJO_MYHFUROV_0_58,58777643_DATFQLJO_MYHFUROV_0,BKWXOKMTVCCX,58777643_DATFQLJO_MYHFUROV_0_58,58777643_DATFQLJO_MYHFUROV_0,JDYHOIIWXZDD,0
58777643_DATFQLJO_MYHFUROV_0_59,58777643_DATFQLJO_MYHFUROV_0,BKWXOKMTVCCX,58777643_DATFQLJO_MYHFUROV_0_59,58777643_DATFQLJO_MYHFUROV_0,JDYHOIIWXZDD,0
58777643_DATFQLJO_MYHFUROV_0_60,58777643_DATFQLJO_MYHFUROV_0,BKWXOKMTVCCX,58777643_DATFQLJO_MYHFUROV_0_60,58777643_DATFQLJO_MYHFUROV_0,JDYHOIIWXZDD,0
58777643_DATFQLJO_MYHFUROV_0_61,58777643_DATFQLJO_MYHFUROV_0,BKWXOKMTVCCX,58777643_DATFQLJO_MYHFUROV_0_61,58777643_DATFQLJO_MYHFUROV_0,JDYHOIIWXZDD,0
58777643_DATFQLJO_MYHFUROV_0_62,58777643_DATFQLJO_MYHFUROV_0,BKWXOKMTVCCX,58777643_DATFQLJO_MYHFUROV_0_62,58777643_DATFQLJO_MYHFUROV_0,JDYHOIIWXZDD,0
58777643_DATFQLJO_MYHFUROV_0_63,58777643_DATFQLJO_MYHFUROV_0,BKWXOKMTVCCX,58777643_DATFQLJO_MYHFUROV_0_63,58777643_DATFQLJO_MYHFUROV_0,JDYHOIIWXZDD,0
58777643_DATFQLJO_MYHFUROV_0_65,58777643_DATFQLJO_MYHFUROV_0,BKWXOKMTVCCX,58777643_DATFQLJO_MYHFUROV_0_65,58777643_DATFQLJO_MYHFUROV_0,JDYHOIIWXZDD,0
58777643_DATFQLJO_MYHFUROV_0_66,58777643_DATFQLJO_MYHFUROV_0,BKWXOKMTVCCX,58777643_DATFQLJO_MYHFUROV_0_66,58777643_DATFQLJO_MYHFUROV_0,JDYHOIIWXZDD,0
58777643_DATFQLJO_MYHFUROV_0_67,58777643_DATFQLJO_MYHFUROV_0,BKWXOKMTVCCX,58777643_DATFQLJO_MYHFUROV_0_67,58777643_DATFQLJO_MYHFUROV_0,JDYHOIIWXZDD,0
58777643_DATFQLJO_MYHFUROV_0_68,58777643_DATFQLJO_MYHFUROV_0,BKWXOKMTVCCX,58777643_DATFQLJO_MYHFUROV_0_68,58777643_DATFQLJO_MYHFUROV_0,JDYHOIIWXZDD,0
58777643_DATFQLJO_MYHFUROV_0_69,58777643_DATFQLJO_MYHFUROV_0,BKWXOKMTVCCX,58777643_DATFQLJO_MYHFUROV_0_69,58777643_DATFQLJO_MYHFUROV_0,JDYHOIIWXZDD,0
58777643_DATFQLJO_MYHFUROV_0_70,58777643_DATFQLJO_MYHFUROV_0,BKWXOKMTVCCX,58777643_DATFQLJO_MYHFUROV_0_70,58777643_DATFQLJO_MYHFUROV_0,JDYHOIIWXZDD,0
58777643_DATFQLJO_MYHFUROV_0_71,58777643_DATFQLJO_MYHFUROV_0,BKWXOKMTVCCX,58777643_DATFQLJO_MYHFUROV_0_71,58777643_DATFQLJO_MYHFUROV_0,JDYHOIIWXZDD,0
58777643_DATFQLJO_MYHFUROV_0_72,58777643_DATFQLJO_MYHFUROV_0,BKWXOKMTVCCX,58777643_DATFQLJO_MYHFUROV_0_72,58777643_DATFQLJO_MYHFUROV_0,JDYHOIIWXZDD,0
58777643_DATFQLJO_MYHFUROV_0_73,58777643_DATFQLJO_MYHFUROV_0,BKWXOKMTVCCX,58777643_DATFQLJO_MYHFUROV_0_73,58777643_DATFQLJO_MYHFUROV_0,JDYHOIIWXZDD,0
58777643_DATFQLJO_MYHFUROV_0_74,58777643_DATFQLJO_MYHFUROV_0,BKWXOKMTVCCX,58777643_DATFQLJO_MYHFUROV_0_74,58777643_DATFQLJO_MYHFUROV_0,JDYHOIIWXZDD,0
58777643_DATFQLJO_MYHFUROV_0_75,58777643_DATFQLJO_MYHFUROV_0,BKWXOKMTVCCX,58777643_DATFQLJO_MYHFUROV_0_75,58777643_DATFQLJO_MYHFUROV_0,JDYHOIIWXZDD,0
58777643_DATFQLJO_MYHFUROV_0_76,58777643_DATFQLJO_MYHFUROV_0,BKWXOKMTVCCX,58777643_DATFQLJO_MYHFUROV_0_76,58777643_DATFQLJO_MYHFUROV_0,JDYHOIIWXZDD,0
58777643_DATFQLJO_MYHFUROV_0_77,58777643_DATFQLJO_MYHFUROV_0,BKWXOKMTVCCX,58777643_DATFQLJO_MYHFUROV_0_77,58777643_DATFQLJO_MYHFUROV_0,JDYHOIIWXZDD,0
58777643_DATFQLJO_MYHFUROV_0_78,58777643_DATFQLJO_MYHFUROV_0,BKWXOKMTVCCX,58777643_DATFQLJO_MYHFUROV_0_78,58777643_DATFQLJO_MYHFUROV_0,JDYHOIIWXZDD,1
58777643_DATFQLJO_MYHFUROV_0_79,58777643_DATFQLJO_MYHFUROV_0,BKWXOKMTVCCX,58777643_DATFQLJO_MYHFUROV_0_79,58777643_DATFQLJO_MYHFUROV_0,JDYHOIIWXZDD,0
58777643_DATFQLJO_MYHFUROV_0_80,58777643_DATFQLJO_MYHFUROV_0,BKWXOKMTVCCX,58777643_DATFQLJO_MYHFUROV_0_80,58777643_DATFQLJO_MYHFUROV_0,JDYHOIIWXZDD,0
58777643_DATFQLJO_MYHFUROV_0_81,58777643_DATFQLJO_MYHFUROV_0,BKWXOKMTVCCX,58777643_DATFQLJO_MYHFUROV_0_81,58777643_DATFQLJO_MYHFUROV_0,JDYHOIIWXZDD,0
58777643_DATFQLJO_MYHFUROV_0_82,58777643_DATFQLJO_MYHFUROV_0,BKWXOKMTVCCX,58777643_DATFQLJO_MYHFUROV_0_82,58777643_DATFQLJO_MYHFUROV_0,JDYHOIIWXZDD,0
58777643_DATFQLJO_MYHFUROV_0_83,58777643_DATFQLJO_MYHFUROV_0,BKWXOKMTVCCX,58777643_DATFQLJO_MYHFUROV_0_83,58777643_DATFQLJO_MYHFUROV_0,JDYHOIIWXZDD,0
58777643_DATFQLJO_MYHFUROV_0_84,58777643_DATFQLJO_MYHFUROV_0,BKWXOKMTVCCX,58777643_DATFQLJO_MYHFUROV_0_84,58777643_DATFQLJO_MYHFUROV_0,JDYHOIIWXZDD,0
58777643_DATFQLJO_MYHFUROV_0_85,58777643_DATFQLJO_MYHFUROV_0,BKWXOKMTVCCX,58777643_DATFQLJO_MYHFUROV_0_85,58777643_DATFQLJO_MYHFUROV_0,JDYHOIIWXZDD,0
58777643_DATFQLJO_MYHFUROV_0_86,58777643_DATFQLJO_MYHFUROV_0,BKWXOKMTVCCX,58777643_DATFQLJO_MYHFUROV_0_86,58777643_DATFQLJO_MYHFUROV_0,JDYHOIIWXZDD,0
58777643_DATFQLJO_MYHFUROV_0_87,58777643_DATFQLJO_MYHFUROV_0,BKWXOKMTVCCX,58777643_DATFQLJO_MYHFUROV_0_87,58777643_DATFQLJO_MYHFUROV_0,JDYHOIIWXZDD,1
58777643_DATFQLJO_MYHFUROV_0_88,58777643_DATFQLJO_MYHFUROV_0,BKWXOKMTVCCX,58777643_DATFQLJO_MYHFUROV_0_88,58777643_DATFQLJO_MYHFUROV_0,JDYHOIIWXZDD,0
58777643_DATFQLJO_MYHFUROV_0_89,58777643_DATFQLJO_MYHFUROV_0,BKWXOKMTVCCX,58777643_DATFQLJO_MYHFUROV_0_89,58777643_DATFQLJO_MYHFUROV_0,JDYHOIIWXZDD,0
58777643_DATFQLJO_MYHFUROV_0_90,58777643_DATFQLJO_MYHFUROV_0,BKWXOKMTVCCX,58777643_DATFQLJO_MYHFUROV_0_90,58777643_DATFQLJO_MYHFUROV_0,JDYHOIIWXZDD,0
58777643_DATFQLJO_MYHFUROV_0_91,58777643_DATFQLJO_MYHFUROV_0,BKWXOKMTVCCX,58777643_DATFQLJO_MYHFUROV_0_91,58777643_DATFQLJO_MYHFUROV_0,JDYHOIIWXZDD,0
58777643_DATFQLJO_MYHFUROV_0_92,58777643_DATFQLJO_MYHFUROV_0,BKWXOKMTVCCX,58777643_DATFQLJO_MYHFUROV_0_92,58777643_DATFQLJO_MYHFUROV_0,JDYHOIIWXZDD,1
58777643_DATFQLJO_MYHFUROV_0_93,58777643_DATFQLJO_MYHFUROV_0,BKWXOKMTVCCX,58777643_DATFQLJO_MYHFUROV_0_93,58777643_DATFQLJO_MYHFUROV_0,JDYHOIIWXZDD,0
58777643_DATFQLJO_MYHFUROV_0_94,58777643_DATFQLJO_MYHFUROV_0,BKWXOKMTVCCX,58777643_DATFQLJO_MYHFUROV_0_94,58777643_DATFQLJO_MYHFUROV_0,JDYHOIIWXZDD,0
58777643_DATFQLJO_MYHFUROV_0_95,58777643_DATFQLJO_MYHFUROV_0,BKWXOKMTVCCX,58777643_DATFQLJO_MYHFUROV_0_95,58777643_DATFQLJO_MYHFUROV_0,JDYHOIIWXZDD,1
58777643_DATFQLJO_MYHFUROV_0_96,58777643_DATFQLJO_MYHFUROV_0,BKWXOKMTVCCX,58777643_DATFQLJO_MYHFUROV_0_96,58777643_DATFQLJO_MYHFUROV_0,JDYHOIIWXZDD,0
58777643_DATFQLJO_MYHFUROV_0_97,58777643_DATFQLJO_MYHFUROV_0,BKWXOKMTVCCX,58777643_DATFQLJO_MYHFUROV_0_97,58777643_DATFQLJO_MYHFUROV_0,JDYHOIIWXZDD,0
58777643_DATFQLJO_MYHFUROV_0_98,58777643_DATFQLJO_MYHFUROV_0,BKWXOKMTVCCX,58777643_DATFQLJO_MYHFUROV_0_98,58777643_DATFQLJO_MYHFUROV_0,JDYHOIIWXZDD,0
58777643_DATFQLJO_MYHFUROV_0_99,58777643_DATFQLJO_MYHFUROV_0,BKWXOKMTVCCX,58777643_DATFQLJO_MYHFUROV_0_99,58777643_DATFQLJO_MYHFUROV_0,JDYHOIIWXZDD,0
58777643_DATFQLJO_MYHFUROV_0_100,58777643_DATFQLJO_MYHFUROV_0,BKWXOKMTVCCX,58777643_DATFQLJO_MYHFUROV_0_100,58777643_DATFQLJO_MYHFUROV_0,JDYHOIIWXZDD,0
58777643_DATFQLJO_MYHFUROV_0_101,58777643_DATFQLJO_MYHFUROV_0,BKWXOKMTVCCX,58777643_DATFQLJO_MYHFUROV_0_101,58777643_DATFQLJO_MYHFUROV_0,JDYHOIIWXZDD,0
58777643_DATFQLJO_MYHFUROV_0_102,58777643_DATFQLJO_MYHFUROV_0,BKWXOKMTVCCX,58777643_DATFQLJO_MYHFUROV_0_102,58777643_DATFQLJO_MYHFUROV_0,JDYHOIIWXZDD,0
58777643_DATFQLJO_MYHFUROV_0_103,58777643_DATFQLJO_MYHFUROV_0,BKWXOKMTVCCX,58777643_DATFQLJO_MYHFUROV_0_103,58777643_DATFQLJO_MYHFUROV_0,JDYHOIIWXZDD,0
58777643_DATFQLJO_MYHFUROV_0_104,58777643_DATFQLJO_MYHFUROV_0,BKWXOKMTVCCX,58777643_DATFQLJO_MYHFUROV_0_104,58777643_DATFQLJO_MYHFUROV_0,JDYHOIIWXZDD,0
58777643_DATFQLJO_MYHFUROV_0_105,58777643_DATFQLJO_MYHFUROV_0,BKWXOKMTVCCX,58777643_DATFQLJO_MYHFUROV_0_105,58777643_DATFQLJO_MYHFUROV_0,JDYHOIIWXZDD,0
58777643_DATFQLJO_MYHFUROV_0_106,58777643_DATFQLJO_MYHFUROV_0,BKWXOKMTVCCX,58777643_DATFQLJO_MYHFUROV_0_106,58777643_DATFQLJO_MYHFUROV_0,JDYHOIIWXZDD,0
58777643_DATFQLJO_MYHFUROV_0_107,58777643_DATFQLJO_MYHFUROV_0,BKWXOKMTVCCX,58777643_DATFQLJO_MYHFUROV_0_107,58777643_DATFQLJO_MYHFUROV_0,JDYHOIIWXZDD,0
58777643_DATFQLJO_MYHFUROV_0_108,58777643_DATFQLJO_MYHFUROV_0,BKWXOKMTVCCX,58777643_DATFQLJO_MYHFUROV_0_108,58777643_DATFQLJO_MYHFUROV_0,JDYHOIIWXZDD,0
58777643_DATFQLJO_MYHFUROV_0_109,58777643_DATFQLJO_MYHFUROV_0,BKWXOKMTVCCX,58777643_DATFQLJO_MYHFUROV_0_109,58777643_DATFQLJO_MYHFUROV_0,JDYHOIIWXZDD,0
58777643_DATFQLJO_MYHFUROV_0_110,58777643_DATFQLJO_MYHFUROV_0,BKWXOKMTVCCX,58777643_DATFQLJO_MYHFUROV_0_110,58777643_DATFQLJO_MYHFUROV_0,JDYHOIIWXZDD,0
58777643_DATFQLJO_MYHFUROV_0_111,58777643_DATFQLJO_MYHFUROV_0,BKWXOKMTVCCX,58777643_DATFQLJO_MYHFUROV_0_111,58777643_DATFQLJO_MYHFUROV_0,JDYHOIIWXZDD,1
58777643_DATFQLJO_MYHFUROV_0_112,58777643_DATFQLJO_MYHFUROV_0,BKWXOKMTVCCX,58777643_DATFQLJO_MYHFUROV_0_112,58777643_DATFQLJO_MYHFUROV_0,JDYHOIIWXZDD,1
58777643_DATFQLJO_MYHFUROV_0_113,58777643_DATFQLJO_MYHFUROV_0,BKWXOKMTVCCX,58777643_DATFQLJO_MYHFUROV_0_113,58777643_DATFQLJO_MYHFUROV_0,JDYHOIIWXZDD,0
58777643_DATFQLJO_MYHFUROV_0_114,58777643_DATFQLJO_MYHFUROV_0,BKWXOKMTVCCX,58777643_DATFQLJO_MYHFUROV_0_114,58777643_DATFQLJO_MYHFUROV_0,JDYHOIIWXZDD,0
58777643_DATFQLJO_MYHFUROV_0_115,58777643_DATFQLJO_MYHFUROV_0,BKWXOKMTVCCX,58777643_DATFQLJO_MYHFUROV_0_115,58777643_DATFQLJO_MYHFUROV_0,JDYHOIIWXZDD,0
58777643_DATFQLJO_MYHFUROV_0_116,58777643_DATFQLJO_MYHFUROV_0,BKWXOKMTVCCX,58777643_DATFQLJO_MYHFUROV_0_116,58777643_DATFQLJO_MYHFUROV_0,JDYHOIIWXZDD,0
58777643_DATFQLJO_MYHFUROV_0_117,58777643_DATFQLJO_MYHFUROV_0,BKWXOKMTVCCX,58777643_DATFQLJO_MYHFUROV_0_117,58777643_DATFQLJO_MYHFUROV_0,JDYHOIIWXZDD,0
58777643_MYHFUROV_ANJWABCD_0_0,58777643_MYHFUROV_ANJWABCD_0,BKWXOKMTVCCX,58777643_MYHFUROV_ANJWABCD_0_0,58777643_MYHFUROV_ANJWABCD_0,JDYHOIIWXZDD,0
58777643_MYHFUROV_ANJWABCD_0_1,58777643_MYHFUROV_ANJWABCD_0,BKWXOKMTVCCX,58777643_MYHFUROV_ANJWABCD_0_1,58777643_MYHFUROV_ANJWABCD_0,JDYHOIIWXZDD,0
58777643_MYHFUROV_ANJWABCD_0_2,58777643_MYHFUROV_ANJWABCD_0,BKWXOKMTVCCX,58777643_MYHFUROV_ANJWABCD_0_2,58777643_MYHFUROV_ANJWABCD_0,JDYHOIIWXZDD,0
58777643_MYHFUROV_ANJWABCD_0_3,58777643_MYHFUROV_ANJWABCD_0,BKWXOKMTVCCX,58777643_MYHFUROV_ANJWABCD_0_3,58777643_MYHFUROV_ANJWABCD_0,JDYHOIIWXZDD,0
58777643_MYHFUROV_ANJWABCD_0_4,58777643_MYHFUROV_ANJWABCD_0,BKWXOKMTVCCX,58777643_MYHFUROV_ANJWABCD_0_4,58777643_MYHFUROV_ANJWABCD_0,JDYHOIIWXZDD,0
58777643_MYHFUROV_ANJWABCD_0_5,58777643_MYHFUROV_ANJWABCD_0,BKWXOKMTVCCX,58777643_MYHFUROV_ANJWABCD_0_5,58777643_MYHFUROV_ANJWABCD_0,JDYHOIIWXZDD,0
58777643_MYHFUROV_ANJWABCD_0_6,58777643_MYHFUROV_ANJWABCD_0,BKWXOKMTVCCX,58777643_MYHFUROV_ANJWABCD_0_6,58777643_MYHFUROV_ANJWABCD_0,JDYHOIIWXZDD,0
58777643_MYHFUROV_ANJWABCD_0_7,58777643_MYHFUROV_ANJWABCD_0,BKWXOKMTVCCX,58777643_MYHFUROV_ANJWABCD_0_7,58777643_MYHFUROV_ANJWABCD_0,JDYHOIIWXZDD,0
58777643_MYHFUROV_ANJWABCD_0_8,58777643_MYHFUROV_ANJWABCD_0,BKWXOKMTVCCX,58777643_MYHFUROV_ANJWABCD_0_8,58777643_MYHFUROV_ANJWABCD_0,JDYHOIIWXZDD,0
58777643_MYHFUROV_ANJWABCD_0_9,58777643_MYHFUROV_ANJWABCD_0,BKWXOKMTVCCX,58777643_MYHFUROV_ANJWABCD_0_9,58777643_MYHFUROV_ANJWABCD_0,JDYHOIIWXZDD,0
58777643_MYHFUROV_ANJWABCD_0_10,58777643_MYHFUROV_ANJWABCD_0,BKWXOKMTVCCX,58777643_MYHFUROV_ANJWABCD_0_10,58777643_MYHFUROV_ANJWABCD_0,JDYHOIIWXZDD,0
58777643_MYHFUROV_ANJWABCD_0_11,58777643_MYHFUROV_ANJWABCD_0,BKWXOKMTVCCX,58777643_MYHFUROV_ANJWABCD_0_11,58777643_MYHFUROV_ANJWABCD_0,JDYHOIIWXZDD,0
58777643_MYHFUROV_ANJWABCD_0_12,58777643_MYHFUROV_ANJWABCD_0,BKWXOKMTVCCX,58777643_MYHFUROV_ANJWABCD_0_12,58777643_MYHFUROV_ANJWABCD_0,JDYHOIIWXZDD,0
58777643_MYHFUROV_ANJWABCD_0_13,58777643_MYHFUROV_ANJWABCD_0,BKWXOKMTVCCX,58777643_MYHFUROV_ANJWABCD_0_13,58777643_MYHFUROV_ANJWABCD_0,JDYHOIIWXZDD,0
58777643_MYHFUROV_ANJWABCD_0_14,58777643_MYHFUROV_ANJWABCD_0,BKWXOKMTVCCX,58777643_MYHFUROV_ANJWABCD_0_14,58777643_MYHFUROV_ANJWABCD_0,JDYHOIIWXZDD,0
58777643_MYHFUROV_ANJWABCD_0_15,58777643_MYHFUROV_ANJWABCD_0,BKWXOKMTVCCX,58777643_MYHFUROV_ANJWABCD_0_15,58777643_MYHFUROV_ANJWABCD_0,JDYHOIIWXZDD,0
58777643_MYHFUROV_ANJWABCD_0_16,58777643_MYHFUROV_ANJWABCD_0,BKWXOKMTVCCX,58777643_MYHFUROV_ANJWABCD_0_16,58777643_MYHFUROV_ANJWABCD_0,JDYHOIIWXZDD,0
58777643_MYHFUROV_ANJWABCD_0_17,58777643_MYHFUROV_ANJWABCD_0,BKWXOKMTVCCX,58777643_MYHFUROV_ANJWABCD_0_17,58777643_MYHFUROV_ANJWABCD_0,JDYHOIIWXZDD,0
58777643_MYHFUROV_ANJWABCD_0_18,58777643_MYHFUROV_ANJWABCD_0,BKWXOKMTVCCX,58777643_MYHFUROV_ANJWABCD_0_18,58777643_MYHFUROV_ANJWABCD_0,JDYHOIIWXZDD,0
58777643_MYHFUROV_ANJWABCD_0_19,58777643_MYHFUROV_ANJWABCD_0,BKWXOKMTVCCX,58777643_MYHFUROV_ANJWABCD_0_19,58777643_MYHFUROV_ANJWABCD_0,JDYHOIIWXZDD,0
58777643_MYHFUROV_ANJWABCD_0_20,58777643_MYHFUROV_ANJWABCD_0,BKWXOKMTVCCX,58777643_MYHFUROV_ANJWABCD_0_20,58777643_MYHFUROV_ANJWABCD_0,JDYHOIIWXZDD,0
58777643_MYHFUROV_ANJWABCD_0_21,58777643_MYHFUROV_ANJWABCD_0,BKWXOKMTVCCX,58777643_MYHFUROV_ANJWABCD_0_21,58777643_MYHFUROV_ANJWABCD_0,JDYHOIIWXZDD,1
58777643_MYHFUROV_ANJWABCD_0_22,58777643_MYHFUROV_ANJWABCD_0,BKWXOKMTVCCX,58777643_MYHFUROV_ANJWABCD_0_22,58777643_MYHFUROV_ANJWABCD_0,JDYHOIIWXZDD,1
58777643_MYHFUROV_ANJWABCD_0_23,58777643_MYHFUROV_ANJWABCD_0,BKWXOKMTVCCX,58777643_MYHFUROV_ANJWABCD_0_23,58777643_MYHFUROV_ANJWABCD_0,JDYHOIIWXZDD,0
58777643_MYHFUROV_ANJWABCD_0_24,58777643_MYHFUROV_ANJWABCD_0,BKWXOKMTVCCX,58777643_MYHFUROV_ANJWABCD_0_24,58777643_MYHFUROV_ANJWABCD_0,JDYHOIIWXZDD,0
58777643_MYHFUROV_ANJWABCD_0_25,58777643_MYHFUROV_ANJWABCD_0,BKWXOKMTVCCX,58777643_MYHFUROV_ANJWABCD_0_25,58777643_MYHFUROV_ANJWABCD_0,JDYHOIIWXZDD,0
58777643_MYHFUROV_ANJWABCD_0_26,58777643_MYHFUROV_ANJWABCD_0,BKWXOKMTVCCX,58777643_MYHFUROV_ANJWABCD_0_26,58777643_MYHFUROV_ANJWABCD_0,JDYHOIIWXZDD,0
58777643_MYHFUROV_ANJWABCD_0_27,58777643_MYHFUROV_ANJWABCD_0,BKWXOKMTVCCX,58777643_MYHFUROV_ANJWABCD_0_27,58777643_MYHFUROV_ANJWABCD_0,JDYHOIIWXZDD,0
58777643_MYHFUROV_ANJWABCD_0_28,58777643_MYHFUROV_ANJWABCD_0,BKWXOKMTVCCX,58777643_MYHFUROV_ANJWABCD_0_28,58777643_MYHFUROV_ANJWABCD_0,JDYHOIIWXZDD,0
58777643_MYHFUROV_ANJWABCD_0_29,58777643_MYHFUROV_ANJWABCD_0,BKWXOKMTVCCX,58777643_MYHFUROV_ANJWABCD_0_29,58777643_MYHFUROV_ANJWABCD_0,JDYHOIIWXZDD,0
58777643_MYHFUROV_ANJWABCD_0_30,58777643_MYHFUROV_ANJWABCD_0,BKWXOKMTVCCX,58777643_MYHFUROV_ANJWABCD_0_30,58777643_MYHFUROV_ANJWABCD_0,JDYHOIIWXZDD,0
58777643_MYHFUROV_ANJWABCD_0_31,58777643_MYHFUROV_ANJWABCD_0,BKWXOKMTVCCX,58777643_MYHFUROV_ANJWABCD_0_31,58777643_MYHFUROV_ANJWABCD_0,JDYHOIIWXZDD,0
58777643_MYHFUROV_ANJWABCD_0_32,58777643_MYHFUROV_ANJWABCD_0,BKWXOKMTVCCX,58777643_MYHFUROV_ANJWABCD_0_32,58777643_MYHFUROV_ANJWABCD_0,JDYHOIIWXZDD,0
58777643_MYHFUROV_ANJWABCD_0_33,58777643_MYHFUROV_ANJWABCD_0,BKWXOKMTVCCX,58777643_MYHFUROV_ANJWABCD_0_33,58777643_MYHFUROV_ANJWABCD_0,JDYHOIIWXZDD,0
58777643_MYHFUROV_ANJWABCD_0_34,58777643_MYHFUROV_ANJWABCD_0,BKWXOKMTVCCX,58777643_MYHFUROV_ANJWABCD_0_34,58777643_MYHFUROV_ANJWABCD_0,JDYHOIIWXZDD,0
58777643_MYHFUROV_ANJWABCD_0_35,58777643_MYHFUROV_ANJWABCD_0,BKWXOKMTVCCX,58777643_MYHFUROV_ANJWABCD_0_35,58777643_MYHFUROV_ANJWABCD_0,JDYHOIIWXZDD,0
58777643_MYHFUROV_ANJWABCD_0_36,58777643_MYHFUROV_ANJWABCD_0,BKWXOKMTVCCX,58777643_MYHFUROV_ANJWABCD_0_36,58777643_MYHFUROV_ANJWABCD_0,JDYHOIIWXZDD,0
58777643_MYHFUROV_ANJWABCD_0_37,58777643_MYHFUROV_ANJWABCD_0,BKWXOKMTVCCX,58777643_MYHFUROV_ANJWABCD_0_37,58777643_MYHFUROV_ANJWABCD_0,JDYHOIIWXZDD,0
58777643_MYHFUROV_ANJWABCD_0_38,58777643_MYHFUROV_ANJWABCD_0,BKWXOKMTVCCX,58777643_MYHFUROV_ANJWABCD_0_38,58777643_MYHFUROV_ANJWABCD_0,JDYHOIIWXZDD,0
58777643_MYHFUROV_ANJWABCD_0_39,58777643_MYHFUROV_ANJWABCD_0,BKWXOKMTVCCX,58777643_MYHFUROV_ANJWABCD_0_39,58777643_MYHFUROV_ANJWABCD_0,JDYHOIIWXZDD,0
58777643_MYHFUROV_ANJWABCD_0_40,58777643_MYHFUROV_ANJWABCD_0,BKWXOKMTVCCX,58777643_MYHFUROV_ANJWABCD_0_40,58777643_MYHFUROV_ANJWABCD_0,JDYHOIIWXZDD,0
58777643_MYHFUROV_ANJWABCD_0_41,58777643_MYHFUROV_ANJWABCD_0,BKWXOKMTVCCX,58777643_MYHFUROV_ANJWABCD_0_41,58777643_MYHFUROV_ANJWABCD_0,JDYHOIIWXZDD,0
58777643_MYHFUROV_ANJWABCD_0_42,58777643_MYHFUROV_ANJWABCD_0,BKWXOKMTVCCX,58777643_MYHFUROV_ANJWABCD_0_42,58777643_MYHFUROV_ANJWABCD_0,JDYHOIIWXZDD,0
58777643_MYHFUROV_ANJWABCD_0_43,58777643_MYHFUROV_ANJWABCD_0,BKWXOKMTVCCX,58777643_MYHFUROV_ANJWABCD_0_43,58777643_MYHFUROV_ANJWABCD_0,JDYHOIIWXZDD,1
58777643_MYHFUROV_ANJWABCD_0_44,58777643_MYHFUROV_ANJWABCD_0,BKWXOKMTVCCX,58777643_MYHFUROV_ANJWABCD_0_44,58777643_MYHFUROV_ANJWABCD_0,JDYHOIIWXZDD,1
58777643_MYHFUROV_ANJWABCD_0_45,58777643_MYHFUROV_ANJWABCD_0,BKWXOKMTVCCX,58777643_MYHFUROV_ANJWABCD_0_45,58777643_MYHFUROV_ANJWABCD_0,JDYHOIIWXZDD,0
58777643_MYHFUROV_ANJWABCD_0_46,58777643_MYHFUROV_ANJWABCD_0,BKWXOKMTVCCX,58777643_MYHFUROV_ANJWABCD_0_46,58777643_MYHFUROV_ANJWABCD_0,JDYHOIIWXZDD,0
58777643_MYHFUROV_ANJWABCD_0_47,58777643_MYHFUROV_ANJWABCD_0,BKWXOKMTVCCX,58777643_MYHFUROV_ANJWABCD_0_47,58777643_MYHFUROV_ANJWABCD_0,JDYHOIIWXZDD,0
58777643_MYHFUROV_ANJWABCD_0_48,58777643_MYHFUROV_ANJWABCD_0,BKWXOKMTVCCX,58777643_MYHFUROV_ANJWABCD_0_48,58777643_MYHFUROV_ANJWABCD_0,JDYHOIIWXZDD,1
58777643_MYHFUROV_ANJWABCD_0_49,58777643_MYHFUROV_ANJWABCD_0,BKWXOKMTVCCX,58777643_MYHFUROV_ANJWABCD_0_49,58777643_MYHFUROV_ANJWABCD_0,JDYHOIIWXZDD,0
58777643_MYHFUROV_ANJWABCD_0_50,58777643_MYHFUROV_ANJWABCD_0,BKWXOKMTVCCX,58777643_MYHFUROV_ANJWABCD_0_50,58777643_MYHFUROV_ANJWABCD_0,JDYHOIIWXZDD,0
58777643_YBGKQNGI_BUTRLQEX_0_0,58777643_YBGKQNGI_BUTRLQEX_0,BKWXOKMTVCCX,58777643_YBGKQNGI_BUTRLQEX_0_0,58777643_YBGKQNGI_BUTRLQEX_0,JDYHOIIWXZDD,0
58777643_YBGKQNGI_BUTRLQEX_0_1,58777643_YBGKQNGI_BUTRLQEX_0,BKWXOKMTVCCX,58777643_YBGKQNGI_BUTRLQEX_0_1,58777643_YBGKQNGI_BUTRLQEX_0,JDYHOIIWXZDD,0
58777643_YBGKQNGI_BUTRLQEX_0_2,58777643_YBGKQNGI_BUTRLQEX_0,BKWXOKMTVCCX,58777643_YBGKQNGI_BUTRLQEX_0_2,58777643_YBGKQNGI_BUTRLQEX_0,JDYHOIIWXZDD,0
58777643_YBGKQNGI_BUTRLQEX_0_3,58777643_YBGKQNGI_BUTRLQEX_0,BKWXOKMTVCCX,58777643_YBGKQNGI_BUTRLQEX_0_3,58777643_YBGKQNGI_BUTRLQEX_0,JDYHOIIWXZDD,0
58777643_YBGKQNGI_BUTRLQEX_0_4,58777643_YBGKQNGI_BUTRLQEX_0,BKWXOKMTVCCX,58777643_YBGKQNGI_BUTRLQEX_0_4,58777643_YBGKQNGI_BUTRLQEX_0,JDYHOIIWXZDD,0
58777643_YBGKQNGI_BUTRLQEX_0_5,58777643_YBGKQNGI_BUTRLQEX_0,BKWXOKMTVCCX,58777643_YBGKQNGI_BUTRLQEX_0_5,58777643_YBGKQNGI_BUTRLQEX_0,JDYHOIIWXZDD,0
58777643_YBGKQNGI_BUTRLQEX_0_6,58777643_YBGKQNGI_BUTRLQEX_0,BKWXOKMTVCCX,58777643_YBGKQNGI_BUTRLQEX_0_6,58777643_YBGKQNGI_BUTRLQEX_0,JDYHOIIWXZDD,1
58777643_YBGKQNGI_BUTRLQEX_0_7,58777643_YBGKQNGI_BUTRLQEX_0,BKWXOKMTVCCX,58777643_YBGKQNGI_BUTRLQEX_0_7,58777643_YBGKQNGI_BUTRLQEX_0,JDYHOIIWXZDD,0
58777643_YBGKQNGI_BUTRLQEX_0_8,58777643_YBGKQNGI_BUTRLQEX_0,BKWXOKMTVCCX,58777643_YBGKQNGI_BUTRLQEX_0_8,58777643_YBGKQNGI_BUTRLQEX_0,JDYHOIIWXZDD,0
58777643_YBGKQNGI_BUTRLQEX_0_9,58777643_YBGKQNGI_BUTRLQEX_0,BKWXOKMTVCCX,58777643_YBGKQNGI_BUTRLQEX_0_9,58777643_YBGKQNGI_BUTRLQEX_0,JDYHOIIWXZDD,0
58777643_YBGKQNGI_BUTRLQEX_0_10,58777643_YBGKQNGI_BUTRLQEX_0,BKWXOKMTVCCX,58777643_YBGKQNGI_BUTRLQEX_0_10,58777643_YBGKQNGI_BUTRLQEX_0,JDYHOIIWXZDD,0
58777643_YBGKQNGI_BUTRLQEX_0_11,58777643_YBGKQNGI_BUTRLQEX_0,BKWXOKMTVCCX,58777643_YBGKQNGI_BUTRLQEX_0_11,58777643_YBGKQNGI_BUTRLQEX_0,JDYHOIIWXZDD,0
58777643_YBGKQNGI_BUTRLQEX_0_12,58777643_YBGKQNGI_BUTRLQEX_0,BKWXOKMTVCCX,58777643_YBGKQNGI_BUTRLQEX_0_12,58777643_YBGKQNGI_BUTRLQEX_0,JDYHOIIWXZDD,0
58777643_YBGKQNGI_BUTRLQEX_0_13,58777643_YBGKQNGI_BUTRLQEX_0,BKWXOKMTVCCX,58777643_YBGKQNGI_BUTRLQEX_0_13,58777643_YBGKQNGI_BUTRLQEX_0,JDYHOIIWXZDD,0
58777643_YBGKQNGI_BUTRLQEX_0_14,58777643_YBGKQNGI_BUTRLQEX_0,BKWXOKMTVCCX,58777643_YBGKQNGI_BUTRLQEX_0_14,58777643_YBGKQNGI_BUTRLQEX_0,JDYHOIIWXZDD,0
58777643_YBGKQNGI_BUTRLQEX_0_15,58777643_YBGKQNGI_BUTRLQEX_0,BKWXOKMTVCCX,58777643_YBGKQNGI_BUTRLQEX_0_15,58777643_YBGKQNGI_BUTRLQEX_0,JDYHOIIWXZDD,0
58777643_YBGKQNGI_BUTRLQEX_0_16,58777643_YBGKQNGI_BUTRLQEX_0,BKWXOKMTVCCX,58777643_YBGKQNGI_BUTRLQEX_0_16,58777643_YBGKQNGI_BUTRLQEX_0,JDYHOIIWXZDD,0
58777643_YBGKQNGI_BUTRLQEX_0_17,58777643_YBGKQNGI_BUTRLQEX_0,BKWXOKMTVCCX,58777643_YBGKQNGI_BUTRLQEX_0_17,58777643_YBGKQNGI_BUTRLQEX_0,JDYHOIIWXZDD,0
58777643_YBGKQNGI_BUTRLQEX_0_18,58777643_YBGKQNGI_BUTRLQEX_0,BKWXOKMTVCCX,58777643_YBGKQNGI_BUTRLQEX_0_18,58777643_YBGKQNGI_BUTRLQEX_0,JDYHOIIWXZDD,0
58777643_YBGKQNGI_BUTRLQEX_0_19,58777643_YBGKQNGI_BUTRLQEX_0,BKWXOKMTVCCX,58777643_YBGKQNGI_BUTRLQEX_0_19,58777643_YBGKQNGI_BUTRLQEX_0,JDYHOIIWXZDD,1
58777643_YBGKQNGI_BUTRLQEX_0_20,58777643_YBGKQNGI_BUTRLQEX_0,BKWXOKMTVCCX,58777643_YBGKQNGI_BUTRLQEX_0_20,58777643_YBGKQNGI_BUTRLQEX_0,JDYHOIIWXZDD,0
58777643_YBGKQNGI_BUTRLQEX_0_21,58777643_YBGKQNGI_BUTRLQEX_0,BKWXOKMTVCCX,58777643_YBGKQNGI_BUTRLQEX_0_21,58777643_YBGKQNGI_BUTRLQEX_0,JDYHOIIWXZDD,0
58777643_YBGKQNGI_BUTRLQEX_0_22,58777643_YBGKQNGI_BUTRLQEX_0,BKWXOKMTVCCX,58777643_YBGKQNGI_BUTRLQEX_0_22,58777643_YBGKQNGI_BUTRLQEX_0,JDYHOIIWXZDD,0
58777643_YBGKQNGI_BUTRLQEX_0_23,58777643_YBGKQNGI_BUTRLQEX_0,BKWXOKMTVCCX,58777643_YBGKQNGI_BUTRLQEX_0_23,58777643_YBGKQNGI_BUTRLQEX_0,JDYHOIIWXZDD,0
58777643_YBGKQNGI_BUTRLQEX_0_24,58777643_YBGKQNGI_BUTRLQEX_0,BKWXOKMTVCCX,58777643_YBGKQNGI_BUTRLQEX_0_24,58777643_YBGKQNGI_BUTRLQEX_0,JDYHOIIWXZDD,0
58777643_YBGKQNGI_BUTRLQEX_0_25,58777643_YBGKQNGI_BUTRLQEX_0,BKWXOKMTVCCX,58777643_YBGKQNGI_BUTRLQEX_0_25,58777643_YBGKQNGI_BUTRLQEX_0,JDYHOIIWXZDD,0
58777643_YBGKQNGI_BUTRLQEX_0_26,58777643_YBGKQNGI_BUTRLQEX_0,BKWXOKMTVCCX,58777643_YBGKQNGI_BUTRLQEX_0_26,58777643_YBGKQNGI_BUTRLQEX_0,JDYHOIIWXZDD,0
58777643_YBGKQNGI_BUTRLQEX_0_27,58777643_YBGKQNGI_BUTRLQEX_0,BKWXOKMTVCCX,58777643_YBGKQNGI_BUTRLQEX_0_27,58777643_YBGKQNGI_BUTRLQEX_0,JDYHOIIWXZDD,0
58777643_YBGKQNGI_BUTRLQEX_0_28,58777643_YBGKQNGI_BUTRLQEX_0,BKWXOKMTVCCX,58777643_YBGKQNGI_BUTRLQEX_0_28,58777643_YBGKQNGI_BUTRLQEX_0,JDYHOIIWXZDD,0
58777643_YBGKQNGI_BUTRLQEX_0_29,58777643_YBGKQNGI_BUTRLQEX_0,BKWXOKMTVCCX,58777643_YBGKQNGI_BUTRLQEX_0_29,58777643_YBGKQNGI_BUTRLQEX_0,JDYHOIIWXZDD,0
58777643_YBGKQNGI_BUTRLQEX_0_30,58777643_YBGKQNGI_BUTRLQEX_0,BKWXOKMTVCCX,58777643_YBGKQNGI_BUTRLQEX_0_30,58777643_YBGKQNGI_BUTRLQEX_0,JDYHOIIWXZDD,0
58777643_YBGKQNGI_BUTRLQEX_0_31,58777643_YBGKQNGI_BUTRLQEX_0,BKWXOKMTVCCX,58777643_YBGKQNGI_BUTRLQEX_0_31,58777643_YBGKQNGI_BUTRLQEX_0,JDYHOIIWXZDD,0
58777643_YBGKQNGI_BUTRLQEX_0_32,58777643_YBGKQNGI_BUTRLQEX_0,BKWXOKMTVCCX,58777643_YBGKQNGI_BUTRLQEX_0_32,58777643_YBGKQNGI_BUTRLQEX_0,JDYHOIIWXZDD,0
58777643_YBGKQNGI_BUTRLQEX_0_33,58777643_YBGKQNGI_BUTRLQEX_0,BKWXOKMTVCCX,58777643_YBGKQNGI_BUTRLQEX_0_33,58777643_YBGKQNGI_BUTRLQEX_0,JDYHOIIWXZDD,0
58777643_YBGKQNGI_BUTRLQEX_0_34,58777643_YBGKQNGI_BUTRLQEX_0,BKWXOKMTVCCX,58777643_YBGKQNGI_BUTRLQEX_0_34,58777643_YBGKQNGI_BUTRLQEX_0,JDYHOIIWXZDD,0
62591433_SXKPVCFE_TLOSLTMS_0_0,62591433_SXKPVCFE_TLOSLTMS_0,QCIXJGYIIJDP,62591433_SXKPVCFE_TLOSLTMS_0_0,62591433_SXKPVCFE_TLOSLTMS_0,NKMWALUKREUN,0
62591433_SXKPVCFE_TLOSLTMS_0_1,62591433_SXKPVCFE_TLOSLTMS_0,QCIXJGYIIJDP,62591433_SXKPVCFE_TLOSLTMS_0_1,62591433_SXKPVCFE_TLOSLTMS_0,NKMWALUKREUN,0
62591433_SXKPVCFE_TLOSLTMS_0_2,62591433_SXKPVCFE_TLOSLTMS_0,QCIXJGYIIJDP,62591433_SXKPVCFE_TLOSLTMS_0_2,62591433_SXKPVCFE_TLOSLTMS_0,NKMWALUKREUN,0
62591433_SXKPVCFE_TLOSLTMS_0_3,62591433_SXKPVCFE_TLOSLTMS_0,QCIXJGYIIJDP,62591433_SXKPVCFE_TLOSLTMS_0_3,62591433_SXKPVCFE_TLOSLTMS_0,NKMWALUKREUN,0
62591433_SXKPVCFE_TLOSLTMS_0_4,62591433_SXKPVCFE_TLOSLTMS_0,QCIXJGYIIJDP,62591433_SXKPVCFE_TLOSLTMS_0_4,62591433_SXKPVCFE_TLOSLTMS_0,NKMWALUKREUN,0
62591433_SXKPVCFE_TLOSLTMS_0_5,62591433_SXKPVCFE_TLOSLTMS_0,QCIXJGYIIJDP,62591433_SXKPVCFE_TLOSLTMS_0_5,62591433_SXKPVCFE_TLOSLTMS_0,NKMWALUKREUN,0
62591433_SXKPVCFE_TLOSLTMS_0_6,62591433_SXKPVCFE_TLOSLTMS_0,QCIXJGYIIJDP,62591433_SXKPVCFE_TLOSLTMS_0_6,62591433_SXKPVCFE_TLOSLTMS_0,NKMWALUKREUN,0
62591433_SXKPVCFE_TLOSLTMS_0_7,62591433_SXKPVCFE_TLOSLTMS_0,QCIXJGYIIJDP,62591433_SXKPVCFE_TLOSLTMS_0_7,62591433_SXKPVCFE_TLOSLTMS_0,NKMWALUKREUN,0
62591433_SXKPVCFE_TLOSLTMS_0_8,62591433_SXKPVCFE_TLOSLTMS_0,QCIXJGYIIJDP,62591433_SXKPVCFE_TLOSLTMS_0_8,62591433_SXKPVCFE_TLOSLTMS_0,NKMWALUKREUN,0
62591433_SXKPVCFE_TLOSLTMS_0_9,62591433_SXKPVCFE_TLOSLTMS_0,QCIXJGYIIJDP,62591433_SXKPVCFE_TLOSLTMS_0_9,62591433_SXKPVCFE_TLOSLTMS_0,NKMWALUKREUN,0
62591433_SXKPVCFE_TLOSLTMS_0_10,62591433_SXKPVCFE_TLOSLTMS_0,QCIXJGYIIJDP,62591433_SXKPVCFE_TLOSLTMS_0_10,62591433_SXKPVCFE_TLOSLTMS_0,NKMWALUKREUN,0
62591433_SXKPVCFE_TLOSLTMS_0_11,62591433_SXKPVCFE_TLOSLTMS_0,QCIXJGYIIJDP,62591433_SXKPVCFE_TLOSLTMS_0_11,62591433_SXKPVCFE_TLOSLTMS_0,NKMWALUKREUN,0
62591433_SXKPVCFE_TLOSLTMS_0_12,62591433_SXKPVCFE_TLOSLTMS_0,QCIXJGYIIJDP,62591433_SXKPVCFE_TLOSLTMS_0_12,62591433_SXKPVCFE_TLOSLTMS_0,NKMWALUKREUN,0
62591433_SXKPVCFE_TLOSLTMS_0_13,62591433_SXKPVCFE_TLOSLTMS_0,QCIXJGYIIJDP,62591433_SXKPVCFE_TLOSLTMS_0_13,62591433_SXKPVCFE_TLOSLTMS_0,NKMWALUKREUN,0
62591433_SXKPVCFE_TLOSLTMS_0_14,62591433_SXKPVCFE_TLOSLTMS_0,QCIXJGYIIJDP,62591433_SXKPVCFE_TLOSLTMS_0_14,62591433_SXKPVCFE_TLOSLTMS_0,NKMWALUKREUN,0
62591433_SXKPVCFE_TLOSLTMS_0_15,62591433_SXKPVCFE_TLOSLTMS_0,QCIXJGYIIJDP,62591433_SXKPVCFE_TLOSLTMS_0_15,62591433_SXKPVCFE_TLOSLTMS_0,NKMWALUKREUN,0
62591433_SXKPVCFE_TLOSLTMS_0_16,62591433_SXKPVCFE_TLOSLTMS_0,QCIXJGYIIJDP,62591433_SXKPVCFE_TLOSLTMS_0_16,62591433_SXKPVCFE_TLOSLTMS_0,NKMWALUKREUN,0
62591433_SXKPVCFE_TLOSLTMS_0_17,62591433_SXKPVCFE_TLOSLTMS_0,QCIXJGYIIJDP,62591433_SXKPVCFE_TLOSLTMS_0_17,62591433_SXKPVCFE_TLOSLTMS_0,NKMWALUKREUN,0
62591433_SXKPVCFE_TLOSLTMS_0_18,62591433_SXKPVCFE_TLOSLTMS_0,QCIXJGYIIJDP,62591433_SXKPVCFE_TLOSLTMS_0_18,62591433_SXKPVCFE_TLOSLTMS_0,NKMWALUKREUN,0
62591433_SXKPVCFE_TLOSLTMS_0_19,62591433_SXKPVCFE_TLOSLTMS_0,QCIXJGYIIJDP,62591433_SXKPVCFE_TLOSLTMS_0_19,62591433_SXKPVCFE_TLOSLTMS_0,NKMWALUKREUN,0
62591433_SXKPVCFE_TLOSLTMS_0_20,62591433_SXKPVCFE_TLOSLTMS_0,QCIXJGYIIJDP,62591433_SXKPVCFE_TLOSLTMS_0_20,62591433_SXKPVCFE_TLOSLTMS_0,NKMWALUKREUN,0
62591433_SXKPVCFE_TLOSLTMS_0_21,62591433_SXKPVCFE_TLOSLTMS_0,QCIXJGYIIJDP,62591433_SXKPVCFE_TLOSLTMS_0_21,62591433_SXKPVCFE_TLOSLTMS_0,NKMWALUKREUN,0
62591433_SXKPVCFE_TLOSLTMS_0_22,62591433_SXKPVCFE_TLOSLTMS_0,QCIXJGYIIJDP,62591433_SXKPVCFE_TLOSLTMS_0_22,62591433_SXKPVCFE_TLOSLTMS_0,NKMWALUKREUN,0
62591433_SXKPVCFE_TLOSLTMS_0_23,62591433_SXKPVCFE_TLOSLTMS_0,QCIXJGYIIJDP,62591433_SXKPVCFE_TLOSLTMS_0_23,62591433_SXKPVCFE_TLOSLTMS_0,NKMWALUKREUN,0
62591433_SXKPVCFE_TLOSLTMS_0_24,62591433_SXKPVCFE_TLOSLTMS_0,QCIXJGYIIJDP,62591433_SXKPVCFE_TLOSLTMS_0_24,62591433_SXKPVCFE_TLOSLTMS_0,NKMWALUKREUN,0
62591433_SXKPVCFE_TLOSLTMS_0_25,62591433_SXKPVCFE_TLOSLTMS_0,QCIXJGYIIJDP,62591433_SXKPVCFE_TLOSLTMS_0_25,62591433_SXKPVCFE_TLOSLTMS_0,NKMWALUKREUN,0
62591433_SXKPVCFE_TLOSLTMS_0_26,62591433_SXKPVCFE_TLOSLTMS_0,QCIXJGYIIJDP,62591433_SXKPVCFE_TLOSLTMS_0_26,62591433_SXKPVCFE_TLOSLTMS_0,NKMWALUKREUN,0
62591433_SXKPVCFE_TLOSLTMS_0_27,62591433_SXKPVCFE_TLOSLTMS_0,QCIXJGYIIJDP,62591433_SXKPVCFE_TLOSLTMS_0_27,62591433_SXKPVCFE_TLOSLTMS_0,NKMWALUKREUN,0
62591433_SXKPVCFE_TLOSLTMS_0_28,62591433_SXKPVCFE_TLOSLTMS_0,QCIXJGYIIJDP,62591433_SXKPVCFE_TLOSLTMS_0_28,62591433_SXKPVCFE_TLOSLTMS_0,NKMWALUKREUN,0
62591433_SXKPVCFE_TLOSLTMS_0_29,62591433_SXKPVCFE_TLOSLTMS_0,QCIXJGYIIJDP,62591433_SXKPVCFE_TLOSLTMS_0_29,62591433_SXKPVCFE_TLOSLTMS_0,NKMWALUKREUN,0
62591433_SXKPVCFE_TLOSLTMS_0_30,62591433_SXKPVCFE_TLOSLTMS_0,QCIXJGYIIJDP,62591433_SXKPVCFE_TLOSLTMS_0_30,62591433_SXKPVCFE_TLOSLTMS_0,NKMWALUKREUN,0
62591433_SXKPVCFE_TLOSLTMS_0_31,62591433_SXKPVCFE_TLOSLTMS_0,QCIXJGYIIJDP,62591433_SXKPVCFE_TLOSLTMS_0_31,62591433_SXKPVCFE_TLOSLTMS_0,NKMWALUKREUN,0
62591433_SXKPVCFE_TLOSLTMS_0_32,62591433_SXKPVCFE_TLOSLTMS_0,QCIXJGYIIJDP,62591433_SXKPVCFE_TLOSLTMS_0_32,62591433_SXKPVCFE_TLOSLTMS_0,NKMWALUKREUN,0
62591433_SXKPVCFE_TLOSLTMS_0_33,62591433_SXKPVCFE_TLOSLTMS_0,QCIXJGYIIJDP,62591433_SXKPVCFE_TLOSLTMS_0_33,62591433_SXKPVCFE_TLOSLTMS_0,NKMWALUKREUN,0
62591433_SXKPVCFE_TLOSLTMS_0_34,62591433_SXKPVCFE_TLOSLTMS_0,QCIXJGYIIJDP,62591433_SXKPVCFE_TLOSLTMS_0_34,62591433_SXKPVCFE_TLOSLTMS_0,NKMWALUKREUN,0
62591433_SXKPVCFE_TLOSLTMS_0_35,62591433_SXKPVCFE_TLOSLTMS_0,QCIXJGYIIJDP,62591433_SXKPVCFE_TLOSLTMS_0_35,62591433_SXKPVCFE_TLOSLTMS_0,NKMWALUKREUN,0
62591433_SXKPVCFE_TLOSLTMS_0_36,62591433_SXKPVCFE_TLOSLTMS_0,QCIXJGYIIJDP,62591433_SXKPVCFE_TLOSLTMS_0_36,62591433_SXKPVCFE_TLOSLTMS_0,NKMWALUKREUN,0
87880809_LJNFLUMT_SWIOJTSM_0_0,87880809_LJNFLUMT_SWIOJTSM_0,AEXXGGJVBCJX,87880809_LJNFLUMT_SWIOJTSM_0_0,87880809_LJNFLUMT_SWIOJTSM_0,AXIUDYJEBFTJ,0
87880809_LJNFLUMT_SWIOJTSM_0_1,87880809_LJNFLUMT_SWIOJTSM_0,AEXXGGJVBCJX,87880809_LJNFLUMT_SWIOJTSM_0_1,87880809_LJNFLUMT_SWIOJTSM_0,AXIUDYJEBFTJ,0
87880809_LJNFLUMT_SWIOJTSM_0_2,87880809_LJNFLUMT_SWIOJTSM_0,AEXXGGJVBCJX,87880809_LJNFLUMT_SWIOJTSM_0_2,87880809_LJNFLUMT_SWIOJTSM_0,AXIUDYJEBFTJ,0
87880809_LJNFLUMT_SWIOJTSM_0_4,87880809_LJNFLUMT_SWIOJTSM_0,AEXXGGJVBCJX,87880809_LJNFLUMT_SWIOJTSM_0_4,87880809_LJNFLUMT_SWIOJTSM_0,AXIUDYJEBFTJ,0
87880809_LJNFLUMT_SWIOJTSM_0_5,87880809_LJNFLUMT_SWIOJTSM_0,AEXXGGJVBCJX,87880809_LJNFLUMT_SWIOJTSM_0_5,87880809_LJNFLUMT_SWIOJTSM_0,AXIUDYJEBFTJ,0
87880809_LJNFLUMT_SWIOJTSM_0_6,87880809_LJNFLUMT_SWIOJTSM_0,AEXXGGJVBCJX,87880809_LJNFLUMT_SWIOJTSM_0_6,87880809_LJNFLUMT_SWIOJTSM_0,AXIUDYJEBFTJ,0
87880809_LJNFLUMT_SWIOJTSM_0_7,87880809_LJNFLUMT_SWIOJTSM_0,AEXXGGJVBCJX,87880809_LJNFLUMT_SWIOJTSM_0_7,87880809_LJNFLUMT_SWIOJTSM_0,AXIUDYJEBFTJ,0
87880809_LJNFLUMT_SWIOJTSM_0_8,87880809_LJNFLUMT_SWIOJTSM_0,AEXXGGJVBCJX,87880809_LJNFLUMT_SWIOJTSM_0_8,87880809_LJNFLUMT_SWIOJTSM_0,AXIUDYJEBFTJ,0
87880809_LJNFLUMT_SWIOJTSM_0_9,87880809_LJNFLUMT_SWIOJTSM_0,AEXXGGJVBCJX,87880809_LJNFLUMT_SWIOJTSM_0_9,87880809_LJNFLUMT_SWIOJTSM_0,AXIUDYJEBFTJ,0
87880809_LJNFLUMT_SWIOJTSM_0_10,87880809_LJNFLUMT_SWIOJTSM_0,AEXXGGJVBCJX,87880809_LJNFLUMT_SWIOJTSM_0_10,87880809_LJNFLUMT_SWIOJTSM_0,AXIUDYJEBFTJ,0
87880809_LJNFLUMT_SWIOJTSM_0_11,87880809_LJNFLUMT_SWIOJTSM_0,AEXXGGJVBCJX,87880809_LJNFLUMT_SWIOJTSM_0_11,87880809_LJNFLUMT_SWIOJTSM_0,AXIUDYJEBFTJ,0
87880809_LJNFLUMT_SWIOJTSM_0_13,87880809_LJNFLUMT_SWIOJTSM_0,AEXXGGJVBCJX,87880809_LJNFLUMT_SWIOJTSM_0_13,87880809_LJNFLUMT_SWIOJTSM_0,AXIUDYJEBFTJ,0
87880809_LJNFLUMT_SWIOJTSM_0_14,87880809_LJNFLUMT_SWIOJTSM_0,AEXXGGJVBCJX,87880809_LJNFLUMT_SWIOJTSM_0_14,87880809_LJNFLUMT_SWIOJTSM_0,AXIUDYJEBFTJ,0
87880809_LJNFLUMT_SWIOJTSM_0_15,87880809_LJNFLUMT_SWIOJTSM_0,AEXXGGJVBCJX,87880809_LJNFLUMT_SWIOJTSM_0_15,87880809_LJNFLUMT_SWIOJTSM_0,AXIUDYJEBFTJ,0
87880809_LJNFLUMT_SWIOJTSM_0_16,87880809_LJNFLUMT_SWIOJTSM_0,AEXXGGJVBCJX,87880809_LJNFLUMT_SWIOJTSM_0_16,87880809_LJNFLUMT_SWIOJTSM_0,AXIUDYJEBFTJ,0
87880809_LJNFLUMT_SWIOJTSM_0_18,87880809_LJNFLUMT_SWIOJTSM_0,AEXXGGJVBCJX,87880809_LJNFLUMT_SWIOJTSM_0_18,87880809_LJNFLUMT_SWIOJTSM_0,AXIUDYJEBFTJ,0
87880809_LJNFLUMT_SWIOJTSM_0_19,87880809_LJNFLUMT_SWIOJTSM_0,AEXXGGJVBCJX,87880809_LJNFLUMT_SWIOJTSM_0_19,87880809_LJNFLUMT_SWIOJTSM_0,AXIUDYJEBFTJ,0
87880809_LJNFLUMT_SWIOJTSM_0_20,87880809_LJNFLUMT_SWIOJTSM_0,AEXXGGJVBCJX,87880809_LJNFLUMT_SWIOJTSM_0_20,87880809_LJNFLUMT_SWIOJTSM_0,AXIUDYJEBFTJ,0
87880809_LJNFLUMT_SWIOJTSM_0_21,87880809_LJNFLUMT_SWIOJTSM_0,AEXXGGJVBCJX,87880809_LJNFLUMT_SWIOJTSM_0_21,87880809_LJNFLUMT_SWIOJTSM_0,AXIUDYJEBFTJ,0
87880809_LJNFLUMT_SWIOJTSM_0_22,87880809_LJNFLUMT_SWIOJTSM_0,AEXXGGJVBCJX,87880809_LJNFLUMT_SWIOJTSM_0_22,87880809_LJNFLUMT_SWIOJTSM_0,AXIUDYJEBFTJ,0
87880809_LJNFLUMT_SWIOJTSM_0_23,87880809_LJNFLUMT_SWIOJTSM_0,AEXXGGJVBCJX,87880809_LJNFLUMT_SWIOJTSM_0_23,87880809_LJNFLUMT_SWIOJTSM_0,AXIUDYJEBFTJ,0
87880809_LJNFLUMT_SWIOJTSM_0_24,87880809_LJNFLUMT_SWIOJTSM_0,AEXXGGJVBCJX,87880809_LJNFLUMT_SWIOJTSM_0_24,87880809_LJNFLUMT_SWIOJTSM_0,AXIUDYJEBFTJ,0
87880809_LJNFLUMT_SWIOJTSM_0_25,87880809_LJNFLUMT_SWIOJTSM_0,AEXXGGJVBCJX,87880809_LJNFLUMT_SWIOJTSM_0_25,87880809_LJNFLUMT_SWIOJTSM_0,AXIUDYJEBFTJ,0
87880809_LJNFLUMT_SWIOJTSM_0_26,87880809_LJNFLUMT_SWIOJTSM_0,AEXXGGJVBCJX,87880809_LJNFLUMT_SWIOJTSM_0_26,87880809_LJNFLUMT_SWIOJTSM_0,AXIUDYJEBFTJ,0
87880809_LJNFLUMT_SWIOJTSM_0_27,87880809_LJNFLUMT_SWIOJTSM_0,AEXXGGJVBCJX,87880809_LJNFLUMT_SWIOJTSM_0_27,87880809_LJNFLUMT_SWIOJTSM_0,AXIUDYJEBFTJ,0
87880809_LJNFLUMT_SWIOJTSM_0_28,87880809_LJNFLUMT_SWIOJTSM_0,AEXXGGJVBCJX,87880809_LJNFLUMT_SWIOJTSM_0_28,87880809_LJNFLUMT_SWIOJTSM_0,AXIUDYJEBFTJ,0
87880809_LJNFLUMT_SWIOJTSM_0_29,87880809_LJNFLUMT_SWIOJTSM_0,AEXXGGJVBCJX,87880809_LJNFLUMT_SWIOJTSM_0_29,87880809_LJNFLUMT_SWIOJTSM_0,AXIUDYJEBFTJ,0
87880809_LJNFLUMT_SWIOJTSM_0_30,87880809_LJNFLUMT_SWIOJTSM_0,AEXXGGJVBCJX,87880809_LJNFLUMT_SWIOJTSM_0_30,87880809_LJNFLUMT_SWIOJTSM_0,AXIUDYJEBFTJ,0
87880809_LJNFLUMT_SWIOJTSM_0_31,87880809_LJNFLUMT_SWIOJTSM_0,AEXXGGJVBCJX,87880809_LJNFLUMT_SWIOJTSM_0_31,87880809_LJNFLUMT_SWIOJTSM_0,AXIUDYJEBFTJ,0
87880809_LJNFLUMT_SWIOJTSM_0_32,87880809_LJNFLUMT_SWIOJTSM_0,AEXXGGJVBCJX,87880809_LJNFLUMT_SWIOJTSM_0_32,87880809_LJNFLUMT_SWIOJTSM_0,AXIUDYJEBFTJ,0
87880809_LJNFLUMT_SWIOJTSM_0_34,87880809_LJNFLUMT_SWIOJTSM_0,AEXXGGJVBCJX,87880809_LJNFLUMT_SWIOJTSM_0_34,87880809_LJNFLUMT_SWIOJTSM_0,AXIUDYJEBFTJ,0
87880809_LJNFLUMT_SWIOJTSM_0_35,87880809_LJNFLUMT_SWIOJTSM_0,AEXXGGJVBCJX,87880809_LJNFLUMT_SWIOJTSM_0_35,87880809_LJNFLUMT_SWIOJTSM_0,AXIUDYJEBFTJ,0
87880809_LJNFLUMT_SWIOJTSM_0_36,87880809_LJNFLUMT_SWIOJTSM_0,AEXXGGJVBCJX,87880809_LJNFLUMT_SWIOJTSM_0_36,87880809_LJNFLUMT_SWIOJTSM_0,AXIUDYJEBFTJ,0
87880809_LJNFLUMT_SWIOJTSM_0_37,87880809_LJNFLUMT_SWIOJTSM_0,AEXXGGJVBCJX,87880809_LJNFLUMT_SWIOJTSM_0_37,87880809_LJNFLUMT_SWIOJTSM_0,AXIUDYJEBFTJ,0
87880809_LJNFLUMT_SWIOJTSM_0_38,87880809_LJNFLUMT_SWIOJTSM_0,AEXXGGJVBCJX,87880809_LJNFLUMT_SWIOJTSM_0_38,87880809_LJNFLUMT_SWIOJTSM_0,AXIUDYJEBFTJ,0
87880809_LJNFLUMT_SWIOJTSM_0_39,87880809_LJNFLUMT_SWIOJTSM_0,AEXXGGJVBCJX,87880809_LJNFLUMT_SWIOJTSM_0_39,87880809_LJNFLUMT_SWIOJTSM_0,AXIUDYJEBFTJ,0
87880809_LJNFLUMT_SWIOJTSM_0_41,87880809_LJNFLUMT_SWIOJTSM_0,AEXXGGJVBCJX,87880809_LJNFLUMT_SWIOJTSM_0_41,87880809_LJNFLUMT_SWIOJTSM_0,AXIUDYJEBFTJ,0
87880809_LJNFLUMT_SWIOJTSM_0_42,87880809_LJNFLUMT_SWIOJTSM_0,AEXXGGJVBCJX,87880809_LJNFLUMT_SWIOJTSM_0_42,87880809_LJNFLUMT_SWIOJTSM_0,AXIUDYJEBFTJ,0
87880809_LJNFLUMT_SWIOJTSM_0_43,87880809_LJNFLUMT_SWIOJTSM_0,AEXXGGJVBCJX,87880809_LJNFLUMT_SWIOJTSM_0_43,87880809_LJNFLUMT_SWIOJTSM_0,AXIUDYJEBFTJ,0
87880809_LJNFLUMT_SWIOJTSM_0_45,87880809_LJNFLUMT_SWIOJTSM_0,AEXXGGJVBCJX,87880809_LJNFLUMT_SWIOJTSM_0_45,87880809_LJNFLUMT_SWIOJTSM_0,AXIUDYJEBFTJ,0
87880809_LJNFLUMT_SWIOJTSM_0_46,87880809_LJNFLUMT_SWIOJTSM_0,AEXXGGJVBCJX,87880809_LJNFLUMT_SWIOJTSM_0_46,87880809_LJNFLUMT_SWIOJTSM_0,AXIUDYJEBFTJ,0
87880809_LJNFLUMT_SWIOJTSM_0_47,87880809_LJNFLUMT_SWIOJTSM_0,AEXXGGJVBCJX,87880809_LJNFLUMT_SWIOJTSM_0_47,87880809_LJNFLUMT_SWIOJTSM_0,AXIUDYJEBFTJ,0
87880809_LJNFLUMT_SWIOJTSM_0_48,87880809_LJNFLUMT_SWIOJTSM_0,AEXXGGJVBCJX,87880809_LJNFLUMT_SWIOJTSM_0_48,87880809_LJNFLUMT_SWIOJTSM_0,AXIUDYJEBFTJ,0
87880809_LJNFLUMT_SWIOJTSM_0_49,87880809_LJNFLUMT_SWIOJTSM_0,AEXXGGJVBCJX,87880809_LJNFLUMT_SWIOJTSM_0_49,87880809_LJNFLUMT_SWIOJTSM_0,AXIUDYJEBFTJ,0
87880809_LJNFLUMT_SWIOJTSM_0_50,87880809_LJNFLUMT_SWIOJTSM_0,AEXXGGJVBCJX,87880809_LJNFLUMT_SWIOJTSM_0_50,87880809_LJNFLUMT_SWIOJTSM_0,AXIUDYJEBFTJ,0
82375114_BPORINGO_SXKPVCFE_0_1,82375114_BPORINGO_SXKPVCFE_0,TRGRJTNEAIEO,82375114_BPORINGO_SXKPVCFE_0_1,82375114_BPORINGO_SXKPVCFE_0,ZSGCCATIPCUH,0
82375114_BPORINGO_SXKPVCFE_0_2,82375114_BPORINGO_SXKPVCFE_0,TRGRJTNEAIEO,82375114_BPORINGO_SXKPVCFE_0_2,82375114_BPORINGO_SXKPVCFE_0,ZSGCCATIPCUH,0
82375114_BPORINGO_SXKPVCFE_0_3,82375114_BPORINGO_SXKPVCFE_0,TRGRJTNEAIEO,82375114_BPORINGO_SXKPVCFE_0_3,82375114_BPORINGO_SXKPVCFE_0,ZSGCCATIPCUH,0
82375114_BPORINGO_SXKPVCFE_0_4,82375114_BPORINGO_SXKPVCFE_0,TRGRJTNEAIEO,82375114_BPORINGO_SXKPVCFE_0_4,82375114_BPORINGO_SXKPVCFE_0,ZSGCCATIPCUH,0
82375114_BPORINGO_SXKPVCFE_0_5,82375114_BPORINGO_SXKPVCFE_0,TRGRJTNEAIEO,82375114_BPORINGO_SXKPVCFE_0_5,82375114_BPORINGO_SXKPVCFE_0,ZSGCCATIPCUH,0
82375114_BPORINGO_SXKPVCFE_0_7,82375114_BPORINGO_SXKPVCFE_0,TRGRJTNEAIEO,82375114_BPORINGO_SXKPVCFE_0_7,82375114_BPORINGO_SXKPVCFE_0,ZSGCCATIPCUH,0
82375114_BPORINGO_SXKPVCFE_0_8,82375114_BPORINGO_SXKPVCFE_0,TRGRJTNEAIEO,82375114_BPORINGO_SXKPVCFE_0_8,82375114_BPORINGO_SXKPVCFE_0,ZSGCCATIPCUH,0
82375114_BPORINGO_SXKPVCFE_0_9,82375114_BPORINGO_SXKPVCFE_0,TRGRJTNEAIEO,82375114_BPORINGO_SXKPVCFE_0_9,82375114_BPORINGO_SXKPVCFE_0,ZSGCCATIPCUH,0
82375114_BPORINGO_SXKPVCFE_0_10,82375114_BPORINGO_SXKPVCFE_0,TRGRJTNEAIEO,82375114_BPORINGO_SXKPVCFE_0_10,82375114_BPORINGO_SXKPVCFE_0,ZSGCCATIPCUH,0
82375114_BPORINGO_SXKPVCFE_0_12,82375114_BPORINGO_SXKPVCFE_0,TRGRJTNEAIEO,82375114_BPORINGO_SXKPVCFE_0_12,82375114_BPORINGO_SXKPVCFE_0,ZSGCCATIPCUH,0
82375114_BPORINGO_SXKPVCFE_0_13,82375114_BPORINGO_SXKPVCFE_0,TRGRJTNEAIEO,82375114_BPORINGO_SXKPVCFE_0_13,82375114_BPORINGO_SXKPVCFE_0,ZSGCCATIPCUH,0
82375114_BPORINGO_SXKPVCFE_0_14,82375114_BPORINGO_SXKPVCFE_0,TRGRJTNEAIEO,82375114_BPORINGO_SXKPVCFE_0_14,82375114_BPORINGO_SXKPVCFE_0,ZSGCCATIPCUH,0
82375114_BPORINGO_SXKPVCFE_0_15,82375114_BPORINGO_SXKPVCFE_0,TRGRJTNEAIEO,82375114_BPORINGO_SXKPVCFE_0_15,82375114_BPORINGO_SXKPVCFE_0,ZSGCCATIPCUH,0
82375114_BPORINGO_SXKPVCFE_0_17,82375114_BPORINGO_SXKPVCFE_0,TRGRJTNEAIEO,82375114_BPORINGO_SXKPVCFE_0_17,82375114_BPORINGO_SXKPVCFE_0,ZSGCCATIPCUH,0
82375114_BPORINGO_SXKPVCFE_0_18,82375114_BPORINGO_SXKPVCFE_0,TRGRJTNEAIEO,82375114_BPORINGO_SXKPVCFE_0_18,82375114_BPORINGO_SXKPVCFE_0,ZSGCCATIPCUH,0
82375114_BPORINGO_SXKPVCFE_0_19,82375114_BPORINGO_SXKPVCFE_0,TRGRJTNEAIEO,82375114_BPORINGO_SXKPVCFE_0_19,82375114_BPORINGO_SXKPVCFE_0,ZSGCCATIPCUH,0
82375114_BPORINGO_SXKPVCFE_0_20,82375114_BPORINGO_SXKPVCFE_0,TRGRJTNEAIEO,82375114_BPORINGO_SXKPVCFE_0_20,82375114_BPORINGO_SXKPVCFE_0,ZSGCCATIPCUH,0
82375114_BPORINGO_SXKPVCFE_0_21,82375114_BPORINGO_SXKPVCFE_0,TRGRJTNEAIEO,82375114_BPORINGO_SXKPVCFE_0_21,82375114_BPORINGO_SXKPVCFE_0,ZSGCCATIPCUH,0
82375114_BPORINGO_SXKPVCFE_0_23,82375114_BPORINGO_SXKPVCFE_0,TRGRJTNEAIEO,82375114_BPORINGO_SXKPVCFE_0_23,82375114_BPORINGO_SXKPVCFE_0,ZSGCCATIPCUH,0
82375114_BPORINGO_SXKPVCFE_0_24,82375114_BPORINGO_SXKPVCFE_0,TRGRJTNEAIEO,82375114_BPORINGO_SXKPVCFE_0_24,82375114_BPORINGO_SXKPVCFE_0,ZSGCCATIPCUH,0
82375114_BPORINGO_SXKPVCFE_0_25,82375114_BPORINGO_SXKPVCFE_0,TRGRJTNEAIEO,82375114_BPORINGO_SXKPVCFE_0_25,82375114_BPORINGO_SXKPVCFE_0,ZSGCCATIPCUH,1
82375114_BPORINGO_SXKPVCFE_0_26,82375114_BPORINGO_SXKPVCFE_0,TRGRJTNEAIEO,82375114_BPORINGO_SXKPVCFE_0_26,82375114_BPORINGO_SXKPVCFE_0,ZSGCCATIPCUH,0
82375114_BPORINGO_SXKPVCFE_0_27,82375114_BPORINGO_SXKPVCFE_0,TRGRJTNEAIEO,82375114_BPORINGO_SXKPVCFE_0_27,82375114_BPORINGO_SXKPVCFE_0,ZSGCCATIPCUH,0
82375114_BPORINGO_SXKPVCFE_0_28,82375114_BPORINGO_SXKPVCFE_0,TRGRJTNEAIEO,82375114_BPORINGO_SXKPVCFE_0_28,82375114_BPORINGO_SXKPVCFE_0,ZSGCCATIPCUH,0
82375114_BPORINGO_SXKPVCFE_0_29,82375114_BPORINGO_SXKPVCFE_0,TRGRJTNEAIEO,82375114_BPORINGO_SXKPVCFE_0_29,82375114_BPORINGO_SXKPVCFE_0,ZSGCCATIPCUH,0
82375114_BPORINGO_SXKPVCFE_0_30,82375114_BPORINGO_SXKPVCFE_0,TRGRJTNEAIEO,82375114_BPORINGO_SXKPVCFE_0_30,82375114_BPORINGO_SXKPVCFE_0,ZSGCCATIPCUH,0
82375114_BPORINGO_SXKPVCFE_0_31,82375114_BPORINGO_SXKPVCFE_0,TRGRJTNEAIEO,82375114_BPORINGO_SXKPVCFE_0_31,82375114_BPORINGO_SXKPVCFE_0,ZSGCCATIPCUH,0
82375114_BPORINGO_SXKPVCFE_0_32,82375114_BPORINGO_SXKPVCFE_0,TRGRJTNEAIEO,82375114_BPORINGO_SXKPVCFE_0_32,82375114_BPORINGO_SXKPVCFE_0,ZSGCCATIPCUH,0
82375114_BPORINGO_SXKPVCFE_0_33,82375114_BPORINGO_SXKPVCFE_0,TRGRJTNEAIEO,82375114_BPORINGO_SXKPVCFE_0_33,82375114_BPORINGO_SXKPVCFE_0,ZSGCCATIPCUH,0
82375114_BPORINGO_SXKPVCFE_0_34,82375114_BPORINGO_SXKPVCFE_0,TRGRJTNEAIEO,82375114_BPORINGO_SXKPVCFE_0_34,82375114_BPORINGO_SXKPVCFE_0,ZSGCCATIPCUH,0
82375114_BPORINGO_SXKPVCFE_0_35,82375114_BPORINGO_SXKPVCFE_0,TRGRJTNEAIEO,82375114_BPORINGO_SXKPVCFE_0_35,82375114_BPORINGO_SXKPVCFE_0,ZSGCCATIPCUH,0
82375114_BPORINGO_SXKPVCFE_0_36,82375114_BPORINGO_SXKPVCFE_0,TRGRJTNEAIEO,82375114_BPORINGO_SXKPVCFE_0_36,82375114_BPORINGO_SXKPVCFE_0,ZSGCCATIPCUH,0
82375114_BPORINGO_SXKPVCFE_0_37,82375114_BPORINGO_SXKPVCFE_0,TRGRJTNEAIEO,82375114_BPORINGO_SXKPVCFE_0_37,82375114_BPORINGO_SXKPVCFE_0,ZSGCCATIPCUH,0
82375114_BPORINGO_SXKPVCFE_0_38,82375114_BPORINGO_SXKPVCFE_0,TRGRJTNEAIEO,82375114_BPORINGO_SXKPVCFE_0_38,82375114_BPORINGO_SXKPVCFE_0,ZSGCCATIPCUH,0
82375114_BPORINGO_SXKPVCFE_0_39,82375114_BPORINGO_SXKPVCFE_0,TRGRJTNEAIEO,82375114_BPORINGO_SXKPVCFE_0_39,82375114_BPORINGO_SXKPVCFE_0,ZSGCCATIPCUH,0
82375114_BPORINGO_SXKPVCFE_0_40,82375114_BPORINGO_SXKPVCFE_0,TRGRJTNEAIEO,82375114_BPORINGO_SXKPVCFE_0_40,82375114_BPORINGO_SXKPVCFE_0,ZSGCCATIPCUH,0
82375114_BPORINGO_SXKPVCFE_0_41,82375114_BPORINGO_SXKPVCFE_0,TRGRJTNEAIEO,82375114_BPORINGO_SXKPVCFE_0_41,82375114_BPORINGO_SXKPVCFE_0,ZSGCCATIPCUH,0
82375114_BPORINGO_SXKPVCFE_0_42,82375114_BPORINGO_SXKPVCFE_0,TRGRJTNEAIEO,82375114_BPORINGO_SXKPVCFE_0_42,82375114_BPORINGO_SXKPVCFE_0,ZSGCCATIPCUH,0
82375114_BPORINGO_SXKPVCFE_0_43,82375114_BPORINGO_SXKPVCFE_0,TRGRJTNEAIEO,82375114_BPORINGO_SXKPVCFE_0_43,82375114_BPORINGO_SXKPVCFE_0,ZSGCCATIPCUH,0
82375114_BPORINGO_SXKPVCFE_0_44,82375114_BPORINGO_SXKPVCFE_0,TRGRJTNEAIEO,82375114_BPORINGO_SXKPVCFE_0_44,82375114_BPORINGO_SXKPVCFE_0,ZSGCCATIPCUH,0
82375114_BPORINGO_SXKPVCFE_0_45,82375114_BPORINGO_SXKPVCFE_0,TRGRJTNEAIEO,82375114_BPORINGO_SXKPVCFE_0_45,82375114_BPORINGO_SXKPVCFE_0,ZSGCCATIPCUH,0
82375114_BPORINGO_SXKPVCFE_0_46,82375114_BPORINGO_SXKPVCFE_0,TRGRJTNEAIEO,82375114_BPORINGO_SXKPVCFE_0_46,82375114_BPORINGO_SXKPVCFE_0,ZSGCCATIPCUH,0
82375114_BPORINGO_SXKPVCFE_0_47,82375114_BPORINGO_SXKPVCFE_0,TRGRJTNEAIEO,82375114_BPORINGO_SXKPVCFE_0_47,82375114_BPORINGO_SXKPVCFE_0,ZSGCCATIPCUH,0
82375114_BPORINGO_SXKPVCFE_0_48,82375114_BPORINGO_SXKPVCFE_0,TRGRJTNEAIEO,82375114_BPORINGO_SXKPVCFE_0_48,82375114_BPORINGO_SXKPVCFE_0,ZSGCCATIPCUH,0
82375114_BPORINGO_SXKPVCFE_0_49,82375114_BPORINGO_SXKPVCFE_0,TRGRJTNEAIEO,82375114_BPORINGO_SXKPVCFE_0_49,82375114_BPORINGO_SXKPVCFE_0,ZSGCCATIPCUH,0
82375114_BPORINGO_SXKPVCFE_0_50,82375114_BPORINGO_SXKPVCFE_0,TRGRJTNEAIEO,82375114_BPORINGO_SXKPVCFE_0_50,82375114_BPORINGO_SXKPVCFE_0,ZSGCCATIPCUH,0
82375114_BPORINGO_SXKPVCFE_0_51,82375114_BPORINGO_SXKPVCFE_0,TRGRJTNEAIEO,82375114_BPORINGO_SXKPVCFE_0_51,82375114_BPORINGO_SXKPVCFE_0,ZSGCCATIPCUH,0
82375114_BPORINGO_SXKPVCFE_0_52,82375114_BPORINGO_SXKPVCFE_0,TRGRJTNEAIEO,82375114_BPORINGO_SXKPVCFE_0_52,82375114_BPORINGO_SXKPVCFE_0,ZSGCCATIPCUH,0
82375114_BPORINGO_SXKPVCFE_0_53,82375114_BPORINGO_SXKPVCFE_0,TRGRJTNEAIEO,82375114_BPORINGO_SXKPVCFE_0_53,82375114_BPORINGO_SXKPVCFE_0,ZSGCCATIPCUH,0
82375114_BPORINGO_SXKPVCFE_0_54,82375114_BPORINGO_SXKPVCFE_0,TRGRJTNEAIEO,82375114_BPORINGO_SXKPVCFE_0_54,82375114_BPORINGO_SXKPVCFE_0,ZSGCCATIPCUH,0
82375114_BPORINGO_SXKPVCFE_0_55,82375114_BPORINGO_SXKPVCFE_0,TRGRJTNEAIEO,82375114_BPORINGO_SXKPVCFE_0_55,82375114_BPORINGO_SXKPVCFE_0,ZSGCCATIPCUH,0
82375114_BPORINGO_SXKPVCFE_0_56,82375114_BPORINGO_SXKPVCFE_0,TRGRJTNEAIEO,82375114_BPORINGO_SXKPVCFE_0_56,82375114_BPORINGO_SXKPVCFE_0,ZSGCCATIPCUH,0
82375114_BPORINGO_SXKPVCFE_0_57,82375114_BPORINGO_SXKPVCFE_0,TRGRJTNEAIEO,82375114_BPORINGO_SXKPVCFE_0_57,82375114_BPORINGO_SXKPVCFE_0,ZSGCCATIPCUH,0
82375114_BPORINGO_SXKPVCFE_0_58,82375114_BPORINGO_SXKPVCFE_0,TRGRJTNEAIEO,82375114_BPORINGO_SXKPVCFE_0_58,82375114_BPORINGO_SXKPVCFE_0,ZSGCCATIPCUH,0
82375114_BPORINGO_SXKPVCFE_0_59,82375114_BPORINGO_SXKPVCFE_0,TRGRJTNEAIEO,82375114_BPORINGO_SXKPVCFE_0_59,82375114_BPORINGO_SXKPVCFE_0,ZSGCCATIPCUH,0
82375114_BPORINGO_SXKPVCFE_0_60,82375114_BPORINGO_SXKPVCFE_0,TRGRJTNEAIEO,82375114_BPORINGO_SXKPVCFE_0_60,82375114_BPORINGO_SXKPVCFE_0,ZSGCCATIPCUH,0
82375114_BPORINGO_SXKPVCFE_0_61,82375114_BPORINGO_SXKPVCFE_0,TRGRJTNEAIEO,82375114_BPORINGO_SXKPVCFE_0_61,82375114_BPORINGO_SXKPVCFE_0,ZSGCCATIPCUH,0
82375114_BPORINGO_SXKPVCFE_0_62,82375114_BPORINGO_SXKPVCFE_0,TRGRJTNEAIEO,82375114_BPORINGO_SXKPVCFE_0_62,82375114_BPORINGO_SXKPVCFE_0,ZSGCCATIPCUH,0
82375114_BPORINGO_SXKPVCFE_0_63,82375114_BPORINGO_SXKPVCFE_0,TRGRJTNEAIEO,82375114_BPORINGO_SXKPVCFE_0_63,82375114_BPORINGO_SXKPVCFE_0,ZSGCCATIPCUH,0
82375114_BPORINGO_SXKPVCFE_0_64,82375114_BPORINGO_SXKPVCFE_0,TRGRJTNEAIEO,82375114_BPORINGO_SXKPVCFE_0_64,82375114_BPORINGO_SXKPVCFE_0,ZSGCCATIPCUH,0
82375114_BPORINGO_SXKPVCFE_0_65,82375114_BPORINGO_SXKPVCFE_0,TRGRJTNEAIEO,82375114_BPORINGO_SXKPVCFE_0_65,82375114_BPORINGO_SXKPVCFE_0,ZSGCCATIPCUH,0
82375114_BPORINGO_SXKPVCFE_0_66,82375114_BPORINGO_SXKPVCFE_0,TRGRJTNEAIEO,82375114_BPORINGO_SXKPVCFE_0_66,82375114_BPORINGO_SXKPVCFE_0,ZSGCCATIPCUH,0
82375114_BPORINGO_SXKPVCFE_0_67,82375114_BPORINGO_SXKPVCFE_0,TRGRJTNEAIEO,82375114_BPORINGO_SXKPVCFE_0_67,82375114_BPORINGO_SXKPVCFE_0,ZSGCCATIPCUH,1
82375114_BPORINGO_SXKPVCFE_0_68,82375114_BPORINGO_SXKPVCFE_0,TRGRJTNEAIEO,82375114_BPORINGO_SXKPVCFE_0_68,82375114_BPORINGO_SXKPVCFE_0,ZSGCCATIPCUH,0
82375114_BPORINGO_SXKPVCFE_0_69,82375114_BPORINGO_SXKPVCFE_0,TRGRJTNEAIEO,82375114_BPORINGO_SXKPVCFE_0_69,82375114_BPORINGO_SXKPVCFE_0,ZSGCCATIPCUH,0
82375114_BPORINGO_SXKPVCFE_0_70,82375114_BPORINGO_SXKPVCFE_0,TRGRJTNEAIEO,82375114_BPORINGO_SXKPVCFE_0_70,82375114_BPORINGO_SXKPVCFE_0,ZSGCCATIPCUH,0
82375114_BPORINGO_SXKPVCFE_0_71,82375114_BPORINGO_SXKPVCFE_0,TRGRJTNEAIEO,82375114_BPORINGO_SXKPVCFE_0_71,82375114_BPORINGO_SXKPVCFE_0,ZSGCCATIPCUH,0
82375114_BPORINGO_SXKPVCFE_0_72,82375114_BPORINGO_SXKPVCFE_0,TRGRJTNEAIEO,82375114_BPORINGO_SXKPVCFE_0_72,82375114_BPORINGO_SXKPVCFE_0,ZSGCCATIPCUH,0
82375114_BPORINGO_SXKPVCFE_0_73,82375114_BPORINGO_SXKPVCFE_0,TRGRJTNEAIEO,82375114_BPORINGO_SXKPVCFE_0_73,82375114_BPORINGO_SXKPVCFE_0,ZSGCCATIPCUH,0
82375114_BPORINGO_SXKPVCFE_0_74,82375114_BPORINGO_SXKPVCFE_0,TRGRJTNEAIEO,82375114_BPORINGO_SXKPVCFE_0_74,82375114_BPORINGO_SXKPVCFE_0,ZSGCCATIPCUH,0
82375114_BPORINGO_SXKPVCFE_0_75,82375114_BPORINGO_SXKPVCFE_0,TRGRJTNEAIEO,82375114_BPORINGO_SXKPVCFE_0_75,82375114_BPORINGO_SXKPVCFE_0,ZSGCCATIPCUH,0
82375114_BPORINGO_SXKPVCFE_0_76,82375114_BPORINGO_SXKPVCFE_0,TRGRJTNEAIEO,82375114_BPORINGO_SXKPVCFE_0_76,82375114_BPORINGO_SXKPVCFE_0,ZSGCCATIPCUH,0
82375114_BPORINGO_SXKPVCFE_0_77,82375114_BPORINGO_SXKPVCFE_0,TRGRJTNEAIEO,82375114_BPORINGO_SXKPVCFE_0_77,82375114_BPORINGO_SXKPVCFE_0,ZSGCCATIPCUH,0
82375114_BPORINGO_SXKPVCFE_0_78,82375114_BPORINGO_SXKPVCFE_0,TRGRJTNEAIEO,82375114_BPORINGO_SXKPVCFE_0_78,82375114_BPORINGO_SXKPVCFE_0,ZSGCCATIPCUH,0
82375114_BPORINGO_SXKPVCFE_0_79,82375114_BPORINGO_SXKPVCFE_0,TRGRJTNEAIEO,82375114_BPORINGO_SXKPVCFE_0_79,82375114_BPORINGO_SXKPVCFE_0,ZSGCCATIPCUH,0
82375114_BPORINGO_SXKPVCFE_0_80,82375114_BPORINGO_SXKPVCFE_0,TRGRJTNEAIEO,82375114_BPORINGO_SXKPVCFE_0_80,82375114_BPORINGO_SXKPVCFE_0,ZSGCCATIPCUH,0
82375114_BPORINGO_SXKPVCFE_0_81,82375114_BPORINGO_SXKPVCFE_0,TRGRJTNEAIEO,82375114_BPORINGO_SXKPVCFE_0_81,82375114_BPORINGO_SXKPVCFE_0,ZSGCCATIPCUH,0
82375114_BPORINGO_SXKPVCFE_0_82,82375114_BPORINGO_SXKPVCFE_0,TRGRJTNEAIEO,82375114_BPORINGO_SXKPVCFE_0_82,82375114_BPORINGO_SXKPVCFE_0,ZSGCCATIPCUH,0
82375114_BPORINGO_SXKPVCFE_0_83,82375114_BPORINGO_SXKPVCFE_0,TRGRJTNEAIEO,82375114_BPORINGO_SXKPVCFE_0_83,82375114_BPORINGO_SXKPVCFE_0,ZSGCCATIPCUH,0
82375114_BPORINGO_SXKPVCFE_0_84,82375114_BPORINGO_SXKPVCFE_0,TRGRJTNEAIEO,82375114_BPORINGO_SXKPVCFE_0_84,82375114_BPORINGO_SXKPVCFE_0,ZSGCCATIPCUH,0
82375114_BPORINGO_SXKPVCFE_0_85,82375114_BPORINGO_SXKPVCFE_0,TRGRJTNEAIEO,82375114_BPORINGO_SXKPVCFE_0_85,82375114_BPORINGO_SXKPVCFE_0,ZSGCCATIPCUH,0
82375114_BPORINGO_SXKPVCFE_0_86,82375114_BPORINGO_SXKPVCFE_0,TRGRJTNEAIEO,82375114_BPORINGO_SXKPVCFE_0_86,82375114_BPORINGO_SXKPVCFE_0,ZSGCCATIPCUH,0
82375114_BPORINGO_SXKPVCFE_0_87,82375114_BPORINGO_SXKPVCFE_0,TRGRJTNEAIEO,82375114_BPORINGO_SXKPVCFE_0_87,82375114_BPORINGO_SXKPVCFE_0,ZSGCCATIPCUH,0
82375114_BPORINGO_SXKPVCFE_0_88,82375114_BPORINGO_SXKPVCFE_0,TRGRJTNEAIEO,82375114_BPORINGO_SXKPVCFE_0_88,82375114_BPORINGO_SXKPVCFE_0,ZSGCCATIPCUH,0
26715580_DRXGSCTF_IQIICCGV_0_0,26715580_DRXGSCTF_IQIICCGV_0,EZOAIVNKIBFL,26715580_DRXGSCTF_IQIICCGV_0_0,26715580_DRXGSCTF_IQIICCGV_0,RFOGWHUUFHES,0
26715580_DRXGSCTF_IQIICCGV_0_1,26715580_DRXGSCTF_IQIICCGV_0,EZOAIVNKIBFL,26715580_DRXGSCTF_IQIICCGV_0_1,26715580_DRXGSCTF_IQIICCGV_0,RFOGWHUUFHES,0
26715580_DRXGSCTF_IQIICCGV_0_2,26715580_DRXGSCTF_IQIICCGV_0,EZOAIVNKIBFL,26715580_DRXGSCTF_IQIICCGV_0_2,26715580_DRXGSCTF_IQIICCGV_0,RFOGWHUUFHES,0
26715580_DRXGSCTF_IQIICCGV_0_3,26715580_DRXGSCTF_IQIICCGV_0,EZOAIVNKIBFL,26715580_DRXGSCTF_IQIICCGV_0_3,26715580_DRXGSCTF_IQIICCGV_0,RFOGWHUUFHES,0
26715580_DRXGSCTF_IQIICCGV_0_4,26715580_DRXGSCTF_IQIICCGV_0,EZOAIVNKIBFL,26715580_DRXGSCTF_IQIICCGV_0_4,26715580_DRXGSCTF_IQIICCGV_0,RFOGWHUUFHES,0
26715580_DRXGSCTF_IQIICCGV_0_5,26715580_DRXGSCTF_IQIICCGV_0,EZOAIVNKIBFL,26715580_DRXGSCTF_IQIICCGV_0_5,26715580_DRXGSCTF_IQIICCGV_0,RFOGWHUUFHES,0
37437623_SWIOJTSM_IQIICCGV_0_0,37437623_SWIOJTSM_IQIICCGV_0,NXGMNLYRIQVW,37437623_SWIOJTSM_IQIICCGV_0_0,37437623_SWIOJTSM_IQIICCGV_0,XNDNAMANQAUV,0
37437623_SWIOJTSM_IQIICCGV_0_1,37437623_SWIOJTSM_IQIICCGV_0,NXGMNLYRIQVW,37437623_SWIOJTSM_IQIICCGV_0_1,37437623_SWIOJTSM_IQIICCGV_0,XNDNAMANQAUV,0
37437623_SWIOJTSM_IQIICCGV_0_2,37437623_SWIOJTSM_IQIICCGV_0,NXGMNLYRIQVW,37437623_SWIOJTSM_IQIICCGV_0_2,37437623_SWIOJTSM_IQIICCGV_0,XNDNAMANQAUV,0
37437623_SWIOJTSM_IQIICCGV_0_3,37437623_SWIOJTSM_IQIICCGV_0,NXGMNLYRIQVW,37437623_SWIOJTSM_IQIICCGV_0_3,37437623_SWIOJTSM_IQIICCGV_0,XNDNAMANQAUV,0
37437623_SWIOJTSM_IQIICCGV_0_4,37437623_SWIOJTSM_IQIICCGV_0,NXGMNLYRIQVW,37437623_SWIOJTSM_IQIICCGV_0_4,37437623_SWIOJTSM_IQIICCGV_0,XNDNAMANQAUV,0
37437623_SWIOJTSM_IQIICCGV_0_5,37437623_SWIOJTSM_IQIICCGV_0,NXGMNLYRIQVW,37437623_SWIOJTSM_IQIICCGV_0_5,37437623_SWIOJTSM_IQIICCGV_0,XNDNAMANQAUV,0
37437623_SWIOJTSM_IQIICCGV_0_7,37437623_SWIOJTSM_IQIICCGV_0,NXGMNLYRIQVW,37437623_SWIOJTSM_IQIICCGV_0_7,37437623_SWIOJTSM_IQIICCGV_0,XNDNAMANQAUV,0
37437623_SWIOJTSM_IQIICCGV_0_8,37437623_SWIOJTSM_IQIICCGV_0,NXGMNLYRIQVW,37437623_SWIOJTSM_IQIICCGV_0_8,37437623_SWIOJTSM_IQIICCGV_0,XNDNAMANQAUV,0
37437623_SWIOJTSM_IQIICCGV_0_9,37437623_SWIOJTSM_IQIICCGV_0,NXGMNLYRIQVW,37437623_SWIOJTSM_IQIICCGV_0_9,37437623_SWIOJTSM_IQIICCGV_0,XNDNAMANQAUV,0
37437623_SWIOJTSM_IQIICCGV_0_10,37437623_SWIOJTSM_IQIICCGV_0,NXGMNLYRIQVW,37437623_SWIOJTSM_IQIICCGV_0_10,37437623_SWIOJTSM_IQIICCGV_0,XNDNAMANQAUV,1
37437623_SWIOJTSM_IQIICCGV_0_11,37437623_SWIOJTSM_IQIICCGV_0,NXGMNLYRIQVW,37437623_SWIOJTSM_IQIICCGV_0_11,37437623_SWIOJTSM_IQIICCGV_0,XNDNAMANQAUV,1
37437623_SWIOJTSM_IQIICCGV_0_12,37437623_SWIOJTSM_IQIICCGV_0,NXGMNLYRIQVW,37437623_SWIOJTSM_IQIICCGV_0_12,37437623_SWIOJTSM_IQIICCGV_0,XNDNAMANQAUV,0
37437623_SWIOJTSM_IQIICCGV_0_13,37437623_SWIOJTSM_IQIICCGV_0,NXGMNLYRIQVW,37437623_SWIOJTSM_IQIICCGV_0_13,37437623_SWIOJTSM_IQIICCGV_0,XNDNAMANQAUV,0
37437623_SWIOJTSM_IQIICCGV_0_14,37437623_SWIOJTSM_IQIICCGV_0,NXGMNLYRIQVW,37437623_SWIOJTSM_IQIICCGV_0_14,37437623_SWIOJTSM_IQIICCGV_0,XNDNAMANQAUV,0
37437623_SWIOJTSM_IQIICCGV_0_15,37437623_SWIOJTSM_IQIICCGV_0,NXGMNLYRIQVW,37437623_SWIOJTSM_IQIICCGV_0_15,37437623_SWIOJTSM_IQIICCGV_0,XNDNAMANQAUV,0
37437623_SWIOJTSM_IQIICCGV_0_16,37437623_SWIOJTSM_IQIICCGV_0,NXGMNLYRIQVW,37437623_SWIOJTSM_IQIICCGV_0_16,37437623_SWIOJTSM_IQIICCGV_0,XNDNAMANQAUV,0
37437623_SWIOJTSM_IQIICCGV_0_17,37437623_SWIOJTSM_IQIICCGV_0,NXGMNLYRIQVW,37437623_SWIOJTSM_IQIICCGV_0_17,37437623_SWIOJTSM_IQIICCGV_0,XNDNAMANQAUV,0
37437623_SWIOJTSM_IQIICCGV_0_18,37437623_SWIOJTSM_IQIICCGV_0,NXGMNLYRIQVW,37437623_SWIOJTSM_IQIICCGV_0_18,37437623_SWIOJTSM_IQIICCGV_0,XNDNAMANQAUV,0
37437623_SWIOJTSM_IQIICCGV_0_19,37437623_SWIOJTSM_IQIICCGV_0,NXGMNLYRIQVW,37437623_SWIOJTSM_IQIICCGV_0_19,37437623_SWIOJTSM_IQIICCGV_0,XNDNAMANQAUV,0
37437623_SWIOJTSM_IQIICCGV_0_20,37437623_SWIOJTSM_IQIICCGV_0,NXGMNLYRIQVW,37437623_SWIOJTSM_IQIICCGV_0_20,37437623_SWIOJTSM_IQIICCGV_0,XNDNAMANQAUV,0
37437623_SWIOJTSM_IQIICCGV_0_21,37437623_SWIOJTSM_IQIICCGV_0,NXGMNLYRIQVW,37437623_SWIOJTSM_IQIICCGV_0_21,37437623_SWIOJTSM_IQIICCGV_0,XNDNAMANQAUV,0
37437623_SWIOJTSM_IQIICCGV_0_22,37437623_SWIOJTSM_IQIICCGV_0,NXGMNLYRIQVW,37437623_SWIOJTSM_IQIICCGV_0_22,37437623_SWIOJTSM_IQIICCGV_0,XNDNAMANQAUV,1
37437623_SWIOJTSM_IQIICCGV_0_23,37437623_SWIOJTSM_IQIICCGV_0,NXGMNLYRIQVW,37437623_SWIOJTSM_IQIICCGV_0_23,37437623_SWIOJTSM_IQIICCGV_0,XNDNAMANQAUV,1
37437623_SWIOJTSM_IQIICCGV_0_24,37437623_SWIOJTSM_IQIICCGV_0,NXGMNLYRIQVW,37437623_SWIOJTSM_IQIICCGV_0_24,37437623_SWIOJTSM_IQIICCGV_0,XNDNAMANQAUV,0
37437623_SWIOJTSM_IQIICCGV_0_25,37437623_SWIOJTSM_IQIICCGV_0,NXGMNLYRIQVW,37437623_SWIOJTSM_IQIICCGV_0_25,37437623_SWIOJTSM_IQIICCGV_0,XNDNAMANQAUV,0
37437623_SWIOJTSM_IQIICCGV_0_26,37437623_SWIOJTSM_IQIICCGV_0,NXGMNLYRIQVW,37437623_SWIOJTSM_IQIICCGV_0_26,37437623_SWIOJTSM_IQIICCGV_0,XNDNAMANQAUV,0
37437623_SWIOJTSM_IQIICCGV_0_27,37437623_SWIOJTSM_IQIICCGV_0,NXGMNLYRIQVW,37437623_SWIOJTSM_IQIICCGV_0_27,37437623_SWIOJTSM_IQIICCGV_0,XNDNAMANQAUV,0
37437623_IQIICCGV_DRXGSCTF_0_0,37437623_IQIICCGV_DRXGSCTF_0,NXGMNLYRIQVW,37437623_IQIICCGV_DRXGSCTF_0_0,37437623_IQIICCGV_DRXGSCTF_0,XNDNAMANQAUV,0
37437623_IQIICCGV_DRXGSCTF_0_1,37437623_IQIICCGV_DRXGSCTF_0,NXGMNLYRIQVW,37437623_IQIICCGV_DRXGSCTF_0_1,37437623_IQIICCGV_DRXGSCTF_0,XNDNAMANQAUV,0
37437623_IQIICCGV_DRXGSCTF_0_2,37437623_IQIICCGV_DRXGSCTF_0,NXGMNLYRIQVW,37437623_IQIICCGV_DRXGSCTF_0_2,37437623_IQIICCGV_DRXGSCTF_0,XNDNAMANQAUV,0
37437623_IQIICCGV_DRXGSCTF_0_3,37437623_IQIICCGV_DRXGSCTF_0,NXGMNLYRIQVW,37437623_IQIICCGV_DRXGSCTF_0_3,37437623_IQIICCGV_DRXGSCTF_0,XNDNAMANQAUV,0
37437623_IQIICCGV_DRXGSCTF_0_4,37437623_IQIICCGV_DRXGSCTF_0,NXGMNLYRIQVW,37437623_IQIICCGV_DRXGSCTF_0_4,37437623_IQIICCGV_DRXGSCTF_0,XNDNAMANQAUV,0
93406121_DRXGSCTF_IQIICCGV_0_0,93406121_DRXGSCTF_IQIICCGV_0,PCNWRAPTSPEE,93406121_DRXGSCTF_IQIICCGV_0_0,93406121_DRXGSCTF_IQIICCGV_0,CBTLAJAQTQRW,1
93406121_DRXGSCTF_IQIICCGV_0_1,93406121_DRXGSCTF_IQIICCGV_0,PCNWRAPTSPEE,93406121_DRXGSCTF_IQIICCGV_0_1,93406121_DRXGSCTF_IQIICCGV_0,CBTLAJAQTQRW,1
93406121_DRXGSCTF_IQIICCGV_0_2,93406121_DRXGSCTF_IQIICCGV_0,PCNWRAPTSPEE,93406121_DRXGSCTF_IQIICCGV_0_2,93406121_DRXGSCTF_IQIICCGV_0,CBTLAJAQTQRW,1
93406121_DRXGSCTF_IQIICCGV_0_4,93406121_DRXGSCTF_IQIICCGV_0,PCNWRAPTSPEE,93406121_DRXGSCTF_IQIICCGV_0_4,93406121_DRXGSCTF_IQIICCGV_0,CBTLAJAQTQRW,1
93406121_DRXGSCTF_IQIICCGV_0_5,93406121_DRXGSCTF_IQIICCGV_0,PCNWRAPTSPEE,93406121_DRXGSCTF_IQIICCGV_0_5,93406121_DRXGSCTF_IQIICCGV_0,CBTLAJAQTQRW,1
12339577_IQIICCGV_DRXGSCTF_0_0,12339577_IQIICCGV_DRXGSCTF_0,TBLAQSLPIYUR,12339577_IQIICCGV_DRXGSCTF_0_0,12339577_IQIICCGV_DRXGSCTF_0,MZDBZRZSDTSH,0
12339577_IQIICCGV_DRXGSCTF_0_1,12339577_IQIICCGV_DRXGSCTF_0,TBLAQSLPIYUR,12339577_IQIICCGV_DRXGSCTF_0_1,12339577_IQIICCGV_DRXGSCTF_0,MZDBZRZSDTSH,0
12339577_IQIICCGV_DRXGSCTF_0_2,12339577_IQIICCGV_DRXGSCTF_0,TBLAQSLPIYUR,12339577_IQIICCGV_DRXGSCTF_0_2,12339577_IQIICCGV_DRXGSCTF_0,MZDBZRZSDTSH,0
12339577_IQIICCGV_DRXGSCTF_0_3,12339577_IQIICCGV_DRXGSCTF_0,TBLAQSLPIYUR,12339577_IQIICCGV_DRXGSCTF_0_3,12339577_IQIICCGV_DRXGSCTF_0,MZDBZRZSDTSH,0
12339577_IQIICCGV_DRXGSCTF_0_4,12339577_IQIICCGV_DRXGSCTF_0,TBLAQSLPIYUR,12339577_IQIICCGV_DRXGSCTF_0_4,12339577_IQIICCGV_DRXGSCTF_0,MZDBZRZSDTSH,0
12339577_IQIICCGV_DRXGSCTF_0_5,12339577_IQIICCGV_DRXGSCTF_0,TBLAQSLPIYUR,12339577_IQIICCGV_DRXGSCTF_0_5,12339577_IQIICCGV_DRXGSCTF_0,MZDBZRZSDTSH,0
12339577_IQIICCGV_DRXGSCTF_0_6,12339577_IQIICCGV_DRXGSCTF_0,TBLAQSLPIYUR,12339577_IQIICCGV_DRXGSCTF_0_6,12339577_IQIICCGV_DRXGSCTF_0,MZDBZRZSDTSH,0
12339577_DRXGSCTF_RWGIMNJG_0_0,12339577_DRXGSCTF_RWGIMNJG_0,TBLAQSLPIYUR,12339577_DRXGSCTF_RWGIMNJG_0_0,12339577_DRXGSCTF_RWGIMNJG_0,MZDBZRZSDTSH,0
12339577_DRXGSCTF_RWGIMNJG_0_2,12339577_DRXGSCTF_RWGIMNJG_0,TBLAQSLPIYUR,12339577_DRXGSCTF_RWGIMNJG_0_2,12339577_DRXGSCTF_RWGIMNJG_0,MZDBZRZSDTSH,0
12339577_DRXGSCTF_RWGIMNJG_0_3,12339577_DRXGSCTF_RWGIMNJG_0,TBLAQSLPIYUR,12339577_DRXGSCTF_RWGIMNJG_0_3,12339577_DRXGSCTF_RWGIMNJG_0,MZDBZRZSDTSH,0
12339577_DRXGSCTF_RWGIMNJG_0_4,12339577_DRXGSCTF_RWGIMNJG_0,TBLAQSLPIYUR,12339577_DRXGSCTF_RWGIMNJG_0_4,12339577_DRXGSCTF_RWGIMNJG_0,MZDBZRZSDTSH,0
12339577_DRXGSCTF_RWGIMNJG_0_5,12339577_DRXGSCTF_RWGIMNJG_0,TBLAQSLPIYUR,12339577_DRXGSCTF_RWGIMNJG_0_5,12339577_DRXGSCTF_RWGIMNJG_0,MZDBZRZSDTSH,0
12339577_DRXGSCTF_RWGIMNJG_0_6,12339577_DRXGSCTF_RWGIMNJG_0,TBLAQSLPIYUR,12339577_DRXGSCTF_RWGIMNJG_0_6,12339577_DRXGSCTF_RWGIMNJG_0,MZDBZRZSDTSH,0
12339577_DRXGSCTF_RWGIMNJG_0_7,12339577_DRXGSCTF_RWGIMNJG_0,TBLAQSLPIYUR,12339577_DRXGSCTF_RWGIMNJG_0_7,12339577_DRXGSCTF_RWGIMNJG_0,MZDBZRZSDTSH,0
12339577_DRXGSCTF_RWGIMNJG_0_8,12339577_DRXGSCTF_RWGIMNJG_0,TBLAQSLPIYUR,12339577_DRXGSCTF_RWGIMNJG_0_8,12339577_DRXGSCTF_RWGIMNJG_0,MZDBZRZSDTSH,0
12339577_DRXGSCTF_RWGIMNJG_0_9,12339577_DRXGSCTF_RWGIMNJG_0,TBLAQSLPIYUR,12339577_DRXGSCTF_RWGIMNJG_0_9,12339577_DRXGSCTF_RWGIMNJG_0,MZDBZRZSDTSH,0
12339577_DRXGSCTF_RWGIMNJG_0_10,12339577_DRXGSCTF_RWGIMNJG_0,TBLAQSLPIYUR,12339577_DRXGSCTF_RWGIMNJG_0_10,12339577_DRXGSCTF_RWGIMNJG_0,MZDBZRZSDTSH,0
12339577_DRXGSCTF_RWGIMNJG_0_11,12339577_DRXGSCTF_RWGIMNJG_0,TBLAQSLPIYUR,12339577_DRXGSCTF_RWGIMNJG_0_11,12339577_DRXGSCTF_RWGIMNJG_0,MZDBZRZSDTSH,0
12339577_DRXGSCTF_RWGIMNJG_0_12,12339577_DRXGSCTF_RWGIMNJG_0,TBLAQSLPIYUR,12339577_DRXGSCTF_RWGIMNJG_0_12,12339577_DRXGSCTF_RWGIMNJG_0,MZDBZRZSDTSH,0
67167616_PQAQMNEW_NZKIUDON_0_0,67167616_PQAQMNEW_NZKIUDON_0,HFATHXAJGNQN,67167616_PQAQMNEW_NZKIUDON_0_0,67167616_PQAQMNEW_NZKIUDON_0,FDPVJIPSROKA,0
67167616_PQAQMNEW_NZKIUDON_0_1,67167616_PQAQMNEW_NZKIUDON_0,HFATHXAJGNQN,67167616_PQAQMNEW_NZKIUDON_0_1,67167616_PQAQMNEW_NZKIUDON_0,FDPVJIPSROKA,0
67167616_PQAQMNEW_NZKIUDON_0_2,67167616_PQAQMNEW_NZKIUDON_0,HFATHXAJGNQN,67167616_PQAQMNEW_NZKIUDON_0_2,67167616_PQAQMNEW_NZKIUDON_0,FDPVJIPSROKA,0
67167616_PQAQMNEW_NZKIUDON_0_3,67167616_PQAQMNEW_NZKIUDON_0,HFATHXAJGNQN,67167616_PQAQMNEW_NZKIUDON_0_3,67167616_PQAQMNEW_NZKIUDON_0,FDPVJIPSROKA,0
67167616_PQAQMNEW_NZKIUDON_0_4,67167616_PQAQMNEW_NZKIUDON_0,HFATHXAJGNQN,67167616_PQAQMNEW_NZKIUDON_0_4,67167616_PQAQMNEW_NZKIUDON_0,FDPVJIPSROKA,0
67167616_PQAQMNEW_NZKIUDON_0_5,67167616_PQAQMNEW_NZKIUDON_0,HFATHXAJGNQN,67167616_PQAQMNEW_NZKIUDON_0_5,67167616_PQAQMNEW_NZKIUDON_0,FDPVJIPSROKA,0
67167616_PQAQMNEW_NZKIUDON_0_6,67167616_PQAQMNEW_NZKIUDON_0,HFATHXAJGNQN,67167616_PQAQMNEW_NZKIUDON_0_6,67167616_PQAQMNEW_NZKIUDON_0,FDPVJIPSROKA,0
67167616_PQAQMNEW_NZKIUDON_0_7,67167616_PQAQMNEW_NZKIUDON_0,HFATHXAJGNQN,67167616_PQAQMNEW_NZKIUDON_0_7,67167616_PQAQMNEW_NZKIUDON_0,FDPVJIPSROKA,0
67167616_PQAQMNEW_NZKIUDON_0_8,67167616_PQAQMNEW_NZKIUDON_0,HFATHXAJGNQN,67167616_PQAQMNEW_NZKIUDON_0_8,67167616_PQAQMNEW_NZKIUDON_0,FDPVJIPSROKA,1
67167616_PQAQMNEW_NZKIUDON_0_9,67167616_PQAQMNEW_NZKIUDON_0,HFATHXAJGNQN,67167616_PQAQMNEW_NZKIUDON_0_9,67167616_PQAQMNEW_NZKIUDON_0,FDPVJIPSROKA,0
67167616_PQAQMNEW_NZKIUDON_0_10,67167616_PQAQMNEW_NZKIUDON_0,HFATHXAJGNQN,67167616_PQAQMNEW_NZKIUDON_0_10,67167616_PQAQMNEW_NZKIUDON_0,FDPVJIPSROKA,0
67167616_PQAQMNEW_NZKIUDON_0_11,67167616_PQAQMNEW_NZKIUDON_0,HFATHXAJGNQN,67167616_PQAQMNEW_NZKIUDON_0_11,67167616_PQAQMNEW_NZKIUDON_0,FDPVJIPSROKA,0
67167616_PQAQMNEW_NZKIUDON_0_12,67167616_PQAQMNEW_NZKIUDON_0,HFATHXAJGNQN,67167616_PQAQMNEW_NZKIUDON_0_12,67167616_PQAQMNEW_NZKIUDON_0,FDPVJIPSROKA,0
67167616_PQAQMNEW_NZKIUDON_0_14,67167616_PQAQMNEW_NZKIUDON_0,HFATHXAJGNQN,67167616_PQAQMNEW_NZKIUDON_0_14,67167616_PQAQMNEW_NZKIUDON_0,FDPVJIPSROKA,0
67167616_PQAQMNEW_NZKIUDON_0_15,67167616_PQAQMNEW_NZKIUDON_0,HFATHXAJGNQN,67167616_PQAQMNEW_NZKIUDON_0_15,67167616_PQAQMNEW_NZKIUDON_0,FDPVJIPSROKA,0
67167616_PQAQMNEW_NZKIUDON_0_16,67167616_PQAQMNEW_NZKIUDON_0,HFATHXAJGNQN,67167616_PQAQMNEW_NZKIUDON_0_16,67167616_PQAQMNEW_NZKIUDON_0,FDPVJIPSROKA,0
67167616_PQAQMNEW_NZKIUDON_0_17,67167616_PQAQMNEW_NZKIUDON_0,HFATHXAJGNQN,67167616_PQAQMNEW_NZKIUDON_0_17,67167616_PQAQMNEW_NZKIUDON_0,FDPVJIPSROKA,0
67167616_PQAQMNEW_NZKIUDON_0_18,67167616_PQAQMNEW_NZKIUDON_0,HFATHXAJGNQN,67167616_PQAQMNEW_NZKIUDON_0_18,67167616_PQAQMNEW_NZKIUDON_0,FDPVJIPSROKA,0
67167616_PQAQMNEW_NZKIUDON_0_19,67167616_PQAQMNEW_NZKIUDON_0,HFATHXAJGNQN,67167616_PQAQMNEW_NZKIUDON_0_19,67167616_PQAQMNEW_NZKIUDON_0,FDPVJIPSROKA,0
67167616_PQAQMNEW_NZKIUDON_0_21,67167616_PQAQMNEW_NZKIUDON_0,HFATHXAJGNQN,67167616_PQAQMNEW_NZKIUDON_0_21,67167616_PQAQMNEW_NZKIUDON_0,FDPVJIPSROKA,0
67167616_PQAQMNEW_NZKIUDON_0_22,67167616_PQAQMNEW_NZKIUDON_0,HFATHXAJGNQN,67167616_PQAQMNEW_NZKIUDON_0_22,67167616_PQAQMNEW_NZKIUDON_0,FDPVJIPSROKA,0
67167616_PQAQMNEW_NZKIUDON_0_23,67167616_PQAQMNEW_NZKIUDON_0,HFATHXAJGNQN,67167616_PQAQMNEW_NZKIUDON_0_23,67167616_PQAQMNEW_NZKIUDON_0,FDPVJIPSROKA,0
67167616_PQAQMNEW_NZKIUDON_0_24,67167616_PQAQMNEW_NZKIUDON_0,HFATHXAJGNQN,67167616_PQAQMNEW_NZKIUDON_0_24,67167616_PQAQMNEW_NZKIUDON_0,FDPVJIPSROKA,0
67167616_PQAQMNEW_NZKIUDON_0_25,67167616_PQAQMNEW_NZKIUDON_0,HFATHXAJGNQN,67167616_PQAQMNEW_NZKIUDON_0_25,67167616_PQAQMNEW_NZKIUDON_0,FDPVJIPSROKA,0
67167616_PQAQMNEW_NZKIUDON_0_26,67167616_PQAQMNEW_NZKIUDON_0,HFATHXAJGNQN,67167616_PQAQMNEW_NZKIUDON_0_26,67167616_PQAQMNEW_NZKIUDON_0,FDPVJIPSROKA,1
67167616_PQAQMNEW_NZKIUDON_0_27,67167616_PQAQMNEW_NZKIUDON_0,HFATHXAJGNQN,67167616_PQAQMNEW_NZKIUDON_0_27,67167616_PQAQMNEW_NZKIUDON_0,FDPVJIPSROKA,1
67167616_PQAQMNEW_NZKIUDON_0_28,67167616_PQAQMNEW_NZKIUDON_0,HFATHXAJGNQN,67167616_PQAQMNEW_NZKIUDON_0_28,67167616_PQAQMNEW_NZKIUDON_0,FDPVJIPSROKA,1
67167616_PQAQMNEW_NZKIUDON_0_29,67167616_PQAQMNEW_NZKIUDON_0,HFATHXAJGNQN,67167616_PQAQMNEW_NZKIUDON_0_29,67167616_PQAQMNEW_NZKIUDON_0,FDPVJIPSROKA,0
67167616_PQAQMNEW_NZKIUDON_0_30,67167616_PQAQMNEW_NZKIUDON_0,HFATHXAJGNQN,67167616_PQAQMNEW_NZKIUDON_0_30,67167616_PQAQMNEW_NZKIUDON_0,FDPVJIPSROKA,0
67167616_PQAQMNEW_NZKIUDON_0_31,67167616_PQAQMNEW_NZKIUDON_0,HFATHXAJGNQN,67167616_PQAQMNEW_NZKIUDON_0_31,67167616_PQAQMNEW_NZKIUDON_0,FDPVJIPSROKA,0
67167616_PQAQMNEW_NZKIUDON_0_32,67167616_PQAQMNEW_NZKIUDON_0,HFATHXAJGNQN,67167616_PQAQMNEW_NZKIUDON_0_32,67167616_PQAQMNEW_NZKIUDON_0,FDPVJIPSROKA,0
67167616_PQAQMNEW_NZKIUDON_0_33,67167616_PQAQMNEW_NZKIUDON_0,HFATHXAJGNQN,67167616_PQAQMNEW_NZKIUDON_0_33,67167616_PQAQMNEW_NZKIUDON_0,FDPVJIPSROKA,0
67167616_PQAQMNEW_NZKIUDON_0_34,67167616_PQAQMNEW_NZKIUDON_0,HFATHXAJGNQN,67167616_PQAQMNEW_NZKIUDON_0_34,67167616_PQAQMNEW_NZKIUDON_0,FDPVJIPSROKA,0
67167616_PQAQMNEW_NZKIUDON_0_35,67167616_PQAQMNEW_NZKIUDON_0,HFATHXAJGNQN,67167616_PQAQMNEW_NZKIUDON_0_35,67167616_PQAQMNEW_NZKIUDON_0,FDPVJIPSROKA,0
67167616_PQAQMNEW_NZKIUDON_0_36,67167616_PQAQMNEW_NZKIUDON_0,HFATHXAJGNQN,67167616_PQAQMNEW_NZKIUDON_0_36,67167616_PQAQMNEW_NZKIUDON_0,FDPVJIPSROKA,0
67167616_PQAQMNEW_NZKIUDON_0_37,67167616_PQAQMNEW_NZKIUDON_0,HFATHXAJGNQN,67167616_PQAQMNEW_NZKIUDON_0_37,67167616_PQAQMNEW_NZKIUDON_0,FDPVJIPSROKA,0
67167616_PQAQMNEW_NZKIUDON_0_38,67167616_PQAQMNEW_NZKIUDON_0,HFATHXAJGNQN,67167616_PQAQMNEW_NZKIUDON_0_38,67167616_PQAQMNEW_NZKIUDON_0,FDPVJIPSROKA,0
67167616_PQAQMNEW_NZKIUDON_0_39,67167616_PQAQMNEW_NZKIUDON_0,HFATHXAJGNQN,67167616_PQAQMNEW_NZKIUDON_0_39,67167616_PQAQMNEW_NZKIUDON_0,FDPVJIPSROKA,0
67167616_PQAQMNEW_NZKIUDON_0_40,67167616_PQAQMNEW_NZKIUDON_0,HFATHXAJGNQN,67167616_PQAQMNEW_NZKIUDON_0_40,67167616_PQAQMNEW_NZKIUDON_0,FDPVJIPSROKA,0
67167616_PQAQMNEW_NZKIUDON_0_41,67167616_PQAQMNEW_NZKIUDON_0,HFATHXAJGNQN,67167616_PQAQMNEW_NZKIUDON_0_41,67167616_PQAQMNEW_NZKIUDON_0,FDPVJIPSROKA,0
67167616_PQAQMNEW_NZKIUDON_0_42,67167616_PQAQMNEW_NZKIUDON_0,HFATHXAJGNQN,67167616_PQAQMNEW_NZKIUDON_0_42,67167616_PQAQMNEW_NZKIUDON_0,FDPVJIPSROKA,0
67167616_PQAQMNEW_NZKIUDON_0_43,67167616_PQAQMNEW_NZKIUDON_0,HFATHXAJGNQN,67167616_PQAQMNEW_NZKIUDON_0_43,67167616_PQAQMNEW_NZKIUDON_0,FDPVJIPSROKA,0
67167616_PQAQMNEW_NZKIUDON_0_44,67167616_PQAQMNEW_NZKIUDON_0,HFATHXAJGNQN,67167616_PQAQMNEW_NZKIUDON_0_44,67167616_PQAQMNEW_NZKIUDON_0,FDPVJIPSROKA,0
67167616_PQAQMNEW_NZKIUDON_0_45,67167616_PQAQMNEW_NZKIUDON_0,HFATHXAJGNQN,67167616_PQAQMNEW_NZKIUDON_0_45,67167616_PQAQMNEW_NZKIUDON_0,FDPVJIPSROKA,0
67167616_PQAQMNEW_NZKIUDON_0_46,67167616_PQAQMNEW_NZKIUDON_0,HFATHXAJGNQN,67167616_PQAQMNEW_NZKIUDON_0_46,67167616_PQAQMNEW_NZKIUDON_0,FDPVJIPSROKA,0
67167616_PQAQMNEW_NZKIUDON_0_47,67167616_PQAQMNEW_NZKIUDON_0,HFATHXAJGNQN,67167616_PQAQMNEW_NZKIUDON_0_47,67167616_PQAQMNEW_NZKIUDON_0,FDPVJIPSROKA,0
67167616_PQAQMNEW_NZKIUDON_0_48,67167616_PQAQMNEW_NZKIUDON_0,HFATHXAJGNQN,67167616_PQAQMNEW_NZKIUDON_0_48,67167616_PQAQMNEW_NZKIUDON_0,FDPVJIPSROKA,0
67167616_PQAQMNEW_NZKIUDON_0_49,67167616_PQAQMNEW_NZKIUDON_0,HFATHXAJGNQN,67167616_PQAQMNEW_NZKIUDON_0_49,67167616_PQAQMNEW_NZKIUDON_0,FDPVJIPSROKA,0
67167616_PQAQMNEW_NZKIUDON_0_50,67167616_PQAQMNEW_NZKIUDON_0,HFATHXAJGNQN,67167616_PQAQMNEW_NZKIUDON_0_50,67167616_PQAQMNEW_NZKIUDON_0,FDPVJIPSROKA,0
67167616_PQAQMNEW_NZKIUDON_0_51,67167616_PQAQMNEW_NZKIUDON_0,HFATHXAJGNQN,67167616_PQAQMNEW_NZKIUDON_0_51,67167616_PQAQMNEW_NZKIUDON_0,FDPVJIPSROKA,0
67167616_PQAQMNEW_NZKIUDON_0_52,67167616_PQAQMNEW_NZKIUDON_0,HFATHXAJGNQN,67167616_PQAQMNEW_NZKIUDON_0_52,67167616_PQAQMNEW_NZKIUDON_0,FDPVJIPSROKA,0
67167616_PQAQMNEW_NZKIUDON_0_53,67167616_PQAQMNEW_NZKIUDON_0,HFATHXAJGNQN,67167616_PQAQMNEW_NZKIUDON_0_53,67167616_PQAQMNEW_NZKIUDON_0,FDPVJIPSROKA,0
67167616_PQAQMNEW_NZKIUDON_0_54,67167616_PQAQMNEW_NZKIUDON_0,HFATHXAJGNQN,67167616_PQAQMNEW_NZKIUDON_0_54,67167616_PQAQMNEW_NZKIUDON_0,FDPVJIPSROKA,0
67167616_PQAQMNEW_NZKIUDON_0_55,67167616_PQAQMNEW_NZKIUDON_0,HFATHXAJGNQN,67167616_PQAQMNEW_NZKIUDON_0_55,67167616_PQAQMNEW_NZKIUDON_0,FDPVJIPSROKA,0
67167616_PQAQMNEW_NZKIUDON_0_57,67167616_PQAQMNEW_NZKIUDON_0,HFATHXAJGNQN,67167616_PQAQMNEW_NZKIUDON_0_57,67167616_PQAQMNEW_NZKIUDON_0,FDPVJIPSROKA,0
67167616_PQAQMNEW_NZKIUDON_0_58,67167616_PQAQMNEW_NZKIUDON_0,HFATHXAJGNQN,67167616_PQAQMNEW_NZKIUDON_0_58,67167616_PQAQMNEW_NZKIUDON_0,FDPVJIPSROKA,0
67167616_PQAQMNEW_NZKIUDON_0_59,67167616_PQAQMNEW_NZKIUDON_0,HFATHXAJGNQN,67167616_PQAQMNEW_NZKIUDON_0_59,67167616_PQAQMNEW_NZKIUDON_0,FDPVJIPSROKA,0
67167616_PQAQMNEW_NZKIUDON_0_60,67167616_PQAQMNEW_NZKIUDON_0,HFATHXAJGNQN,67167616_PQAQMNEW_NZKIUDON_0_60,67167616_PQAQMNEW_NZKIUDON_0,FDPVJIPSROKA,0
67167616_PQAQMNEW_NZKIUDON_0_61,67167616_PQAQMNEW_NZKIUDON_0,HFATHXAJGNQN,67167616_PQAQMNEW_NZKIUDON_0_61,67167616_PQAQMNEW_NZKIUDON_0,FDPVJIPSROKA,0
67167616_PQAQMNEW_NZKIUDON_0_62,67167616_PQAQMNEW_NZKIUDON_0,HFATHXAJGNQN,67167616_PQAQMNEW_NZKIUDON_0_62,67167616_PQAQMNEW_NZKIUDON_0,FDPVJIPSROKA,0
67167616_PQAQMNEW_NZKIUDON_0_63,67167616_PQAQMNEW_NZKIUDON_0,HFATHXAJGNQN,67167616_PQAQMNEW_NZKIUDON_0_63,67167616_PQAQMNEW_NZKIUDON_0,FDPVJIPSROKA,0
67167616_PQAQMNEW_NZKIUDON_0_64,67167616_PQAQMNEW_NZKIUDON_0,HFATHXAJGNQN,67167616_PQAQMNEW_NZKIUDON_0_64,67167616_PQAQMNEW_NZKIUDON_0,FDPVJIPSROKA,0
67167616_PQAQMNEW_NZKIUDON_0_65,67167616_PQAQMNEW_NZKIUDON_0,HFATHXAJGNQN,67167616_PQAQMNEW_NZKIUDON_0_65,67167616_PQAQMNEW_NZKIUDON_0,FDPVJIPSROKA,0
67167616_PQAQMNEW_NZKIUDON_0_66,67167616_PQAQMNEW_NZKIUDON_0,HFATHXAJGNQN,67167616_PQAQMNEW_NZKIUDON_0_66,67167616_PQAQMNEW_NZKIUDON_0,FDPVJIPSROKA,0
67167616_PQAQMNEW_NZKIUDON_0_67,67167616_PQAQMNEW_NZKIUDON_0,HFATHXAJGNQN,67167616_PQAQMNEW_NZKIUDON_0_67,67167616_PQAQMNEW_NZKIUDON_0,FDPVJIPSROKA,0
67167616_PQAQMNEW_NZKIUDON_0_68,67167616_PQAQMNEW_NZKIUDON_0,HFATHXAJGNQN,67167616_PQAQMNEW_NZKIUDON_0_68,67167616_PQAQMNEW_NZKIUDON_0,FDPVJIPSROKA,0
67167616_PQAQMNEW_NZKIUDON_0_69,67167616_PQAQMNEW_NZKIUDON_0,HFATHXAJGNQN,67167616_PQAQMNEW_NZKIUDON_0_69,67167616_PQAQMNEW_NZKIUDON_0,FDPVJIPSROKA,0
67167616_PQAQMNEW_NZKIUDON_0_70,67167616_PQAQMNEW_NZKIUDON_0,HFATHXAJGNQN,67167616_PQAQMNEW_NZKIUDON_0_70,67167616_PQAQMNEW_NZKIUDON_0,FDPVJIPSROKA,0
67167616_PQAQMNEW_NZKIUDON_0_71,67167616_PQAQMNEW_NZKIUDON_0,HFATHXAJGNQN,67167616_PQAQMNEW_NZKIUDON_0_71,67167616_PQAQMNEW_NZKIUDON_0,FDPVJIPSROKA,0
67167616_PQAQMNEW_NZKIUDON_0_72,67167616_PQAQMNEW_NZKIUDON_0,HFATHXAJGNQN,67167616_PQAQMNEW_NZKIUDON_0_72,67167616_PQAQMNEW_NZKIUDON_0,FDPVJIPSROKA,0
67167616_PQAQMNEW_NZKIUDON_0_73,67167616_PQAQMNEW_NZKIUDON_0,HFATHXAJGNQN,67167616_PQAQMNEW_NZKIUDON_0_73,67167616_PQAQMNEW_NZKIUDON_0,FDPVJIPSROKA,0
67167616_PQAQMNEW_NZKIUDON_0_74,67167616_PQAQMNEW_NZKIUDON_0,HFATHXAJGNQN,67167616_PQAQMNEW_NZKIUDON_0_74,67167616_PQAQMNEW_NZKIUDON_0,FDPVJIPSROKA,0
67167616_PQAQMNEW_NZKIUDON_0_75,67167616_PQAQMNEW_NZKIUDON_0,HFATHXAJGNQN,67167616_PQAQMNEW_NZKIUDON_0_75,67167616_PQAQMNEW_NZKIUDON_0,FDPVJIPSROKA,0
67167616_PQAQMNEW_NZKIUDON_0_76,67167616_PQAQMNEW_NZKIUDON_0,HFATHXAJGNQN,67167616_PQAQMNEW_NZKIUDON_0_76,67167616_PQAQMNEW_NZKIUDON_0,FDPVJIPSROKA,0
67167616_PQAQMNEW_NZKIUDON_0_77,67167616_PQAQMNEW_NZKIUDON_0,HFATHXAJGNQN,67167616_PQAQMNEW_NZKIUDON_0_77,67167616_PQAQMNEW_NZKIUDON_0,FDPVJIPSROKA,0
67167616_PQAQMNEW_NZKIUDON_0_78,67167616_PQAQMNEW_NZKIUDON_0,HFATHXAJGNQN,67167616_PQAQMNEW_NZKIUDON_0_78,67167616_PQAQMNEW_NZKIUDON_0,FDPVJIPSROKA,0
67167616_PQAQMNEW_NZKIUDON_0_79,67167616_PQAQMNEW_NZKIUDON_0,HFATHXAJGNQN,67167616_PQAQMNEW_NZKIUDON_0_79,67167616_PQAQMNEW_NZKIUDON_0,FDPVJIPSROKA,0
67167616_PQAQMNEW_NZKIUDON_0_80,67167616_PQAQMNEW_NZKIUDON_0,HFATHXAJGNQN,67167616_PQAQMNEW_NZKIUDON_0_80,67167616_PQAQMNEW_NZKIUDON_0,FDPVJIPSROKA,0
67167616_PQAQMNEW_NZKIUDON_0_81,67167616_PQAQMNEW_NZKIUDON_0,HFATHXAJGNQN,67167616_PQAQMNEW_NZKIUDON_0_81,67167616_PQAQMNEW_NZKIUDON_0,FDPVJIPSROKA,0
67167616_PQAQMNEW_NZKIUDON_0_82,67167616_PQAQMNEW_NZKIUDON_0,HFATHXAJGNQN,67167616_PQAQMNEW_NZKIUDON_0_82,67167616_PQAQMNEW_NZKIUDON_0,FDPVJIPSROKA,0
67167616_PQAQMNEW_NZKIUDON_0_83,67167616_PQAQMNEW_NZKIUDON_0,HFATHXAJGNQN,67167616_PQAQMNEW_NZKIUDON_0_83,67167616_PQAQMNEW_NZKIUDON_0,FDPVJIPSROKA,0
67167616_PQAQMNEW_NZKIUDON_0_84,67167616_PQAQMNEW_NZKIUDON_0,HFATHXAJGNQN,67167616_PQAQMNEW_NZKIUDON_0_84,67167616_PQAQMNEW_NZKIUDON_0,FDPVJIPSROKA,0
67167616_PQAQMNEW_NZKIUDON_0_85,67167616_PQAQMNEW_NZKIUDON_0,HFATHXAJGNQN,67167616_PQAQMNEW_NZKIUDON_0_85,67167616_PQAQMNEW_NZKIUDON_0,FDPVJIPSROKA,0
67167616_PQAQMNEW_NZKIUDON_0_86,67167616_PQAQMNEW_NZKIUDON_0,HFATHXAJGNQN,67167616_PQAQMNEW_NZKIUDON_0_86,67167616_PQAQMNEW_NZKIUDON_0,FDPVJIPSROKA,0
67167616_PQAQMNEW_NZKIUDON_0_87,67167616_PQAQMNEW_NZKIUDON_0,HFATHXAJGNQN,67167616_PQAQMNEW_NZKIUDON_0_87,67167616_PQAQMNEW_NZKIUDON_0,FDPVJIPSROKA,0
67167616_PQAQMNEW_NZKIUDON_0_88,67167616_PQAQMNEW_NZKIUDON_0,HFATHXAJGNQN,67167616_PQAQMNEW_NZKIUDON_0_88,67167616_PQAQMNEW_NZKIUDON_0,FDPVJIPSROKA,0
67167616_PQAQMNEW_NZKIUDON_0_89,67167616_PQAQMNEW_NZKIUDON_0,HFATHXAJGNQN,67167616_PQAQMNEW_NZKIUDON_0_89,67167616_PQAQMNEW_NZKIUDON_0,FDPVJIPSROKA,0
67167616_PQAQMNEW_NZKIUDON_0_91,67167616_PQAQMNEW_NZKIUDON_0,HFATHXAJGNQN,67167616_PQAQMNEW_NZKIUDON_0_91,67167616_PQAQMNEW_NZKIUDON_0,FDPVJIPSROKA,0
67167616_PQAQMNEW_NZKIUDON_0_92,67167616_PQAQMNEW_NZKIUDON_0,HFATHXAJGNQN,67167616_PQAQMNEW_NZKIUDON_0_92,67167616_PQAQMNEW_NZKIUDON_0,FDPVJIPSROKA,0
67167616_PQAQMNEW_NZKIUDON_0_94,67167616_PQAQMNEW_NZKIUDON_0,HFATHXAJGNQN,67167616_PQAQMNEW_NZKIUDON_0_94,67167616_PQAQMNEW_NZKIUDON_0,FDPVJIPSROKA,0
67167616_PQAQMNEW_NZKIUDON_0_95,67167616_PQAQMNEW_NZKIUDON_0,HFATHXAJGNQN,67167616_PQAQMNEW_NZKIUDON_0_95,67167616_PQAQMNEW_NZKIUDON_0,FDPVJIPSROKA,0
67167616_PQAQMNEW_NZKIUDON_0_96,67167616_PQAQMNEW_NZKIUDON_0,HFATHXAJGNQN,67167616_PQAQMNEW_NZKIUDON_0_96,67167616_PQAQMNEW_NZKIUDON_0,FDPVJIPSROKA,0
67167616_PQAQMNEW_NZKIUDON_0_97,67167616_PQAQMNEW_NZKIUDON_0,HFATHXAJGNQN,67167616_PQAQMNEW_NZKIUDON_0_97,67167616_PQAQMNEW_NZKIUDON_0,FDPVJIPSROKA,0
67167616_PQAQMNEW_NZKIUDON_0_98,67167616_PQAQMNEW_NZKIUDON_0,HFATHXAJGNQN,67167616_PQAQMNEW_NZKIUDON_0_98,67167616_PQAQMNEW_NZKIUDON_0,FDPVJIPSROKA,0
67167616_PQAQMNEW_NZKIUDON_0_100,67167616_PQAQMNEW_NZKIUDON_0,HFATHXAJGNQN,67167616_PQAQMNEW_NZKIUDON_0_100,67167616_PQAQMNEW_NZKIUDON_0,FDPVJIPSROKA,0
67167616_PQAQMNEW_NZKIUDON_0_101,67167616_PQAQMNEW_NZKIUDON_0,HFATHXAJGNQN,67167616_PQAQMNEW_NZKIUDON_0_101,67167616_PQAQMNEW_NZKIUDON_0,FDPVJIPSROKA,0
67167616_PQAQMNEW_NZKIUDON_0_102,67167616_PQAQMNEW_NZKIUDON_0,HFATHXAJGNQN,67167616_PQAQMNEW_NZKIUDON_0_102,67167616_PQAQMNEW_NZKIUDON_0,FDPVJIPSROKA,0
67167616_PQAQMNEW_NZKIUDON_0_104,67167616_PQAQMNEW_NZKIUDON_0,HFATHXAJGNQN,67167616_PQAQMNEW_NZKIUDON_0_104,67167616_PQAQMNEW_NZKIUDON_0,FDPVJIPSROKA,0
67167616_PQAQMNEW_NZKIUDON_0_105,67167616_PQAQMNEW_NZKIUDON_0,HFATHXAJGNQN,67167616_PQAQMNEW_NZKIUDON_0_105,67167616_PQAQMNEW_NZKIUDON_0,FDPVJIPSROKA,0
67167616_PQAQMNEW_NZKIUDON_0_106,67167616_PQAQMNEW_NZKIUDON_0,HFATHXAJGNQN,67167616_PQAQMNEW_NZKIUDON_0_106,67167616_PQAQMNEW_NZKIUDON_0,FDPVJIPSROKA,0
67167616_PQAQMNEW_NZKIUDON_0_107,67167616_PQAQMNEW_NZKIUDON_0,HFATHXAJGNQN,67167616_PQAQMNEW_NZKIUDON_0_107,67167616_PQAQMNEW_NZKIUDON_0,FDPVJIPSROKA,0
67167616_PQAQMNEW_NZKIUDON_0_108,67167616_PQAQMNEW_NZKIUDON_0,HFATHXAJGNQN,67167616_PQAQMNEW_NZKIUDON_0_108,67167616_PQAQMNEW_NZKIUDON_0,FDPVJIPSROKA,0
67167616_PQAQMNEW_NZKIUDON_0_110,67167616_PQAQMNEW_NZKIUDON_0,HFATHXAJGNQN,67167616_PQAQMNEW_NZKIUDON_0_110,67167616_PQAQMNEW_NZKIUDON_0,FDPVJIPSROKA,0
67167616_PQAQMNEW_NZKIUDON_0_111,67167616_PQAQMNEW_NZKIUDON_0,HFATHXAJGNQN,67167616_PQAQMNEW_NZKIUDON_0_111,67167616_PQAQMNEW_NZKIUDON_0,FDPVJIPSROKA,0
67167616_PQAQMNEW_NZKIUDON_0_112,67167616_PQAQMNEW_NZKIUDON_0,HFATHXAJGNQN,67167616_PQAQMNEW_NZKIUDON_0_112,67167616_PQAQMNEW_NZKIUDON_0,FDPVJIPSROKA,0
67167616_PQAQMNEW_NZKIUDON_0_113,67167616_PQAQMNEW_NZKIUDON_0,HFATHXAJGNQN,67167616_PQAQMNEW_NZKIUDON_0_113,67167616_PQAQMNEW_NZKIUDON_0,FDPVJIPSROKA,0
67167616_PQAQMNEW_NZKIUDON_0_115,67167616_PQAQMNEW_NZKIUDON_0,HFATHXAJGNQN,67167616_PQAQMNEW_NZKIUDON_0_115,67167616_PQAQMNEW_NZKIUDON_0,FDPVJIPSROKA,0
67167616_PQAQMNEW_NZKIUDON_0_116,67167616_PQAQMNEW_NZKIUDON_0,HFATHXAJGNQN,67167616_PQAQMNEW_NZKIUDON_0_116,67167616_PQAQMNEW_NZKIUDON_0,FDPVJIPSROKA,0
67167616_PQAQMNEW_NZKIUDON_0_117,67167616_PQAQMNEW_NZKIUDON_0,HFATHXAJGNQN,67167616_PQAQMNEW_NZKIUDON_0_117,67167616_PQAQMNEW_NZKIUDON_0,FDPVJIPSROKA,0
67167616_PQAQMNEW_NZKIUDON_0_118,67167616_PQAQMNEW_NZKIUDON_0,HFATHXAJGNQN,67167616_PQAQMNEW_NZKIUDON_0_118,67167616_PQAQMNEW_NZKIUDON_0,FDPVJIPSROKA,0
67167616_PQAQMNEW_NZKIUDON_0_119,67167616_PQAQMNEW_NZKIUDON_0,HFATHXAJGNQN,67167616_PQAQMNEW_NZKIUDON_0_119,67167616_PQAQMNEW_NZKIUDON_0,FDPVJIPSROKA,0
67167616_PQAQMNEW_NZKIUDON_0_120,67167616_PQAQMNEW_NZKIUDON_0,HFATHXAJGNQN,67167616_PQAQMNEW_NZKIUDON_0_120,67167616_PQAQMNEW_NZKIUDON_0,FDPVJIPSROKA,0
67167616_PQAQMNEW_NZKIUDON_0_121,67167616_PQAQMNEW_NZKIUDON_0,HFATHXAJGNQN,67167616_PQAQMNEW_NZKIUDON_0_121,67167616_PQAQMNEW_NZKIUDON_0,FDPVJIPSROKA,0
67167616_PQAQMNEW_NZKIUDON_0_122,67167616_PQAQMNEW_NZKIUDON_0,HFATHXAJGNQN,67167616_PQAQMNEW_NZKIUDON_0_122,67167616_PQAQMNEW_NZKIUDON_0,FDPVJIPSROKA,0
67167616_PQAQMNEW_NZKIUDON_0_123,67167616_PQAQMNEW_NZKIUDON_0,HFATHXAJGNQN,67167616_PQAQMNEW_NZKIUDON_0_123,67167616_PQAQMNEW_NZKIUDON_0,FDPVJIPSROKA,1
67167616_LDKENJOR_MNTWRQWX_0_0,67167616_LDKENJOR_MNTWRQWX_0,HFATHXAJGNQN,67167616_LDKENJOR_MNTWRQWX_0_0,67167616_LDKENJOR_MNTWRQWX_0,FDPVJIPSROKA,0
67167616_LDKENJOR_MNTWRQWX_0_1,67167616_LDKENJOR_MNTWRQWX_0,HFATHXAJGNQN,67167616_LDKENJOR_MNTWRQWX_0_1,67167616_LDKENJOR_MNTWRQWX_0,FDPVJIPSROKA,0
67167616_LDKENJOR_MNTWRQWX_0_2,67167616_LDKENJOR_MNTWRQWX_0,HFATHXAJGNQN,67167616_LDKENJOR_MNTWRQWX_0_2,67167616_LDKENJOR_MNTWRQWX_0,FDPVJIPSROKA,0
67167616_LDKENJOR_MNTWRQWX_0_3,67167616_LDKENJOR_MNTWRQWX_0,HFATHXAJGNQN,67167616_LDKENJOR_MNTWRQWX_0_3,67167616_LDKENJOR_MNTWRQWX_0,FDPVJIPSROKA,0
67167616_LDKENJOR_MNTWRQWX_0_4,67167616_LDKENJOR_MNTWRQWX_0,HFATHXAJGNQN,67167616_LDKENJOR_MNTWRQWX_0_4,67167616_LDKENJOR_MNTWRQWX_0,FDPVJIPSROKA,0
67167616_LDKENJOR_MNTWRQWX_0_5,67167616_LDKENJOR_MNTWRQWX_0,HFATHXAJGNQN,67167616_LDKENJOR_MNTWRQWX_0_5,67167616_LDKENJOR_MNTWRQWX_0,FDPVJIPSROKA,0
67167616_LDKENJOR_MNTWRQWX_0_6,67167616_LDKENJOR_MNTWRQWX_0,HFATHXAJGNQN,67167616_LDKENJOR_MNTWRQWX_0_6,67167616_LDKENJOR_MNTWRQWX_0,FDPVJIPSROKA,0
67167616_LDKENJOR_MNTWRQWX_0_7,67167616_LDKENJOR_MNTWRQWX_0,HFATHXAJGNQN,67167616_LDKENJOR_MNTWRQWX_0_7,67167616_LDKENJOR_MNTWRQWX_0,FDPVJIPSROKA,0
67167616_LDKENJOR_MNTWRQWX_0_8,67167616_LDKENJOR_MNTWRQWX_0,HFATHXAJGNQN,67167616_LDKENJOR_MNTWRQWX_0_8,67167616_LDKENJOR_MNTWRQWX_0,FDPVJIPSROKA,0
67167616_LDKENJOR_MNTWRQWX_0_9,67167616_LDKENJOR_MNTWRQWX_0,HFATHXAJGNQN,67167616_LDKENJOR_MNTWRQWX_0_9,67167616_LDKENJOR_MNTWRQWX_0,FDPVJIPSROKA,0
67167616_LDKENJOR_MNTWRQWX_0_10,67167616_LDKENJOR_MNTWRQWX_0,HFATHXAJGNQN,67167616_LDKENJOR_MNTWRQWX_0_10,67167616_LDKENJOR_MNTWRQWX_0,FDPVJIPSROKA,0
67167616_LDKENJOR_MNTWRQWX_0_11,67167616_LDKENJOR_MNTWRQWX_0,HFATHXAJGNQN,67167616_LDKENJOR_MNTWRQWX_0_11,67167616_LDKENJOR_MNTWRQWX_0,FDPVJIPSROKA,0
67167616_LDKENJOR_MNTWRQWX_0_12,67167616_LDKENJOR_MNTWRQWX_0,HFATHXAJGNQN,67167616_LDKENJOR_MNTWRQWX_0_12,67167616_LDKENJOR_MNTWRQWX_0,FDPVJIPSROKA,0
67167616_LDKENJOR_MNTWRQWX_0_13,67167616_LDKENJOR_MNTWRQWX_0,HFATHXAJGNQN,67167616_LDKENJOR_MNTWRQWX_0_13,67167616_LDKENJOR_MNTWRQWX_0,FDPVJIPSROKA,0
67167616_LDKENJOR_MNTWRQWX_0_14,67167616_LDKENJOR_MNTWRQWX_0,HFATHXAJGNQN,67167616_LDKENJOR_MNTWRQWX_0_14,67167616_LDKENJOR_MNTWRQWX_0,FDPVJIPSROKA,0
67167616_LDKENJOR_MNTWRQWX_0_15,67167616_LDKENJOR_MNTWRQWX_0,HFATHXAJGNQN,67167616_LDKENJOR_MNTWRQWX_0_15,67167616_LDKENJOR_MNTWRQWX_0,FDPVJIPSROKA,0
67167616_LDKENJOR_MNTWRQWX_0_16,67167616_LDKENJOR_MNTWRQWX_0,HFATHXAJGNQN,67167616_LDKENJOR_MNTWRQWX_0_16,67167616_LDKENJOR_MNTWRQWX_0,FDPVJIPSROKA,0
67167616_LDKENJOR_MNTWRQWX_0_17,67167616_LDKENJOR_MNTWRQWX_0,HFATHXAJGNQN,67167616_LDKENJOR_MNTWRQWX_0_17,67167616_LDKENJOR_MNTWRQWX_0,FDPVJIPSROKA,0
67167616_LDKENJOR_MNTWRQWX_0_18,67167616_LDKENJOR_MNTWRQWX_0,HFATHXAJGNQN,67167616_LDKENJOR_MNTWRQWX_0_18,67167616_LDKENJOR_MNTWRQWX_0,FDPVJIPSROKA,0
67167616_LDKENJOR_MNTWRQWX_0_19,67167616_LDKENJOR_MNTWRQWX_0,HFATHXAJGNQN,67167616_LDKENJOR_MNTWRQWX_0_19,67167616_LDKENJOR_MNTWRQWX_0,FDPVJIPSROKA,0
67167616_LDKENJOR_MNTWRQWX_0_20,67167616_LDKENJOR_MNTWRQWX_0,HFATHXAJGNQN,67167616_LDKENJOR_MNTWRQWX_0_20,67167616_LDKENJOR_MNTWRQWX_0,FDPVJIPSROKA,0
67167616_LDKENJOR_MNTWRQWX_0_21,67167616_LDKENJOR_MNTWRQWX_0,HFATHXAJGNQN,67167616_LDKENJOR_MNTWRQWX_0_21,67167616_LDKENJOR_MNTWRQWX_0,FDPVJIPSROKA,1
67167616_LDKENJOR_MNTWRQWX_0_22,67167616_LDKENJOR_MNTWRQWX_0,HFATHXAJGNQN,67167616_LDKENJOR_MNTWRQWX_0_22,67167616_LDKENJOR_MNTWRQWX_0,FDPVJIPSROKA,0
67167616_LDKENJOR_MNTWRQWX_0_23,67167616_LDKENJOR_MNTWRQWX_0,HFATHXAJGNQN,67167616_LDKENJOR_MNTWRQWX_0_23,67167616_LDKENJOR_MNTWRQWX_0,FDPVJIPSROKA,0
67167616_LDKENJOR_MNTWRQWX_0_24,67167616_LDKENJOR_MNTWRQWX_0,HFATHXAJGNQN,67167616_LDKENJOR_MNTWRQWX_0_24,67167616_LDKENJOR_MNTWRQWX_0,FDPVJIPSROKA,0
67167616_LDKENJOR_MNTWRQWX_0_25,67167616_LDKENJOR_MNTWRQWX_0,HFATHXAJGNQN,67167616_LDKENJOR_MNTWRQWX_0_25,67167616_LDKENJOR_MNTWRQWX_0,FDPVJIPSROKA,0
67167616_LDKENJOR_MNTWRQWX_0_26,67167616_LDKENJOR_MNTWRQWX_0,HFATHXAJGNQN,67167616_LDKENJOR_MNTWRQWX_0_26,67167616_LDKENJOR_MNTWRQWX_0,FDPVJIPSROKA,0
67167616_LDKENJOR_MNTWRQWX_0_27,67167616_LDKENJOR_MNTWRQWX_0,HFATHXAJGNQN,67167616_LDKENJOR_MNTWRQWX_0_27,67167616_LDKENJOR_MNTWRQWX_0,FDPVJIPSROKA,0
67167616_LDKENJOR_MNTWRQWX_0_28,67167616_LDKENJOR_MNTWRQWX_0,HFATHXAJGNQN,67167616_LDKENJOR_MNTWRQWX_0_28,67167616_LDKENJOR_MNTWRQWX_0,FDPVJIPSROKA,0
67167616_LDKENJOR_MNTWRQWX_0_29,67167616_LDKENJOR_MNTWRQWX_0,HFATHXAJGNQN,67167616_LDKENJOR_MNTWRQWX_0_29,67167616_LDKENJOR_MNTWRQWX_0,FDPVJIPSROKA,0
67167616_LDKENJOR_MNTWRQWX_0_30,67167616_LDKENJOR_MNTWRQWX_0,HFATHXAJGNQN,67167616_LDKENJOR_MNTWRQWX_0_30,67167616_LDKENJOR_MNTWRQWX_0,FDPVJIPSROKA,0
67167616_LDKENJOR_MNTWRQWX_0_31,67167616_LDKENJOR_MNTWRQWX_0,HFATHXAJGNQN,67167616_LDKENJOR_MNTWRQWX_0_31,67167616_LDKENJOR_MNTWRQWX_0,FDPVJIPSROKA,0
67167616_LDKENJOR_MNTWRQWX_0_32,67167616_LDKENJOR_MNTWRQWX_0,HFATHXAJGNQN,67167616_LDKENJOR_MNTWRQWX_0_32,67167616_LDKENJOR_MNTWRQWX_0,FDPVJIPSROKA,0
67167616_LDKENJOR_MNTWRQWX_0_33,67167616_LDKENJOR_MNTWRQWX_0,HFATHXAJGNQN,67167616_LDKENJOR_MNTWRQWX_0_33,67167616_LDKENJOR_MNTWRQWX_0,FDPVJIPSROKA,0
67167616_LDKENJOR_MNTWRQWX_0_34,67167616_LDKENJOR_MNTWRQWX_0,HFATHXAJGNQN,67167616_LDKENJOR_MNTWRQWX_0_34,67167616_LDKENJOR_MNTWRQWX_0,FDPVJIPSROKA,0
67167616_LDKENJOR_MNTWRQWX_0_35,67167616_LDKENJOR_MNTWRQWX_0,HFATHXAJGNQN,67167616_LDKENJOR_MNTWRQWX_0_35,67167616_LDKENJOR_MNTWRQWX_0,FDPVJIPSROKA,0
67167616_LDKENJOR_MNTWRQWX_0_36,67167616_LDKENJOR_MNTWRQWX_0,HFATHXAJGNQN,67167616_LDKENJOR_MNTWRQWX_0_36,67167616_LDKENJOR_MNTWRQWX_0,FDPVJIPSROKA,0
67167616_LDKENJOR_MNTWRQWX_0_37,67167616_LDKENJOR_MNTWRQWX_0,HFATHXAJGNQN,67167616_LDKENJOR_MNTWRQWX_0_37,67167616_LDKENJOR_MNTWRQWX_0,FDPVJIPSROKA,0
67167616_LDKENJOR_MNTWRQWX_0_38,67167616_LDKENJOR_MNTWRQWX_0,HFATHXAJGNQN,67167616_LDKENJOR_MNTWRQWX_0_38,67167616_LDKENJOR_MNTWRQWX_0,FDPVJIPSROKA,0
67167616_LDKENJOR_MNTWRQWX_0_39,67167616_LDKENJOR_MNTWRQWX_0,HFATHXAJGNQN,67167616_LDKENJOR_MNTWRQWX_0_39,67167616_LDKENJOR_MNTWRQWX_0,FDPVJIPSROKA,0
67167616_LDKENJOR_MNTWRQWX_0_40,67167616_LDKENJOR_MNTWRQWX_0,HFATHXAJGNQN,67167616_LDKENJOR_MNTWRQWX_0_40,67167616_LDKENJOR_MNTWRQWX_0,FDPVJIPSROKA,0
67167616_LDKENJOR_MNTWRQWX_0_41,67167616_LDKENJOR_MNTWRQWX_0,HFATHXAJGNQN,67167616_LDKENJOR_MNTWRQWX_0_41,67167616_LDKENJOR_MNTWRQWX_0,FDPVJIPSROKA,0
67167616_LDKENJOR_MNTWRQWX_0_42,67167616_LDKENJOR_MNTWRQWX_0,HFATHXAJGNQN,67167616_LDKENJOR_MNTWRQWX_0_42,67167616_LDKENJOR_MNTWRQWX_0,FDPVJIPSROKA,0
67167616_LDKENJOR_MNTWRQWX_0_43,67167616_LDKENJOR_MNTWRQWX_0,HFATHXAJGNQN,67167616_LDKENJOR_MNTWRQWX_0_43,67167616_LDKENJOR_MNTWRQWX_0,FDPVJIPSROKA,0
67167616_LDKENJOR_MNTWRQWX_0_45,67167616_LDKENJOR_MNTWRQWX_0,HFATHXAJGNQN,67167616_LDKENJOR_MNTWRQWX_0_45,67167616_LDKENJOR_MNTWRQWX_0,FDPVJIPSROKA,0
67167616_LDKENJOR_MNTWRQWX_0_46,67167616_LDKENJOR_MNTWRQWX_0,HFATHXAJGNQN,67167616_LDKENJOR_MNTWRQWX_0_46,67167616_LDKENJOR_MNTWRQWX_0,FDPVJIPSROKA,0
67167616_LDKENJOR_MNTWRQWX_0_47,67167616_LDKENJOR_MNTWRQWX_0,HFATHXAJGNQN,67167616_LDKENJOR_MNTWRQWX_0_47,67167616_LDKENJOR_MNTWRQWX_0,FDPVJIPSROKA,0
67167616_LDKENJOR_MNTWRQWX_0_48,67167616_LDKENJOR_MNTWRQWX_0,HFATHXAJGNQN,67167616_LDKENJOR_MNTWRQWX_0_48,67167616_LDKENJOR_MNTWRQWX_0,FDPVJIPSROKA,0
67167616_LDKENJOR_MNTWRQWX_0_49,67167616_LDKENJOR_MNTWRQWX_0,HFATHXAJGNQN,67167616_LDKENJOR_MNTWRQWX_0_49,67167616_LDKENJOR_MNTWRQWX_0,FDPVJIPSROKA,0
67167616_LDKENJOR_MNTWRQWX_0_50,67167616_LDKENJOR_MNTWRQWX_0,HFATHXAJGNQN,67167616_LDKENJOR_MNTWRQWX_0_50,67167616_LDKENJOR_MNTWRQWX_0,FDPVJIPSROKA,0
67167616_LDKENJOR_MNTWRQWX_0_51,67167616_LDKENJOR_MNTWRQWX_0,HFATHXAJGNQN,67167616_LDKENJOR_MNTWRQWX_0_51,67167616_LDKENJOR_MNTWRQWX_0,FDPVJIPSROKA,0
67167616_LDKENJOR_MNTWRQWX_0_52,67167616_LDKENJOR_MNTWRQWX_0,HFATHXAJGNQN,67167616_LDKENJOR_MNTWRQWX_0_52,67167616_LDKENJOR_MNTWRQWX_0,FDPVJIPSROKA,0
67167616_LDKENJOR_MNTWRQWX_0_53,67167616_LDKENJOR_MNTWRQWX_0,HFATHXAJGNQN,67167616_LDKENJOR_MNTWRQWX_0_53,67167616_LDKENJOR_MNTWRQWX_0,FDPVJIPSROKA,0
67167616_LDKENJOR_MNTWRQWX_0_54,67167616_LDKENJOR_MNTWRQWX_0,HFATHXAJGNQN,67167616_LDKENJOR_MNTWRQWX_0_54,67167616_LDKENJOR_MNTWRQWX_0,FDPVJIPSROKA,0
67167616_LDKENJOR_MNTWRQWX_0_55,67167616_LDKENJOR_MNTWRQWX_0,HFATHXAJGNQN,67167616_LDKENJOR_MNTWRQWX_0_55,67167616_LDKENJOR_MNTWRQWX_0,FDPVJIPSROKA,0
67167616_LDKENJOR_MNTWRQWX_0_56,67167616_LDKENJOR_MNTWRQWX_0,HFATHXAJGNQN,67167616_LDKENJOR_MNTWRQWX_0_56,67167616_LDKENJOR_MNTWRQWX_0,FDPVJIPSROKA,0
67167616_LDKENJOR_MNTWRQWX_0_57,67167616_LDKENJOR_MNTWRQWX_0,HFATHXAJGNQN,67167616_LDKENJOR_MNTWRQWX_0_57,67167616_LDKENJOR_MNTWRQWX_0,FDPVJIPSROKA,0
67167616_LDKENJOR_MNTWRQWX_0_58,67167616_LDKENJOR_MNTWRQWX_0,HFATHXAJGNQN,67167616_LDKENJOR_MNTWRQWX_0_58,67167616_LDKENJOR_MNTWRQWX_0,FDPVJIPSROKA,0
67167616_LDKENJOR_MNTWRQWX_0_59,67167616_LDKENJOR_MNTWRQWX_0,HFATHXAJGNQN,67167616_LDKENJOR_MNTWRQWX_0_59,67167616_LDKENJOR_MNTWRQWX_0,FDPVJIPSROKA,0
67167616_LDKENJOR_MNTWRQWX_0_60,67167616_LDKENJOR_MNTWRQWX_0,HFATHXAJGNQN,67167616_LDKENJOR_MNTWRQWX_0_60,67167616_LDKENJOR_MNTWRQWX_0,FDPVJIPSROKA,0
67167616_LDKENJOR_MNTWRQWX_0_61,67167616_LDKENJOR_MNTWRQWX_0,HFATHXAJGNQN,67167616_LDKENJOR_MNTWRQWX_0_61,67167616_LDKENJOR_MNTWRQWX_0,FDPVJIPSROKA,0
67167616_LDKENJOR_MNTWRQWX_0_62,67167616_LDKENJOR_MNTWRQWX_0,HFATHXAJGNQN,67167616_LDKENJOR_MNTWRQWX_0_62,67167616_LDKENJOR_MNTWRQWX_0,FDPVJIPSROKA,0
67167616_LDKENJOR_MNTWRQWX_0_63,67167616_LDKENJOR_MNTWRQWX_0,HFATHXAJGNQN,67167616_LDKENJOR_MNTWRQWX_0_63,67167616_LDKENJOR_MNTWRQWX_0,FDPVJIPSROKA,0
67167616_LDKENJOR_MNTWRQWX_0_64,67167616_LDKENJOR_MNTWRQWX_0,HFATHXAJGNQN,67167616_LDKENJOR_MNTWRQWX_0_64,67167616_LDKENJOR_MNTWRQWX_0,FDPVJIPSROKA,1
67167616_LDKENJOR_MNTWRQWX_0_65,67167616_LDKENJOR_MNTWRQWX_0,HFATHXAJGNQN,67167616_LDKENJOR_MNTWRQWX_0_65,67167616_LDKENJOR_MNTWRQWX_0,FDPVJIPSROKA,0
67167616_LDKENJOR_MNTWRQWX_0_66,67167616_LDKENJOR_MNTWRQWX_0,HFATHXAJGNQN,67167616_LDKENJOR_MNTWRQWX_0_66,67167616_LDKENJOR_MNTWRQWX_0,FDPVJIPSROKA,0
67167616_LDKENJOR_MNTWRQWX_0_67,67167616_LDKENJOR_MNTWRQWX_0,HFATHXAJGNQN,67167616_LDKENJOR_MNTWRQWX_0_67,67167616_LDKENJOR_MNTWRQWX_0,FDPVJIPSROKA,0
67167616_LDKENJOR_MNTWRQWX_0_68,67167616_LDKENJOR_MNTWRQWX_0,HFATHXAJGNQN,67167616_LDKENJOR_MNTWRQWX_0_68,67167616_LDKENJOR_MNTWRQWX_0,FDPVJIPSROKA,0
67167616_LDKENJOR_MNTWRQWX_0_69,67167616_LDKENJOR_MNTWRQWX_0,HFATHXAJGNQN,67167616_LDKENJOR_MNTWRQWX_0_69,67167616_LDKENJOR_MNTWRQWX_0,FDPVJIPSROKA,0
67167616_LDKENJOR_MNTWRQWX_0_71,67167616_LDKENJOR_MNTWRQWX_0,HFATHXAJGNQN,67167616_LDKENJOR_MNTWRQWX_0_71,67167616_LDKENJOR_MNTWRQWX_0,FDPVJIPSROKA,0
67167616_LDKENJOR_MNTWRQWX_0_72,67167616_LDKENJOR_MNTWRQWX_0,HFATHXAJGNQN,67167616_LDKENJOR_MNTWRQWX_0_72,67167616_LDKENJOR_MNTWRQWX_0,FDPVJIPSROKA,0
67167616_LDKENJOR_MNTWRQWX_0_73,67167616_LDKENJOR_MNTWRQWX_0,HFATHXAJGNQN,67167616_LDKENJOR_MNTWRQWX_0_73,67167616_LDKENJOR_MNTWRQWX_0,FDPVJIPSROKA,0
67167616_LDKENJOR_MNTWRQWX_0_74,67167616_LDKENJOR_MNTWRQWX_0,HFATHXAJGNQN,67167616_LDKENJOR_MNTWRQWX_0_74,67167616_LDKENJOR_MNTWRQWX_0,FDPVJIPSROKA,0
67167616_LDKENJOR_MNTWRQWX_0_75,67167616_LDKENJOR_MNTWRQWX_0,HFATHXAJGNQN,67167616_LDKENJOR_MNTWRQWX_0_75,67167616_LDKENJOR_MNTWRQWX_0,FDPVJIPSROKA,0
67167616_LDKENJOR_MNTWRQWX_0_76,67167616_LDKENJOR_MNTWRQWX_0,HFATHXAJGNQN,67167616_LDKENJOR_MNTWRQWX_0_76,67167616_LDKENJOR_MNTWRQWX_0,FDPVJIPSROKA,0
67167616_LDKENJOR_MNTWRQWX_0_77,67167616_LDKENJOR_MNTWRQWX_0,HFATHXAJGNQN,67167616_LDKENJOR_MNTWRQWX_0_77,67167616_LDKENJOR_MNTWRQWX_0,FDPVJIPSROKA,0
67167616_LDKENJOR_MNTWRQWX_0_78,67167616_LDKENJOR_MNTWRQWX_0,HFATHXAJGNQN,67167616_LDKENJOR_MNTWRQWX_0_78,67167616_LDKENJOR_MNTWRQWX_0,FDPVJIPSROKA,0
67167616_LDKENJOR_MNTWRQWX_0_79,67167616_LDKENJOR_MNTWRQWX_0,HFATHXAJGNQN,67167616_LDKENJOR_MNTWRQWX_0_79,67167616_LDKENJOR_MNTWRQWX_0,FDPVJIPSROKA,0
67167616_LDKENJOR_MNTWRQWX_0_80,67167616_LDKENJOR_MNTWRQWX_0,HFATHXAJGNQN,67167616_LDKENJOR_MNTWRQWX_0_80,67167616_LDKENJOR_MNTWRQWX_0,FDPVJIPSROKA,0
67167616_LDKENJOR_MNTWRQWX_0_81,67167616_LDKENJOR_MNTWRQWX_0,HFATHXAJGNQN,67167616_LDKENJOR_MNTWRQWX_0_81,67167616_LDKENJOR_MNTWRQWX_0,FDPVJIPSROKA,0
67167616_LDKENJOR_MNTWRQWX_0_82,67167616_LDKENJOR_MNTWRQWX_0,HFATHXAJGNQN,67167616_LDKENJOR_MNTWRQWX_0_82,67167616_LDKENJOR_MNTWRQWX_0,FDPVJIPSROKA,0
67167616_LDKENJOR_MNTWRQWX_0_83,67167616_LDKENJOR_MNTWRQWX_0,HFATHXAJGNQN,67167616_LDKENJOR_MNTWRQWX_0_83,67167616_LDKENJOR_MNTWRQWX_0,FDPVJIPSROKA,1
67167616_LDKENJOR_MNTWRQWX_0_84,67167616_LDKENJOR_MNTWRQWX_0,HFATHXAJGNQN,67167616_LDKENJOR_MNTWRQWX_0_84,67167616_LDKENJOR_MNTWRQWX_0,FDPVJIPSROKA,1
67167616_LDKENJOR_MNTWRQWX_0_85,67167616_LDKENJOR_MNTWRQWX_0,HFATHXAJGNQN,67167616_LDKENJOR_MNTWRQWX_0_85,67167616_LDKENJOR_MNTWRQWX_0,FDPVJIPSROKA,1
67167616_LDKENJOR_MNTWRQWX_0_86,67167616_LDKENJOR_MNTWRQWX_0,HFATHXAJGNQN,67167616_LDKENJOR_MNTWRQWX_0_86,67167616_LDKENJOR_MNTWRQWX_0,FDPVJIPSROKA,1
67167616_LDKENJOR_MNTWRQWX_0_87,67167616_LDKENJOR_MNTWRQWX_0,HFATHXAJGNQN,67167616_LDKENJOR_MNTWRQWX_0_87,67167616_LDKENJOR_MNTWRQWX_0,FDPVJIPSROKA,1
67167616_LDKENJOR_MNTWRQWX_0_88,67167616_LDKENJOR_MNTWRQWX_0,HFATHXAJGNQN,67167616_LDKENJOR_MNTWRQWX_0_88,67167616_LDKENJOR_MNTWRQWX_0,FDPVJIPSROKA,1
67167616_LDKENJOR_MNTWRQWX_0_89,67167616_LDKENJOR_MNTWRQWX_0,HFATHXAJGNQN,67167616_LDKENJOR_MNTWRQWX_0_89,67167616_LDKENJOR_MNTWRQWX_0,FDPVJIPSROKA,1
67167616_LDKENJOR_MNTWRQWX_0_90,67167616_LDKENJOR_MNTWRQWX_0,HFATHXAJGNQN,67167616_LDKENJOR_MNTWRQWX_0_90,67167616_LDKENJOR_MNTWRQWX_0,FDPVJIPSROKA,1
67167616_LDKENJOR_MNTWRQWX_0_91,67167616_LDKENJOR_MNTWRQWX_0,HFATHXAJGNQN,67167616_LDKENJOR_MNTWRQWX_0_91,67167616_LDKENJOR_MNTWRQWX_0,FDPVJIPSROKA,1
67167616_LDKENJOR_MNTWRQWX_0_93,67167616_LDKENJOR_MNTWRQWX_0,HFATHXAJGNQN,67167616_LDKENJOR_MNTWRQWX_0_93,67167616_LDKENJOR_MNTWRQWX_0,FDPVJIPSROKA,0
67167616_LDKENJOR_MNTWRQWX_0_94,67167616_LDKENJOR_MNTWRQWX_0,HFATHXAJGNQN,67167616_LDKENJOR_MNTWRQWX_0_94,67167616_LDKENJOR_MNTWRQWX_0,FDPVJIPSROKA,1
67167616_LDKENJOR_MNTWRQWX_0_95,67167616_LDKENJOR_MNTWRQWX_0,HFATHXAJGNQN,67167616_LDKENJOR_MNTWRQWX_0_95,67167616_LDKENJOR_MNTWRQWX_0,FDPVJIPSROKA,1
67167616_LDKENJOR_MNTWRQWX_0_96,67167616_LDKENJOR_MNTWRQWX_0,HFATHXAJGNQN,67167616_LDKENJOR_MNTWRQWX_0_96,67167616_LDKENJOR_MNTWRQWX_0,FDPVJIPSROKA,1
67167616_LDKENJOR_MNTWRQWX_0_97,67167616_LDKENJOR_MNTWRQWX_0,HFATHXAJGNQN,67167616_LDKENJOR_MNTWRQWX_0_97,67167616_LDKENJOR_MNTWRQWX_0,FDPVJIPSROKA,1
67167616_LDKENJOR_MNTWRQWX_0_98,67167616_LDKENJOR_MNTWRQWX_0,HFATHXAJGNQN,67167616_LDKENJOR_MNTWRQWX_0_98,67167616_LDKENJOR_MNTWRQWX_0,FDPVJIPSROKA,0
67167616_LDKENJOR_MNTWRQWX_0_99,67167616_LDKENJOR_MNTWRQWX_0,HFATHXAJGNQN,67167616_LDKENJOR_MNTWRQWX_0_99,67167616_LDKENJOR_MNTWRQWX_0,FDPVJIPSROKA,0
67167616_LDKENJOR_MNTWRQWX_0_100,67167616_LDKENJOR_MNTWRQWX_0,HFATHXAJGNQN,67167616_LDKENJOR_MNTWRQWX_0_100,67167616_LDKENJOR_MNTWRQWX_0,FDPVJIPSROKA,1
67167616_LDKENJOR_MNTWRQWX_0_101,67167616_LDKENJOR_MNTWRQWX_0,HFATHXAJGNQN,67167616_LDKENJOR_MNTWRQWX_0_101,67167616_LDKENJOR_MNTWRQWX_0,FDPVJIPSROKA,1
67167616_LDKENJOR_MNTWRQWX_0_102,67167616_LDKENJOR_MNTWRQWX_0,HFATHXAJGNQN,67167616_LDKENJOR_MNTWRQWX_0_102,67167616_LDKENJOR_MNTWRQWX_0,FDPVJIPSROKA,1
67167616_LDKENJOR_MNTWRQWX_0_103,67167616_LDKENJOR_MNTWRQWX_0,HFATHXAJGNQN,67167616_LDKENJOR_MNTWRQWX_0_103,67167616_LDKENJOR_MNTWRQWX_0,FDPVJIPSROKA,0
67167616_LDKENJOR_MNTWRQWX_0_104,67167616_LDKENJOR_MNTWRQWX_0,HFATHXAJGNQN,67167616_LDKENJOR_MNTWRQWX_0_104,67167616_LDKENJOR_MNTWRQWX_0,FDPVJIPSROKA,0
67167616_LDKENJOR_MNTWRQWX_0_105,67167616_LDKENJOR_MNTWRQWX_0,HFATHXAJGNQN,67167616_LDKENJOR_MNTWRQWX_0_105,67167616_LDKENJOR_MNTWRQWX_0,FDPVJIPSROKA,1
67167616_LDKENJOR_MNTWRQWX_0_106,67167616_LDKENJOR_MNTWRQWX_0,HFATHXAJGNQN,67167616_LDKENJOR_MNTWRQWX_0_106,67167616_LDKENJOR_MNTWRQWX_0,FDPVJIPSROKA,0
67167616_LDKENJOR_MNTWRQWX_0_107,67167616_LDKENJOR_MNTWRQWX_0,HFATHXAJGNQN,67167616_LDKENJOR_MNTWRQWX_0_107,67167616_LDKENJOR_MNTWRQWX_0,FDPVJIPSROKA,0
67167616_LDKENJOR_MNTWRQWX_0_108,67167616_LDKENJOR_MNTWRQWX_0,HFATHXAJGNQN,67167616_LDKENJOR_MNTWRQWX_0_108,67167616_LDKENJOR_MNTWRQWX_0,FDPVJIPSROKA,1
67167616_LDKENJOR_MNTWRQWX_0_109,67167616_LDKENJOR_MNTWRQWX_0,HFATHXAJGNQN,67167616_LDKENJOR_MNTWRQWX_0_109,67167616_LDKENJOR_MNTWRQWX_0,FDPVJIPSROKA,1
67167616_LDKENJOR_MNTWRQWX_0_110,67167616_LDKENJOR_MNTWRQWX_0,HFATHXAJGNQN,67167616_LDKENJOR_MNTWRQWX_0_110,67167616_LDKENJOR_MNTWRQWX_0,FDPVJIPSROKA,0
67167616_LDKENJOR_MNTWRQWX_0_111,67167616_LDKENJOR_MNTWRQWX_0,HFATHXAJGNQN,67167616_LDKENJOR_MNTWRQWX_0_111,67167616_LDKENJOR_MNTWRQWX_0,FDPVJIPSROKA,0
67167616_LDKENJOR_MNTWRQWX_0_112,67167616_LDKENJOR_MNTWRQWX_0,HFATHXAJGNQN,67167616_LDKENJOR_MNTWRQWX_0_112,67167616_LDKENJOR_MNTWRQWX_0,FDPVJIPSROKA,0
67167616_LDKENJOR_MNTWRQWX_0_113,67167616_LDKENJOR_MNTWRQWX_0,HFATHXAJGNQN,67167616_LDKENJOR_MNTWRQWX_0_113,67167616_LDKENJOR_MNTWRQWX_0,FDPVJIPSROKA,0
67167616_LDKENJOR_MNTWRQWX_0_114,67167616_LDKENJOR_MNTWRQWX_0,HFATHXAJGNQN,67167616_LDKENJOR_MNTWRQWX_0_114,67167616_LDKENJOR_MNTWRQWX_0,FDPVJIPSROKA,0
60010347_QSUJMCHL_NPTIINNC_0_0,60010347_QSUJMCHL_NPTIINNC_0,HFATHXAJGNQN,60010347_QSUJMCHL_NPTIINNC_0_0,60010347_QSUJMCHL_NPTIINNC_0,HWNTKYKHYJKM,0
60010347_QSUJMCHL_NPTIINNC_0_1,60010347_QSUJMCHL_NPTIINNC_0,HFATHXAJGNQN,60010347_QSUJMCHL_NPTIINNC_0_1,60010347_QSUJMCHL_NPTIINNC_0,HWNTKYKHYJKM,0
60010347_QSUJMCHL_NPTIINNC_0_2,60010347_QSUJMCHL_NPTIINNC_0,HFATHXAJGNQN,60010347_QSUJMCHL_NPTIINNC_0_2,60010347_QSUJMCHL_NPTIINNC_0,HWNTKYKHYJKM,0
60010347_QSUJMCHL_NPTIINNC_0_3,60010347_QSUJMCHL_NPTIINNC_0,HFATHXAJGNQN,60010347_QSUJMCHL_NPTIINNC_0_3,60010347_QSUJMCHL_NPTIINNC_0,HWNTKYKHYJKM,0
60010347_QSUJMCHL_NPTIINNC_0_5,60010347_QSUJMCHL_NPTIINNC_0,HFATHXAJGNQN,60010347_QSUJMCHL_NPTIINNC_0_5,60010347_QSUJMCHL_NPTIINNC_0,HWNTKYKHYJKM,0
60010347_QSUJMCHL_NPTIINNC_0_6,60010347_QSUJMCHL_NPTIINNC_0,HFATHXAJGNQN,60010347_QSUJMCHL_NPTIINNC_0_6,60010347_QSUJMCHL_NPTIINNC_0,HWNTKYKHYJKM,0
60010347_QSUJMCHL_NPTIINNC_0_7,60010347_QSUJMCHL_NPTIINNC_0,HFATHXAJGNQN,60010347_QSUJMCHL_NPTIINNC_0_7,60010347_QSUJMCHL_NPTIINNC_0,HWNTKYKHYJKM,0
60010347_QSUJMCHL_NPTIINNC_0_8,60010347_QSUJMCHL_NPTIINNC_0,HFATHXAJGNQN,60010347_QSUJMCHL_NPTIINNC_0_8,60010347_QSUJMCHL_NPTIINNC_0,HWNTKYKHYJKM,0
60010347_QSUJMCHL_NPTIINNC_0_9,60010347_QSUJMCHL_NPTIINNC_0,HFATHXAJGNQN,60010347_QSUJMCHL_NPTIINNC_0_9,60010347_QSUJMCHL_NPTIINNC_0,HWNTKYKHYJKM,0
60010347_QSUJMCHL_NPTIINNC_0_10,60010347_QSUJMCHL_NPTIINNC_0,HFATHXAJGNQN,60010347_QSUJMCHL_NPTIINNC_0_10,60010347_QSUJMCHL_NPTIINNC_0,HWNTKYKHYJKM,0
60010347_QSUJMCHL_NPTIINNC_0_12,60010347_QSUJMCHL_NPTIINNC_0,HFATHXAJGNQN,60010347_QSUJMCHL_NPTIINNC_0_12,60010347_QSUJMCHL_NPTIINNC_0,HWNTKYKHYJKM,0
60010347_QSUJMCHL_NPTIINNC_0_13,60010347_QSUJMCHL_NPTIINNC_0,HFATHXAJGNQN,60010347_QSUJMCHL_NPTIINNC_0_13,60010347_QSUJMCHL_NPTIINNC_0,HWNTKYKHYJKM,0
60010347_QSUJMCHL_NPTIINNC_0_14,60010347_QSUJMCHL_NPTIINNC_0,HFATHXAJGNQN,60010347_QSUJMCHL_NPTIINNC_0_14,60010347_QSUJMCHL_NPTIINNC_0,HWNTKYKHYJKM,0
60010347_QSUJMCHL_NPTIINNC_0_15,60010347_QSUJMCHL_NPTIINNC_0,HFATHXAJGNQN,60010347_QSUJMCHL_NPTIINNC_0_15,60010347_QSUJMCHL_NPTIINNC_0,HWNTKYKHYJKM,0
60010347_QSUJMCHL_NPTIINNC_0_16,60010347_QSUJMCHL_NPTIINNC_0,HFATHXAJGNQN,60010347_QSUJMCHL_NPTIINNC_0_16,60010347_QSUJMCHL_NPTIINNC_0,HWNTKYKHYJKM,0
60010347_QSUJMCHL_NPTIINNC_0_17,60010347_QSUJMCHL_NPTIINNC_0,HFATHXAJGNQN,60010347_QSUJMCHL_NPTIINNC_0_17,60010347_QSUJMCHL_NPTIINNC_0,HWNTKYKHYJKM,0
60010347_QSUJMCHL_NPTIINNC_0_18,60010347_QSUJMCHL_NPTIINNC_0,HFATHXAJGNQN,60010347_QSUJMCHL_NPTIINNC_0_18,60010347_QSUJMCHL_NPTIINNC_0,HWNTKYKHYJKM,0
60010347_QSUJMCHL_NPTIINNC_0_20,60010347_QSUJMCHL_NPTIINNC_0,HFATHXAJGNQN,60010347_QSUJMCHL_NPTIINNC_0_20,60010347_QSUJMCHL_NPTIINNC_0,HWNTKYKHYJKM,0
60010347_QSUJMCHL_NPTIINNC_0_21,60010347_QSUJMCHL_NPTIINNC_0,HFATHXAJGNQN,60010347_QSUJMCHL_NPTIINNC_0_21,60010347_QSUJMCHL_NPTIINNC_0,HWNTKYKHYJKM,0
60010347_QSUJMCHL_NPTIINNC_0_22,60010347_QSUJMCHL_NPTIINNC_0,HFATHXAJGNQN,60010347_QSUJMCHL_NPTIINNC_0_22,60010347_QSUJMCHL_NPTIINNC_0,HWNTKYKHYJKM,0
60010347_QSUJMCHL_NPTIINNC_0_23,60010347_QSUJMCHL_NPTIINNC_0,HFATHXAJGNQN,60010347_QSUJMCHL_NPTIINNC_0_23,60010347_QSUJMCHL_NPTIINNC_0,HWNTKYKHYJKM,0
60010347_QSUJMCHL_NPTIINNC_0_24,60010347_QSUJMCHL_NPTIINNC_0,HFATHXAJGNQN,60010347_QSUJMCHL_NPTIINNC_0_24,60010347_QSUJMCHL_NPTIINNC_0,HWNTKYKHYJKM,0
60010347_QSUJMCHL_NPTIINNC_0_26,60010347_QSUJMCHL_NPTIINNC_0,HFATHXAJGNQN,60010347_QSUJMCHL_NPTIINNC_0_26,60010347_QSUJMCHL_NPTIINNC_0,HWNTKYKHYJKM,0
60010347_QSUJMCHL_NPTIINNC_0_27,60010347_QSUJMCHL_NPTIINNC_0,HFATHXAJGNQN,60010347_QSUJMCHL_NPTIINNC_0_27,60010347_QSUJMCHL_NPTIINNC_0,HWNTKYKHYJKM,0
60010347_QSUJMCHL_NPTIINNC_0_28,60010347_QSUJMCHL_NPTIINNC_0,HFATHXAJGNQN,60010347_QSUJMCHL_NPTIINNC_0_28,60010347_QSUJMCHL_NPTIINNC_0,HWNTKYKHYJKM,0
60010347_QSUJMCHL_NPTIINNC_0_29,60010347_QSUJMCHL_NPTIINNC_0,HFATHXAJGNQN,60010347_QSUJMCHL_NPTIINNC_0_29,60010347_QSUJMCHL_NPTIINNC_0,HWNTKYKHYJKM,0
60010347_QSUJMCHL_NPTIINNC_0_30,60010347_QSUJMCHL_NPTIINNC_0,HFATHXAJGNQN,60010347_QSUJMCHL_NPTIINNC_0_30,60010347_QSUJMCHL_NPTIINNC_0,HWNTKYKHYJKM,0
60010347_QSUJMCHL_NPTIINNC_0_31,60010347_QSUJMCHL_NPTIINNC_0,HFATHXAJGNQN,60010347_QSUJMCHL_NPTIINNC_0_31,60010347_QSUJMCHL_NPTIINNC_0,HWNTKYKHYJKM,0
60010347_QSUJMCHL_NPTIINNC_0_32,60010347_QSUJMCHL_NPTIINNC_0,HFATHXAJGNQN,60010347_QSUJMCHL_NPTIINNC_0_32,60010347_QSUJMCHL_NPTIINNC_0,HWNTKYKHYJKM,0
60010347_QSUJMCHL_NPTIINNC_0_34,60010347_QSUJMCHL_NPTIINNC_0,HFATHXAJGNQN,60010347_QSUJMCHL_NPTIINNC_0_34,60010347_QSUJMCHL_NPTIINNC_0,HWNTKYKHYJKM,0
60010347_QSUJMCHL_NPTIINNC_0_35,60010347_QSUJMCHL_NPTIINNC_0,HFATHXAJGNQN,60010347_QSUJMCHL_NPTIINNC_0_35,60010347_QSUJMCHL_NPTIINNC_0,HWNTKYKHYJKM,0
60010347_QSUJMCHL_NPTIINNC_0_36,60010347_QSUJMCHL_NPTIINNC_0,HFATHXAJGNQN,60010347_QSUJMCHL_NPTIINNC_0_36,60010347_QSUJMCHL_NPTIINNC_0,HWNTKYKHYJKM,0
60010347_QSUJMCHL_NPTIINNC_0_37,60010347_QSUJMCHL_NPTIINNC_0,HFATHXAJGNQN,60010347_QSUJMCHL_NPTIINNC_0_37,60010347_QSUJMCHL_NPTIINNC_0,HWNTKYKHYJKM,0
60010347_QSUJMCHL_NPTIINNC_0_38,60010347_QSUJMCHL_NPTIINNC_0,HFATHXAJGNQN,60010347_QSUJMCHL_NPTIINNC_0_38,60010347_QSUJMCHL_NPTIINNC_0,HWNTKYKHYJKM,0
60010347_QSUJMCHL_NPTIINNC_0_40,60010347_QSUJMCHL_NPTIINNC_0,HFATHXAJGNQN,60010347_QSUJMCHL_NPTIINNC_0_40,60010347_QSUJMCHL_NPTIINNC_0,HWNTKYKHYJKM,0
60010347_QSUJMCHL_NPTIINNC_0_41,60010347_QSUJMCHL_NPTIINNC_0,HFATHXAJGNQN,60010347_QSUJMCHL_NPTIINNC_0_41,60010347_QSUJMCHL_NPTIINNC_0,HWNTKYKHYJKM,0
60010347_QSUJMCHL_NPTIINNC_0_42,60010347_QSUJMCHL_NPTIINNC_0,HFATHXAJGNQN,60010347_QSUJMCHL_NPTIINNC_0_42,60010347_QSUJMCHL_NPTIINNC_0,HWNTKYKHYJKM,0
60010347_QSUJMCHL_NPTIINNC_0_43,60010347_QSUJMCHL_NPTIINNC_0,HFATHXAJGNQN,60010347_QSUJMCHL_NPTIINNC_0_43,60010347_QSUJMCHL_NPTIINNC_0,HWNTKYKHYJKM,0
60010347_QSUJMCHL_NPTIINNC_0_45,60010347_QSUJMCHL_NPTIINNC_0,HFATHXAJGNQN,60010347_QSUJMCHL_NPTIINNC_0_45,60010347_QSUJMCHL_NPTIINNC_0,HWNTKYKHYJKM,0
60010347_QSUJMCHL_NPTIINNC_0_46,60010347_QSUJMCHL_NPTIINNC_0,HFATHXAJGNQN,60010347_QSUJMCHL_NPTIINNC_0_46,60010347_QSUJMCHL_NPTIINNC_0,HWNTKYKHYJKM,0
60010347_QSUJMCHL_NPTIINNC_0_47,60010347_QSUJMCHL_NPTIINNC_0,HFATHXAJGNQN,60010347_QSUJMCHL_NPTIINNC_0_47,60010347_QSUJMCHL_NPTIINNC_0,HWNTKYKHYJKM,0
60010347_QSUJMCHL_NPTIINNC_0_49,60010347_QSUJMCHL_NPTIINNC_0,HFATHXAJGNQN,60010347_QSUJMCHL_NPTIINNC_0_49,60010347_QSUJMCHL_NPTIINNC_0,HWNTKYKHYJKM,0
60010347_QSUJMCHL_NPTIINNC_0_50,60010347_QSUJMCHL_NPTIINNC_0,HFATHXAJGNQN,60010347_QSUJMCHL_NPTIINNC_0_50,60010347_QSUJMCHL_NPTIINNC_0,HWNTKYKHYJKM,0
60010347_QSUJMCHL_NPTIINNC_0_51,60010347_QSUJMCHL_NPTIINNC_0,HFATHXAJGNQN,60010347_QSUJMCHL_NPTIINNC_0_51,60010347_QSUJMCHL_NPTIINNC_0,HWNTKYKHYJKM,0
60010347_QSUJMCHL_NPTIINNC_0_53,60010347_QSUJMCHL_NPTIINNC_0,HFATHXAJGNQN,60010347_QSUJMCHL_NPTIINNC_0_53,60010347_QSUJMCHL_NPTIINNC_0,HWNTKYKHYJKM,0
60010347_QSUJMCHL_NPTIINNC_0_54,60010347_QSUJMCHL_NPTIINNC_0,HFATHXAJGNQN,60010347_QSUJMCHL_NPTIINNC_0_54,60010347_QSUJMCHL_NPTIINNC_0,HWNTKYKHYJKM,0
60010347_QSUJMCHL_NPTIINNC_0_55,60010347_QSUJMCHL_NPTIINNC_0,HFATHXAJGNQN,60010347_QSUJMCHL_NPTIINNC_0_55,60010347_QSUJMCHL_NPTIINNC_0,HWNTKYKHYJKM,0
60010347_QSUJMCHL_NPTIINNC_0_57,60010347_QSUJMCHL_NPTIINNC_0,HFATHXAJGNQN,60010347_QSUJMCHL_NPTIINNC_0_57,60010347_QSUJMCHL_NPTIINNC_0,HWNTKYKHYJKM,0
60010347_QSUJMCHL_NPTIINNC_0_58,60010347_QSUJMCHL_NPTIINNC_0,HFATHXAJGNQN,60010347_QSUJMCHL_NPTIINNC_0_58,60010347_QSUJMCHL_NPTIINNC_0,HWNTKYKHYJKM,0
60010347_QSUJMCHL_NPTIINNC_0_60,60010347_QSUJMCHL_NPTIINNC_0,HFATHXAJGNQN,60010347_QSUJMCHL_NPTIINNC_0_60,60010347_QSUJMCHL_NPTIINNC_0,HWNTKYKHYJKM,1
60010347_QSUJMCHL_NPTIINNC_0_61,60010347_QSUJMCHL_NPTIINNC_0,HFATHXAJGNQN,60010347_QSUJMCHL_NPTIINNC_0_61,60010347_QSUJMCHL_NPTIINNC_0,HWNTKYKHYJKM,1
60010347_QSUJMCHL_NPTIINNC_0_62,60010347_QSUJMCHL_NPTIINNC_0,HFATHXAJGNQN,60010347_QSUJMCHL_NPTIINNC_0_62,60010347_QSUJMCHL_NPTIINNC_0,HWNTKYKHYJKM,0
60010347_QSUJMCHL_NPTIINNC_0_63,60010347_QSUJMCHL_NPTIINNC_0,HFATHXAJGNQN,60010347_QSUJMCHL_NPTIINNC_0_63,60010347_QSUJMCHL_NPTIINNC_0,HWNTKYKHYJKM,1
60010347_QSUJMCHL_NPTIINNC_0_65,60010347_QSUJMCHL_NPTIINNC_0,HFATHXAJGNQN,60010347_QSUJMCHL_NPTIINNC_0_65,60010347_QSUJMCHL_NPTIINNC_0,HWNTKYKHYJKM,1
60010347_QSUJMCHL_NPTIINNC_0_66,60010347_QSUJMCHL_NPTIINNC_0,HFATHXAJGNQN,60010347_QSUJMCHL_NPTIINNC_0_66,60010347_QSUJMCHL_NPTIINNC_0,HWNTKYKHYJKM,0
60010347_QSUJMCHL_NPTIINNC_0_67,60010347_QSUJMCHL_NPTIINNC_0,HFATHXAJGNQN,60010347_QSUJMCHL_NPTIINNC_0_67,60010347_QSUJMCHL_NPTIINNC_0,HWNTKYKHYJKM,0
60010347_QSUJMCHL_NPTIINNC_0_68,60010347_QSUJMCHL_NPTIINNC_0,HFATHXAJGNQN,60010347_QSUJMCHL_NPTIINNC_0_68,60010347_QSUJMCHL_NPTIINNC_0,HWNTKYKHYJKM,0
60010347_QSUJMCHL_NPTIINNC_0_69,60010347_QSUJMCHL_NPTIINNC_0,HFATHXAJGNQN,60010347_QSUJMCHL_NPTIINNC_0_69,60010347_QSUJMCHL_NPTIINNC_0,HWNTKYKHYJKM,0
60010347_QSUJMCHL_NPTIINNC_0_70,60010347_QSUJMCHL_NPTIINNC_0,HFATHXAJGNQN,60010347_QSUJMCHL_NPTIINNC_0_70,60010347_QSUJMCHL_NPTIINNC_0,HWNTKYKHYJKM,0
60010347_QSUJMCHL_NPTIINNC_0_71,60010347_QSUJMCHL_NPTIINNC_0,HFATHXAJGNQN,60010347_QSUJMCHL_NPTIINNC_0_71,60010347_QSUJMCHL_NPTIINNC_0,HWNTKYKHYJKM,1
60010347_QSUJMCHL_NPTIINNC_0_72,60010347_QSUJMCHL_NPTIINNC_0,HFATHXAJGNQN,60010347_QSUJMCHL_NPTIINNC_0_72,60010347_QSUJMCHL_NPTIINNC_0,HWNTKYKHYJKM,0
60010347_QSUJMCHL_NPTIINNC_0_73,60010347_QSUJMCHL_NPTIINNC_0,HFATHXAJGNQN,60010347_QSUJMCHL_NPTIINNC_0_73,60010347_QSUJMCHL_NPTIINNC_0,HWNTKYKHYJKM,1
60010347_QSUJMCHL_NPTIINNC_0_74,60010347_QSUJMCHL_NPTIINNC_0,HFATHXAJGNQN,60010347_QSUJMCHL_NPTIINNC_0_74,60010347_QSUJMCHL_NPTIINNC_0,HWNTKYKHYJKM,1
60010347_QSUJMCHL_NPTIINNC_0_75,60010347_QSUJMCHL_NPTIINNC_0,HFATHXAJGNQN,60010347_QSUJMCHL_NPTIINNC_0_75,60010347_QSUJMCHL_NPTIINNC_0,HWNTKYKHYJKM,0
60010347_QSUJMCHL_NPTIINNC_0_76,60010347_QSUJMCHL_NPTIINNC_0,HFATHXAJGNQN,60010347_QSUJMCHL_NPTIINNC_0_76,60010347_QSUJMCHL_NPTIINNC_0,HWNTKYKHYJKM,0
60010347_QSUJMCHL_NPTIINNC_0_77,60010347_QSUJMCHL_NPTIINNC_0,HFATHXAJGNQN,60010347_QSUJMCHL_NPTIINNC_0_77,60010347_QSUJMCHL_NPTIINNC_0,HWNTKYKHYJKM,0
60010347_QSUJMCHL_NPTIINNC_0_78,60010347_QSUJMCHL_NPTIINNC_0,HFATHXAJGNQN,60010347_QSUJMCHL_NPTIINNC_0_78,60010347_QSUJMCHL_NPTIINNC_0,HWNTKYKHYJKM,0
60010347_QSUJMCHL_NPTIINNC_0_79,60010347_QSUJMCHL_NPTIINNC_0,HFATHXAJGNQN,60010347_QSUJMCHL_NPTIINNC_0_79,60010347_QSUJMCHL_NPTIINNC_0,HWNTKYKHYJKM,0
60010347_ZNLTTCSQ_MGBOQXLW_0_0,60010347_ZNLTTCSQ_MGBOQXLW_0,HFATHXAJGNQN,60010347_ZNLTTCSQ_MGBOQXLW_0_0,60010347_ZNLTTCSQ_MGBOQXLW_0,HWNTKYKHYJKM,0
60010347_ZNLTTCSQ_MGBOQXLW_0_1,60010347_ZNLTTCSQ_MGBOQXLW_0,HFATHXAJGNQN,60010347_ZNLTTCSQ_MGBOQXLW_0_1,60010347_ZNLTTCSQ_MGBOQXLW_0,HWNTKYKHYJKM,0
60010347_ZNLTTCSQ_MGBOQXLW_0_2,60010347_ZNLTTCSQ_MGBOQXLW_0,HFATHXAJGNQN,60010347_ZNLTTCSQ_MGBOQXLW_0_2,60010347_ZNLTTCSQ_MGBOQXLW_0,HWNTKYKHYJKM,0
60010347_ZNLTTCSQ_MGBOQXLW_0_3,60010347_ZNLTTCSQ_MGBOQXLW_0,HFATHXAJGNQN,60010347_ZNLTTCSQ_MGBOQXLW_0_3,60010347_ZNLTTCSQ_MGBOQXLW_0,HWNTKYKHYJKM,0
60010347_ZNLTTCSQ_MGBOQXLW_0_4,60010347_ZNLTTCSQ_MGBOQXLW_0,HFATHXAJGNQN,60010347_ZNLTTCSQ_MGBOQXLW_0_4,60010347_ZNLTTCSQ_MGBOQXLW_0,HWNTKYKHYJKM,0
60010347_ZNLTTCSQ_MGBOQXLW_0_5,60010347_ZNLTTCSQ_MGBOQXLW_0,HFATHXAJGNQN,60010347_ZNLTTCSQ_MGBOQXLW_0_5,60010347_ZNLTTCSQ_MGBOQXLW_0,HWNTKYKHYJKM,0
60010347_ZNLTTCSQ_MGBOQXLW_0_6,60010347_ZNLTTCSQ_MGBOQXLW_0,HFATHXAJGNQN,60010347_ZNLTTCSQ_MGBOQXLW_0_6,60010347_ZNLTTCSQ_MGBOQXLW_0,HWNTKYKHYJKM,0
60010347_ZNLTTCSQ_MGBOQXLW_0_7,60010347_ZNLTTCSQ_MGBOQXLW_0,HFATHXAJGNQN,60010347_ZNLTTCSQ_MGBOQXLW_0_7,60010347_ZNLTTCSQ_MGBOQXLW_0,HWNTKYKHYJKM,0
60010347_ZNLTTCSQ_MGBOQXLW_0_8,60010347_ZNLTTCSQ_MGBOQXLW_0,HFATHXAJGNQN,60010347_ZNLTTCSQ_MGBOQXLW_0_8,60010347_ZNLTTCSQ_MGBOQXLW_0,HWNTKYKHYJKM,0
60010347_ZNLTTCSQ_MGBOQXLW_0_9,60010347_ZNLTTCSQ_MGBOQXLW_0,HFATHXAJGNQN,60010347_ZNLTTCSQ_MGBOQXLW_0_9,60010347_ZNLTTCSQ_MGBOQXLW_0,HWNTKYKHYJKM,0
60010347_ZNLTTCSQ_MGBOQXLW_0_10,60010347_ZNLTTCSQ_MGBOQXLW_0,HFATHXAJGNQN,60010347_ZNLTTCSQ_MGBOQXLW_0_10,60010347_ZNLTTCSQ_MGBOQXLW_0,HWNTKYKHYJKM,0
60010347_ZNLTTCSQ_MGBOQXLW_0_11,60010347_ZNLTTCSQ_MGBOQXLW_0,HFATHXAJGNQN,60010347_ZNLTTCSQ_MGBOQXLW_0_11,60010347_ZNLTTCSQ_MGBOQXLW_0,HWNTKYKHYJKM,0
60010347_ZNLTTCSQ_MGBOQXLW_0_12,60010347_ZNLTTCSQ_MGBOQXLW_0,HFATHXAJGNQN,60010347_ZNLTTCSQ_MGBOQXLW_0_12,60010347_ZNLTTCSQ_MGBOQXLW_0,HWNTKYKHYJKM,0
72546607_ZIOBTBVM_PQCFTXTN_0_1,72546607_ZIOBTBVM_PQCFTXTN_0,HFATHXAJGNQN,72546607_ZIOBTBVM_PQCFTXTN_0_1,72546607_ZIOBTBVM_PQCFTXTN_0,HWNTKYKHYJKM,0
72546607_ZIOBTBVM_PQCFTXTN_0_2,72546607_ZIOBTBVM_PQCFTXTN_0,HFATHXAJGNQN,72546607_ZIOBTBVM_PQCFTXTN_0_2,72546607_ZIOBTBVM_PQCFTXTN_0,HWNTKYKHYJKM,0
72546607_ZIOBTBVM_PQCFTXTN_0_3,72546607_ZIOBTBVM_PQCFTXTN_0,HFATHXAJGNQN,72546607_ZIOBTBVM_PQCFTXTN_0_3,72546607_ZIOBTBVM_PQCFTXTN_0,HWNTKYKHYJKM,0
72546607_ZIOBTBVM_PQCFTXTN_0_4,72546607_ZIOBTBVM_PQCFTXTN_0,HFATHXAJGNQN,72546607_ZIOBTBVM_PQCFTXTN_0_4,72546607_ZIOBTBVM_PQCFTXTN_0,HWNTKYKHYJKM,0
72546607_ZIOBTBVM_PQCFTXTN_0_5,72546607_ZIOBTBVM_PQCFTXTN_0,HFATHXAJGNQN,72546607_ZIOBTBVM_PQCFTXTN_0_5,72546607_ZIOBTBVM_PQCFTXTN_0,HWNTKYKHYJKM,0
72546607_ZIOBTBVM_PQCFTXTN_0_6,72546607_ZIOBTBVM_PQCFTXTN_0,HFATHXAJGNQN,72546607_ZIOBTBVM_PQCFTXTN_0_6,72546607_ZIOBTBVM_PQCFTXTN_0,HWNTKYKHYJKM,0
85814277_NHDZLYZM_DAENTZYJ_0_0,85814277_NHDZLYZM_DAENTZYJ_0,HFATHXAJGNQN,85814277_NHDZLYZM_DAENTZYJ_0_0,85814277_NHDZLYZM_DAENTZYJ_0,HWNTKYKHYJKM,0
85814277_NHDZLYZM_DAENTZYJ_0_1,85814277_NHDZLYZM_DAENTZYJ_0,HFATHXAJGNQN,85814277_NHDZLYZM_DAENTZYJ_0_1,85814277_NHDZLYZM_DAENTZYJ_0,HWNTKYKHYJKM,0
85814277_NHDZLYZM_DAENTZYJ_0_3,85814277_NHDZLYZM_DAENTZYJ_0,HFATHXAJGNQN,85814277_NHDZLYZM_DAENTZYJ_0_3,85814277_NHDZLYZM_DAENTZYJ_0,HWNTKYKHYJKM,0
85814277_NHDZLYZM_DAENTZYJ_0_4,85814277_NHDZLYZM_DAENTZYJ_0,HFATHXAJGNQN,85814277_NHDZLYZM_DAENTZYJ_0_4,85814277_NHDZLYZM_DAENTZYJ_0,HWNTKYKHYJKM,0
85814277_DAENTZYJ_HHXZCCFW_0_0,85814277_DAENTZYJ_HHXZCCFW_0,HFATHXAJGNQN,85814277_DAENTZYJ_HHXZCCFW_0_0,85814277_DAENTZYJ_HHXZCCFW_0,HWNTKYKHYJKM,0
85814277_DAENTZYJ_HHXZCCFW_0_1,85814277_DAENTZYJ_HHXZCCFW_0,HFATHXAJGNQN,85814277_DAENTZYJ_HHXZCCFW_0_1,85814277_DAENTZYJ_HHXZCCFW_0,HWNTKYKHYJKM,0
85814277_DAENTZYJ_HHXZCCFW_0_3,85814277_DAENTZYJ_HHXZCCFW_0,HFATHXAJGNQN,85814277_DAENTZYJ_HHXZCCFW_0_3,85814277_DAENTZYJ_HHXZCCFW_0,HWNTKYKHYJKM,0
60938775_ETJQFTYM_DQQSIFLV_0_0,60938775_ETJQFTYM_DQQSIFLV_0,VITMDUWQIKWY,60938775_ETJQFTYM_DQQSIFLV_0_0,60938775_ETJQFTYM_DQQSIFLV_0,WZVQDQUWWPAZ,1
60938775_ETJQFTYM_DQQSIFLV_0_1,60938775_ETJQFTYM_DQQSIFLV_0,VITMDUWQIKWY,60938775_ETJQFTYM_DQQSIFLV_0_1,60938775_ETJQFTYM_DQQSIFLV_0,WZVQDQUWWPAZ,0
60938775_ETJQFTYM_DQQSIFLV_0_2,60938775_ETJQFTYM_DQQSIFLV_0,VITMDUWQIKWY,60938775_ETJQFTYM_DQQSIFLV_0_2,60938775_ETJQFTYM_DQQSIFLV_0,WZVQDQUWWPAZ,0
60938775_ETJQFTYM_DQQSIFLV_0_3,60938775_ETJQFTYM_DQQSIFLV_0,VITMDUWQIKWY,60938775_ETJQFTYM_DQQSIFLV_0_3,60938775_ETJQFTYM_DQQSIFLV_0,WZVQDQUWWPAZ,0
60938775_ETJQFTYM_DQQSIFLV_0_4,60938775_ETJQFTYM_DQQSIFLV_0,VITMDUWQIKWY,60938775_ETJQFTYM_DQQSIFLV_0_4,60938775_ETJQFTYM_DQQSIFLV_0,WZVQDQUWWPAZ,0
60938775_ETJQFTYM_DQQSIFLV_0_5,60938775_ETJQFTYM_DQQSIFLV_0,VITMDUWQIKWY,60938775_ETJQFTYM_DQQSIFLV_0_5,60938775_ETJQFTYM_DQQSIFLV_0,WZVQDQUWWPAZ,0
60938775_ETJQFTYM_DQQSIFLV_0_6,60938775_ETJQFTYM_DQQSIFLV_0,VITMDUWQIKWY,60938775_ETJQFTYM_DQQSIFLV_0_6,60938775_ETJQFTYM_DQQSIFLV_0,WZVQDQUWWPAZ,0
60938775_ETJQFTYM_DQQSIFLV_0_7,60938775_ETJQFTYM_DQQSIFLV_0,VITMDUWQIKWY,60938775_ETJQFTYM_DQQSIFLV_0_7,60938775_ETJQFTYM_DQQSIFLV_0,WZVQDQUWWPAZ,1
60938775_ETJQFTYM_DQQSIFLV_0_8,60938775_ETJQFTYM_DQQSIFLV_0,VITMDUWQIKWY,60938775_ETJQFTYM_DQQSIFLV_0_8,60938775_ETJQFTYM_DQQSIFLV_0,WZVQDQUWWPAZ,0
60938775_ETJQFTYM_DQQSIFLV_0_9,60938775_ETJQFTYM_DQQSIFLV_0,VITMDUWQIKWY,60938775_ETJQFTYM_DQQSIFLV_0_9,60938775_ETJQFTYM_DQQSIFLV_0,WZVQDQUWWPAZ,0
60938775_ETJQFTYM_DQQSIFLV_0_10,60938775_ETJQFTYM_DQQSIFLV_0,VITMDUWQIKWY,60938775_ETJQFTYM_DQQSIFLV_0_10,60938775_ETJQFTYM_DQQSIFLV_0,WZVQDQUWWPAZ,0
60938775_ETJQFTYM_DQQSIFLV_0_11,60938775_ETJQFTYM_DQQSIFLV_0,VITMDUWQIKWY,60938775_ETJQFTYM_DQQSIFLV_0_11,60938775_ETJQFTYM_DQQSIFLV_0,WZVQDQUWWPAZ,0
60938775_ETJQFTYM_DQQSIFLV_0_12,60938775_ETJQFTYM_DQQSIFLV_0,VITMDUWQIKWY,60938775_ETJQFTYM_DQQSIFLV_0_12,60938775_ETJQFTYM_DQQSIFLV_0,WZVQDQUWWPAZ,1
60938775_ETJQFTYM_DQQSIFLV_0_13,60938775_ETJQFTYM_DQQSIFLV_0,VITMDUWQIKWY,60938775_ETJQFTYM_DQQSIFLV_0_13,60938775_ETJQFTYM_DQQSIFLV_0,WZVQDQUWWPAZ,0
60938775_ETJQFTYM_DQQSIFLV_0_14,60938775_ETJQFTYM_DQQSIFLV_0,VITMDUWQIKWY,60938775_ETJQFTYM_DQQSIFLV_0_14,60938775_ETJQFTYM_DQQSIFLV_0,WZVQDQUWWPAZ,1
60938775_ETJQFTYM_DQQSIFLV_0_15,60938775_ETJQFTYM_DQQSIFLV_0,VITMDUWQIKWY,60938775_ETJQFTYM_DQQSIFLV_0_15,60938775_ETJQFTYM_DQQSIFLV_0,WZVQDQUWWPAZ,0
60938775_ETJQFTYM_DQQSIFLV_0_16,60938775_ETJQFTYM_DQQSIFLV_0,VITMDUWQIKWY,60938775_ETJQFTYM_DQQSIFLV_0_16,60938775_ETJQFTYM_DQQSIFLV_0,WZVQDQUWWPAZ,1
19982376_BPORINGO_LJNFLUMT_0_0,19982376_BPORINGO_LJNFLUMT_0,KSZXEALHVBFX,19982376_BPORINGO_LJNFLUMT_0_0,19982376_BPORINGO_LJNFLUMT_0,PYAZGREHCDNG,0
19982376_BPORINGO_LJNFLUMT_0_1,19982376_BPORINGO_LJNFLUMT_0,KSZXEALHVBFX,19982376_BPORINGO_LJNFLUMT_0_1,19982376_BPORINGO_LJNFLUMT_0,PYAZGREHCDNG,0
19982376_BPORINGO_LJNFLUMT_0_2,19982376_BPORINGO_LJNFLUMT_0,KSZXEALHVBFX,19982376_BPORINGO_LJNFLUMT_0_2,19982376_BPORINGO_LJNFLUMT_0,PYAZGREHCDNG,0
19982376_BPORINGO_LJNFLUMT_0_3,19982376_BPORINGO_LJNFLUMT_0,KSZXEALHVBFX,19982376_BPORINGO_LJNFLUMT_0_3,19982376_BPORINGO_LJNFLUMT_0,PYAZGREHCDNG,0
19982376_BPORINGO_LJNFLUMT_0_4,19982376_BPORINGO_LJNFLUMT_0,KSZXEALHVBFX,19982376_BPORINGO_LJNFLUMT_0_4,19982376_BPORINGO_LJNFLUMT_0,PYAZGREHCDNG,0
19982376_BPORINGO_LJNFLUMT_0_5,19982376_BPORINGO_LJNFLUMT_0,KSZXEALHVBFX,19982376_BPORINGO_LJNFLUMT_0_5,19982376_BPORINGO_LJNFLUMT_0,PYAZGREHCDNG,0
19982376_BPORINGO_LJNFLUMT_0_6,19982376_BPORINGO_LJNFLUMT_0,KSZXEALHVBFX,19982376_BPORINGO_LJNFLUMT_0_6,19982376_BPORINGO_LJNFLUMT_0,PYAZGREHCDNG,0
19982376_BPORINGO_LJNFLUMT_0_7,19982376_BPORINGO_LJNFLUMT_0,KSZXEALHVBFX,19982376_BPORINGO_LJNFLUMT_0_7,19982376_BPORINGO_LJNFLUMT_0,PYAZGREHCDNG,0
19982376_BPORINGO_LJNFLUMT_0_8,19982376_BPORINGO_LJNFLUMT_0,KSZXEALHVBFX,19982376_BPORINGO_LJNFLUMT_0_8,19982376_BPORINGO_LJNFLUMT_0,PYAZGREHCDNG,0
19982376_BPORINGO_LJNFLUMT_0_9,19982376_BPORINGO_LJNFLUMT_0,KSZXEALHVBFX,19982376_BPORINGO_LJNFLUMT_0_9,19982376_BPORINGO_LJNFLUMT_0,PYAZGREHCDNG,0
19982376_BPORINGO_LJNFLUMT_0_10,19982376_BPORINGO_LJNFLUMT_0,KSZXEALHVBFX,19982376_BPORINGO_LJNFLUMT_0_10,19982376_BPORINGO_LJNFLUMT_0,PYAZGREHCDNG,0
19982376_BPORINGO_LJNFLUMT_0_12,19982376_BPORINGO_LJNFLUMT_0,KSZXEALHVBFX,19982376_BPORINGO_LJNFLUMT_0_12,19982376_BPORINGO_LJNFLUMT_0,PYAZGREHCDNG,0
19982376_BPORINGO_LJNFLUMT_0_13,19982376_BPORINGO_LJNFLUMT_0,KSZXEALHVBFX,19982376_BPORINGO_LJNFLUMT_0_13,19982376_BPORINGO_LJNFLUMT_0,PYAZGREHCDNG,0
19982376_BPORINGO_LJNFLUMT_0_14,19982376_BPORINGO_LJNFLUMT_0,KSZXEALHVBFX,19982376_BPORINGO_LJNFLUMT_0_14,19982376_BPORINGO_LJNFLUMT_0,PYAZGREHCDNG,0
19982376_BPORINGO_LJNFLUMT_0_15,19982376_BPORINGO_LJNFLUMT_0,KSZXEALHVBFX,19982376_BPORINGO_LJNFLUMT_0_15,19982376_BPORINGO_LJNFLUMT_0,PYAZGREHCDNG,0
19982376_BPORINGO_LJNFLUMT_0_16,19982376_BPORINGO_LJNFLUMT_0,KSZXEALHVBFX,19982376_BPORINGO_LJNFLUMT_0_16,19982376_BPORINGO_LJNFLUMT_0,PYAZGREHCDNG,0
19982376_BPORINGO_LJNFLUMT_0_17,19982376_BPORINGO_LJNFLUMT_0,KSZXEALHVBFX,19982376_BPORINGO_LJNFLUMT_0_17,19982376_BPORINGO_LJNFLUMT_0,PYAZGREHCDNG,0
19982376_BPORINGO_LJNFLUMT_0_19,19982376_BPORINGO_LJNFLUMT_0,KSZXEALHVBFX,19982376_BPORINGO_LJNFLUMT_0_19,19982376_BPORINGO_LJNFLUMT_0,PYAZGREHCDNG,0
19982376_BPORINGO_LJNFLUMT_0_20,19982376_BPORINGO_LJNFLUMT_0,KSZXEALHVBFX,19982376_BPORINGO_LJNFLUMT_0_20,19982376_BPORINGO_LJNFLUMT_0,PYAZGREHCDNG,0
19982376_BPORINGO_LJNFLUMT_0_21,19982376_BPORINGO_LJNFLUMT_0,KSZXEALHVBFX,19982376_BPORINGO_LJNFLUMT_0_21,19982376_BPORINGO_LJNFLUMT_0,PYAZGREHCDNG,0
19982376_BPORINGO_LJNFLUMT_0_23,19982376_BPORINGO_LJNFLUMT_0,KSZXEALHVBFX,19982376_BPORINGO_LJNFLUMT_0_23,19982376_BPORINGO_LJNFLUMT_0,PYAZGREHCDNG,1
19982376_BPORINGO_LJNFLUMT_0_24,19982376_BPORINGO_LJNFLUMT_0,KSZXEALHVBFX,19982376_BPORINGO_LJNFLUMT_0_24,19982376_BPORINGO_LJNFLUMT_0,PYAZGREHCDNG,0
19982376_BPORINGO_LJNFLUMT_0_25,19982376_BPORINGO_LJNFLUMT_0,KSZXEALHVBFX,19982376_BPORINGO_LJNFLUMT_0_25,19982376_BPORINGO_LJNFLUMT_0,PYAZGREHCDNG,0
19982376_BPORINGO_LJNFLUMT_0_27,19982376_BPORINGO_LJNFLUMT_0,KSZXEALHVBFX,19982376_BPORINGO_LJNFLUMT_0_27,19982376_BPORINGO_LJNFLUMT_0,PYAZGREHCDNG,0
19982376_BPORINGO_LJNFLUMT_0_28,19982376_BPORINGO_LJNFLUMT_0,KSZXEALHVBFX,19982376_BPORINGO_LJNFLUMT_0_28,19982376_BPORINGO_LJNFLUMT_0,PYAZGREHCDNG,0
19982376_BPORINGO_LJNFLUMT_0_30,19982376_BPORINGO_LJNFLUMT_0,KSZXEALHVBFX,19982376_BPORINGO_LJNFLUMT_0_30,19982376_BPORINGO_LJNFLUMT_0,PYAZGREHCDNG,0
19982376_BPORINGO_LJNFLUMT_0_31,19982376_BPORINGO_LJNFLUMT_0,KSZXEALHVBFX,19982376_BPORINGO_LJNFLUMT_0_31,19982376_BPORINGO_LJNFLUMT_0,PYAZGREHCDNG,0
19982376_BPORINGO_LJNFLUMT_0_32,19982376_BPORINGO_LJNFLUMT_0,KSZXEALHVBFX,19982376_BPORINGO_LJNFLUMT_0_32,19982376_BPORINGO_LJNFLUMT_0,PYAZGREHCDNG,0
19982376_BPORINGO_LJNFLUMT_0_33,19982376_BPORINGO_LJNFLUMT_0,KSZXEALHVBFX,19982376_BPORINGO_LJNFLUMT_0_33,19982376_BPORINGO_LJNFLUMT_0,PYAZGREHCDNG,0
19982376_BPORINGO_LJNFLUMT_0_34,19982376_BPORINGO_LJNFLUMT_0,KSZXEALHVBFX,19982376_BPORINGO_LJNFLUMT_0_34,19982376_BPORINGO_LJNFLUMT_0,PYAZGREHCDNG,0
19982376_BPORINGO_LJNFLUMT_0_35,19982376_BPORINGO_LJNFLUMT_0,KSZXEALHVBFX,19982376_BPORINGO_LJNFLUMT_0_35,19982376_BPORINGO_LJNFLUMT_0,PYAZGREHCDNG,0
19982376_BPORINGO_LJNFLUMT_0_36,19982376_BPORINGO_LJNFLUMT_0,KSZXEALHVBFX,19982376_BPORINGO_LJNFLUMT_0_36,19982376_BPORINGO_LJNFLUMT_0,PYAZGREHCDNG,0
19982376_BPORINGO_LJNFLUMT_0_37,19982376_BPORINGO_LJNFLUMT_0,KSZXEALHVBFX,19982376_BPORINGO_LJNFLUMT_0_37,19982376_BPORINGO_LJNFLUMT_0,PYAZGREHCDNG,0
19982376_BPORINGO_LJNFLUMT_0_38,19982376_BPORINGO_LJNFLUMT_0,KSZXEALHVBFX,19982376_BPORINGO_LJNFLUMT_0_38,19982376_BPORINGO_LJNFLUMT_0,PYAZGREHCDNG,0
19982376_BPORINGO_LJNFLUMT_0_39,19982376_BPORINGO_LJNFLUMT_0,KSZXEALHVBFX,19982376_BPORINGO_LJNFLUMT_0_39,19982376_BPORINGO_LJNFLUMT_0,PYAZGREHCDNG,0
19982376_BPORINGO_LJNFLUMT_0_40,19982376_BPORINGO_LJNFLUMT_0,KSZXEALHVBFX,19982376_BPORINGO_LJNFLUMT_0_40,19982376_BPORINGO_LJNFLUMT_0,PYAZGREHCDNG,0
19982376_BPORINGO_LJNFLUMT_0_41,19982376_BPORINGO_LJNFLUMT_0,KSZXEALHVBFX,19982376_BPORINGO_LJNFLUMT_0_41,19982376_BPORINGO_LJNFLUMT_0,PYAZGREHCDNG,0
19982376_BPORINGO_LJNFLUMT_0_42,19982376_BPORINGO_LJNFLUMT_0,KSZXEALHVBFX,19982376_BPORINGO_LJNFLUMT_0_42,19982376_BPORINGO_LJNFLUMT_0,PYAZGREHCDNG,0
19982376_BPORINGO_LJNFLUMT_0_43,19982376_BPORINGO_LJNFLUMT_0,KSZXEALHVBFX,19982376_BPORINGO_LJNFLUMT_0_43,19982376_BPORINGO_LJNFLUMT_0,PYAZGREHCDNG,0
19982376_BPORINGO_LJNFLUMT_0_44,19982376_BPORINGO_LJNFLUMT_0,KSZXEALHVBFX,19982376_BPORINGO_LJNFLUMT_0_44,19982376_BPORINGO_LJNFLUMT_0,PYAZGREHCDNG,0
19982376_BPORINGO_LJNFLUMT_0_45,19982376_BPORINGO_LJNFLUMT_0,KSZXEALHVBFX,19982376_BPORINGO_LJNFLUMT_0_45,19982376_BPORINGO_LJNFLUMT_0,PYAZGREHCDNG,0
19982376_BPORINGO_LJNFLUMT_0_46,19982376_BPORINGO_LJNFLUMT_0,KSZXEALHVBFX,19982376_BPORINGO_LJNFLUMT_0_46,19982376_BPORINGO_LJNFLUMT_0,PYAZGREHCDNG,0
19982376_BPORINGO_LJNFLUMT_0_47,19982376_BPORINGO_LJNFLUMT_0,KSZXEALHVBFX,19982376_BPORINGO_LJNFLUMT_0_47,19982376_BPORINGO_LJNFLUMT_0,PYAZGREHCDNG,0
19982376_BPORINGO_LJNFLUMT_0_48,19982376_BPORINGO_LJNFLUMT_0,KSZXEALHVBFX,19982376_BPORINGO_LJNFLUMT_0_48,19982376_BPORINGO_LJNFLUMT_0,PYAZGREHCDNG,0
19982376_BPORINGO_LJNFLUMT_0_49,19982376_BPORINGO_LJNFLUMT_0,KSZXEALHVBFX,19982376_BPORINGO_LJNFLUMT_0_49,19982376_BPORINGO_LJNFLUMT_0,PYAZGREHCDNG,0
19982376_BPORINGO_LJNFLUMT_0_50,19982376_BPORINGO_LJNFLUMT_0,KSZXEALHVBFX,19982376_BPORINGO_LJNFLUMT_0_50,19982376_BPORINGO_LJNFLUMT_0,PYAZGREHCDNG,0
19982376_BPORINGO_LJNFLUMT_0_51,19982376_BPORINGO_LJNFLUMT_0,KSZXEALHVBFX,19982376_BPORINGO_LJNFLUMT_0_51,19982376_BPORINGO_LJNFLUMT_0,PYAZGREHCDNG,0
19982376_BPORINGO_LJNFLUMT_0_52,19982376_BPORINGO_LJNFLUMT_0,KSZXEALHVBFX,19982376_BPORINGO_LJNFLUMT_0_52,19982376_BPORINGO_LJNFLUMT_0,PYAZGREHCDNG,0
19982376_BPORINGO_LJNFLUMT_0_53,19982376_BPORINGO_LJNFLUMT_0,KSZXEALHVBFX,19982376_BPORINGO_LJNFLUMT_0_53,19982376_BPORINGO_LJNFLUMT_0,PYAZGREHCDNG,0
19982376_BPORINGO_LJNFLUMT_0_54,19982376_BPORINGO_LJNFLUMT_0,KSZXEALHVBFX,19982376_BPORINGO_LJNFLUMT_0_54,19982376_BPORINGO_LJNFLUMT_0,PYAZGREHCDNG,0
19982376_BPORINGO_LJNFLUMT_0_55,19982376_BPORINGO_LJNFLUMT_0,KSZXEALHVBFX,19982376_BPORINGO_LJNFLUMT_0_55,19982376_BPORINGO_LJNFLUMT_0,PYAZGREHCDNG,0
19982376_BPORINGO_LJNFLUMT_0_56,19982376_BPORINGO_LJNFLUMT_0,KSZXEALHVBFX,19982376_BPORINGO_LJNFLUMT_0_56,19982376_BPORINGO_LJNFLUMT_0,PYAZGREHCDNG,0
19982376_BPORINGO_LJNFLUMT_0_57,19982376_BPORINGO_LJNFLUMT_0,KSZXEALHVBFX,19982376_BPORINGO_LJNFLUMT_0_57,19982376_BPORINGO_LJNFLUMT_0,PYAZGREHCDNG,0
19982376_BPORINGO_LJNFLUMT_0_59,19982376_BPORINGO_LJNFLUMT_0,KSZXEALHVBFX,19982376_BPORINGO_LJNFLUMT_0_59,19982376_BPORINGO_LJNFLUMT_0,PYAZGREHCDNG,0
19982376_BPORINGO_LJNFLUMT_0_60,19982376_BPORINGO_LJNFLUMT_0,KSZXEALHVBFX,19982376_BPORINGO_LJNFLUMT_0_60,19982376_BPORINGO_LJNFLUMT_0,PYAZGREHCDNG,0
19982376_BPORINGO_LJNFLUMT_0_62,19982376_BPORINGO_LJNFLUMT_0,KSZXEALHVBFX,19982376_BPORINGO_LJNFLUMT_0_62,19982376_BPORINGO_LJNFLUMT_0,PYAZGREHCDNG,0
19982376_BPORINGO_LJNFLUMT_0_63,19982376_BPORINGO_LJNFLUMT_0,KSZXEALHVBFX,19982376_BPORINGO_LJNFLUMT_0_63,19982376_BPORINGO_LJNFLUMT_0,PYAZGREHCDNG,0
19982376_BPORINGO_LJNFLUMT_0_64,19982376_BPORINGO_LJNFLUMT_0,KSZXEALHVBFX,19982376_BPORINGO_LJNFLUMT_0_64,19982376_BPORINGO_LJNFLUMT_0,PYAZGREHCDNG,0
19982376_BPORINGO_LJNFLUMT_0_65,19982376_BPORINGO_LJNFLUMT_0,KSZXEALHVBFX,19982376_BPORINGO_LJNFLUMT_0_65,19982376_BPORINGO_LJNFLUMT_0,PYAZGREHCDNG,0
19982376_BPORINGO_LJNFLUMT_0_66,19982376_BPORINGO_LJNFLUMT_0,KSZXEALHVBFX,19982376_BPORINGO_LJNFLUMT_0_66,19982376_BPORINGO_LJNFLUMT_0,PYAZGREHCDNG,0
19982376_BPORINGO_LJNFLUMT_0_67,19982376_BPORINGO_LJNFLUMT_0,KSZXEALHVBFX,19982376_BPORINGO_LJNFLUMT_0_67,19982376_BPORINGO_LJNFLUMT_0,PYAZGREHCDNG,1
19982376_BPORINGO_LJNFLUMT_0_69,19982376_BPORINGO_LJNFLUMT_0,KSZXEALHVBFX,19982376_BPORINGO_LJNFLUMT_0_69,19982376_BPORINGO_LJNFLUMT_0,PYAZGREHCDNG,0
19982376_BPORINGO_LJNFLUMT_0_70,19982376_BPORINGO_LJNFLUMT_0,KSZXEALHVBFX,19982376_BPORINGO_LJNFLUMT_0_70,19982376_BPORINGO_LJNFLUMT_0,PYAZGREHCDNG,0
19982376_BPORINGO_LJNFLUMT_0_71,19982376_BPORINGO_LJNFLUMT_0,KSZXEALHVBFX,19982376_BPORINGO_LJNFLUMT_0_71,19982376_BPORINGO_LJNFLUMT_0,PYAZGREHCDNG,0
19982376_BPORINGO_LJNFLUMT_0_72,19982376_BPORINGO_LJNFLUMT_0,KSZXEALHVBFX,19982376_BPORINGO_LJNFLUMT_0_72,19982376_BPORINGO_LJNFLUMT_0,PYAZGREHCDNG,0
19982376_BPORINGO_LJNFLUMT_0_73,19982376_BPORINGO_LJNFLUMT_0,KSZXEALHVBFX,19982376_BPORINGO_LJNFLUMT_0_73,19982376_BPORINGO_LJNFLUMT_0,PYAZGREHCDNG,0
19982376_BPORINGO_LJNFLUMT_0_74,19982376_BPORINGO_LJNFLUMT_0,KSZXEALHVBFX,19982376_BPORINGO_LJNFLUMT_0_74,19982376_BPORINGO_LJNFLUMT_0,PYAZGREHCDNG,0
19982376_BPORINGO_LJNFLUMT_0_75,19982376_BPORINGO_LJNFLUMT_0,KSZXEALHVBFX,19982376_BPORINGO_LJNFLUMT_0_75,19982376_BPORINGO_LJNFLUMT_0,PYAZGREHCDNG,0
19982376_BPORINGO_LJNFLUMT_0_76,19982376_BPORINGO_LJNFLUMT_0,KSZXEALHVBFX,19982376_BPORINGO_LJNFLUMT_0_76,19982376_BPORINGO_LJNFLUMT_0,PYAZGREHCDNG,0
19982376_BPORINGO_LJNFLUMT_0_77,19982376_BPORINGO_LJNFLUMT_0,KSZXEALHVBFX,19982376_BPORINGO_LJNFLUMT_0_77,19982376_BPORINGO_LJNFLUMT_0,PYAZGREHCDNG,0
19982376_BPORINGO_LJNFLUMT_0_78,19982376_BPORINGO_LJNFLUMT_0,KSZXEALHVBFX,19982376_BPORINGO_LJNFLUMT_0_78,19982376_BPORINGO_LJNFLUMT_0,PYAZGREHCDNG,0
76172921_IQIICCGV_DRXGSCTF_0_1,76172921_IQIICCGV_DRXGSCTF_0,QOVTVLKXMOSN,76172921_IQIICCGV_DRXGSCTF_0_1,76172921_IQIICCGV_DRXGSCTF_0,EJXXQPKZYTQB,0
76172921_IQIICCGV_DRXGSCTF_0_2,76172921_IQIICCGV_DRXGSCTF_0,QOVTVLKXMOSN,76172921_IQIICCGV_DRXGSCTF_0_2,76172921_IQIICCGV_DRXGSCTF_0,EJXXQPKZYTQB,0
76172921_IQIICCGV_DRXGSCTF_0_3,76172921_IQIICCGV_DRXGSCTF_0,QOVTVLKXMOSN,76172921_IQIICCGV_DRXGSCTF_0_3,76172921_IQIICCGV_DRXGSCTF_0,EJXXQPKZYTQB,0
76172921_IQIICCGV_DRXGSCTF_0_4,76172921_IQIICCGV_DRXGSCTF_0,QOVTVLKXMOSN,76172921_IQIICCGV_DRXGSCTF_0_4,76172921_IQIICCGV_DRXGSCTF_0,EJXXQPKZYTQB,0
76172921_IQIICCGV_DRXGSCTF_0_5,76172921_IQIICCGV_DRXGSCTF_0,QOVTVLKXMOSN,76172921_IQIICCGV_DRXGSCTF_0_5,76172921_IQIICCGV_DRXGSCTF_0,EJXXQPKZYTQB,0
28118620_SXKPVCFE_BPORINGO_0_0,28118620_SXKPVCFE_BPORINGO_0,JANJWFVZAOQH,28118620_SXKPVCFE_BPORINGO_0_0,28118620_SXKPVCFE_BPORINGO_0,DCWHCCHVQUGL,0
28118620_SXKPVCFE_BPORINGO_0_1,28118620_SXKPVCFE_BPORINGO_0,JANJWFVZAOQH,28118620_SXKPVCFE_BPORINGO_0_1,28118620_SXKPVCFE_BPORINGO_0,DCWHCCHVQUGL,0
28118620_SXKPVCFE_BPORINGO_0_2,28118620_SXKPVCFE_BPORINGO_0,JANJWFVZAOQH,28118620_SXKPVCFE_BPORINGO_0_2,28118620_SXKPVCFE_BPORINGO_0,DCWHCCHVQUGL,0
28118620_SXKPVCFE_BPORINGO_0_3,28118620_SXKPVCFE_BPORINGO_0,JANJWFVZAOQH,28118620_SXKPVCFE_BPORINGO_0_3,28118620_SXKPVCFE_BPORINGO_0,DCWHCCHVQUGL,0
28118620_SXKPVCFE_BPORINGO_0_4,28118620_SXKPVCFE_BPORINGO_0,JANJWFVZAOQH,28118620_SXKPVCFE_BPORINGO_0_4,28118620_SXKPVCFE_BPORINGO_0,DCWHCCHVQUGL,0
28118620_SXKPVCFE_BPORINGO_0_5,28118620_SXKPVCFE_BPORINGO_0,JANJWFVZAOQH,28118620_SXKPVCFE_BPORINGO_0_5,28118620_SXKPVCFE_BPORINGO_0,DCWHCCHVQUGL,0
28118620_SXKPVCFE_BPORINGO_0_6,28118620_SXKPVCFE_BPORINGO_0,JANJWFVZAOQH,28118620_SXKPVCFE_BPORINGO_0_6,28118620_SXKPVCFE_BPORINGO_0,DCWHCCHVQUGL,0
28118620_SXKPVCFE_BPORINGO_0_7,28118620_SXKPVCFE_BPORINGO_0,JANJWFVZAOQH,28118620_SXKPVCFE_BPORINGO_0_7,28118620_SXKPVCFE_BPORINGO_0,DCWHCCHVQUGL,0
28118620_SXKPVCFE_BPORINGO_0_8,28118620_SXKPVCFE_BPORINGO_0,JANJWFVZAOQH,28118620_SXKPVCFE_BPORINGO_0_8,28118620_SXKPVCFE_BPORINGO_0,DCWHCCHVQUGL,0
28118620_SXKPVCFE_BPORINGO_0_9,28118620_SXKPVCFE_BPORINGO_0,JANJWFVZAOQH,28118620_SXKPVCFE_BPORINGO_0_9,28118620_SXKPVCFE_BPORINGO_0,DCWHCCHVQUGL,0
28118620_SXKPVCFE_BPORINGO_0_10,28118620_SXKPVCFE_BPORINGO_0,JANJWFVZAOQH,28118620_SXKPVCFE_BPORINGO_0_10,28118620_SXKPVCFE_BPORINGO_0,DCWHCCHVQUGL,0
28118620_SXKPVCFE_BPORINGO_0_11,28118620_SXKPVCFE_BPORINGO_0,JANJWFVZAOQH,28118620_SXKPVCFE_BPORINGO_0_11,28118620_SXKPVCFE_BPORINGO_0,DCWHCCHVQUGL,0
28118620_SXKPVCFE_BPORINGO_0_12,28118620_SXKPVCFE_BPORINGO_0,JANJWFVZAOQH,28118620_SXKPVCFE_BPORINGO_0_12,28118620_SXKPVCFE_BPORINGO_0,DCWHCCHVQUGL,0
28118620_SXKPVCFE_BPORINGO_0_13,28118620_SXKPVCFE_BPORINGO_0,JANJWFVZAOQH,28118620_SXKPVCFE_BPORINGO_0_13,28118620_SXKPVCFE_BPORINGO_0,DCWHCCHVQUGL,0
28118620_SXKPVCFE_BPORINGO_0_14,28118620_SXKPVCFE_BPORINGO_0,JANJWFVZAOQH,28118620_SXKPVCFE_BPORINGO_0_14,28118620_SXKPVCFE_BPORINGO_0,DCWHCCHVQUGL,0
28118620_SXKPVCFE_BPORINGO_0_15,28118620_SXKPVCFE_BPORINGO_0,JANJWFVZAOQH,28118620_SXKPVCFE_BPORINGO_0_15,28118620_SXKPVCFE_BPORINGO_0,DCWHCCHVQUGL,0
28118620_SXKPVCFE_BPORINGO_0_16,28118620_SXKPVCFE_BPORINGO_0,JANJWFVZAOQH,28118620_SXKPVCFE_BPORINGO_0_16,28118620_SXKPVCFE_BPORINGO_0,DCWHCCHVQUGL,0
28118620_SXKPVCFE_BPORINGO_0_17,28118620_SXKPVCFE_BPORINGO_0,JANJWFVZAOQH,28118620_SXKPVCFE_BPORINGO_0_17,28118620_SXKPVCFE_BPORINGO_0,DCWHCCHVQUGL,0
28118620_SXKPVCFE_BPORINGO_0_18,28118620_SXKPVCFE_BPORINGO_0,JANJWFVZAOQH,28118620_SXKPVCFE_BPORINGO_0_18,28118620_SXKPVCFE_BPORINGO_0,DCWHCCHVQUGL,0
28118620_SXKPVCFE_BPORINGO_0_19,28118620_SXKPVCFE_BPORINGO_0,JANJWFVZAOQH,28118620_SXKPVCFE_BPORINGO_0_19,28118620_SXKPVCFE_BPORINGO_0,DCWHCCHVQUGL,0
28118620_SXKPVCFE_BPORINGO_0_20,28118620_SXKPVCFE_BPORINGO_0,JANJWFVZAOQH,28118620_SXKPVCFE_BPORINGO_0_20,28118620_SXKPVCFE_BPORINGO_0,DCWHCCHVQUGL,0
28118620_SXKPVCFE_BPORINGO_0_21,28118620_SXKPVCFE_BPORINGO_0,JANJWFVZAOQH,28118620_SXKPVCFE_BPORINGO_0_21,28118620_SXKPVCFE_BPORINGO_0,DCWHCCHVQUGL,0
28118620_SXKPVCFE_BPORINGO_0_22,28118620_SXKPVCFE_BPORINGO_0,JANJWFVZAOQH,28118620_SXKPVCFE_BPORINGO_0_22,28118620_SXKPVCFE_BPORINGO_0,DCWHCCHVQUGL,0
28118620_SXKPVCFE_BPORINGO_0_23,28118620_SXKPVCFE_BPORINGO_0,JANJWFVZAOQH,28118620_SXKPVCFE_BPORINGO_0_23,28118620_SXKPVCFE_BPORINGO_0,DCWHCCHVQUGL,0
28118620_SXKPVCFE_BPORINGO_0_24,28118620_SXKPVCFE_BPORINGO_0,JANJWFVZAOQH,28118620_SXKPVCFE_BPORINGO_0_24,28118620_SXKPVCFE_BPORINGO_0,DCWHCCHVQUGL,0
28118620_SXKPVCFE_BPORINGO_0_25,28118620_SXKPVCFE_BPORINGO_0,JANJWFVZAOQH,28118620_SXKPVCFE_BPORINGO_0_25,28118620_SXKPVCFE_BPORINGO_0,DCWHCCHVQUGL,0
28118620_SXKPVCFE_BPORINGO_0_26,28118620_SXKPVCFE_BPORINGO_0,JANJWFVZAOQH,28118620_SXKPVCFE_BPORINGO_0_26,28118620_SXKPVCFE_BPORINGO_0,DCWHCCHVQUGL,0
28118620_SXKPVCFE_BPORINGO_0_27,28118620_SXKPVCFE_BPORINGO_0,JANJWFVZAOQH,28118620_SXKPVCFE_BPORINGO_0_27,28118620_SXKPVCFE_BPORINGO_0,DCWHCCHVQUGL,0
28118620_SXKPVCFE_BPORINGO_0_28,28118620_SXKPVCFE_BPORINGO_0,JANJWFVZAOQH,28118620_SXKPVCFE_BPORINGO_0_28,28118620_SXKPVCFE_BPORINGO_0,DCWHCCHVQUGL,0
28118620_SXKPVCFE_BPORINGO_0_29,28118620_SXKPVCFE_BPORINGO_0,JANJWFVZAOQH,28118620_SXKPVCFE_BPORINGO_0_29,28118620_SXKPVCFE_BPORINGO_0,DCWHCCHVQUGL,0
28118620_SXKPVCFE_BPORINGO_0_30,28118620_SXKPVCFE_BPORINGO_0,JANJWFVZAOQH,28118620_SXKPVCFE_BPORINGO_0_30,28118620_SXKPVCFE_BPORINGO_0,DCWHCCHVQUGL,0
28118620_SXKPVCFE_BPORINGO_0_31,28118620_SXKPVCFE_BPORINGO_0,JANJWFVZAOQH,28118620_SXKPVCFE_BPORINGO_0_31,28118620_SXKPVCFE_BPORINGO_0,DCWHCCHVQUGL,0
28118620_SXKPVCFE_BPORINGO_0_32,28118620_SXKPVCFE_BPORINGO_0,JANJWFVZAOQH,28118620_SXKPVCFE_BPORINGO_0_32,28118620_SXKPVCFE_BPORINGO_0,DCWHCCHVQUGL,0
28118620_SXKPVCFE_BPORINGO_0_33,28118620_SXKPVCFE_BPORINGO_0,JANJWFVZAOQH,28118620_SXKPVCFE_BPORINGO_0_33,28118620_SXKPVCFE_BPORINGO_0,DCWHCCHVQUGL,0
28118620_SXKPVCFE_BPORINGO_0_34,28118620_SXKPVCFE_BPORINGO_0,JANJWFVZAOQH,28118620_SXKPVCFE_BPORINGO_0_34,28118620_SXKPVCFE_BPORINGO_0,DCWHCCHVQUGL,0
28118620_SXKPVCFE_BPORINGO_0_35,28118620_SXKPVCFE_BPORINGO_0,JANJWFVZAOQH,28118620_SXKPVCFE_BPORINGO_0_35,28118620_SXKPVCFE_BPORINGO_0,DCWHCCHVQUGL,0
28118620_SXKPVCFE_BPORINGO_0_36,28118620_SXKPVCFE_BPORINGO_0,JANJWFVZAOQH,28118620_SXKPVCFE_BPORINGO_0_36,28118620_SXKPVCFE_BPORINGO_0,DCWHCCHVQUGL,0
28118620_SXKPVCFE_BPORINGO_0_37,28118620_SXKPVCFE_BPORINGO_0,JANJWFVZAOQH,28118620_SXKPVCFE_BPORINGO_0_37,28118620_SXKPVCFE_BPORINGO_0,DCWHCCHVQUGL,0
28118620_SXKPVCFE_BPORINGO_0_38,28118620_SXKPVCFE_BPORINGO_0,JANJWFVZAOQH,28118620_SXKPVCFE_BPORINGO_0_38,28118620_SXKPVCFE_BPORINGO_0,DCWHCCHVQUGL,0
28118620_SXKPVCFE_BPORINGO_0_39,28118620_SXKPVCFE_BPORINGO_0,JANJWFVZAOQH,28118620_SXKPVCFE_BPORINGO_0_39,28118620_SXKPVCFE_BPORINGO_0,DCWHCCHVQUGL,0
28118620_SXKPVCFE_BPORINGO_0_40,28118620_SXKPVCFE_BPORINGO_0,JANJWFVZAOQH,28118620_SXKPVCFE_BPORINGO_0_40,28118620_SXKPVCFE_BPORINGO_0,DCWHCCHVQUGL,0
28118620_SXKPVCFE_BPORINGO_0_41,28118620_SXKPVCFE_BPORINGO_0,JANJWFVZAOQH,28118620_SXKPVCFE_BPORINGO_0_41,28118620_SXKPVCFE_BPORINGO_0,DCWHCCHVQUGL,0
28118620_SXKPVCFE_BPORINGO_0_42,28118620_SXKPVCFE_BPORINGO_0,JANJWFVZAOQH,28118620_SXKPVCFE_BPORINGO_0_42,28118620_SXKPVCFE_BPORINGO_0,DCWHCCHVQUGL,0
28118620_SXKPVCFE_BPORINGO_0_43,28118620_SXKPVCFE_BPORINGO_0,JANJWFVZAOQH,28118620_SXKPVCFE_BPORINGO_0_43,28118620_SXKPVCFE_BPORINGO_0,DCWHCCHVQUGL,0
28118620_SXKPVCFE_BPORINGO_0_44,28118620_SXKPVCFE_BPORINGO_0,JANJWFVZAOQH,28118620_SXKPVCFE_BPORINGO_0_44,28118620_SXKPVCFE_BPORINGO_0,DCWHCCHVQUGL,0
28118620_SXKPVCFE_BPORINGO_0_45,28118620_SXKPVCFE_BPORINGO_0,JANJWFVZAOQH,28118620_SXKPVCFE_BPORINGO_0_45,28118620_SXKPVCFE_BPORINGO_0,DCWHCCHVQUGL,0
28118620_SXKPVCFE_BPORINGO_0_46,28118620_SXKPVCFE_BPORINGO_0,JANJWFVZAOQH,28118620_SXKPVCFE_BPORINGO_0_46,28118620_SXKPVCFE_BPORINGO_0,DCWHCCHVQUGL,0
28118620_SXKPVCFE_BPORINGO_0_47,28118620_SXKPVCFE_BPORINGO_0,JANJWFVZAOQH,28118620_SXKPVCFE_BPORINGO_0_47,28118620_SXKPVCFE_BPORINGO_0,DCWHCCHVQUGL,0
28118620_SXKPVCFE_BPORINGO_0_48,28118620_SXKPVCFE_BPORINGO_0,JANJWFVZAOQH,28118620_SXKPVCFE_BPORINGO_0_48,28118620_SXKPVCFE_BPORINGO_0,DCWHCCHVQUGL,0
28118620_SXKPVCFE_BPORINGO_0_49,28118620_SXKPVCFE_BPORINGO_0,JANJWFVZAOQH,28118620_SXKPVCFE_BPORINGO_0_49,28118620_SXKPVCFE_BPORINGO_0,DCWHCCHVQUGL,0
28118620_SXKPVCFE_BPORINGO_0_50,28118620_SXKPVCFE_BPORINGO_0,JANJWFVZAOQH,28118620_SXKPVCFE_BPORINGO_0_50,28118620_SXKPVCFE_BPORINGO_0,DCWHCCHVQUGL,0
28118620_SXKPVCFE_BPORINGO_0_51,28118620_SXKPVCFE_BPORINGO_0,JANJWFVZAOQH,28118620_SXKPVCFE_BPORINGO_0_51,28118620_SXKPVCFE_BPORINGO_0,DCWHCCHVQUGL,0
28118620_SXKPVCFE_BPORINGO_0_52,28118620_SXKPVCFE_BPORINGO_0,JANJWFVZAOQH,28118620_SXKPVCFE_BPORINGO_0_52,28118620_SXKPVCFE_BPORINGO_0,DCWHCCHVQUGL,0
28118620_SXKPVCFE_BPORINGO_0_53,28118620_SXKPVCFE_BPORINGO_0,JANJWFVZAOQH,28118620_SXKPVCFE_BPORINGO_0_53,28118620_SXKPVCFE_BPORINGO_0,DCWHCCHVQUGL,0
28118620_SXKPVCFE_BPORINGO_0_54,28118620_SXKPVCFE_BPORINGO_0,JANJWFVZAOQH,28118620_SXKPVCFE_BPORINGO_0_54,28118620_SXKPVCFE_BPORINGO_0,DCWHCCHVQUGL,0
28118620_SXKPVCFE_BPORINGO_0_55,28118620_SXKPVCFE_BPORINGO_0,JANJWFVZAOQH,28118620_SXKPVCFE_BPORINGO_0_55,28118620_SXKPVCFE_BPORINGO_0,DCWHCCHVQUGL,0
28118620_SXKPVCFE_BPORINGO_0_56,28118620_SXKPVCFE_BPORINGO_0,JANJWFVZAOQH,28118620_SXKPVCFE_BPORINGO_0_56,28118620_SXKPVCFE_BPORINGO_0,DCWHCCHVQUGL,1
28118620_SXKPVCFE_BPORINGO_0_57,28118620_SXKPVCFE_BPORINGO_0,JANJWFVZAOQH,28118620_SXKPVCFE_BPORINGO_0_57,28118620_SXKPVCFE_BPORINGO_0,DCWHCCHVQUGL,0
28118620_SXKPVCFE_BPORINGO_0_59,28118620_SXKPVCFE_BPORINGO_0,JANJWFVZAOQH,28118620_SXKPVCFE_BPORINGO_0_59,28118620_SXKPVCFE_BPORINGO_0,DCWHCCHVQUGL,0
28118620_SXKPVCFE_BPORINGO_0_60,28118620_SXKPVCFE_BPORINGO_0,JANJWFVZAOQH,28118620_SXKPVCFE_BPORINGO_0_60,28118620_SXKPVCFE_BPORINGO_0,DCWHCCHVQUGL,0
28118620_SXKPVCFE_BPORINGO_0_61,28118620_SXKPVCFE_BPORINGO_0,JANJWFVZAOQH,28118620_SXKPVCFE_BPORINGO_0_61,28118620_SXKPVCFE_BPORINGO_0,DCWHCCHVQUGL,0
28118620_SXKPVCFE_BPORINGO_0_62,28118620_SXKPVCFE_BPORINGO_0,JANJWFVZAOQH,28118620_SXKPVCFE_BPORINGO_0_62,28118620_SXKPVCFE_BPORINGO_0,DCWHCCHVQUGL,0
28118620_SXKPVCFE_BPORINGO_0_63,28118620_SXKPVCFE_BPORINGO_0,JANJWFVZAOQH,28118620_SXKPVCFE_BPORINGO_0_63,28118620_SXKPVCFE_BPORINGO_0,DCWHCCHVQUGL,0
28118620_SXKPVCFE_BPORINGO_0_64,28118620_SXKPVCFE_BPORINGO_0,JANJWFVZAOQH,28118620_SXKPVCFE_BPORINGO_0_64,28118620_SXKPVCFE_BPORINGO_0,DCWHCCHVQUGL,0
28118620_SXKPVCFE_BPORINGO_0_65,28118620_SXKPVCFE_BPORINGO_0,JANJWFVZAOQH,28118620_SXKPVCFE_BPORINGO_0_65,28118620_SXKPVCFE_BPORINGO_0,DCWHCCHVQUGL,0
28118620_SXKPVCFE_BPORINGO_0_66,28118620_SXKPVCFE_BPORINGO_0,JANJWFVZAOQH,28118620_SXKPVCFE_BPORINGO_0_66,28118620_SXKPVCFE_BPORINGO_0,DCWHCCHVQUGL,0
28118620_SXKPVCFE_BPORINGO_0_67,28118620_SXKPVCFE_BPORINGO_0,JANJWFVZAOQH,28118620_SXKPVCFE_BPORINGO_0_67,28118620_SXKPVCFE_BPORINGO_0,DCWHCCHVQUGL,0
28118620_SXKPVCFE_BPORINGO_0_68,28118620_SXKPVCFE_BPORINGO_0,JANJWFVZAOQH,28118620_SXKPVCFE_BPORINGO_0_68,28118620_SXKPVCFE_BPORINGO_0,DCWHCCHVQUGL,0
28118620_SXKPVCFE_BPORINGO_0_69,28118620_SXKPVCFE_BPORINGO_0,JANJWFVZAOQH,28118620_SXKPVCFE_BPORINGO_0_69,28118620_SXKPVCFE_BPORINGO_0,DCWHCCHVQUGL,0
28118620_SXKPVCFE_BPORINGO_0_70,28118620_SXKPVCFE_BPORINGO_0,JANJWFVZAOQH,28118620_SXKPVCFE_BPORINGO_0_70,28118620_SXKPVCFE_BPORINGO_0,DCWHCCHVQUGL,0
28118620_SXKPVCFE_BPORINGO_0_71,28118620_SXKPVCFE_BPORINGO_0,JANJWFVZAOQH,28118620_SXKPVCFE_BPORINGO_0_71,28118620_SXKPVCFE_BPORINGO_0,DCWHCCHVQUGL,0
28118620_SXKPVCFE_BPORINGO_0_72,28118620_SXKPVCFE_BPORINGO_0,JANJWFVZAOQH,28118620_SXKPVCFE_BPORINGO_0_72,28118620_SXKPVCFE_BPORINGO_0,DCWHCCHVQUGL,0
28118620_SXKPVCFE_BPORINGO_0_73,28118620_SXKPVCFE_BPORINGO_0,JANJWFVZAOQH,28118620_SXKPVCFE_BPORINGO_0_73,28118620_SXKPVCFE_BPORINGO_0,DCWHCCHVQUGL,0
28118620_SXKPVCFE_BPORINGO_0_74,28118620_SXKPVCFE_BPORINGO_0,JANJWFVZAOQH,28118620_SXKPVCFE_BPORINGO_0_74,28118620_SXKPVCFE_BPORINGO_0,DCWHCCHVQUGL,0
28118620_SXKPVCFE_BPORINGO_0_75,28118620_SXKPVCFE_BPORINGO_0,JANJWFVZAOQH,28118620_SXKPVCFE_BPORINGO_0_75,28118620_SXKPVCFE_BPORINGO_0,DCWHCCHVQUGL,0
28118620_SXKPVCFE_BPORINGO_0_76,28118620_SXKPVCFE_BPORINGO_0,JANJWFVZAOQH,28118620_SXKPVCFE_BPORINGO_0_76,28118620_SXKPVCFE_BPORINGO_0,DCWHCCHVQUGL,0
28118620_SXKPVCFE_BPORINGO_0_77,28118620_SXKPVCFE_BPORINGO_0,JANJWFVZAOQH,28118620_SXKPVCFE_BPORINGO_0_77,28118620_SXKPVCFE_BPORINGO_0,DCWHCCHVQUGL,0
28118620_SXKPVCFE_BPORINGO_0_78,28118620_SXKPVCFE_BPORINGO_0,JANJWFVZAOQH,28118620_SXKPVCFE_BPORINGO_0_78,28118620_SXKPVCFE_BPORINGO_0,DCWHCCHVQUGL,0
28118620_SXKPVCFE_BPORINGO_0_79,28118620_SXKPVCFE_BPORINGO_0,JANJWFVZAOQH,28118620_SXKPVCFE_BPORINGO_0_79,28118620_SXKPVCFE_BPORINGO_0,DCWHCCHVQUGL,0
28118620_SXKPVCFE_BPORINGO_0_80,28118620_SXKPVCFE_BPORINGO_0,JANJWFVZAOQH,28118620_SXKPVCFE_BPORINGO_0_80,28118620_SXKPVCFE_BPORINGO_0,DCWHCCHVQUGL,0
28118620_SXKPVCFE_BPORINGO_0_81,28118620_SXKPVCFE_BPORINGO_0,JANJWFVZAOQH,28118620_SXKPVCFE_BPORINGO_0_81,28118620_SXKPVCFE_BPORINGO_0,DCWHCCHVQUGL,1
28118620_SXKPVCFE_BPORINGO_0_82,28118620_SXKPVCFE_BPORINGO_0,JANJWFVZAOQH,28118620_SXKPVCFE_BPORINGO_0_82,28118620_SXKPVCFE_BPORINGO_0,DCWHCCHVQUGL,0
28118620_SXKPVCFE_BPORINGO_0_83,28118620_SXKPVCFE_BPORINGO_0,JANJWFVZAOQH,28118620_SXKPVCFE_BPORINGO_0_83,28118620_SXKPVCFE_BPORINGO_0,DCWHCCHVQUGL,0
28118620_SXKPVCFE_BPORINGO_0_84,28118620_SXKPVCFE_BPORINGO_0,JANJWFVZAOQH,28118620_SXKPVCFE_BPORINGO_0_84,28118620_SXKPVCFE_BPORINGO_0,DCWHCCHVQUGL,0
28118620_SXKPVCFE_BPORINGO_0_85,28118620_SXKPVCFE_BPORINGO_0,JANJWFVZAOQH,28118620_SXKPVCFE_BPORINGO_0_85,28118620_SXKPVCFE_BPORINGO_0,DCWHCCHVQUGL,0
28118620_SXKPVCFE_BPORINGO_0_86,28118620_SXKPVCFE_BPORINGO_0,JANJWFVZAOQH,28118620_SXKPVCFE_BPORINGO_0_86,28118620_SXKPVCFE_BPORINGO_0,DCWHCCHVQUGL,0
31475130_LJNFLUMT_SXKPVCFE_0_0,31475130_LJNFLUMT_SXKPVCFE_0,FDSJQNQDBFQL,31475130_LJNFLUMT_SXKPVCFE_0_0,31475130_LJNFLUMT_SXKPVCFE_0,NJJBGHVUHXIZ,0
31475130_LJNFLUMT_SXKPVCFE_0_2,31475130_LJNFLUMT_SXKPVCFE_0,FDSJQNQDBFQL,31475130_LJNFLUMT_SXKPVCFE_0_2,31475130_LJNFLUMT_SXKPVCFE_0,NJJBGHVUHXIZ,0
31475130_LJNFLUMT_SXKPVCFE_0_3,31475130_LJNFLUMT_SXKPVCFE_0,FDSJQNQDBFQL,31475130_LJNFLUMT_SXKPVCFE_0_3,31475130_LJNFLUMT_SXKPVCFE_0,NJJBGHVUHXIZ,0
31475130_LJNFLUMT_SXKPVCFE_0_4,31475130_LJNFLUMT_SXKPVCFE_0,FDSJQNQDBFQL,31475130_LJNFLUMT_SXKPVCFE_0_4,31475130_LJNFLUMT_SXKPVCFE_0,NJJBGHVUHXIZ,0
31475130_LJNFLUMT_SXKPVCFE_0_5,31475130_LJNFLUMT_SXKPVCFE_0,FDSJQNQDBFQL,31475130_LJNFLUMT_SXKPVCFE_0_5,31475130_LJNFLUMT_SXKPVCFE_0,NJJBGHVUHXIZ,0
31475130_LJNFLUMT_SXKPVCFE_0_6,31475130_LJNFLUMT_SXKPVCFE_0,FDSJQNQDBFQL,31475130_LJNFLUMT_SXKPVCFE_0_6,31475130_LJNFLUMT_SXKPVCFE_0,NJJBGHVUHXIZ,0
31475130_LJNFLUMT_SXKPVCFE_0_7,31475130_LJNFLUMT_SXKPVCFE_0,FDSJQNQDBFQL,31475130_LJNFLUMT_SXKPVCFE_0_7,31475130_LJNFLUMT_SXKPVCFE_0,NJJBGHVUHXIZ,0
31475130_LJNFLUMT_SXKPVCFE_0_8,31475130_LJNFLUMT_SXKPVCFE_0,FDSJQNQDBFQL,31475130_LJNFLUMT_SXKPVCFE_0_8,31475130_LJNFLUMT_SXKPVCFE_0,NJJBGHVUHXIZ,0
31475130_LJNFLUMT_SXKPVCFE_0_9,31475130_LJNFLUMT_SXKPVCFE_0,FDSJQNQDBFQL,31475130_LJNFLUMT_SXKPVCFE_0_9,31475130_LJNFLUMT_SXKPVCFE_0,NJJBGHVUHXIZ,0
31475130_LJNFLUMT_SXKPVCFE_0_10,31475130_LJNFLUMT_SXKPVCFE_0,FDSJQNQDBFQL,31475130_LJNFLUMT_SXKPVCFE_0_10,31475130_LJNFLUMT_SXKPVCFE_0,NJJBGHVUHXIZ,0
31475130_LJNFLUMT_SXKPVCFE_0_11,31475130_LJNFLUMT_SXKPVCFE_0,FDSJQNQDBFQL,31475130_LJNFLUMT_SXKPVCFE_0_11,31475130_LJNFLUMT_SXKPVCFE_0,NJJBGHVUHXIZ,0
31475130_LJNFLUMT_SXKPVCFE_0_12,31475130_LJNFLUMT_SXKPVCFE_0,FDSJQNQDBFQL,31475130_LJNFLUMT_SXKPVCFE_0_12,31475130_LJNFLUMT_SXKPVCFE_0,NJJBGHVUHXIZ,0
31475130_LJNFLUMT_SXKPVCFE_0_13,31475130_LJNFLUMT_SXKPVCFE_0,FDSJQNQDBFQL,31475130_LJNFLUMT_SXKPVCFE_0_13,31475130_LJNFLUMT_SXKPVCFE_0,NJJBGHVUHXIZ,0
31475130_LJNFLUMT_SXKPVCFE_0_14,31475130_LJNFLUMT_SXKPVCFE_0,FDSJQNQDBFQL,31475130_LJNFLUMT_SXKPVCFE_0_14,31475130_LJNFLUMT_SXKPVCFE_0,NJJBGHVUHXIZ,0
31475130_LJNFLUMT_SXKPVCFE_0_15,31475130_LJNFLUMT_SXKPVCFE_0,FDSJQNQDBFQL,31475130_LJNFLUMT_SXKPVCFE_0_15,31475130_LJNFLUMT_SXKPVCFE_0,NJJBGHVUHXIZ,0
31475130_LJNFLUMT_SXKPVCFE_0_16,31475130_LJNFLUMT_SXKPVCFE_0,FDSJQNQDBFQL,31475130_LJNFLUMT_SXKPVCFE_0_16,31475130_LJNFLUMT_SXKPVCFE_0,NJJBGHVUHXIZ,0
31475130_LJNFLUMT_SXKPVCFE_0_17,31475130_LJNFLUMT_SXKPVCFE_0,FDSJQNQDBFQL,31475130_LJNFLUMT_SXKPVCFE_0_17,31475130_LJNFLUMT_SXKPVCFE_0,NJJBGHVUHXIZ,1
31475130_LJNFLUMT_SXKPVCFE_0_18,31475130_LJNFLUMT_SXKPVCFE_0,FDSJQNQDBFQL,31475130_LJNFLUMT_SXKPVCFE_0_18,31475130_LJNFLUMT_SXKPVCFE_0,NJJBGHVUHXIZ,0
31475130_LJNFLUMT_SXKPVCFE_0_19,31475130_LJNFLUMT_SXKPVCFE_0,FDSJQNQDBFQL,31475130_LJNFLUMT_SXKPVCFE_0_19,31475130_LJNFLUMT_SXKPVCFE_0,NJJBGHVUHXIZ,0
31475130_LJNFLUMT_SXKPVCFE_0_20,31475130_LJNFLUMT_SXKPVCFE_0,FDSJQNQDBFQL,31475130_LJNFLUMT_SXKPVCFE_0_20,31475130_LJNFLUMT_SXKPVCFE_0,NJJBGHVUHXIZ,0
31475130_LJNFLUMT_SXKPVCFE_0_21,31475130_LJNFLUMT_SXKPVCFE_0,FDSJQNQDBFQL,31475130_LJNFLUMT_SXKPVCFE_0_21,31475130_LJNFLUMT_SXKPVCFE_0,NJJBGHVUHXIZ,0
31475130_LJNFLUMT_SXKPVCFE_0_22,31475130_LJNFLUMT_SXKPVCFE_0,FDSJQNQDBFQL,31475130_LJNFLUMT_SXKPVCFE_0_22,31475130_LJNFLUMT_SXKPVCFE_0,NJJBGHVUHXIZ,0
31475130_LJNFLUMT_SXKPVCFE_0_23,31475130_LJNFLUMT_SXKPVCFE_0,FDSJQNQDBFQL,31475130_LJNFLUMT_SXKPVCFE_0_23,31475130_LJNFLUMT_SXKPVCFE_0,NJJBGHVUHXIZ,0
31475130_LJNFLUMT_SXKPVCFE_0_24,31475130_LJNFLUMT_SXKPVCFE_0,FDSJQNQDBFQL,31475130_LJNFLUMT_SXKPVCFE_0_24,31475130_LJNFLUMT_SXKPVCFE_0,NJJBGHVUHXIZ,1
31475130_LJNFLUMT_SXKPVCFE_0_25,31475130_LJNFLUMT_SXKPVCFE_0,FDSJQNQDBFQL,31475130_LJNFLUMT_SXKPVCFE_0_25,31475130_LJNFLUMT_SXKPVCFE_0,NJJBGHVUHXIZ,0
31475130_LJNFLUMT_SXKPVCFE_0_26,31475130_LJNFLUMT_SXKPVCFE_0,FDSJQNQDBFQL,31475130_LJNFLUMT_SXKPVCFE_0_26,31475130_LJNFLUMT_SXKPVCFE_0,NJJBGHVUHXIZ,1
31475130_LJNFLUMT_SXKPVCFE_0_27,31475130_LJNFLUMT_SXKPVCFE_0,FDSJQNQDBFQL,31475130_LJNFLUMT_SXKPVCFE_0_27,31475130_LJNFLUMT_SXKPVCFE_0,NJJBGHVUHXIZ,0
31475130_LJNFLUMT_SXKPVCFE_0_28,31475130_LJNFLUMT_SXKPVCFE_0,FDSJQNQDBFQL,31475130_LJNFLUMT_SXKPVCFE_0_28,31475130_LJNFLUMT_SXKPVCFE_0,NJJBGHVUHXIZ,0
31475130_LJNFLUMT_SXKPVCFE_0_29,31475130_LJNFLUMT_SXKPVCFE_0,FDSJQNQDBFQL,31475130_LJNFLUMT_SXKPVCFE_0_29,31475130_LJNFLUMT_SXKPVCFE_0,NJJBGHVUHXIZ,0
31475130_LJNFLUMT_SXKPVCFE_0_30,31475130_LJNFLUMT_SXKPVCFE_0,FDSJQNQDBFQL,31475130_LJNFLUMT_SXKPVCFE_0_30,31475130_LJNFLUMT_SXKPVCFE_0,NJJBGHVUHXIZ,0
31475130_LJNFLUMT_SXKPVCFE_0_31,31475130_LJNFLUMT_SXKPVCFE_0,FDSJQNQDBFQL,31475130_LJNFLUMT_SXKPVCFE_0_31,31475130_LJNFLUMT_SXKPVCFE_0,NJJBGHVUHXIZ,0
31475130_LJNFLUMT_SXKPVCFE_0_32,31475130_LJNFLUMT_SXKPVCFE_0,FDSJQNQDBFQL,31475130_LJNFLUMT_SXKPVCFE_0_32,31475130_LJNFLUMT_SXKPVCFE_0,NJJBGHVUHXIZ,0
31475130_LJNFLUMT_SXKPVCFE_0_33,31475130_LJNFLUMT_SXKPVCFE_0,FDSJQNQDBFQL,31475130_LJNFLUMT_SXKPVCFE_0_33,31475130_LJNFLUMT_SXKPVCFE_0,NJJBGHVUHXIZ,0
31475130_LJNFLUMT_SXKPVCFE_0_34,31475130_LJNFLUMT_SXKPVCFE_0,FDSJQNQDBFQL,31475130_LJNFLUMT_SXKPVCFE_0_34,31475130_LJNFLUMT_SXKPVCFE_0,NJJBGHVUHXIZ,0
31475130_LJNFLUMT_SXKPVCFE_0_35,31475130_LJNFLUMT_SXKPVCFE_0,FDSJQNQDBFQL,31475130_LJNFLUMT_SXKPVCFE_0_35,31475130_LJNFLUMT_SXKPVCFE_0,NJJBGHVUHXIZ,0
31475130_LJNFLUMT_SXKPVCFE_0_36,31475130_LJNFLUMT_SXKPVCFE_0,FDSJQNQDBFQL,31475130_LJNFLUMT_SXKPVCFE_0_36,31475130_LJNFLUMT_SXKPVCFE_0,NJJBGHVUHXIZ,0
31475130_LJNFLUMT_SXKPVCFE_0_37,31475130_LJNFLUMT_SXKPVCFE_0,FDSJQNQDBFQL,31475130_LJNFLUMT_SXKPVCFE_0_37,31475130_LJNFLUMT_SXKPVCFE_0,NJJBGHVUHXIZ,0
31475130_LJNFLUMT_SXKPVCFE_0_38,31475130_LJNFLUMT_SXKPVCFE_0,FDSJQNQDBFQL,31475130_LJNFLUMT_SXKPVCFE_0_38,31475130_LJNFLUMT_SXKPVCFE_0,NJJBGHVUHXIZ,0
31475130_LJNFLUMT_SXKPVCFE_0_39,31475130_LJNFLUMT_SXKPVCFE_0,FDSJQNQDBFQL,31475130_LJNFLUMT_SXKPVCFE_0_39,31475130_LJNFLUMT_SXKPVCFE_0,NJJBGHVUHXIZ,0
31475130_LJNFLUMT_SXKPVCFE_0_40,31475130_LJNFLUMT_SXKPVCFE_0,FDSJQNQDBFQL,31475130_LJNFLUMT_SXKPVCFE_0_40,31475130_LJNFLUMT_SXKPVCFE_0,NJJBGHVUHXIZ,0
31475130_LJNFLUMT_SXKPVCFE_0_41,31475130_LJNFLUMT_SXKPVCFE_0,FDSJQNQDBFQL,31475130_LJNFLUMT_SXKPVCFE_0_41,31475130_LJNFLUMT_SXKPVCFE_0,NJJBGHVUHXIZ,0
31475130_LJNFLUMT_SXKPVCFE_0_42,31475130_LJNFLUMT_SXKPVCFE_0,FDSJQNQDBFQL,31475130_LJNFLUMT_SXKPVCFE_0_42,31475130_LJNFLUMT_SXKPVCFE_0,NJJBGHVUHXIZ,0
31475130_LJNFLUMT_SXKPVCFE_0_43,31475130_LJNFLUMT_SXKPVCFE_0,FDSJQNQDBFQL,31475130_LJNFLUMT_SXKPVCFE_0_43,31475130_LJNFLUMT_SXKPVCFE_0,NJJBGHVUHXIZ,0
31475130_LJNFLUMT_SXKPVCFE_0_44,31475130_LJNFLUMT_SXKPVCFE_0,FDSJQNQDBFQL,31475130_LJNFLUMT_SXKPVCFE_0_44,31475130_LJNFLUMT_SXKPVCFE_0,NJJBGHVUHXIZ,0
31475130_LJNFLUMT_SXKPVCFE_0_45,31475130_LJNFLUMT_SXKPVCFE_0,FDSJQNQDBFQL,31475130_LJNFLUMT_SXKPVCFE_0_45,31475130_LJNFLUMT_SXKPVCFE_0,NJJBGHVUHXIZ,0
31475130_LJNFLUMT_SXKPVCFE_0_46,31475130_LJNFLUMT_SXKPVCFE_0,FDSJQNQDBFQL,31475130_LJNFLUMT_SXKPVCFE_0_46,31475130_LJNFLUMT_SXKPVCFE_0,NJJBGHVUHXIZ,0
31475130_LJNFLUMT_SXKPVCFE_0_47,31475130_LJNFLUMT_SXKPVCFE_0,FDSJQNQDBFQL,31475130_LJNFLUMT_SXKPVCFE_0_47,31475130_LJNFLUMT_SXKPVCFE_0,NJJBGHVUHXIZ,0
31475130_LJNFLUMT_SXKPVCFE_0_48,31475130_LJNFLUMT_SXKPVCFE_0,FDSJQNQDBFQL,31475130_LJNFLUMT_SXKPVCFE_0_48,31475130_LJNFLUMT_SXKPVCFE_0,NJJBGHVUHXIZ,1
31475130_LJNFLUMT_SXKPVCFE_0_49,31475130_LJNFLUMT_SXKPVCFE_0,FDSJQNQDBFQL,31475130_LJNFLUMT_SXKPVCFE_0_49,31475130_LJNFLUMT_SXKPVCFE_0,NJJBGHVUHXIZ,1
31475130_LJNFLUMT_SXKPVCFE_0_50,31475130_LJNFLUMT_SXKPVCFE_0,FDSJQNQDBFQL,31475130_LJNFLUMT_SXKPVCFE_0_50,31475130_LJNFLUMT_SXKPVCFE_0,NJJBGHVUHXIZ,0
31475130_LJNFLUMT_SXKPVCFE_0_51,31475130_LJNFLUMT_SXKPVCFE_0,FDSJQNQDBFQL,31475130_LJNFLUMT_SXKPVCFE_0_51,31475130_LJNFLUMT_SXKPVCFE_0,NJJBGHVUHXIZ,0
31475130_LJNFLUMT_SXKPVCFE_0_52,31475130_LJNFLUMT_SXKPVCFE_0,FDSJQNQDBFQL,31475130_LJNFLUMT_SXKPVCFE_0_52,31475130_LJNFLUMT_SXKPVCFE_0,NJJBGHVUHXIZ,0
31475130_LJNFLUMT_SXKPVCFE_0_53,31475130_LJNFLUMT_SXKPVCFE_0,FDSJQNQDBFQL,31475130_LJNFLUMT_SXKPVCFE_0_53,31475130_LJNFLUMT_SXKPVCFE_0,NJJBGHVUHXIZ,0
31475130_LJNFLUMT_SXKPVCFE_0_54,31475130_LJNFLUMT_SXKPVCFE_0,FDSJQNQDBFQL,31475130_LJNFLUMT_SXKPVCFE_0_54,31475130_LJNFLUMT_SXKPVCFE_0,NJJBGHVUHXIZ,0
31475130_LJNFLUMT_SXKPVCFE_0_55,31475130_LJNFLUMT_SXKPVCFE_0,FDSJQNQDBFQL,31475130_LJNFLUMT_SXKPVCFE_0_55,31475130_LJNFLUMT_SXKPVCFE_0,NJJBGHVUHXIZ,0
31475130_LJNFLUMT_SXKPVCFE_0_56,31475130_LJNFLUMT_SXKPVCFE_0,FDSJQNQDBFQL,31475130_LJNFLUMT_SXKPVCFE_0_56,31475130_LJNFLUMT_SXKPVCFE_0,NJJBGHVUHXIZ,0
31475130_LJNFLUMT_SXKPVCFE_0_57,31475130_LJNFLUMT_SXKPVCFE_0,FDSJQNQDBFQL,31475130_LJNFLUMT_SXKPVCFE_0_57,31475130_LJNFLUMT_SXKPVCFE_0,NJJBGHVUHXIZ,0
31475130_LJNFLUMT_SXKPVCFE_0_58,31475130_LJNFLUMT_SXKPVCFE_0,FDSJQNQDBFQL,31475130_LJNFLUMT_SXKPVCFE_0_58,31475130_LJNFLUMT_SXKPVCFE_0,NJJBGHVUHXIZ,0
31475130_LJNFLUMT_SXKPVCFE_0_59,31475130_LJNFLUMT_SXKPVCFE_0,FDSJQNQDBFQL,31475130_LJNFLUMT_SXKPVCFE_0_59,31475130_LJNFLUMT_SXKPVCFE_0,NJJBGHVUHXIZ,1
31475130_LJNFLUMT_SXKPVCFE_0_60,31475130_LJNFLUMT_SXKPVCFE_0,FDSJQNQDBFQL,31475130_LJNFLUMT_SXKPVCFE_0_60,31475130_LJNFLUMT_SXKPVCFE_0,NJJBGHVUHXIZ,0
31475130_LJNFLUMT_SXKPVCFE_0_61,31475130_LJNFLUMT_SXKPVCFE_0,FDSJQNQDBFQL,31475130_LJNFLUMT_SXKPVCFE_0_61,31475130_LJNFLUMT_SXKPVCFE_0,NJJBGHVUHXIZ,0
31475130_LJNFLUMT_SXKPVCFE_0_62,31475130_LJNFLUMT_SXKPVCFE_0,FDSJQNQDBFQL,31475130_LJNFLUMT_SXKPVCFE_0_62,31475130_LJNFLUMT_SXKPVCFE_0,NJJBGHVUHXIZ,0
31475130_LJNFLUMT_SXKPVCFE_0_63,31475130_LJNFLUMT_SXKPVCFE_0,FDSJQNQDBFQL,31475130_LJNFLUMT_SXKPVCFE_0_63,31475130_LJNFLUMT_SXKPVCFE_0,NJJBGHVUHXIZ,0
31475130_LJNFLUMT_SXKPVCFE_0_64,31475130_LJNFLUMT_SXKPVCFE_0,FDSJQNQDBFQL,31475130_LJNFLUMT_SXKPVCFE_0_64,31475130_LJNFLUMT_SXKPVCFE_0,NJJBGHVUHXIZ,0
31475130_LJNFLUMT_SXKPVCFE_0_65,31475130_LJNFLUMT_SXKPVCFE_0,FDSJQNQDBFQL,31475130_LJNFLUMT_SXKPVCFE_0_65,31475130_LJNFLUMT_SXKPVCFE_0,NJJBGHVUHXIZ,0
31475130_LJNFLUMT_SXKPVCFE_0_66,31475130_LJNFLUMT_SXKPVCFE_0,FDSJQNQDBFQL,31475130_LJNFLUMT_SXKPVCFE_0_66,31475130_LJNFLUMT_SXKPVCFE_0,NJJBGHVUHXIZ,0
31475130_LJNFLUMT_SXKPVCFE_0_67,31475130_LJNFLUMT_SXKPVCFE_0,FDSJQNQDBFQL,31475130_LJNFLUMT_SXKPVCFE_0_67,31475130_LJNFLUMT_SXKPVCFE_0,NJJBGHVUHXIZ,0
31475130_LJNFLUMT_SXKPVCFE_0_68,31475130_LJNFLUMT_SXKPVCFE_0,FDSJQNQDBFQL,31475130_LJNFLUMT_SXKPVCFE_0_68,31475130_LJNFLUMT_SXKPVCFE_0,NJJBGHVUHXIZ,0
31475130_LJNFLUMT_SXKPVCFE_0_69,31475130_LJNFLUMT_SXKPVCFE_0,FDSJQNQDBFQL,31475130_LJNFLUMT_SXKPVCFE_0_69,31475130_LJNFLUMT_SXKPVCFE_0,NJJBGHVUHXIZ,0
31475130_LJNFLUMT_SXKPVCFE_0_70,31475130_LJNFLUMT_SXKPVCFE_0,FDSJQNQDBFQL,31475130_LJNFLUMT_SXKPVCFE_0_70,31475130_LJNFLUMT_SXKPVCFE_0,NJJBGHVUHXIZ,0
31475130_LJNFLUMT_SXKPVCFE_0_71,31475130_LJNFLUMT_SXKPVCFE_0,FDSJQNQDBFQL,31475130_LJNFLUMT_SXKPVCFE_0_71,31475130_LJNFLUMT_SXKPVCFE_0,NJJBGHVUHXIZ,0
31475130_LJNFLUMT_SXKPVCFE_0_72,31475130_LJNFLUMT_SXKPVCFE_0,FDSJQNQDBFQL,31475130_LJNFLUMT_SXKPVCFE_0_72,31475130_LJNFLUMT_SXKPVCFE_0,NJJBGHVUHXIZ,0
31475130_LJNFLUMT_SXKPVCFE_0_73,31475130_LJNFLUMT_SXKPVCFE_0,FDSJQNQDBFQL,31475130_LJNFLUMT_SXKPVCFE_0_73,31475130_LJNFLUMT_SXKPVCFE_0,NJJBGHVUHXIZ,0
31475130_LJNFLUMT_SXKPVCFE_0_74,31475130_LJNFLUMT_SXKPVCFE_0,FDSJQNQDBFQL,31475130_LJNFLUMT_SXKPVCFE_0_74,31475130_LJNFLUMT_SXKPVCFE_0,NJJBGHVUHXIZ,1
31475130_LJNFLUMT_SXKPVCFE_0_75,31475130_LJNFLUMT_SXKPVCFE_0,FDSJQNQDBFQL,31475130_LJNFLUMT_SXKPVCFE_0_75,31475130_LJNFLUMT_SXKPVCFE_0,NJJBGHVUHXIZ,0
31475130_LJNFLUMT_SXKPVCFE_0_76,31475130_LJNFLUMT_SXKPVCFE_0,FDSJQNQDBFQL,31475130_LJNFLUMT_SXKPVCFE_0_76,31475130_LJNFLUMT_SXKPVCFE_0,NJJBGHVUHXIZ,0
31475130_LJNFLUMT_SXKPVCFE_0_77,31475130_LJNFLUMT_SXKPVCFE_0,FDSJQNQDBFQL,31475130_LJNFLUMT_SXKPVCFE_0_77,31475130_LJNFLUMT_SXKPVCFE_0,NJJBGHVUHXIZ,0
31475130_LJNFLUMT_SXKPVCFE_0_78,31475130_LJNFLUMT_SXKPVCFE_0,FDSJQNQDBFQL,31475130_LJNFLUMT_SXKPVCFE_0_78,31475130_LJNFLUMT_SXKPVCFE_0,NJJBGHVUHXIZ,0
31475130_LJNFLUMT_SXKPVCFE_0_80,31475130_LJNFLUMT_SXKPVCFE_0,FDSJQNQDBFQL,31475130_LJNFLUMT_SXKPVCFE_0_80,31475130_LJNFLUMT_SXKPVCFE_0,NJJBGHVUHXIZ,0
31475130_LJNFLUMT_SXKPVCFE_0_81,31475130_LJNFLUMT_SXKPVCFE_0,FDSJQNQDBFQL,31475130_LJNFLUMT_SXKPVCFE_0_81,31475130_LJNFLUMT_SXKPVCFE_0,NJJBGHVUHXIZ,0
31475130_LJNFLUMT_SXKPVCFE_0_82,31475130_LJNFLUMT_SXKPVCFE_0,FDSJQNQDBFQL,31475130_LJNFLUMT_SXKPVCFE_0_82,31475130_LJNFLUMT_SXKPVCFE_0,NJJBGHVUHXIZ,0
31475130_LJNFLUMT_SXKPVCFE_0_83,31475130_LJNFLUMT_SXKPVCFE_0,FDSJQNQDBFQL,31475130_LJNFLUMT_SXKPVCFE_0_83,31475130_LJNFLUMT_SXKPVCFE_0,NJJBGHVUHXIZ,0
31475130_LJNFLUMT_SXKPVCFE_0_84,31475130_LJNFLUMT_SXKPVCFE_0,FDSJQNQDBFQL,31475130_LJNFLUMT_SXKPVCFE_0_84,31475130_LJNFLUMT_SXKPVCFE_0,NJJBGHVUHXIZ,0
31475130_LJNFLUMT_SXKPVCFE_0_85,31475130_LJNFLUMT_SXKPVCFE_0,FDSJQNQDBFQL,31475130_LJNFLUMT_SXKPVCFE_0_85,31475130_LJNFLUMT_SXKPVCFE_0,NJJBGHVUHXIZ,0
31475130_LJNFLUMT_SXKPVCFE_0_86,31475130_LJNFLUMT_SXKPVCFE_0,FDSJQNQDBFQL,31475130_LJNFLUMT_SXKPVCFE_0_86,31475130_LJNFLUMT_SXKPVCFE_0,NJJBGHVUHXIZ,0
31475130_LJNFLUMT_SXKPVCFE_0_87,31475130_LJNFLUMT_SXKPVCFE_0,FDSJQNQDBFQL,31475130_LJNFLUMT_SXKPVCFE_0_87,31475130_LJNFLUMT_SXKPVCFE_0,NJJBGHVUHXIZ,0
31475130_LJNFLUMT_SXKPVCFE_0_88,31475130_LJNFLUMT_SXKPVCFE_0,FDSJQNQDBFQL,31475130_LJNFLUMT_SXKPVCFE_0_88,31475130_LJNFLUMT_SXKPVCFE_0,NJJBGHVUHXIZ,0
31475130_LJNFLUMT_SXKPVCFE_0_89,31475130_LJNFLUMT_SXKPVCFE_0,FDSJQNQDBFQL,31475130_LJNFLUMT_SXKPVCFE_0_89,31475130_LJNFLUMT_SXKPVCFE_0,NJJBGHVUHXIZ,0
31475130_LJNFLUMT_SXKPVCFE_0_90,31475130_LJNFLUMT_SXKPVCFE_0,FDSJQNQDBFQL,31475130_LJNFLUMT_SXKPVCFE_0_90,31475130_LJNFLUMT_SXKPVCFE_0,NJJBGHVUHXIZ,0
31475130_LJNFLUMT_SXKPVCFE_0_91,31475130_LJNFLUMT_SXKPVCFE_0,FDSJQNQDBFQL,31475130_LJNFLUMT_SXKPVCFE_0_91,31475130_LJNFLUMT_SXKPVCFE_0,NJJBGHVUHXIZ,0
31475130_LJNFLUMT_SXKPVCFE_0_92,31475130_LJNFLUMT_SXKPVCFE_0,FDSJQNQDBFQL,31475130_LJNFLUMT_SXKPVCFE_0_92,31475130_LJNFLUMT_SXKPVCFE_0,NJJBGHVUHXIZ,0
31475130_LJNFLUMT_SXKPVCFE_0_93,31475130_LJNFLUMT_SXKPVCFE_0,FDSJQNQDBFQL,31475130_LJNFLUMT_SXKPVCFE_0_93,31475130_LJNFLUMT_SXKPVCFE_0,NJJBGHVUHXIZ,0
31475130_LJNFLUMT_SXKPVCFE_0_94,31475130_LJNFLUMT_SXKPVCFE_0,FDSJQNQDBFQL,31475130_LJNFLUMT_SXKPVCFE_0_94,31475130_LJNFLUMT_SXKPVCFE_0,NJJBGHVUHXIZ,0
31475130_LJNFLUMT_SXKPVCFE_0_95,31475130_LJNFLUMT_SXKPVCFE_0,FDSJQNQDBFQL,31475130_LJNFLUMT_SXKPVCFE_0_95,31475130_LJNFLUMT_SXKPVCFE_0,NJJBGHVUHXIZ,0
31475130_LJNFLUMT_SXKPVCFE_0_96,31475130_LJNFLUMT_SXKPVCFE_0,FDSJQNQDBFQL,31475130_LJNFLUMT_SXKPVCFE_0_96,31475130_LJNFLUMT_SXKPVCFE_0,NJJBGHVUHXIZ,0
31475130_LJNFLUMT_SXKPVCFE_0_97,31475130_LJNFLUMT_SXKPVCFE_0,FDSJQNQDBFQL,31475130_LJNFLUMT_SXKPVCFE_0_97,31475130_LJNFLUMT_SXKPVCFE_0,NJJBGHVUHXIZ,0
31475130_LJNFLUMT_SXKPVCFE_0_98,31475130_LJNFLUMT_SXKPVCFE_0,FDSJQNQDBFQL,31475130_LJNFLUMT_SXKPVCFE_0_98,31475130_LJNFLUMT_SXKPVCFE_0,NJJBGHVUHXIZ,0
31475130_LJNFLUMT_SXKPVCFE_0_99,31475130_LJNFLUMT_SXKPVCFE_0,FDSJQNQDBFQL,31475130_LJNFLUMT_SXKPVCFE_0_99,31475130_LJNFLUMT_SXKPVCFE_0,NJJBGHVUHXIZ,0
31475130_LJNFLUMT_SXKPVCFE_0_100,31475130_LJNFLUMT_SXKPVCFE_0,FDSJQNQDBFQL,31475130_LJNFLUMT_SXKPVCFE_0_100,31475130_LJNFLUMT_SXKPVCFE_0,NJJBGHVUHXIZ,0
31475130_LJNFLUMT_SXKPVCFE_0_101,31475130_LJNFLUMT_SXKPVCFE_0,FDSJQNQDBFQL,31475130_LJNFLUMT_SXKPVCFE_0_101,31475130_LJNFLUMT_SXKPVCFE_0,NJJBGHVUHXIZ,0
31475130_LJNFLUMT_SXKPVCFE_0_102,31475130_LJNFLUMT_SXKPVCFE_0,FDSJQNQDBFQL,31475130_LJNFLUMT_SXKPVCFE_0_102,31475130_LJNFLUMT_SXKPVCFE_0,NJJBGHVUHXIZ,0
31475130_LJNFLUMT_SXKPVCFE_0_103,31475130_LJNFLUMT_SXKPVCFE_0,FDSJQNQDBFQL,31475130_LJNFLUMT_SXKPVCFE_0_103,31475130_LJNFLUMT_SXKPVCFE_0,NJJBGHVUHXIZ,0
31475130_LJNFLUMT_SXKPVCFE_0_104,31475130_LJNFLUMT_SXKPVCFE_0,FDSJQNQDBFQL,31475130_LJNFLUMT_SXKPVCFE_0_104,31475130_LJNFLUMT_SXKPVCFE_0,NJJBGHVUHXIZ,0
31475130_LJNFLUMT_SXKPVCFE_0_105,31475130_LJNFLUMT_SXKPVCFE_0,FDSJQNQDBFQL,31475130_LJNFLUMT_SXKPVCFE_0_105,31475130_LJNFLUMT_SXKPVCFE_0,NJJBGHVUHXIZ,0
31475130_LJNFLUMT_SXKPVCFE_0_106,31475130_LJNFLUMT_SXKPVCFE_0,FDSJQNQDBFQL,31475130_LJNFLUMT_SXKPVCFE_0_106,31475130_LJNFLUMT_SXKPVCFE_0,NJJBGHVUHXIZ,1
31475130_LJNFLUMT_SXKPVCFE_0_107,31475130_LJNFLUMT_SXKPVCFE_0,FDSJQNQDBFQL,31475130_LJNFLUMT_SXKPVCFE_0_107,31475130_LJNFLUMT_SXKPVCFE_0,NJJBGHVUHXIZ,0
31475130_LJNFLUMT_SXKPVCFE_0_108,31475130_LJNFLUMT_SXKPVCFE_0,FDSJQNQDBFQL,31475130_LJNFLUMT_SXKPVCFE_0_108,31475130_LJNFLUMT_SXKPVCFE_0,NJJBGHVUHXIZ,0
31475130_LJNFLUMT_SXKPVCFE_0_109,31475130_LJNFLUMT_SXKPVCFE_0,FDSJQNQDBFQL,31475130_LJNFLUMT_SXKPVCFE_0_109,31475130_LJNFLUMT_SXKPVCFE_0,NJJBGHVUHXIZ,0
31475130_LJNFLUMT_SXKPVCFE_0_110,31475130_LJNFLUMT_SXKPVCFE_0,FDSJQNQDBFQL,31475130_LJNFLUMT_SXKPVCFE_0_110,31475130_LJNFLUMT_SXKPVCFE_0,NJJBGHVUHXIZ,0
31475130_LJNFLUMT_SXKPVCFE_0_111,31475130_LJNFLUMT_SXKPVCFE_0,FDSJQNQDBFQL,31475130_LJNFLUMT_SXKPVCFE_0_111,31475130_LJNFLUMT_SXKPVCFE_0,NJJBGHVUHXIZ,1
31475130_LJNFLUMT_SXKPVCFE_0_112,31475130_LJNFLUMT_SXKPVCFE_0,FDSJQNQDBFQL,31475130_LJNFLUMT_SXKPVCFE_0_112,31475130_LJNFLUMT_SXKPVCFE_0,NJJBGHVUHXIZ,0
31475130_LJNFLUMT_SXKPVCFE_0_113,31475130_LJNFLUMT_SXKPVCFE_0,FDSJQNQDBFQL,31475130_LJNFLUMT_SXKPVCFE_0_113,31475130_LJNFLUMT_SXKPVCFE_0,NJJBGHVUHXIZ,0
31475130_LJNFLUMT_SXKPVCFE_0_114,31475130_LJNFLUMT_SXKPVCFE_0,FDSJQNQDBFQL,31475130_LJNFLUMT_SXKPVCFE_0_114,31475130_LJNFLUMT_SXKPVCFE_0,NJJBGHVUHXIZ,0
31475130_LJNFLUMT_SXKPVCFE_0_115,31475130_LJNFLUMT_SXKPVCFE_0,FDSJQNQDBFQL,31475130_LJNFLUMT_SXKPVCFE_0_115,31475130_LJNFLUMT_SXKPVCFE_0,NJJBGHVUHXIZ,0
31475130_LJNFLUMT_SXKPVCFE_0_116,31475130_LJNFLUMT_SXKPVCFE_0,FDSJQNQDBFQL,31475130_LJNFLUMT_SXKPVCFE_0_116,31475130_LJNFLUMT_SXKPVCFE_0,NJJBGHVUHXIZ,0
31475130_LJNFLUMT_SXKPVCFE_0_117,31475130_LJNFLUMT_SXKPVCFE_0,FDSJQNQDBFQL,31475130_LJNFLUMT_SXKPVCFE_0_117,31475130_LJNFLUMT_SXKPVCFE_0,NJJBGHVUHXIZ,0
31475130_LJNFLUMT_SXKPVCFE_0_118,31475130_LJNFLUMT_SXKPVCFE_0,FDSJQNQDBFQL,31475130_LJNFLUMT_SXKPVCFE_0_118,31475130_LJNFLUMT_SXKPVCFE_0,NJJBGHVUHXIZ,0
31475130_LJNFLUMT_SXKPVCFE_0_119,31475130_LJNFLUMT_SXKPVCFE_0,FDSJQNQDBFQL,31475130_LJNFLUMT_SXKPVCFE_0_119,31475130_LJNFLUMT_SXKPVCFE_0,NJJBGHVUHXIZ,0
31475130_LJNFLUMT_SXKPVCFE_0_120,31475130_LJNFLUMT_SXKPVCFE_0,FDSJQNQDBFQL,31475130_LJNFLUMT_SXKPVCFE_0_120,31475130_LJNFLUMT_SXKPVCFE_0,NJJBGHVUHXIZ,0
31475130_LJNFLUMT_SXKPVCFE_0_121,31475130_LJNFLUMT_SXKPVCFE_0,FDSJQNQDBFQL,31475130_LJNFLUMT_SXKPVCFE_0_121,31475130_LJNFLUMT_SXKPVCFE_0,NJJBGHVUHXIZ,0
31475130_LJNFLUMT_SXKPVCFE_0_122,31475130_LJNFLUMT_SXKPVCFE_0,FDSJQNQDBFQL,31475130_LJNFLUMT_SXKPVCFE_0_122,31475130_LJNFLUMT_SXKPVCFE_0,NJJBGHVUHXIZ,0
31475130_LJNFLUMT_SXKPVCFE_0_123,31475130_LJNFLUMT_SXKPVCFE_0,FDSJQNQDBFQL,31475130_LJNFLUMT_SXKPVCFE_0_123,31475130_LJNFLUMT_SXKPVCFE_0,NJJBGHVUHXIZ,0
31475130_LJNFLUMT_SXKPVCFE_0_124,31475130_LJNFLUMT_SXKPVCFE_0,FDSJQNQDBFQL,31475130_LJNFLUMT_SXKPVCFE_0_124,31475130_LJNFLUMT_SXKPVCFE_0,NJJBGHVUHXIZ,0
31475130_LJNFLUMT_SXKPVCFE_0_125,31475130_LJNFLUMT_SXKPVCFE_0,FDSJQNQDBFQL,31475130_LJNFLUMT_SXKPVCFE_0_125,31475130_LJNFLUMT_SXKPVCFE_0,NJJBGHVUHXIZ,0
31475130_LJNFLUMT_SXKPVCFE_0_126,31475130_LJNFLUMT_SXKPVCFE_0,FDSJQNQDBFQL,31475130_LJNFLUMT_SXKPVCFE_0_126,31475130_LJNFLUMT_SXKPVCFE_0,NJJBGHVUHXIZ,0
31475130_LJNFLUMT_SXKPVCFE_0_127,31475130_LJNFLUMT_SXKPVCFE_0,FDSJQNQDBFQL,31475130_LJNFLUMT_SXKPVCFE_0_127,31475130_LJNFLUMT_SXKPVCFE_0,NJJBGHVUHXIZ,0
31475130_LJNFLUMT_SXKPVCFE_0_128,31475130_LJNFLUMT_SXKPVCFE_0,FDSJQNQDBFQL,31475130_LJNFLUMT_SXKPVCFE_0_128,31475130_LJNFLUMT_SXKPVCFE_0,NJJBGHVUHXIZ,0
31475130_LJNFLUMT_SXKPVCFE_0_129,31475130_LJNFLUMT_SXKPVCFE_0,FDSJQNQDBFQL,31475130_LJNFLUMT_SXKPVCFE_0_129,31475130_LJNFLUMT_SXKPVCFE_0,NJJBGHVUHXIZ,0
31475130_LJNFLUMT_SXKPVCFE_0_131,31475130_LJNFLUMT_SXKPVCFE_0,FDSJQNQDBFQL,31475130_LJNFLUMT_SXKPVCFE_0_131,31475130_LJNFLUMT_SXKPVCFE_0,NJJBGHVUHXIZ,0
31475130_LJNFLUMT_SXKPVCFE_0_132,31475130_LJNFLUMT_SXKPVCFE_0,FDSJQNQDBFQL,31475130_LJNFLUMT_SXKPVCFE_0_132,31475130_LJNFLUMT_SXKPVCFE_0,NJJBGHVUHXIZ,0
31475130_LJNFLUMT_SXKPVCFE_0_133,31475130_LJNFLUMT_SXKPVCFE_0,FDSJQNQDBFQL,31475130_LJNFLUMT_SXKPVCFE_0_133,31475130_LJNFLUMT_SXKPVCFE_0,NJJBGHVUHXIZ,0
31475130_LJNFLUMT_SXKPVCFE_0_134,31475130_LJNFLUMT_SXKPVCFE_0,FDSJQNQDBFQL,31475130_LJNFLUMT_SXKPVCFE_0_134,31475130_LJNFLUMT_SXKPVCFE_0,NJJBGHVUHXIZ,0
31475130_LJNFLUMT_SXKPVCFE_0_135,31475130_LJNFLUMT_SXKPVCFE_0,FDSJQNQDBFQL,31475130_LJNFLUMT_SXKPVCFE_0_135,31475130_LJNFLUMT_SXKPVCFE_0,NJJBGHVUHXIZ,0
31475130_LJNFLUMT_SXKPVCFE_0_136,31475130_LJNFLUMT_SXKPVCFE_0,FDSJQNQDBFQL,31475130_LJNFLUMT_SXKPVCFE_0_136,31475130_LJNFLUMT_SXKPVCFE_0,NJJBGHVUHXIZ,0
31475130_LJNFLUMT_SXKPVCFE_0_137,31475130_LJNFLUMT_SXKPVCFE_0,FDSJQNQDBFQL,31475130_LJNFLUMT_SXKPVCFE_0_137,31475130_LJNFLUMT_SXKPVCFE_0,NJJBGHVUHXIZ,0
31475130_LJNFLUMT_SXKPVCFE_0_138,31475130_LJNFLUMT_SXKPVCFE_0,FDSJQNQDBFQL,31475130_LJNFLUMT_SXKPVCFE_0_138,31475130_LJNFLUMT_SXKPVCFE_0,NJJBGHVUHXIZ,0
31475130_LJNFLUMT_SXKPVCFE_0_139,31475130_LJNFLUMT_SXKPVCFE_0,FDSJQNQDBFQL,31475130_LJNFLUMT_SXKPVCFE_0_139,31475130_LJNFLUMT_SXKPVCFE_0,NJJBGHVUHXIZ,0
31475130_LJNFLUMT_SXKPVCFE_0_140,31475130_LJNFLUMT_SXKPVCFE_0,FDSJQNQDBFQL,31475130_LJNFLUMT_SXKPVCFE_0_140,31475130_LJNFLUMT_SXKPVCFE_0,NJJBGHVUHXIZ,0
31475130_LJNFLUMT_SXKPVCFE_0_141,31475130_LJNFLUMT_SXKPVCFE_0,FDSJQNQDBFQL,31475130_LJNFLUMT_SXKPVCFE_0_141,31475130_LJNFLUMT_SXKPVCFE_0,NJJBGHVUHXIZ,0
31475130_SXKPVCFE_TLOSLTMS_0_0,31475130_SXKPVCFE_TLOSLTMS_0,FDSJQNQDBFQL,31475130_SXKPVCFE_TLOSLTMS_0_0,31475130_SXKPVCFE_TLOSLTMS_0,NJJBGHVUHXIZ,0
31475130_SXKPVCFE_TLOSLTMS_0_1,31475130_SXKPVCFE_TLOSLTMS_0,FDSJQNQDBFQL,31475130_SXKPVCFE_TLOSLTMS_0_1,31475130_SXKPVCFE_TLOSLTMS_0,NJJBGHVUHXIZ,0
31475130_SXKPVCFE_TLOSLTMS_0_2,31475130_SXKPVCFE_TLOSLTMS_0,FDSJQNQDBFQL,31475130_SXKPVCFE_TLOSLTMS_0_2,31475130_SXKPVCFE_TLOSLTMS_0,NJJBGHVUHXIZ,0
31475130_SXKPVCFE_TLOSLTMS_0_3,31475130_SXKPVCFE_TLOSLTMS_0,FDSJQNQDBFQL,31475130_SXKPVCFE_TLOSLTMS_0_3,31475130_SXKPVCFE_TLOSLTMS_0,NJJBGHVUHXIZ,0
31475130_SXKPVCFE_TLOSLTMS_0_4,31475130_SXKPVCFE_TLOSLTMS_0,FDSJQNQDBFQL,31475130_SXKPVCFE_TLOSLTMS_0_4,31475130_SXKPVCFE_TLOSLTMS_0,NJJBGHVUHXIZ,0
31475130_SXKPVCFE_TLOSLTMS_0_5,31475130_SXKPVCFE_TLOSLTMS_0,FDSJQNQDBFQL,31475130_SXKPVCFE_TLOSLTMS_0_5,31475130_SXKPVCFE_TLOSLTMS_0,NJJBGHVUHXIZ,0
31475130_SXKPVCFE_TLOSLTMS_0_6,31475130_SXKPVCFE_TLOSLTMS_0,FDSJQNQDBFQL,31475130_SXKPVCFE_TLOSLTMS_0_6,31475130_SXKPVCFE_TLOSLTMS_0,NJJBGHVUHXIZ,0
31475130_SXKPVCFE_TLOSLTMS_0_7,31475130_SXKPVCFE_TLOSLTMS_0,FDSJQNQDBFQL,31475130_SXKPVCFE_TLOSLTMS_0_7,31475130_SXKPVCFE_TLOSLTMS_0,NJJBGHVUHXIZ,0
31475130_SXKPVCFE_TLOSLTMS_0_8,31475130_SXKPVCFE_TLOSLTMS_0,FDSJQNQDBFQL,31475130_SXKPVCFE_TLOSLTMS_0_8,31475130_SXKPVCFE_TLOSLTMS_0,NJJBGHVUHXIZ,0
31475130_SXKPVCFE_TLOSLTMS_0_9,31475130_SXKPVCFE_TLOSLTMS_0,FDSJQNQDBFQL,31475130_SXKPVCFE_TLOSLTMS_0_9,31475130_SXKPVCFE_TLOSLTMS_0,NJJBGHVUHXIZ,0
31475130_SXKPVCFE_TLOSLTMS_0_10,31475130_SXKPVCFE_TLOSLTMS_0,FDSJQNQDBFQL,31475130_SXKPVCFE_TLOSLTMS_0_10,31475130_SXKPVCFE_TLOSLTMS_0,NJJBGHVUHXIZ,0
31475130_SXKPVCFE_TLOSLTMS_0_11,31475130_SXKPVCFE_TLOSLTMS_0,FDSJQNQDBFQL,31475130_SXKPVCFE_TLOSLTMS_0_11,31475130_SXKPVCFE_TLOSLTMS_0,NJJBGHVUHXIZ,0
31475130_SXKPVCFE_TLOSLTMS_0_12,31475130_SXKPVCFE_TLOSLTMS_0,FDSJQNQDBFQL,31475130_SXKPVCFE_TLOSLTMS_0_12,31475130_SXKPVCFE_TLOSLTMS_0,NJJBGHVUHXIZ,0
31475130_SXKPVCFE_TLOSLTMS_0_13,31475130_SXKPVCFE_TLOSLTMS_0,FDSJQNQDBFQL,31475130_SXKPVCFE_TLOSLTMS_0_13,31475130_SXKPVCFE_TLOSLTMS_0,NJJBGHVUHXIZ,0
31475130_SXKPVCFE_TLOSLTMS_0_14,31475130_SXKPVCFE_TLOSLTMS_0,FDSJQNQDBFQL,31475130_SXKPVCFE_TLOSLTMS_0_14,31475130_SXKPVCFE_TLOSLTMS_0,NJJBGHVUHXIZ,0
31475130_SXKPVCFE_TLOSLTMS_0_15,31475130_SXKPVCFE_TLOSLTMS_0,FDSJQNQDBFQL,31475130_SXKPVCFE_TLOSLTMS_0_15,31475130_SXKPVCFE_TLOSLTMS_0,NJJBGHVUHXIZ,0
31475130_SXKPVCFE_TLOSLTMS_0_16,31475130_SXKPVCFE_TLOSLTMS_0,FDSJQNQDBFQL,31475130_SXKPVCFE_TLOSLTMS_0_16,31475130_SXKPVCFE_TLOSLTMS_0,NJJBGHVUHXIZ,0
31475130_SXKPVCFE_TLOSLTMS_0_17,31475130_SXKPVCFE_TLOSLTMS_0,FDSJQNQDBFQL,31475130_SXKPVCFE_TLOSLTMS_0_17,31475130_SXKPVCFE_TLOSLTMS_0,NJJBGHVUHXIZ,0
31475130_SXKPVCFE_TLOSLTMS_0_18,31475130_SXKPVCFE_TLOSLTMS_0,FDSJQNQDBFQL,31475130_SXKPVCFE_TLOSLTMS_0_18,31475130_SXKPVCFE_TLOSLTMS_0,NJJBGHVUHXIZ,0
31475130_SXKPVCFE_TLOSLTMS_0_19,31475130_SXKPVCFE_TLOSLTMS_0,FDSJQNQDBFQL,31475130_SXKPVCFE_TLOSLTMS_0_19,31475130_SXKPVCFE_TLOSLTMS_0,NJJBGHVUHXIZ,0
31475130_SXKPVCFE_TLOSLTMS_0_20,31475130_SXKPVCFE_TLOSLTMS_0,FDSJQNQDBFQL,31475130_SXKPVCFE_TLOSLTMS_0_20,31475130_SXKPVCFE_TLOSLTMS_0,NJJBGHVUHXIZ,0
31475130_SXKPVCFE_TLOSLTMS_0_21,31475130_SXKPVCFE_TLOSLTMS_0,FDSJQNQDBFQL,31475130_SXKPVCFE_TLOSLTMS_0_21,31475130_SXKPVCFE_TLOSLTMS_0,NJJBGHVUHXIZ,0
31475130_SXKPVCFE_TLOSLTMS_0_22,31475130_SXKPVCFE_TLOSLTMS_0,FDSJQNQDBFQL,31475130_SXKPVCFE_TLOSLTMS_0_22,31475130_SXKPVCFE_TLOSLTMS_0,NJJBGHVUHXIZ,0
31475130_SXKPVCFE_TLOSLTMS_0_23,31475130_SXKPVCFE_TLOSLTMS_0,FDSJQNQDBFQL,31475130_SXKPVCFE_TLOSLTMS_0_23,31475130_SXKPVCFE_TLOSLTMS_0,NJJBGHVUHXIZ,0
31475130_SXKPVCFE_TLOSLTMS_0_24,31475130_SXKPVCFE_TLOSLTMS_0,FDSJQNQDBFQL,31475130_SXKPVCFE_TLOSLTMS_0_24,31475130_SXKPVCFE_TLOSLTMS_0,NJJBGHVUHXIZ,0
31475130_SXKPVCFE_TLOSLTMS_0_25,31475130_SXKPVCFE_TLOSLTMS_0,FDSJQNQDBFQL,31475130_SXKPVCFE_TLOSLTMS_0_25,31475130_SXKPVCFE_TLOSLTMS_0,NJJBGHVUHXIZ,0
31475130_SXKPVCFE_TLOSLTMS_0_26,31475130_SXKPVCFE_TLOSLTMS_0,FDSJQNQDBFQL,31475130_SXKPVCFE_TLOSLTMS_0_26,31475130_SXKPVCFE_TLOSLTMS_0,NJJBGHVUHXIZ,0
31475130_SXKPVCFE_TLOSLTMS_0_27,31475130_SXKPVCFE_TLOSLTMS_0,FDSJQNQDBFQL,31475130_SXKPVCFE_TLOSLTMS_0_27,31475130_SXKPVCFE_TLOSLTMS_0,NJJBGHVUHXIZ,0
31475130_SXKPVCFE_TLOSLTMS_0_28,31475130_SXKPVCFE_TLOSLTMS_0,FDSJQNQDBFQL,31475130_SXKPVCFE_TLOSLTMS_0_28,31475130_SXKPVCFE_TLOSLTMS_0,NJJBGHVUHXIZ,0
31475130_SXKPVCFE_TLOSLTMS_0_29,31475130_SXKPVCFE_TLOSLTMS_0,FDSJQNQDBFQL,31475130_SXKPVCFE_TLOSLTMS_0_29,31475130_SXKPVCFE_TLOSLTMS_0,NJJBGHVUHXIZ,0
31475130_SXKPVCFE_TLOSLTMS_0_31,31475130_SXKPVCFE_TLOSLTMS_0,FDSJQNQDBFQL,31475130_SXKPVCFE_TLOSLTMS_0_31,31475130_SXKPVCFE_TLOSLTMS_0,NJJBGHVUHXIZ,0
31475130_SXKPVCFE_TLOSLTMS_0_32,31475130_SXKPVCFE_TLOSLTMS_0,FDSJQNQDBFQL,31475130_SXKPVCFE_TLOSLTMS_0_32,31475130_SXKPVCFE_TLOSLTMS_0,NJJBGHVUHXIZ,0
31475130_SXKPVCFE_TLOSLTMS_0_33,31475130_SXKPVCFE_TLOSLTMS_0,FDSJQNQDBFQL,31475130_SXKPVCFE_TLOSLTMS_0_33,31475130_SXKPVCFE_TLOSLTMS_0,NJJBGHVUHXIZ,0
31475130_SXKPVCFE_TLOSLTMS_0_35,31475130_SXKPVCFE_TLOSLTMS_0,FDSJQNQDBFQL,31475130_SXKPVCFE_TLOSLTMS_0_35,31475130_SXKPVCFE_TLOSLTMS_0,NJJBGHVUHXIZ,0
31475130_SXKPVCFE_TLOSLTMS_0_36,31475130_SXKPVCFE_TLOSLTMS_0,FDSJQNQDBFQL,31475130_SXKPVCFE_TLOSLTMS_0_36,31475130_SXKPVCFE_TLOSLTMS_0,NJJBGHVUHXIZ,0
31475130_SXKPVCFE_TLOSLTMS_0_37,31475130_SXKPVCFE_TLOSLTMS_0,FDSJQNQDBFQL,31475130_SXKPVCFE_TLOSLTMS_0_37,31475130_SXKPVCFE_TLOSLTMS_0,NJJBGHVUHXIZ,0
31475130_SXKPVCFE_TLOSLTMS_0_38,31475130_SXKPVCFE_TLOSLTMS_0,FDSJQNQDBFQL,31475130_SXKPVCFE_TLOSLTMS_0_38,31475130_SXKPVCFE_TLOSLTMS_0,NJJBGHVUHXIZ,0
31475130_SXKPVCFE_TLOSLTMS_0_39,31475130_SXKPVCFE_TLOSLTMS_0,FDSJQNQDBFQL,31475130_SXKPVCFE_TLOSLTMS_0_39,31475130_SXKPVCFE_TLOSLTMS_0,NJJBGHVUHXIZ,0
31475130_SXKPVCFE_TLOSLTMS_0_40,31475130_SXKPVCFE_TLOSLTMS_0,FDSJQNQDBFQL,31475130_SXKPVCFE_TLOSLTMS_0_40,31475130_SXKPVCFE_TLOSLTMS_0,NJJBGHVUHXIZ,0
80876517_TLOSLTMS_SXKPVCFE_0_0,80876517_TLOSLTMS_SXKPVCFE_0,NSGBQNEWABFX,80876517_TLOSLTMS_SXKPVCFE_0_0,80876517_TLOSLTMS_SXKPVCFE_0,FMXOSEFLSKPA,0
80876517_TLOSLTMS_SXKPVCFE_0_1,80876517_TLOSLTMS_SXKPVCFE_0,NSGBQNEWABFX,80876517_TLOSLTMS_SXKPVCFE_0_1,80876517_TLOSLTMS_SXKPVCFE_0,FMXOSEFLSKPA,0
80876517_TLOSLTMS_SXKPVCFE_0_2,80876517_TLOSLTMS_SXKPVCFE_0,NSGBQNEWABFX,80876517_TLOSLTMS_SXKPVCFE_0_2,80876517_TLOSLTMS_SXKPVCFE_0,FMXOSEFLSKPA,0
80876517_TLOSLTMS_SXKPVCFE_0_3,80876517_TLOSLTMS_SXKPVCFE_0,NSGBQNEWABFX,80876517_TLOSLTMS_SXKPVCFE_0_3,80876517_TLOSLTMS_SXKPVCFE_0,FMXOSEFLSKPA,0
80876517_TLOSLTMS_SXKPVCFE_0_4,80876517_TLOSLTMS_SXKPVCFE_0,NSGBQNEWABFX,80876517_TLOSLTMS_SXKPVCFE_0_4,80876517_TLOSLTMS_SXKPVCFE_0,FMXOSEFLSKPA,0
80876517_TLOSLTMS_SXKPVCFE_0_6,80876517_TLOSLTMS_SXKPVCFE_0,NSGBQNEWABFX,80876517_TLOSLTMS_SXKPVCFE_0_6,80876517_TLOSLTMS_SXKPVCFE_0,FMXOSEFLSKPA,0
80876517_TLOSLTMS_SXKPVCFE_0_7,80876517_TLOSLTMS_SXKPVCFE_0,NSGBQNEWABFX,80876517_TLOSLTMS_SXKPVCFE_0_7,80876517_TLOSLTMS_SXKPVCFE_0,FMXOSEFLSKPA,0
80876517_TLOSLTMS_SXKPVCFE_0_8,80876517_TLOSLTMS_SXKPVCFE_0,NSGBQNEWABFX,80876517_TLOSLTMS_SXKPVCFE_0_8,80876517_TLOSLTMS_SXKPVCFE_0,FMXOSEFLSKPA,0
80876517_TLOSLTMS_SXKPVCFE_0_9,80876517_TLOSLTMS_SXKPVCFE_0,NSGBQNEWABFX,80876517_TLOSLTMS_SXKPVCFE_0_9,80876517_TLOSLTMS_SXKPVCFE_0,FMXOSEFLSKPA,0
80876517_TLOSLTMS_SXKPVCFE_0_10,80876517_TLOSLTMS_SXKPVCFE_0,NSGBQNEWABFX,80876517_TLOSLTMS_SXKPVCFE_0_10,80876517_TLOSLTMS_SXKPVCFE_0,FMXOSEFLSKPA,0
80876517_TLOSLTMS_SXKPVCFE_0_12,80876517_TLOSLTMS_SXKPVCFE_0,NSGBQNEWABFX,80876517_TLOSLTMS_SXKPVCFE_0_12,80876517_TLOSLTMS_SXKPVCFE_0,FMXOSEFLSKPA,0
80876517_TLOSLTMS_SXKPVCFE_0_13,80876517_TLOSLTMS_SXKPVCFE_0,NSGBQNEWABFX,80876517_TLOSLTMS_SXKPVCFE_0_13,80876517_TLOSLTMS_SXKPVCFE_0,FMXOSEFLSKPA,0
80876517_TLOSLTMS_SXKPVCFE_0_14,80876517_TLOSLTMS_SXKPVCFE_0,NSGBQNEWABFX,80876517_TLOSLTMS_SXKPVCFE_0_14,80876517_TLOSLTMS_SXKPVCFE_0,FMXOSEFLSKPA,0
80876517_TLOSLTMS_SXKPVCFE_0_16,80876517_TLOSLTMS_SXKPVCFE_0,NSGBQNEWABFX,80876517_TLOSLTMS_SXKPVCFE_0_16,80876517_TLOSLTMS_SXKPVCFE_0,FMXOSEFLSKPA,0
80876517_TLOSLTMS_SXKPVCFE_0_17,80876517_TLOSLTMS_SXKPVCFE_0,NSGBQNEWABFX,80876517_TLOSLTMS_SXKPVCFE_0_17,80876517_TLOSLTMS_SXKPVCFE_0,FMXOSEFLSKPA,0
80876517_TLOSLTMS_SXKPVCFE_0_18,80876517_TLOSLTMS_SXKPVCFE_0,NSGBQNEWABFX,80876517_TLOSLTMS_SXKPVCFE_0_18,80876517_TLOSLTMS_SXKPVCFE_0,FMXOSEFLSKPA,0
80876517_TLOSLTMS_SXKPVCFE_0_19,80876517_TLOSLTMS_SXKPVCFE_0,NSGBQNEWABFX,80876517_TLOSLTMS_SXKPVCFE_0_19,80876517_TLOSLTMS_SXKPVCFE_0,FMXOSEFLSKPA,0
80876517_TLOSLTMS_SXKPVCFE_0_21,80876517_TLOSLTMS_SXKPVCFE_0,NSGBQNEWABFX,80876517_TLOSLTMS_SXKPVCFE_0_21,80876517_TLOSLTMS_SXKPVCFE_0,FMXOSEFLSKPA,0
80876517_TLOSLTMS_SXKPVCFE_0_22,80876517_TLOSLTMS_SXKPVCFE_0,NSGBQNEWABFX,80876517_TLOSLTMS_SXKPVCFE_0_22,80876517_TLOSLTMS_SXKPVCFE_0,FMXOSEFLSKPA,0
80876517_TLOSLTMS_SXKPVCFE_0_23,80876517_TLOSLTMS_SXKPVCFE_0,NSGBQNEWABFX,80876517_TLOSLTMS_SXKPVCFE_0_23,80876517_TLOSLTMS_SXKPVCFE_0,FMXOSEFLSKPA,0
80876517_TLOSLTMS_SXKPVCFE_0_24,80876517_TLOSLTMS_SXKPVCFE_0,NSGBQNEWABFX,80876517_TLOSLTMS_SXKPVCFE_0_24,80876517_TLOSLTMS_SXKPVCFE_0,FMXOSEFLSKPA,0
80876517_SXKPVCFE_BPORINGO_0_0,80876517_SXKPVCFE_BPORINGO_0,NSGBQNEWABFX,80876517_SXKPVCFE_BPORINGO_0_0,80876517_SXKPVCFE_BPORINGO_0,FMXOSEFLSKPA,0
80876517_SXKPVCFE_BPORINGO_0_1,80876517_SXKPVCFE_BPORINGO_0,NSGBQNEWABFX,80876517_SXKPVCFE_BPORINGO_0_1,80876517_SXKPVCFE_BPORINGO_0,FMXOSEFLSKPA,0
80876517_SXKPVCFE_BPORINGO_0_2,80876517_SXKPVCFE_BPORINGO_0,NSGBQNEWABFX,80876517_SXKPVCFE_BPORINGO_0_2,80876517_SXKPVCFE_BPORINGO_0,FMXOSEFLSKPA,0
80876517_SXKPVCFE_BPORINGO_0_3,80876517_SXKPVCFE_BPORINGO_0,NSGBQNEWABFX,80876517_SXKPVCFE_BPORINGO_0_3,80876517_SXKPVCFE_BPORINGO_0,FMXOSEFLSKPA,0
80876517_SXKPVCFE_BPORINGO_0_4,80876517_SXKPVCFE_BPORINGO_0,NSGBQNEWABFX,80876517_SXKPVCFE_BPORINGO_0_4,80876517_SXKPVCFE_BPORINGO_0,FMXOSEFLSKPA,1
80876517_SXKPVCFE_BPORINGO_0_5,80876517_SXKPVCFE_BPORINGO_0,NSGBQNEWABFX,80876517_SXKPVCFE_BPORINGO_0_5,80876517_SXKPVCFE_BPORINGO_0,FMXOSEFLSKPA,0
80876517_SXKPVCFE_BPORINGO_0_6,80876517_SXKPVCFE_BPORINGO_0,NSGBQNEWABFX,80876517_SXKPVCFE_BPORINGO_0_6,80876517_SXKPVCFE_BPORINGO_0,FMXOSEFLSKPA,0
80876517_SXKPVCFE_BPORINGO_0_7,80876517_SXKPVCFE_BPORINGO_0,NSGBQNEWABFX,80876517_SXKPVCFE_BPORINGO_0_7,80876517_SXKPVCFE_BPORINGO_0,FMXOSEFLSKPA,0
80876517_SXKPVCFE_BPORINGO_0_8,80876517_SXKPVCFE_BPORINGO_0,NSGBQNEWABFX,80876517_SXKPVCFE_BPORINGO_0_8,80876517_SXKPVCFE_BPORINGO_0,FMXOSEFLSKPA,0
80876517_SXKPVCFE_BPORINGO_0_9,80876517_SXKPVCFE_BPORINGO_0,NSGBQNEWABFX,80876517_SXKPVCFE_BPORINGO_0_9,80876517_SXKPVCFE_BPORINGO_0,FMXOSEFLSKPA,1
80876517_SXKPVCFE_BPORINGO_0_10,80876517_SXKPVCFE_BPORINGO_0,NSGBQNEWABFX,80876517_SXKPVCFE_BPORINGO_0_10,80876517_SXKPVCFE_BPORINGO_0,FMXOSEFLSKPA,0
80876517_SXKPVCFE_BPORINGO_0_11,80876517_SXKPVCFE_BPORINGO_0,NSGBQNEWABFX,80876517_SXKPVCFE_BPORINGO_0_11,80876517_SXKPVCFE_BPORINGO_0,FMXOSEFLSKPA,0
80876517_SXKPVCFE_BPORINGO_0_12,80876517_SXKPVCFE_BPORINGO_0,NSGBQNEWABFX,80876517_SXKPVCFE_BPORINGO_0_12,80876517_SXKPVCFE_BPORINGO_0,FMXOSEFLSKPA,0
80876517_SXKPVCFE_BPORINGO_0_13,80876517_SXKPVCFE_BPORINGO_0,NSGBQNEWABFX,80876517_SXKPVCFE_BPORINGO_0_13,80876517_SXKPVCFE_BPORINGO_0,FMXOSEFLSKPA,0
80876517_SXKPVCFE_BPORINGO_0_14,80876517_SXKPVCFE_BPORINGO_0,NSGBQNEWABFX,80876517_SXKPVCFE_BPORINGO_0_14,80876517_SXKPVCFE_BPORINGO_0,FMXOSEFLSKPA,0
80876517_SXKPVCFE_BPORINGO_0_15,80876517_SXKPVCFE_BPORINGO_0,NSGBQNEWABFX,80876517_SXKPVCFE_BPORINGO_0_15,80876517_SXKPVCFE_BPORINGO_0,FMXOSEFLSKPA,1
80876517_SXKPVCFE_BPORINGO_0_16,80876517_SXKPVCFE_BPORINGO_0,NSGBQNEWABFX,80876517_SXKPVCFE_BPORINGO_0_16,80876517_SXKPVCFE_BPORINGO_0,FMXOSEFLSKPA,0
80876517_SXKPVCFE_BPORINGO_0_17,80876517_SXKPVCFE_BPORINGO_0,NSGBQNEWABFX,80876517_SXKPVCFE_BPORINGO_0_17,80876517_SXKPVCFE_BPORINGO_0,FMXOSEFLSKPA,1
80876517_SXKPVCFE_BPORINGO_0_18,80876517_SXKPVCFE_BPORINGO_0,NSGBQNEWABFX,80876517_SXKPVCFE_BPORINGO_0_18,80876517_SXKPVCFE_BPORINGO_0,FMXOSEFLSKPA,0
80876517_SXKPVCFE_BPORINGO_0_19,80876517_SXKPVCFE_BPORINGO_0,NSGBQNEWABFX,80876517_SXKPVCFE_BPORINGO_0_19,80876517_SXKPVCFE_BPORINGO_0,FMXOSEFLSKPA,0
80876517_SXKPVCFE_BPORINGO_0_20,80876517_SXKPVCFE_BPORINGO_0,NSGBQNEWABFX,80876517_SXKPVCFE_BPORINGO_0_20,80876517_SXKPVCFE_BPORINGO_0,FMXOSEFLSKPA,0
80876517_SXKPVCFE_BPORINGO_0_21,80876517_SXKPVCFE_BPORINGO_0,NSGBQNEWABFX,80876517_SXKPVCFE_BPORINGO_0_21,80876517_SXKPVCFE_BPORINGO_0,FMXOSEFLSKPA,0
80876517_SXKPVCFE_BPORINGO_0_22,80876517_SXKPVCFE_BPORINGO_0,NSGBQNEWABFX,80876517_SXKPVCFE_BPORINGO_0_22,80876517_SXKPVCFE_BPORINGO_0,FMXOSEFLSKPA,1
80876517_SXKPVCFE_BPORINGO_0_23,80876517_SXKPVCFE_BPORINGO_0,NSGBQNEWABFX,80876517_SXKPVCFE_BPORINGO_0_23,80876517_SXKPVCFE_BPORINGO_0,FMXOSEFLSKPA,0
80876517_SXKPVCFE_BPORINGO_0_24,80876517_SXKPVCFE_BPORINGO_0,NSGBQNEWABFX,80876517_SXKPVCFE_BPORINGO_0_24,80876517_SXKPVCFE_BPORINGO_0,FMXOSEFLSKPA,0
80876517_SXKPVCFE_BPORINGO_0_25,80876517_SXKPVCFE_BPORINGO_0,NSGBQNEWABFX,80876517_SXKPVCFE_BPORINGO_0_25,80876517_SXKPVCFE_BPORINGO_0,FMXOSEFLSKPA,0
80876517_SXKPVCFE_BPORINGO_0_26,80876517_SXKPVCFE_BPORINGO_0,NSGBQNEWABFX,80876517_SXKPVCFE_BPORINGO_0_26,80876517_SXKPVCFE_BPORINGO_0,FMXOSEFLSKPA,0
80876517_SXKPVCFE_BPORINGO_0_27,80876517_SXKPVCFE_BPORINGO_0,NSGBQNEWABFX,80876517_SXKPVCFE_BPORINGO_0_27,80876517_SXKPVCFE_BPORINGO_0,FMXOSEFLSKPA,0
80876517_SXKPVCFE_BPORINGO_0_28,80876517_SXKPVCFE_BPORINGO_0,NSGBQNEWABFX,80876517_SXKPVCFE_BPORINGO_0_28,80876517_SXKPVCFE_BPORINGO_0,FMXOSEFLSKPA,0
80876517_SXKPVCFE_BPORINGO_0_29,80876517_SXKPVCFE_BPORINGO_0,NSGBQNEWABFX,80876517_SXKPVCFE_BPORINGO_0_29,80876517_SXKPVCFE_BPORINGO_0,FMXOSEFLSKPA,0
80876517_SXKPVCFE_BPORINGO_0_30,80876517_SXKPVCFE_BPORINGO_0,NSGBQNEWABFX,80876517_SXKPVCFE_BPORINGO_0_30,80876517_SXKPVCFE_BPORINGO_0,FMXOSEFLSKPA,1
80876517_SXKPVCFE_BPORINGO_0_31,80876517_SXKPVCFE_BPORINGO_0,NSGBQNEWABFX,80876517_SXKPVCFE_BPORINGO_0_31,80876517_SXKPVCFE_BPORINGO_0,FMXOSEFLSKPA,0
80876517_SXKPVCFE_BPORINGO_0_32,80876517_SXKPVCFE_BPORINGO_0,NSGBQNEWABFX,80876517_SXKPVCFE_BPORINGO_0_32,80876517_SXKPVCFE_BPORINGO_0,FMXOSEFLSKPA,0
80876517_SXKPVCFE_BPORINGO_0_33,80876517_SXKPVCFE_BPORINGO_0,NSGBQNEWABFX,80876517_SXKPVCFE_BPORINGO_0_33,80876517_SXKPVCFE_BPORINGO_0,FMXOSEFLSKPA,0
80876517_SXKPVCFE_BPORINGO_0_34,80876517_SXKPVCFE_BPORINGO_0,NSGBQNEWABFX,80876517_SXKPVCFE_BPORINGO_0_34,80876517_SXKPVCFE_BPORINGO_0,FMXOSEFLSKPA,0
80876517_SXKPVCFE_BPORINGO_0_35,80876517_SXKPVCFE_BPORINGO_0,NSGBQNEWABFX,80876517_SXKPVCFE_BPORINGO_0_35,80876517_SXKPVCFE_BPORINGO_0,FMXOSEFLSKPA,0
80876517_SXKPVCFE_BPORINGO_0_36,80876517_SXKPVCFE_BPORINGO_0,NSGBQNEWABFX,80876517_SXKPVCFE_BPORINGO_0_36,80876517_SXKPVCFE_BPORINGO_0,FMXOSEFLSKPA,0
80876517_SXKPVCFE_BPORINGO_0_37,80876517_SXKPVCFE_BPORINGO_0,NSGBQNEWABFX,80876517_SXKPVCFE_BPORINGO_0_37,80876517_SXKPVCFE_BPORINGO_0,FMXOSEFLSKPA,1
80876517_SXKPVCFE_BPORINGO_0_38,80876517_SXKPVCFE_BPORINGO_0,NSGBQNEWABFX,80876517_SXKPVCFE_BPORINGO_0_38,80876517_SXKPVCFE_BPORINGO_0,FMXOSEFLSKPA,0
80876517_SXKPVCFE_BPORINGO_0_39,80876517_SXKPVCFE_BPORINGO_0,NSGBQNEWABFX,80876517_SXKPVCFE_BPORINGO_0_39,80876517_SXKPVCFE_BPORINGO_0,FMXOSEFLSKPA,0
80876517_SXKPVCFE_BPORINGO_0_40,80876517_SXKPVCFE_BPORINGO_0,NSGBQNEWABFX,80876517_SXKPVCFE_BPORINGO_0_40,80876517_SXKPVCFE_BPORINGO_0,FMXOSEFLSKPA,1
80876517_SXKPVCFE_BPORINGO_0_42,80876517_SXKPVCFE_BPORINGO_0,NSGBQNEWABFX,80876517_SXKPVCFE_BPORINGO_0_42,80876517_SXKPVCFE_BPORINGO_0,FMXOSEFLSKPA,0
80876517_SXKPVCFE_BPORINGO_0_43,80876517_SXKPVCFE_BPORINGO_0,NSGBQNEWABFX,80876517_SXKPVCFE_BPORINGO_0_43,80876517_SXKPVCFE_BPORINGO_0,FMXOSEFLSKPA,0
80876517_SXKPVCFE_BPORINGO_0_44,80876517_SXKPVCFE_BPORINGO_0,NSGBQNEWABFX,80876517_SXKPVCFE_BPORINGO_0_44,80876517_SXKPVCFE_BPORINGO_0,FMXOSEFLSKPA,0
80876517_SXKPVCFE_BPORINGO_0_46,80876517_SXKPVCFE_BPORINGO_0,NSGBQNEWABFX,80876517_SXKPVCFE_BPORINGO_0_46,80876517_SXKPVCFE_BPORINGO_0,FMXOSEFLSKPA,0
80876517_SXKPVCFE_BPORINGO_0_47,80876517_SXKPVCFE_BPORINGO_0,NSGBQNEWABFX,80876517_SXKPVCFE_BPORINGO_0_47,80876517_SXKPVCFE_BPORINGO_0,FMXOSEFLSKPA,0
80876517_SXKPVCFE_BPORINGO_0_48,80876517_SXKPVCFE_BPORINGO_0,NSGBQNEWABFX,80876517_SXKPVCFE_BPORINGO_0_48,80876517_SXKPVCFE_BPORINGO_0,FMXOSEFLSKPA,0
80876517_SXKPVCFE_BPORINGO_0_49,80876517_SXKPVCFE_BPORINGO_0,NSGBQNEWABFX,80876517_SXKPVCFE_BPORINGO_0_49,80876517_SXKPVCFE_BPORINGO_0,FMXOSEFLSKPA,0
80876517_SXKPVCFE_BPORINGO_0_50,80876517_SXKPVCFE_BPORINGO_0,NSGBQNEWABFX,80876517_SXKPVCFE_BPORINGO_0_50,80876517_SXKPVCFE_BPORINGO_0,FMXOSEFLSKPA,0
80876517_SXKPVCFE_BPORINGO_0_51,80876517_SXKPVCFE_BPORINGO_0,NSGBQNEWABFX,80876517_SXKPVCFE_BPORINGO_0_51,80876517_SXKPVCFE_BPORINGO_0,FMXOSEFLSKPA,1
80876517_SXKPVCFE_BPORINGO_0_52,80876517_SXKPVCFE_BPORINGO_0,NSGBQNEWABFX,80876517_SXKPVCFE_BPORINGO_0_52,80876517_SXKPVCFE_BPORINGO_0,FMXOSEFLSKPA,0
80876517_SXKPVCFE_BPORINGO_0_53,80876517_SXKPVCFE_BPORINGO_0,NSGBQNEWABFX,80876517_SXKPVCFE_BPORINGO_0_53,80876517_SXKPVCFE_BPORINGO_0,FMXOSEFLSKPA,0
80876517_SXKPVCFE_BPORINGO_0_54,80876517_SXKPVCFE_BPORINGO_0,NSGBQNEWABFX,80876517_SXKPVCFE_BPORINGO_0_54,80876517_SXKPVCFE_BPORINGO_0,FMXOSEFLSKPA,0
80876517_SXKPVCFE_BPORINGO_0_56,80876517_SXKPVCFE_BPORINGO_0,NSGBQNEWABFX,80876517_SXKPVCFE_BPORINGO_0_56,80876517_SXKPVCFE_BPORINGO_0,FMXOSEFLSKPA,0
80876517_SXKPVCFE_BPORINGO_0_57,80876517_SXKPVCFE_BPORINGO_0,NSGBQNEWABFX,80876517_SXKPVCFE_BPORINGO_0_57,80876517_SXKPVCFE_BPORINGO_0,FMXOSEFLSKPA,0
80876517_SXKPVCFE_BPORINGO_0_58,80876517_SXKPVCFE_BPORINGO_0,NSGBQNEWABFX,80876517_SXKPVCFE_BPORINGO_0_58,80876517_SXKPVCFE_BPORINGO_0,FMXOSEFLSKPA,0
80876517_SXKPVCFE_BPORINGO_0_60,80876517_SXKPVCFE_BPORINGO_0,NSGBQNEWABFX,80876517_SXKPVCFE_BPORINGO_0_60,80876517_SXKPVCFE_BPORINGO_0,FMXOSEFLSKPA,1
80876517_SXKPVCFE_BPORINGO_0_61,80876517_SXKPVCFE_BPORINGO_0,NSGBQNEWABFX,80876517_SXKPVCFE_BPORINGO_0_61,80876517_SXKPVCFE_BPORINGO_0,FMXOSEFLSKPA,0
80876517_SXKPVCFE_BPORINGO_0_62,80876517_SXKPVCFE_BPORINGO_0,NSGBQNEWABFX,80876517_SXKPVCFE_BPORINGO_0_62,80876517_SXKPVCFE_BPORINGO_0,FMXOSEFLSKPA,0
80876517_SXKPVCFE_BPORINGO_0_64,80876517_SXKPVCFE_BPORINGO_0,NSGBQNEWABFX,80876517_SXKPVCFE_BPORINGO_0_64,80876517_SXKPVCFE_BPORINGO_0,FMXOSEFLSKPA,0
80876517_SXKPVCFE_BPORINGO_0_65,80876517_SXKPVCFE_BPORINGO_0,NSGBQNEWABFX,80876517_SXKPVCFE_BPORINGO_0_65,80876517_SXKPVCFE_BPORINGO_0,FMXOSEFLSKPA,0
80876517_SXKPVCFE_BPORINGO_0_66,80876517_SXKPVCFE_BPORINGO_0,NSGBQNEWABFX,80876517_SXKPVCFE_BPORINGO_0_66,80876517_SXKPVCFE_BPORINGO_0,FMXOSEFLSKPA,0
80876517_SXKPVCFE_BPORINGO_0_67,80876517_SXKPVCFE_BPORINGO_0,NSGBQNEWABFX,80876517_SXKPVCFE_BPORINGO_0_67,80876517_SXKPVCFE_BPORINGO_0,FMXOSEFLSKPA,0
80876517_SXKPVCFE_BPORINGO_0_68,80876517_SXKPVCFE_BPORINGO_0,NSGBQNEWABFX,80876517_SXKPVCFE_BPORINGO_0_68,80876517_SXKPVCFE_BPORINGO_0,FMXOSEFLSKPA,1
80876517_SXKPVCFE_BPORINGO_0_70,80876517_SXKPVCFE_BPORINGO_0,NSGBQNEWABFX,80876517_SXKPVCFE_BPORINGO_0_70,80876517_SXKPVCFE_BPORINGO_0,FMXOSEFLSKPA,1
80876517_SXKPVCFE_BPORINGO_0_71,80876517_SXKPVCFE_BPORINGO_0,NSGBQNEWABFX,80876517_SXKPVCFE_BPORINGO_0_71,80876517_SXKPVCFE_BPORINGO_0,FMXOSEFLSKPA,0
80876517_SXKPVCFE_BPORINGO_0_72,80876517_SXKPVCFE_BPORINGO_0,NSGBQNEWABFX,80876517_SXKPVCFE_BPORINGO_0_72,80876517_SXKPVCFE_BPORINGO_0,FMXOSEFLSKPA,0
80876517_SXKPVCFE_BPORINGO_0_73,80876517_SXKPVCFE_BPORINGO_0,NSGBQNEWABFX,80876517_SXKPVCFE_BPORINGO_0_73,80876517_SXKPVCFE_BPORINGO_0,FMXOSEFLSKPA,0
80876517_SXKPVCFE_BPORINGO_0_75,80876517_SXKPVCFE_BPORINGO_0,NSGBQNEWABFX,80876517_SXKPVCFE_BPORINGO_0_75,80876517_SXKPVCFE_BPORINGO_0,FMXOSEFLSKPA,1
80876517_SXKPVCFE_BPORINGO_0_76,80876517_SXKPVCFE_BPORINGO_0,NSGBQNEWABFX,80876517_SXKPVCFE_BPORINGO_0_76,80876517_SXKPVCFE_BPORINGO_0,FMXOSEFLSKPA,0
80876517_SXKPVCFE_BPORINGO_0_77,80876517_SXKPVCFE_BPORINGO_0,NSGBQNEWABFX,80876517_SXKPVCFE_BPORINGO_0_77,80876517_SXKPVCFE_BPORINGO_0,FMXOSEFLSKPA,0
80876517_SXKPVCFE_BPORINGO_0_78,80876517_SXKPVCFE_BPORINGO_0,NSGBQNEWABFX,80876517_SXKPVCFE_BPORINGO_0_78,80876517_SXKPVCFE_BPORINGO_0,FMXOSEFLSKPA,0
80876517_SXKPVCFE_BPORINGO_0_79,80876517_SXKPVCFE_BPORINGO_0,NSGBQNEWABFX,80876517_SXKPVCFE_BPORINGO_0_79,80876517_SXKPVCFE_BPORINGO_0,FMXOSEFLSKPA,0
80876517_SXKPVCFE_BPORINGO_0_80,80876517_SXKPVCFE_BPORINGO_0,NSGBQNEWABFX,80876517_SXKPVCFE_BPORINGO_0_80,80876517_SXKPVCFE_BPORINGO_0,FMXOSEFLSKPA,0
80876517_SXKPVCFE_BPORINGO_0_81,80876517_SXKPVCFE_BPORINGO_0,NSGBQNEWABFX,80876517_SXKPVCFE_BPORINGO_0_81,80876517_SXKPVCFE_BPORINGO_0,FMXOSEFLSKPA,0
80876517_SXKPVCFE_BPORINGO_0_82,80876517_SXKPVCFE_BPORINGO_0,NSGBQNEWABFX,80876517_SXKPVCFE_BPORINGO_0_82,80876517_SXKPVCFE_BPORINGO_0,FMXOSEFLSKPA,0
80876517_SXKPVCFE_BPORINGO_0_83,80876517_SXKPVCFE_BPORINGO_0,NSGBQNEWABFX,80876517_SXKPVCFE_BPORINGO_0_83,80876517_SXKPVCFE_BPORINGO_0,FMXOSEFLSKPA,0
80876517_SXKPVCFE_BPORINGO_0_84,80876517_SXKPVCFE_BPORINGO_0,NSGBQNEWABFX,80876517_SXKPVCFE_BPORINGO_0_84,80876517_SXKPVCFE_BPORINGO_0,FMXOSEFLSKPA,1
80876517_SXKPVCFE_BPORINGO_0_85,80876517_SXKPVCFE_BPORINGO_0,NSGBQNEWABFX,80876517_SXKPVCFE_BPORINGO_0_85,80876517_SXKPVCFE_BPORINGO_0,FMXOSEFLSKPA,0
80876517_SXKPVCFE_BPORINGO_0_86,80876517_SXKPVCFE_BPORINGO_0,NSGBQNEWABFX,80876517_SXKPVCFE_BPORINGO_0_86,80876517_SXKPVCFE_BPORINGO_0,FMXOSEFLSKPA,0
80876517_SXKPVCFE_BPORINGO_0_87,80876517_SXKPVCFE_BPORINGO_0,NSGBQNEWABFX,80876517_SXKPVCFE_BPORINGO_0_87,80876517_SXKPVCFE_BPORINGO_0,FMXOSEFLSKPA,1
80876517_SXKPVCFE_BPORINGO_0_88,80876517_SXKPVCFE_BPORINGO_0,NSGBQNEWABFX,80876517_SXKPVCFE_BPORINGO_0_88,80876517_SXKPVCFE_BPORINGO_0,FMXOSEFLSKPA,0
80876517_SXKPVCFE_BPORINGO_0_89,80876517_SXKPVCFE_BPORINGO_0,NSGBQNEWABFX,80876517_SXKPVCFE_BPORINGO_0_89,80876517_SXKPVCFE_BPORINGO_0,FMXOSEFLSKPA,0
80876517_SXKPVCFE_BPORINGO_0_90,80876517_SXKPVCFE_BPORINGO_0,NSGBQNEWABFX,80876517_SXKPVCFE_BPORINGO_0_90,80876517_SXKPVCFE_BPORINGO_0,FMXOSEFLSKPA,0
80876517_SXKPVCFE_BPORINGO_0_91,80876517_SXKPVCFE_BPORINGO_0,NSGBQNEWABFX,80876517_SXKPVCFE_BPORINGO_0_91,80876517_SXKPVCFE_BPORINGO_0,FMXOSEFLSKPA,1
80876517_SXKPVCFE_BPORINGO_0_92,80876517_SXKPVCFE_BPORINGO_0,NSGBQNEWABFX,80876517_SXKPVCFE_BPORINGO_0_92,80876517_SXKPVCFE_BPORINGO_0,FMXOSEFLSKPA,0
80876517_SXKPVCFE_BPORINGO_0_93,80876517_SXKPVCFE_BPORINGO_0,NSGBQNEWABFX,80876517_SXKPVCFE_BPORINGO_0_93,80876517_SXKPVCFE_BPORINGO_0,FMXOSEFLSKPA,0
80876517_SXKPVCFE_BPORINGO_0_94,80876517_SXKPVCFE_BPORINGO_0,NSGBQNEWABFX,80876517_SXKPVCFE_BPORINGO_0_94,80876517_SXKPVCFE_BPORINGO_0,FMXOSEFLSKPA,0
80876517_SXKPVCFE_BPORINGO_0_96,80876517_SXKPVCFE_BPORINGO_0,NSGBQNEWABFX,80876517_SXKPVCFE_BPORINGO_0_96,80876517_SXKPVCFE_BPORINGO_0,FMXOSEFLSKPA,0
80876517_SXKPVCFE_BPORINGO_0_97,80876517_SXKPVCFE_BPORINGO_0,NSGBQNEWABFX,80876517_SXKPVCFE_BPORINGO_0_97,80876517_SXKPVCFE_BPORINGO_0,FMXOSEFLSKPA,0
80876517_SXKPVCFE_BPORINGO_0_98,80876517_SXKPVCFE_BPORINGO_0,NSGBQNEWABFX,80876517_SXKPVCFE_BPORINGO_0_98,80876517_SXKPVCFE_BPORINGO_0,FMXOSEFLSKPA,1
80876517_SXKPVCFE_BPORINGO_0_99,80876517_SXKPVCFE_BPORINGO_0,NSGBQNEWABFX,80876517_SXKPVCFE_BPORINGO_0_99,80876517_SXKPVCFE_BPORINGO_0,FMXOSEFLSKPA,0
80876517_SXKPVCFE_BPORINGO_0_100,80876517_SXKPVCFE_BPORINGO_0,NSGBQNEWABFX,80876517_SXKPVCFE_BPORINGO_0_100,80876517_SXKPVCFE_BPORINGO_0,FMXOSEFLSKPA,1
80876517_SXKPVCFE_BPORINGO_0_101,80876517_SXKPVCFE_BPORINGO_0,NSGBQNEWABFX,80876517_SXKPVCFE_BPORINGO_0_101,80876517_SXKPVCFE_BPORINGO_0,FMXOSEFLSKPA,0
80876517_SXKPVCFE_BPORINGO_0_102,80876517_SXKPVCFE_BPORINGO_0,NSGBQNEWABFX,80876517_SXKPVCFE_BPORINGO_0_102,80876517_SXKPVCFE_BPORINGO_0,FMXOSEFLSKPA,0
80876517_SXKPVCFE_BPORINGO_0_103,80876517_SXKPVCFE_BPORINGO_0,NSGBQNEWABFX,80876517_SXKPVCFE_BPORINGO_0_103,80876517_SXKPVCFE_BPORINGO_0,FMXOSEFLSKPA,0
74194408_DRXGSCTF_IQIICCGV_0_0,74194408_DRXGSCTF_IQIICCGV_0,POJNFFCGIOEZ,74194408_DRXGSCTF_IQIICCGV_0_0,74194408_DRXGSCTF_IQIICCGV_0,AYNYANBAAYOE,0
74194408_DRXGSCTF_IQIICCGV_0_2,74194408_DRXGSCTF_IQIICCGV_0,POJNFFCGIOEZ,74194408_DRXGSCTF_IQIICCGV_0_2,74194408_DRXGSCTF_IQIICCGV_0,AYNYANBAAYOE,0
74194408_DRXGSCTF_IQIICCGV_0_3,74194408_DRXGSCTF_IQIICCGV_0,POJNFFCGIOEZ,74194408_DRXGSCTF_IQIICCGV_0_3,74194408_DRXGSCTF_IQIICCGV_0,AYNYANBAAYOE,0
74194408_DRXGSCTF_IQIICCGV_0_4,74194408_DRXGSCTF_IQIICCGV_0,POJNFFCGIOEZ,74194408_DRXGSCTF_IQIICCGV_0_4,74194408_DRXGSCTF_IQIICCGV_0,AYNYANBAAYOE,0
74194408_DRXGSCTF_IQIICCGV_0_5,74194408_DRXGSCTF_IQIICCGV_0,POJNFFCGIOEZ,74194408_DRXGSCTF_IQIICCGV_0_5,74194408_DRXGSCTF_IQIICCGV_0,AYNYANBAAYOE,0
99780282_LJNFLUMT_SXKPVCFE_0_0,99780282_LJNFLUMT_SXKPVCFE_0,EFUXNPIXFZIX,99780282_LJNFLUMT_SXKPVCFE_0_0,99780282_LJNFLUMT_SXKPVCFE_0,WGOHDRTYHYMW,0
99780282_LJNFLUMT_SXKPVCFE_0_1,99780282_LJNFLUMT_SXKPVCFE_0,EFUXNPIXFZIX,99780282_LJNFLUMT_SXKPVCFE_0_1,99780282_LJNFLUMT_SXKPVCFE_0,WGOHDRTYHYMW,0
99780282_LJNFLUMT_SXKPVCFE_0_2,99780282_LJNFLUMT_SXKPVCFE_0,EFUXNPIXFZIX,99780282_LJNFLUMT_SXKPVCFE_0_2,99780282_LJNFLUMT_SXKPVCFE_0,WGOHDRTYHYMW,0
99780282_LJNFLUMT_SXKPVCFE_0_3,99780282_LJNFLUMT_SXKPVCFE_0,EFUXNPIXFZIX,99780282_LJNFLUMT_SXKPVCFE_0_3,99780282_LJNFLUMT_SXKPVCFE_0,WGOHDRTYHYMW,0
99780282_LJNFLUMT_SXKPVCFE_0_4,99780282_LJNFLUMT_SXKPVCFE_0,EFUXNPIXFZIX,99780282_LJNFLUMT_SXKPVCFE_0_4,99780282_LJNFLUMT_SXKPVCFE_0,WGOHDRTYHYMW,0
99780282_LJNFLUMT_SXKPVCFE_0_5,99780282_LJNFLUMT_SXKPVCFE_0,EFUXNPIXFZIX,99780282_LJNFLUMT_SXKPVCFE_0_5,99780282_LJNFLUMT_SXKPVCFE_0,WGOHDRTYHYMW,0
99780282_LJNFLUMT_SXKPVCFE_0_6,99780282_LJNFLUMT_SXKPVCFE_0,EFUXNPIXFZIX,99780282_LJNFLUMT_SXKPVCFE_0_6,99780282_LJNFLUMT_SXKPVCFE_0,WGOHDRTYHYMW,0
99780282_LJNFLUMT_SXKPVCFE_0_7,99780282_LJNFLUMT_SXKPVCFE_0,EFUXNPIXFZIX,99780282_LJNFLUMT_SXKPVCFE_0_7,99780282_LJNFLUMT_SXKPVCFE_0,WGOHDRTYHYMW,0
99780282_LJNFLUMT_SXKPVCFE_0_8,99780282_LJNFLUMT_SXKPVCFE_0,EFUXNPIXFZIX,99780282_LJNFLUMT_SXKPVCFE_0_8,99780282_LJNFLUMT_SXKPVCFE_0,WGOHDRTYHYMW,0
99780282_LJNFLUMT_SXKPVCFE_0_9,99780282_LJNFLUMT_SXKPVCFE_0,EFUXNPIXFZIX,99780282_LJNFLUMT_SXKPVCFE_0_9,99780282_LJNFLUMT_SXKPVCFE_0,WGOHDRTYHYMW,0
99780282_LJNFLUMT_SXKPVCFE_0_10,99780282_LJNFLUMT_SXKPVCFE_0,EFUXNPIXFZIX,99780282_LJNFLUMT_SXKPVCFE_0_10,99780282_LJNFLUMT_SXKPVCFE_0,WGOHDRTYHYMW,0
99780282_LJNFLUMT_SXKPVCFE_0_11,99780282_LJNFLUMT_SXKPVCFE_0,EFUXNPIXFZIX,99780282_LJNFLUMT_SXKPVCFE_0_11,99780282_LJNFLUMT_SXKPVCFE_0,WGOHDRTYHYMW,0
99780282_LJNFLUMT_SXKPVCFE_0_12,99780282_LJNFLUMT_SXKPVCFE_0,EFUXNPIXFZIX,99780282_LJNFLUMT_SXKPVCFE_0_12,99780282_LJNFLUMT_SXKPVCFE_0,WGOHDRTYHYMW,0
99780282_LJNFLUMT_SXKPVCFE_0_13,99780282_LJNFLUMT_SXKPVCFE_0,EFUXNPIXFZIX,99780282_LJNFLUMT_SXKPVCFE_0_13,99780282_LJNFLUMT_SXKPVCFE_0,WGOHDRTYHYMW,0
99780282_LJNFLUMT_SXKPVCFE_0_14,99780282_LJNFLUMT_SXKPVCFE_0,EFUXNPIXFZIX,99780282_LJNFLUMT_SXKPVCFE_0_14,99780282_LJNFLUMT_SXKPVCFE_0,WGOHDRTYHYMW,1
99780282_LJNFLUMT_SXKPVCFE_0_15,99780282_LJNFLUMT_SXKPVCFE_0,EFUXNPIXFZIX,99780282_LJNFLUMT_SXKPVCFE_0_15,99780282_LJNFLUMT_SXKPVCFE_0,WGOHDRTYHYMW,0
99780282_LJNFLUMT_SXKPVCFE_0_16,99780282_LJNFLUMT_SXKPVCFE_0,EFUXNPIXFZIX,99780282_LJNFLUMT_SXKPVCFE_0_16,99780282_LJNFLUMT_SXKPVCFE_0,WGOHDRTYHYMW,0
99780282_LJNFLUMT_SXKPVCFE_0_17,99780282_LJNFLUMT_SXKPVCFE_0,EFUXNPIXFZIX,99780282_LJNFLUMT_SXKPVCFE_0_17,99780282_LJNFLUMT_SXKPVCFE_0,WGOHDRTYHYMW,0
99780282_LJNFLUMT_SXKPVCFE_0_18,99780282_LJNFLUMT_SXKPVCFE_0,EFUXNPIXFZIX,99780282_LJNFLUMT_SXKPVCFE_0_18,99780282_LJNFLUMT_SXKPVCFE_0,WGOHDRTYHYMW,1
99780282_LJNFLUMT_SXKPVCFE_0_19,99780282_LJNFLUMT_SXKPVCFE_0,EFUXNPIXFZIX,99780282_LJNFLUMT_SXKPVCFE_0_19,99780282_LJNFLUMT_SXKPVCFE_0,WGOHDRTYHYMW,0
99780282_LJNFLUMT_SXKPVCFE_0_20,99780282_LJNFLUMT_SXKPVCFE_0,EFUXNPIXFZIX,99780282_LJNFLUMT_SXKPVCFE_0_20,99780282_LJNFLUMT_SXKPVCFE_0,WGOHDRTYHYMW,0
99780282_LJNFLUMT_SXKPVCFE_0_21,99780282_LJNFLUMT_SXKPVCFE_0,EFUXNPIXFZIX,99780282_LJNFLUMT_SXKPVCFE_0_21,99780282_LJNFLUMT_SXKPVCFE_0,WGOHDRTYHYMW,0
99780282_LJNFLUMT_SXKPVCFE_0_22,99780282_LJNFLUMT_SXKPVCFE_0,EFUXNPIXFZIX,99780282_LJNFLUMT_SXKPVCFE_0_22,99780282_LJNFLUMT_SXKPVCFE_0,WGOHDRTYHYMW,0
99780282_LJNFLUMT_SXKPVCFE_0_23,99780282_LJNFLUMT_SXKPVCFE_0,EFUXNPIXFZIX,99780282_LJNFLUMT_SXKPVCFE_0_23,99780282_LJNFLUMT_SXKPVCFE_0,WGOHDRTYHYMW,0
99780282_LJNFLUMT_SXKPVCFE_0_24,99780282_LJNFLUMT_SXKPVCFE_0,EFUXNPIXFZIX,99780282_LJNFLUMT_SXKPVCFE_0_24,99780282_LJNFLUMT_SXKPVCFE_0,WGOHDRTYHYMW,0
99780282_LJNFLUMT_SXKPVCFE_0_25,99780282_LJNFLUMT_SXKPVCFE_0,EFUXNPIXFZIX,99780282_LJNFLUMT_SXKPVCFE_0_25,99780282_LJNFLUMT_SXKPVCFE_0,WGOHDRTYHYMW,0
99780282_LJNFLUMT_SXKPVCFE_0_26,99780282_LJNFLUMT_SXKPVCFE_0,EFUXNPIXFZIX,99780282_LJNFLUMT_SXKPVCFE_0_26,99780282_LJNFLUMT_SXKPVCFE_0,WGOHDRTYHYMW,0
99780282_LJNFLUMT_SXKPVCFE_0_27,99780282_LJNFLUMT_SXKPVCFE_0,EFUXNPIXFZIX,99780282_LJNFLUMT_SXKPVCFE_0_27,99780282_LJNFLUMT_SXKPVCFE_0,WGOHDRTYHYMW,0
99780282_LJNFLUMT_SXKPVCFE_0_28,99780282_LJNFLUMT_SXKPVCFE_0,EFUXNPIXFZIX,99780282_LJNFLUMT_SXKPVCFE_0_28,99780282_LJNFLUMT_SXKPVCFE_0,WGOHDRTYHYMW,0
99780282_LJNFLUMT_SXKPVCFE_0_29,99780282_LJNFLUMT_SXKPVCFE_0,EFUXNPIXFZIX,99780282_LJNFLUMT_SXKPVCFE_0_29,99780282_LJNFLUMT_SXKPVCFE_0,WGOHDRTYHYMW,1
99780282_LJNFLUMT_SXKPVCFE_0_30,99780282_LJNFLUMT_SXKPVCFE_0,EFUXNPIXFZIX,99780282_LJNFLUMT_SXKPVCFE_0_30,99780282_LJNFLUMT_SXKPVCFE_0,WGOHDRTYHYMW,0
99780282_LJNFLUMT_SXKPVCFE_0_31,99780282_LJNFLUMT_SXKPVCFE_0,EFUXNPIXFZIX,99780282_LJNFLUMT_SXKPVCFE_0_31,99780282_LJNFLUMT_SXKPVCFE_0,WGOHDRTYHYMW,0
99780282_LJNFLUMT_SXKPVCFE_0_32,99780282_LJNFLUMT_SXKPVCFE_0,EFUXNPIXFZIX,99780282_LJNFLUMT_SXKPVCFE_0_32,99780282_LJNFLUMT_SXKPVCFE_0,WGOHDRTYHYMW,0
99780282_LJNFLUMT_SXKPVCFE_0_33,99780282_LJNFLUMT_SXKPVCFE_0,EFUXNPIXFZIX,99780282_LJNFLUMT_SXKPVCFE_0_33,99780282_LJNFLUMT_SXKPVCFE_0,WGOHDRTYHYMW,0
99780282_LJNFLUMT_SXKPVCFE_0_34,99780282_LJNFLUMT_SXKPVCFE_0,EFUXNPIXFZIX,99780282_LJNFLUMT_SXKPVCFE_0_34,99780282_LJNFLUMT_SXKPVCFE_0,WGOHDRTYHYMW,0
99780282_LJNFLUMT_SXKPVCFE_0_35,99780282_LJNFLUMT_SXKPVCFE_0,EFUXNPIXFZIX,99780282_LJNFLUMT_SXKPVCFE_0_35,99780282_LJNFLUMT_SXKPVCFE_0,WGOHDRTYHYMW,0
99780282_LJNFLUMT_SXKPVCFE_0_36,99780282_LJNFLUMT_SXKPVCFE_0,EFUXNPIXFZIX,99780282_LJNFLUMT_SXKPVCFE_0_36,99780282_LJNFLUMT_SXKPVCFE_0,WGOHDRTYHYMW,0
99780282_LJNFLUMT_SXKPVCFE_0_37,99780282_LJNFLUMT_SXKPVCFE_0,EFUXNPIXFZIX,99780282_LJNFLUMT_SXKPVCFE_0_37,99780282_LJNFLUMT_SXKPVCFE_0,WGOHDRTYHYMW,0
99780282_LJNFLUMT_SXKPVCFE_0_38,99780282_LJNFLUMT_SXKPVCFE_0,EFUXNPIXFZIX,99780282_LJNFLUMT_SXKPVCFE_0_38,99780282_LJNFLUMT_SXKPVCFE_0,WGOHDRTYHYMW,0
99780282_LJNFLUMT_SXKPVCFE_0_39,99780282_LJNFLUMT_SXKPVCFE_0,EFUXNPIXFZIX,99780282_LJNFLUMT_SXKPVCFE_0_39,99780282_LJNFLUMT_SXKPVCFE_0,WGOHDRTYHYMW,0
99780282_LJNFLUMT_SXKPVCFE_0_40,99780282_LJNFLUMT_SXKPVCFE_0,EFUXNPIXFZIX,99780282_LJNFLUMT_SXKPVCFE_0_40,99780