id_A,segment_id_A,source_file_A,id_B,segment_id_B,source_file_B,prediction
13336473_SWIOJTSM_RVFWPMSK_0_0,13336473_SWIOJTSM_RVFWPMSK_0,JWRARGWSGJZN,13336473_SWIOJTSM_RVFWPMSK_0_0,13336473_SWIOJTSM_RVFWPMSK_0,ULWGIXVZAPFO,0
13336473_SWIOJTSM_RVFWPMSK_0_1,13336473_SWIOJTSM_RVFWPMSK_0,JWRARGWSGJZN,13336473_SWIOJTSM_RVFWPMSK_0_1,13336473_SWIOJTSM_RVFWPMSK_0,ULWGIXVZAPFO,0
13336473_SWIOJTSM_RVFWPMSK_0_2,13336473_SWIOJTSM_RVFWPMSK_0,JWRARGWSGJZN,13336473_SWIOJTSM_RVFWPMSK_0_2,13336473_SWIOJTSM_RVFWPMSK_0,ULWGIXVZAPFO,0
13336473_SWIOJTSM_RVFWPMSK_0_3,13336473_SWIOJTSM_RVFWPMSK_0,JWRARGWSGJZN,13336473_SWIOJTSM_RVFWPMSK_0_3,13336473_SWIOJTSM_RVFWPMSK_0,ULWGIXVZAPFO,0
13336473_SWIOJTSM_RVFWPMSK_0_4,13336473_SWIOJTSM_RVFWPMSK_0,JWRARGWSGJZN,13336473_SWIOJTSM_RVFWPMSK_0_4,13336473_SWIOJTSM_RVFWPMSK_0,ULWGIXVZAPFO,0
13336473_SWIOJTSM_RVFWPMSK_0_5,13336473_SWIOJTSM_RVFWPMSK_0,JWRARGWSGJZN,13336473_SWIOJTSM_RVFWPMSK_0_5,13336473_SWIOJTSM_RVFWPMSK_0,ULWGIXVZAPFO,0
13336473_SWIOJTSM_RVFWPMSK_0_6,13336473_SWIOJTSM_RVFWPMSK_0,JWRARGWSGJZN,13336473_SWIOJTSM_RVFWPMSK_0_6,13336473_SWIOJTSM_RVFWPMSK_0,ULWGIXVZAPFO,0
13336473_SWIOJTSM_RVFWPMSK_0_7,13336473_SWIOJTSM_RVFWPMSK_0,JWRARGWSGJZN,13336473_SWIOJTSM_RVFWPMSK_0_7,13336473_SWIOJTSM_RVFWPMSK_0,ULWGIXVZAPFO,0
13336473_SWIOJTSM_RVFWPMSK_0_8,13336473_SWIOJTSM_RVFWPMSK_0,JWRARGWSGJZN,13336473_SWIOJTSM_RVFWPMSK_0_8,13336473_SWIOJTSM_RVFWPMSK_0,ULWGIXVZAPFO,0
13336473_SWIOJTSM_RVFWPMSK_0_9,13336473_SWIOJTSM_RVFWPMSK_0,JWRARGWSGJZN,13336473_SWIOJTSM_RVFWPMSK_0_9,13336473_SWIOJTSM_RVFWPMSK_0,ULWGIXVZAPFO,0
13336473_SWIOJTSM_RVFWPMSK_0_10,13336473_SWIOJTSM_RVFWPMSK_0,JWRARGWSGJZN,13336473_SWIOJTSM_RVFWPMSK_0_10,13336473_SWIOJTSM_RVFWPMSK_0,ULWGIXVZAPFO,0
13336473_SWIOJTSM_RVFWPMSK_0_11,13336473_SWIOJTSM_RVFWPMSK_0,JWRARGWSGJZN,13336473_SWIOJTSM_RVFWPMSK_0_11,13336473_SWIOJTSM_RVFWPMSK_0,ULWGIXVZAPFO,0
13336473_SWIOJTSM_RVFWPMSK_0_12,13336473_SWIOJTSM_RVFWPMSK_0,JWRARGWSGJZN,13336473_SWIOJTSM_RVFWPMSK_0_12,13336473_SWIOJTSM_RVFWPMSK_0,ULWGIXVZAPFO,0
13336473_SWIOJTSM_RVFWPMSK_0_13,13336473_SWIOJTSM_RVFWPMSK_0,JWRARGWSGJZN,13336473_SWIOJTSM_RVFWPMSK_0_13,13336473_SWIOJTSM_RVFWPMSK_0,ULWGIXVZAPFO,0
13336473_SWIOJTSM_RVFWPMSK_0_14,13336473_SWIOJTSM_RVFWPMSK_0,JWRARGWSGJZN,13336473_SWIOJTSM_RVFWPMSK_0_14,13336473_SWIOJTSM_RVFWPMSK_0,ULWGIXVZAPFO,0
13336473_SWIOJTSM_RVFWPMSK_0_15,13336473_SWIOJTSM_RVFWPMSK_0,JWRARGWSGJZN,13336473_SWIOJTSM_RVFWPMSK_0_15,13336473_SWIOJTSM_RVFWPMSK_0,ULWGIXVZAPFO,0
13336473_SWIOJTSM_RVFWPMSK_0_16,13336473_SWIOJTSM_RVFWPMSK_0,JWRARGWSGJZN,13336473_SWIOJTSM_RVFWPMSK_0_16,13336473_SWIOJTSM_RVFWPMSK_0,ULWGIXVZAPFO,0
13336473_SWIOJTSM_RVFWPMSK_0_17,13336473_SWIOJTSM_RVFWPMSK_0,JWRARGWSGJZN,13336473_SWIOJTSM_RVFWPMSK_0_17,13336473_SWIOJTSM_RVFWPMSK_0,ULWGIXVZAPFO,0
13336473_SWIOJTSM_RVFWPMSK_0_18,13336473_SWIOJTSM_RVFWPMSK_0,JWRARGWSGJZN,13336473_SWIOJTSM_RVFWPMSK_0_18,13336473_SWIOJTSM_RVFWPMSK_0,ULWGIXVZAPFO,0
13336473_SWIOJTSM_RVFWPMSK_0_19,13336473_SWIOJTSM_RVFWPMSK_0,JWRARGWSGJZN,13336473_SWIOJTSM_RVFWPMSK_0_19,13336473_SWIOJTSM_RVFWPMSK_0,ULWGIXVZAPFO,0
13336473_SWIOJTSM_RVFWPMSK_0_20,13336473_SWIOJTSM_RVFWPMSK_0,JWRARGWSGJZN,13336473_SWIOJTSM_RVFWPMSK_0_20,13336473_SWIOJTSM_RVFWPMSK_0,ULWGIXVZAPFO,0
13336473_SWIOJTSM_RVFWPMSK_0_21,13336473_SWIOJTSM_RVFWPMSK_0,JWRARGWSGJZN,13336473_SWIOJTSM_RVFWPMSK_0_21,13336473_SWIOJTSM_RVFWPMSK_0,ULWGIXVZAPFO,0
13336473_SWIOJTSM_RVFWPMSK_0_22,13336473_SWIOJTSM_RVFWPMSK_0,JWRARGWSGJZN,13336473_SWIOJTSM_RVFWPMSK_0_22,13336473_SWIOJTSM_RVFWPMSK_0,ULWGIXVZAPFO,0
13336473_SWIOJTSM_RVFWPMSK_0_23,13336473_SWIOJTSM_RVFWPMSK_0,JWRARGWSGJZN,13336473_SWIOJTSM_RVFWPMSK_0_23,13336473_SWIOJTSM_RVFWPMSK_0,ULWGIXVZAPFO,0
13336473_SWIOJTSM_RVFWPMSK_0_24,13336473_SWIOJTSM_RVFWPMSK_0,JWRARGWSGJZN,13336473_SWIOJTSM_RVFWPMSK_0_24,13336473_SWIOJTSM_RVFWPMSK_0,ULWGIXVZAPFO,0
13336473_SWIOJTSM_RVFWPMSK_0_25,13336473_SWIOJTSM_RVFWPMSK_0,JWRARGWSGJZN,13336473_SWIOJTSM_RVFWPMSK_0_25,13336473_SWIOJTSM_RVFWPMSK_0,ULWGIXVZAPFO,0
13336473_SWIOJTSM_RVFWPMSK_0_26,13336473_SWIOJTSM_RVFWPMSK_0,JWRARGWSGJZN,13336473_SWIOJTSM_RVFWPMSK_0_26,13336473_SWIOJTSM_RVFWPMSK_0,ULWGIXVZAPFO,0
13336473_SWIOJTSM_RVFWPMSK_0_27,13336473_SWIOJTSM_RVFWPMSK_0,JWRARGWSGJZN,13336473_SWIOJTSM_RVFWPMSK_0_27,13336473_SWIOJTSM_RVFWPMSK_0,ULWGIXVZAPFO,0
13336473_SWIOJTSM_RVFWPMSK_0_28,13336473_SWIOJTSM_RVFWPMSK_0,JWRARGWSGJZN,13336473_SWIOJTSM_RVFWPMSK_0_28,13336473_SWIOJTSM_RVFWPMSK_0,ULWGIXVZAPFO,0
13336473_SWIOJTSM_RVFWPMSK_0_29,13336473_SWIOJTSM_RVFWPMSK_0,JWRARGWSGJZN,13336473_SWIOJTSM_RVFWPMSK_0_29,13336473_SWIOJTSM_RVFWPMSK_0,ULWGIXVZAPFO,0
13336473_SWIOJTSM_RVFWPMSK_0_30,13336473_SWIOJTSM_RVFWPMSK_0,JWRARGWSGJZN,13336473_SWIOJTSM_RVFWPMSK_0_30,13336473_SWIOJTSM_RVFWPMSK_0,ULWGIXVZAPFO,0
13336473_SWIOJTSM_RVFWPMSK_0_31,13336473_SWIOJTSM_RVFWPMSK_0,JWRARGWSGJZN,13336473_SWIOJTSM_RVFWPMSK_0_31,13336473_SWIOJTSM_RVFWPMSK_0,ULWGIXVZAPFO,0
13336473_SWIOJTSM_RVFWPMSK_0_32,13336473_SWIOJTSM_RVFWPMSK_0,JWRARGWSGJZN,13336473_SWIOJTSM_RVFWPMSK_0_32,13336473_SWIOJTSM_RVFWPMSK_0,ULWGIXVZAPFO,0
13336473_SWIOJTSM_RVFWPMSK_0_33,13336473_SWIOJTSM_RVFWPMSK_0,JWRARGWSGJZN,13336473_SWIOJTSM_RVFWPMSK_0_33,13336473_SWIOJTSM_RVFWPMSK_0,ULWGIXVZAPFO,0
13336473_SWIOJTSM_RVFWPMSK_0_34,13336473_SWIOJTSM_RVFWPMSK_0,JWRARGWSGJZN,13336473_SWIOJTSM_RVFWPMSK_0_34,13336473_SWIOJTSM_RVFWPMSK_0,ULWGIXVZAPFO,0
13336473_SWIOJTSM_RVFWPMSK_0_35,13336473_SWIOJTSM_RVFWPMSK_0,JWRARGWSGJZN,13336473_SWIOJTSM_RVFWPMSK_0_35,13336473_SWIOJTSM_RVFWPMSK_0,ULWGIXVZAPFO,0
13336473_SWIOJTSM_RVFWPMSK_0_36,13336473_SWIOJTSM_RVFWPMSK_0,JWRARGWSGJZN,13336473_SWIOJTSM_RVFWPMSK_0_36,13336473_SWIOJTSM_RVFWPMSK_0,ULWGIXVZAPFO,1
13336473_SWIOJTSM_RVFWPMSK_0_37,13336473_SWIOJTSM_RVFWPMSK_0,JWRARGWSGJZN,13336473_SWIOJTSM_RVFWPMSK_0_37,13336473_SWIOJTSM_RVFWPMSK_0,ULWGIXVZAPFO,1
13336473_SWIOJTSM_RVFWPMSK_0_38,13336473_SWIOJTSM_RVFWPMSK_0,JWRARGWSGJZN,13336473_SWIOJTSM_RVFWPMSK_0_38,13336473_SWIOJTSM_RVFWPMSK_0,ULWGIXVZAPFO,0
13336473_SWIOJTSM_RVFWPMSK_0_39,13336473_SWIOJTSM_RVFWPMSK_0,JWRARGWSGJZN,13336473_SWIOJTSM_RVFWPMSK_0_39,13336473_SWIOJTSM_RVFWPMSK_0,ULWGIXVZAPFO,0
13336473_SWIOJTSM_RVFWPMSK_0_40,13336473_SWIOJTSM_RVFWPMSK_0,JWRARGWSGJZN,13336473_SWIOJTSM_RVFWPMSK_0_40,13336473_SWIOJTSM_RVFWPMSK_0,ULWGIXVZAPFO,0
13336473_SWIOJTSM_RVFWPMSK_0_41,13336473_SWIOJTSM_RVFWPMSK_0,JWRARGWSGJZN,13336473_SWIOJTSM_RVFWPMSK_0_41,13336473_SWIOJTSM_RVFWPMSK_0,ULWGIXVZAPFO,0
13336473_SWIOJTSM_RVFWPMSK_0_42,13336473_SWIOJTSM_RVFWPMSK_0,JWRARGWSGJZN,13336473_SWIOJTSM_RVFWPMSK_0_42,13336473_SWIOJTSM_RVFWPMSK_0,ULWGIXVZAPFO,0
13336473_SWIOJTSM_RVFWPMSK_0_43,13336473_SWIOJTSM_RVFWPMSK_0,JWRARGWSGJZN,13336473_SWIOJTSM_RVFWPMSK_0_43,13336473_SWIOJTSM_RVFWPMSK_0,ULWGIXVZAPFO,0
13336473_SWIOJTSM_RVFWPMSK_0_44,13336473_SWIOJTSM_RVFWPMSK_0,JWRARGWSGJZN,13336473_SWIOJTSM_RVFWPMSK_0_44,13336473_SWIOJTSM_RVFWPMSK_0,ULWGIXVZAPFO,1
13336473_SWIOJTSM_RVFWPMSK_0_45,13336473_SWIOJTSM_RVFWPMSK_0,JWRARGWSGJZN,13336473_SWIOJTSM_RVFWPMSK_0_45,13336473_SWIOJTSM_RVFWPMSK_0,ULWGIXVZAPFO,0
13336473_SWIOJTSM_RVFWPMSK_0_46,13336473_SWIOJTSM_RVFWPMSK_0,JWRARGWSGJZN,13336473_SWIOJTSM_RVFWPMSK_0_46,13336473_SWIOJTSM_RVFWPMSK_0,ULWGIXVZAPFO,1
13336473_SWIOJTSM_RVFWPMSK_0_47,13336473_SWIOJTSM_RVFWPMSK_0,JWRARGWSGJZN,13336473_SWIOJTSM_RVFWPMSK_0_47,13336473_SWIOJTSM_RVFWPMSK_0,ULWGIXVZAPFO,0
13336473_SWIOJTSM_RVFWPMSK_0_48,13336473_SWIOJTSM_RVFWPMSK_0,JWRARGWSGJZN,13336473_SWIOJTSM_RVFWPMSK_0_48,13336473_SWIOJTSM_RVFWPMSK_0,ULWGIXVZAPFO,0
13336473_SWIOJTSM_RVFWPMSK_0_49,13336473_SWIOJTSM_RVFWPMSK_0,JWRARGWSGJZN,13336473_SWIOJTSM_RVFWPMSK_0_49,13336473_SWIOJTSM_RVFWPMSK_0,ULWGIXVZAPFO,0
13336473_SWIOJTSM_RVFWPMSK_0_50,13336473_SWIOJTSM_RVFWPMSK_0,JWRARGWSGJZN,13336473_SWIOJTSM_RVFWPMSK_0_50,13336473_SWIOJTSM_RVFWPMSK_0,ULWGIXVZAPFO,0
13336473_SWIOJTSM_RVFWPMSK_0_51,13336473_SWIOJTSM_RVFWPMSK_0,JWRARGWSGJZN,13336473_SWIOJTSM_RVFWPMSK_0_51,13336473_SWIOJTSM_RVFWPMSK_0,ULWGIXVZAPFO,0
13336473_SWIOJTSM_RVFWPMSK_0_52,13336473_SWIOJTSM_RVFWPMSK_0,JWRARGWSGJZN,13336473_SWIOJTSM_RVFWPMSK_0_52,13336473_SWIOJTSM_RVFWPMSK_0,ULWGIXVZAPFO,0
13336473_SWIOJTSM_RVFWPMSK_0_53,13336473_SWIOJTSM_RVFWPMSK_0,JWRARGWSGJZN,13336473_SWIOJTSM_RVFWPMSK_0_53,13336473_SWIOJTSM_RVFWPMSK_0,ULWGIXVZAPFO,0
13336473_SWIOJTSM_RVFWPMSK_0_54,13336473_SWIOJTSM_RVFWPMSK_0,JWRARGWSGJZN,13336473_SWIOJTSM_RVFWPMSK_0_54,13336473_SWIOJTSM_RVFWPMSK_0,ULWGIXVZAPFO,0
13336473_SWIOJTSM_RVFWPMSK_0_55,13336473_SWIOJTSM_RVFWPMSK_0,JWRARGWSGJZN,13336473_SWIOJTSM_RVFWPMSK_0_55,13336473_SWIOJTSM_RVFWPMSK_0,ULWGIXVZAPFO,0
13336473_SWIOJTSM_RVFWPMSK_0_56,13336473_SWIOJTSM_RVFWPMSK_0,JWRARGWSGJZN,13336473_SWIOJTSM_RVFWPMSK_0_56,13336473_SWIOJTSM_RVFWPMSK_0,ULWGIXVZAPFO,0
13336473_SWIOJTSM_RVFWPMSK_0_57,13336473_SWIOJTSM_RVFWPMSK_0,JWRARGWSGJZN,13336473_SWIOJTSM_RVFWPMSK_0_57,13336473_SWIOJTSM_RVFWPMSK_0,ULWGIXVZAPFO,0
13336473_SWIOJTSM_RVFWPMSK_0_58,13336473_SWIOJTSM_RVFWPMSK_0,JWRARGWSGJZN,13336473_SWIOJTSM_RVFWPMSK_0_58,13336473_SWIOJTSM_RVFWPMSK_0,ULWGIXVZAPFO,0
13336473_SWIOJTSM_RVFWPMSK_0_59,13336473_SWIOJTSM_RVFWPMSK_0,JWRARGWSGJZN,13336473_SWIOJTSM_RVFWPMSK_0_59,13336473_SWIOJTSM_RVFWPMSK_0,ULWGIXVZAPFO,0
13336473_SWIOJTSM_RVFWPMSK_0_60,13336473_SWIOJTSM_RVFWPMSK_0,JWRARGWSGJZN,13336473_SWIOJTSM_RVFWPMSK_0_60,13336473_SWIOJTSM_RVFWPMSK_0,ULWGIXVZAPFO,0
13336473_SWIOJTSM_RVFWPMSK_0_61,13336473_SWIOJTSM_RVFWPMSK_0,JWRARGWSGJZN,13336473_SWIOJTSM_RVFWPMSK_0_61,13336473_SWIOJTSM_RVFWPMSK_0,ULWGIXVZAPFO,0
13336473_SWIOJTSM_RVFWPMSK_0_62,13336473_SWIOJTSM_RVFWPMSK_0,JWRARGWSGJZN,13336473_SWIOJTSM_RVFWPMSK_0_62,13336473_SWIOJTSM_RVFWPMSK_0,ULWGIXVZAPFO,0
13336473_SWIOJTSM_RVFWPMSK_0_63,13336473_SWIOJTSM_RVFWPMSK_0,JWRARGWSGJZN,13336473_SWIOJTSM_RVFWPMSK_0_63,13336473_SWIOJTSM_RVFWPMSK_0,ULWGIXVZAPFO,0
13336473_SWIOJTSM_RVFWPMSK_0_64,13336473_SWIOJTSM_RVFWPMSK_0,JWRARGWSGJZN,13336473_SWIOJTSM_RVFWPMSK_0_64,13336473_SWIOJTSM_RVFWPMSK_0,ULWGIXVZAPFO,0
13336473_SWIOJTSM_RVFWPMSK_0_65,13336473_SWIOJTSM_RVFWPMSK_0,JWRARGWSGJZN,13336473_SWIOJTSM_RVFWPMSK_0_65,13336473_SWIOJTSM_RVFWPMSK_0,ULWGIXVZAPFO,0
13336473_SWIOJTSM_RVFWPMSK_0_66,13336473_SWIOJTSM_RVFWPMSK_0,JWRARGWSGJZN,13336473_SWIOJTSM_RVFWPMSK_0_66,13336473_SWIOJTSM_RVFWPMSK_0,ULWGIXVZAPFO,0
13336473_SWIOJTSM_RVFWPMSK_0_67,13336473_SWIOJTSM_RVFWPMSK_0,JWRARGWSGJZN,13336473_SWIOJTSM_RVFWPMSK_0_67,13336473_SWIOJTSM_RVFWPMSK_0,ULWGIXVZAPFO,0
13336473_SWIOJTSM_RVFWPMSK_0_68,13336473_SWIOJTSM_RVFWPMSK_0,JWRARGWSGJZN,13336473_SWIOJTSM_RVFWPMSK_0_68,13336473_SWIOJTSM_RVFWPMSK_0,ULWGIXVZAPFO,0
13336473_SWIOJTSM_RVFWPMSK_0_69,13336473_SWIOJTSM_RVFWPMSK_0,JWRARGWSGJZN,13336473_SWIOJTSM_RVFWPMSK_0_69,13336473_SWIOJTSM_RVFWPMSK_0,ULWGIXVZAPFO,0
13336473_SWIOJTSM_RVFWPMSK_0_70,13336473_SWIOJTSM_RVFWPMSK_0,JWRARGWSGJZN,13336473_SWIOJTSM_RVFWPMSK_0_70,13336473_SWIOJTSM_RVFWPMSK_0,ULWGIXVZAPFO,0
13336473_SWIOJTSM_RVFWPMSK_0_71,13336473_SWIOJTSM_RVFWPMSK_0,JWRARGWSGJZN,13336473_SWIOJTSM_RVFWPMSK_0_71,13336473_SWIOJTSM_RVFWPMSK_0,ULWGIXVZAPFO,0
13336473_SWIOJTSM_RVFWPMSK_0_72,13336473_SWIOJTSM_RVFWPMSK_0,JWRARGWSGJZN,13336473_SWIOJTSM_RVFWPMSK_0_72,13336473_SWIOJTSM_RVFWPMSK_0,ULWGIXVZAPFO,0
13336473_SWIOJTSM_RVFWPMSK_0_73,13336473_SWIOJTSM_RVFWPMSK_0,JWRARGWSGJZN,13336473_SWIOJTSM_RVFWPMSK_0_73,13336473_SWIOJTSM_RVFWPMSK_0,ULWGIXVZAPFO,0
13336473_SWIOJTSM_RVFWPMSK_0_74,13336473_SWIOJTSM_RVFWPMSK_0,JWRARGWSGJZN,13336473_SWIOJTSM_RVFWPMSK_0_74,13336473_SWIOJTSM_RVFWPMSK_0,ULWGIXVZAPFO,0
13336473_SWIOJTSM_RVFWPMSK_0_75,13336473_SWIOJTSM_RVFWPMSK_0,JWRARGWSGJZN,13336473_SWIOJTSM_RVFWPMSK_0_75,13336473_SWIOJTSM_RVFWPMSK_0,ULWGIXVZAPFO,0
44731344_SXKPVCFE_XLOLCGQM_0_0,44731344_SXKPVCFE_XLOLCGQM_0,FOPZUCAJROVY,44731344_SXKPVCFE_XLOLCGQM_0_0,44731344_SXKPVCFE_XLOLCGQM_0,LQQLRKCFNPPJ,0
44731344_SXKPVCFE_XLOLCGQM_0_0,44731344_SXKPVCFE_XLOLCGQM_0,FOPZUCAJROVY,44731344_SXKPVCFE_XLOLCGQM_0_0,44731344_SXKPVCFE_XLOLCGQM_0,CKMVQHUTCSSS,0
44731344_SXKPVCFE_XLOLCGQM_0_0,44731344_SXKPVCFE_XLOLCGQM_0,FOPZUCAJROVY,44731344_SXKPVCFE_XLOLCGQM_0_0,44731344_SXKPVCFE_XLOLCGQM_0,JOCUQRLPFDAQ,0
44731344_SXKPVCFE_XLOLCGQM_0_1,44731344_SXKPVCFE_XLOLCGQM_0,FOPZUCAJROVY,44731344_SXKPVCFE_XLOLCGQM_0_1,44731344_SXKPVCFE_XLOLCGQM_0,LQQLRKCFNPPJ,0
44731344_SXKPVCFE_XLOLCGQM_0_1,44731344_SXKPVCFE_XLOLCGQM_0,FOPZUCAJROVY,44731344_SXKPVCFE_XLOLCGQM_0_1,44731344_SXKPVCFE_XLOLCGQM_0,CKMVQHUTCSSS,0
44731344_SXKPVCFE_XLOLCGQM_0_1,44731344_SXKPVCFE_XLOLCGQM_0,FOPZUCAJROVY,44731344_SXKPVCFE_XLOLCGQM_0_1,44731344_SXKPVCFE_XLOLCGQM_0,JOCUQRLPFDAQ,0
44731344_SXKPVCFE_XLOLCGQM_0_2,44731344_SXKPVCFE_XLOLCGQM_0,FOPZUCAJROVY,44731344_SXKPVCFE_XLOLCGQM_0_2,44731344_SXKPVCFE_XLOLCGQM_0,LQQLRKCFNPPJ,0
44731344_SXKPVCFE_XLOLCGQM_0_2,44731344_SXKPVCFE_XLOLCGQM_0,FOPZUCAJROVY,44731344_SXKPVCFE_XLOLCGQM_0_2,44731344_SXKPVCFE_XLOLCGQM_0,CKMVQHUTCSSS,0
44731344_SXKPVCFE_XLOLCGQM_0_2,44731344_SXKPVCFE_XLOLCGQM_0,FOPZUCAJROVY,44731344_SXKPVCFE_XLOLCGQM_0_2,44731344_SXKPVCFE_XLOLCGQM_0,JOCUQRLPFDAQ,0
44731344_SXKPVCFE_XLOLCGQM_0_3,44731344_SXKPVCFE_XLOLCGQM_0,FOPZUCAJROVY,44731344_SXKPVCFE_XLOLCGQM_0_3,44731344_SXKPVCFE_XLOLCGQM_0,LQQLRKCFNPPJ,0
44731344_SXKPVCFE_XLOLCGQM_0_3,44731344_SXKPVCFE_XLOLCGQM_0,FOPZUCAJROVY,44731344_SXKPVCFE_XLOLCGQM_0_3,44731344_SXKPVCFE_XLOLCGQM_0,CKMVQHUTCSSS,1
44731344_SXKPVCFE_XLOLCGQM_0_3,44731344_SXKPVCFE_XLOLCGQM_0,FOPZUCAJROVY,44731344_SXKPVCFE_XLOLCGQM_0_3,44731344_SXKPVCFE_XLOLCGQM_0,JOCUQRLPFDAQ,1
44731344_SXKPVCFE_XLOLCGQM_0_4,44731344_SXKPVCFE_XLOLCGQM_0,FOPZUCAJROVY,44731344_SXKPVCFE_XLOLCGQM_0_4,44731344_SXKPVCFE_XLOLCGQM_0,LQQLRKCFNPPJ,0
44731344_SXKPVCFE_XLOLCGQM_0_4,44731344_SXKPVCFE_XLOLCGQM_0,FOPZUCAJROVY,44731344_SXKPVCFE_XLOLCGQM_0_4,44731344_SXKPVCFE_XLOLCGQM_0,CKMVQHUTCSSS,0
44731344_SXKPVCFE_XLOLCGQM_0_4,44731344_SXKPVCFE_XLOLCGQM_0,FOPZUCAJROVY,44731344_SXKPVCFE_XLOLCGQM_0_4,44731344_SXKPVCFE_XLOLCGQM_0,JOCUQRLPFDAQ,0
44731344_SXKPVCFE_XLOLCGQM_0_5,44731344_SXKPVCFE_XLOLCGQM_0,FOPZUCAJROVY,44731344_SXKPVCFE_XLOLCGQM_0_5,44731344_SXKPVCFE_XLOLCGQM_0,LQQLRKCFNPPJ,1
44731344_SXKPVCFE_XLOLCGQM_0_5,44731344_SXKPVCFE_XLOLCGQM_0,FOPZUCAJROVY,44731344_SXKPVCFE_XLOLCGQM_0_5,44731344_SXKPVCFE_XLOLCGQM_0,CKMVQHUTCSSS,0
44731344_SXKPVCFE_XLOLCGQM_0_5,44731344_SXKPVCFE_XLOLCGQM_0,FOPZUCAJROVY,44731344_SXKPVCFE_XLOLCGQM_0_5,44731344_SXKPVCFE_XLOLCGQM_0,JOCUQRLPFDAQ,0
44731344_SXKPVCFE_XLOLCGQM_0_6,44731344_SXKPVCFE_XLOLCGQM_0,FOPZUCAJROVY,44731344_SXKPVCFE_XLOLCGQM_0_6,44731344_SXKPVCFE_XLOLCGQM_0,LQQLRKCFNPPJ,0
44731344_SXKPVCFE_XLOLCGQM_0_6,44731344_SXKPVCFE_XLOLCGQM_0,FOPZUCAJROVY,44731344_SXKPVCFE_XLOLCGQM_0_6,44731344_SXKPVCFE_XLOLCGQM_0,CKMVQHUTCSSS,0
44731344_SXKPVCFE_XLOLCGQM_0_6,44731344_SXKPVCFE_XLOLCGQM_0,FOPZUCAJROVY,44731344_SXKPVCFE_XLOLCGQM_0_6,44731344_SXKPVCFE_XLOLCGQM_0,JOCUQRLPFDAQ,0
44731344_SXKPVCFE_XLOLCGQM_0_7,44731344_SXKPVCFE_XLOLCGQM_0,FOPZUCAJROVY,44731344_SXKPVCFE_XLOLCGQM_0_7,44731344_SXKPVCFE_XLOLCGQM_0,LQQLRKCFNPPJ,0
44731344_SXKPVCFE_XLOLCGQM_0_7,44731344_SXKPVCFE_XLOLCGQM_0,FOPZUCAJROVY,44731344_SXKPVCFE_XLOLCGQM_0_7,44731344_SXKPVCFE_XLOLCGQM_0,CKMVQHUTCSSS,0
44731344_SXKPVCFE_XLOLCGQM_0_7,44731344_SXKPVCFE_XLOLCGQM_0,FOPZUCAJROVY,44731344_SXKPVCFE_XLOLCGQM_0_7,44731344_SXKPVCFE_XLOLCGQM_0,JOCUQRLPFDAQ,0
44731344_SXKPVCFE_XLOLCGQM_0_8,44731344_SXKPVCFE_XLOLCGQM_0,FOPZUCAJROVY,44731344_SXKPVCFE_XLOLCGQM_0_8,44731344_SXKPVCFE_XLOLCGQM_0,LQQLRKCFNPPJ,0
44731344_SXKPVCFE_XLOLCGQM_0_8,44731344_SXKPVCFE_XLOLCGQM_0,FOPZUCAJROVY,44731344_SXKPVCFE_XLOLCGQM_0_8,44731344_SXKPVCFE_XLOLCGQM_0,CKMVQHUTCSSS,0
44731344_SXKPVCFE_XLOLCGQM_0_8,44731344_SXKPVCFE_XLOLCGQM_0,FOPZUCAJROVY,44731344_SXKPVCFE_XLOLCGQM_0_8,44731344_SXKPVCFE_XLOLCGQM_0,JOCUQRLPFDAQ,0
44731344_SXKPVCFE_XLOLCGQM_0_9,44731344_SXKPVCFE_XLOLCGQM_0,FOPZUCAJROVY,44731344_SXKPVCFE_XLOLCGQM_0_9,44731344_SXKPVCFE_XLOLCGQM_0,LQQLRKCFNPPJ,0
44731344_SXKPVCFE_XLOLCGQM_0_9,44731344_SXKPVCFE_XLOLCGQM_0,FOPZUCAJROVY,44731344_SXKPVCFE_XLOLCGQM_0_9,44731344_SXKPVCFE_XLOLCGQM_0,CKMVQHUTCSSS,0
44731344_SXKPVCFE_XLOLCGQM_0_9,44731344_SXKPVCFE_XLOLCGQM_0,FOPZUCAJROVY,44731344_SXKPVCFE_XLOLCGQM_0_9,44731344_SXKPVCFE_XLOLCGQM_0,JOCUQRLPFDAQ,0
44731344_SXKPVCFE_XLOLCGQM_0_10,44731344_SXKPVCFE_XLOLCGQM_0,FOPZUCAJROVY,44731344_SXKPVCFE_XLOLCGQM_0_10,44731344_SXKPVCFE_XLOLCGQM_0,LQQLRKCFNPPJ,0
44731344_SXKPVCFE_XLOLCGQM_0_10,44731344_SXKPVCFE_XLOLCGQM_0,FOPZUCAJROVY,44731344_SXKPVCFE_XLOLCGQM_0_10,44731344_SXKPVCFE_XLOLCGQM_0,CKMVQHUTCSSS,0
44731344_SXKPVCFE_XLOLCGQM_0_10,44731344_SXKPVCFE_XLOLCGQM_0,FOPZUCAJROVY,44731344_SXKPVCFE_XLOLCGQM_0_10,44731344_SXKPVCFE_XLOLCGQM_0,JOCUQRLPFDAQ,0
44731344_SXKPVCFE_XLOLCGQM_0_11,44731344_SXKPVCFE_XLOLCGQM_0,FOPZUCAJROVY,44731344_SXKPVCFE_XLOLCGQM_0_11,44731344_SXKPVCFE_XLOLCGQM_0,LQQLRKCFNPPJ,0
44731344_SXKPVCFE_XLOLCGQM_0_11,44731344_SXKPVCFE_XLOLCGQM_0,FOPZUCAJROVY,44731344_SXKPVCFE_XLOLCGQM_0_11,44731344_SXKPVCFE_XLOLCGQM_0,CKMVQHUTCSSS,0
44731344_SXKPVCFE_XLOLCGQM_0_11,44731344_SXKPVCFE_XLOLCGQM_0,FOPZUCAJROVY,44731344_SXKPVCFE_XLOLCGQM_0_11,44731344_SXKPVCFE_XLOLCGQM_0,JOCUQRLPFDAQ,0
44731344_SXKPVCFE_XLOLCGQM_0_12,44731344_SXKPVCFE_XLOLCGQM_0,FOPZUCAJROVY,44731344_SXKPVCFE_XLOLCGQM_0_12,44731344_SXKPVCFE_XLOLCGQM_0,LQQLRKCFNPPJ,0
44731344_SXKPVCFE_XLOLCGQM_0_12,44731344_SXKPVCFE_XLOLCGQM_0,FOPZUCAJROVY,44731344_SXKPVCFE_XLOLCGQM_0_12,44731344_SXKPVCFE_XLOLCGQM_0,CKMVQHUTCSSS,0
44731344_SXKPVCFE_XLOLCGQM_0_12,44731344_SXKPVCFE_XLOLCGQM_0,FOPZUCAJROVY,44731344_SXKPVCFE_XLOLCGQM_0_12,44731344_SXKPVCFE_XLOLCGQM_0,JOCUQRLPFDAQ,0
44731344_SXKPVCFE_XLOLCGQM_0_0,44731344_SXKPVCFE_XLOLCGQM_0,LQQLRKCFNPPJ,44731344_SXKPVCFE_XLOLCGQM_0_0,44731344_SXKPVCFE_XLOLCGQM_0,CKMVQHUTCSSS,0
44731344_SXKPVCFE_XLOLCGQM_0_0,44731344_SXKPVCFE_XLOLCGQM_0,LQQLRKCFNPPJ,44731344_SXKPVCFE_XLOLCGQM_0_0,44731344_SXKPVCFE_XLOLCGQM_0,JOCUQRLPFDAQ,0
44731344_SXKPVCFE_XLOLCGQM_0_1,44731344_SXKPVCFE_XLOLCGQM_0,LQQLRKCFNPPJ,44731344_SXKPVCFE_XLOLCGQM_0_1,44731344_SXKPVCFE_XLOLCGQM_0,CKMVQHUTCSSS,0
44731344_SXKPVCFE_XLOLCGQM_0_1,44731344_SXKPVCFE_XLOLCGQM_0,LQQLRKCFNPPJ,44731344_SXKPVCFE_XLOLCGQM_0_1,44731344_SXKPVCFE_XLOLCGQM_0,JOCUQRLPFDAQ,0
44731344_SXKPVCFE_XLOLCGQM_0_2,44731344_SXKPVCFE_XLOLCGQM_0,LQQLRKCFNPPJ,44731344_SXKPVCFE_XLOLCGQM_0_2,44731344_SXKPVCFE_XLOLCGQM_0,CKMVQHUTCSSS,0
44731344_SXKPVCFE_XLOLCGQM_0_2,44731344_SXKPVCFE_XLOLCGQM_0,LQQLRKCFNPPJ,44731344_SXKPVCFE_XLOLCGQM_0_2,44731344_SXKPVCFE_XLOLCGQM_0,JOCUQRLPFDAQ,0
44731344_SXKPVCFE_XLOLCGQM_0_3,44731344_SXKPVCFE_XLOLCGQM_0,LQQLRKCFNPPJ,44731344_SXKPVCFE_XLOLCGQM_0_3,44731344_SXKPVCFE_XLOLCGQM_0,CKMVQHUTCSSS,0
44731344_SXKPVCFE_XLOLCGQM_0_3,44731344_SXKPVCFE_XLOLCGQM_0,LQQLRKCFNPPJ,44731344_SXKPVCFE_XLOLCGQM_0_3,44731344_SXKPVCFE_XLOLCGQM_0,JOCUQRLPFDAQ,0
44731344_SXKPVCFE_XLOLCGQM_0_4,44731344_SXKPVCFE_XLOLCGQM_0,LQQLRKCFNPPJ,44731344_SXKPVCFE_XLOLCGQM_0_4,44731344_SXKPVCFE_XLOLCGQM_0,CKMVQHUTCSSS,0
44731344_SXKPVCFE_XLOLCGQM_0_4,44731344_SXKPVCFE_XLOLCGQM_0,LQQLRKCFNPPJ,44731344_SXKPVCFE_XLOLCGQM_0_4,44731344_SXKPVCFE_XLOLCGQM_0,JOCUQRLPFDAQ,0
44731344_SXKPVCFE_XLOLCGQM_0_5,44731344_SXKPVCFE_XLOLCGQM_0,LQQLRKCFNPPJ,44731344_SXKPVCFE_XLOLCGQM_0_5,44731344_SXKPVCFE_XLOLCGQM_0,CKMVQHUTCSSS,0
44731344_SXKPVCFE_XLOLCGQM_0_5,44731344_SXKPVCFE_XLOLCGQM_0,LQQLRKCFNPPJ,44731344_SXKPVCFE_XLOLCGQM_0_5,44731344_SXKPVCFE_XLOLCGQM_0,JOCUQRLPFDAQ,0
44731344_SXKPVCFE_XLOLCGQM_0_6,44731344_SXKPVCFE_XLOLCGQM_0,LQQLRKCFNPPJ,44731344_SXKPVCFE_XLOLCGQM_0_6,44731344_SXKPVCFE_XLOLCGQM_0,CKMVQHUTCSSS,0
44731344_SXKPVCFE_XLOLCGQM_0_6,44731344_SXKPVCFE_XLOLCGQM_0,LQQLRKCFNPPJ,44731344_SXKPVCFE_XLOLCGQM_0_6,44731344_SXKPVCFE_XLOLCGQM_0,JOCUQRLPFDAQ,0
44731344_SXKPVCFE_XLOLCGQM_0_7,44731344_SXKPVCFE_XLOLCGQM_0,LQQLRKCFNPPJ,44731344_SXKPVCFE_XLOLCGQM_0_7,44731344_SXKPVCFE_XLOLCGQM_0,CKMVQHUTCSSS,0
44731344_SXKPVCFE_XLOLCGQM_0_7,44731344_SXKPVCFE_XLOLCGQM_0,LQQLRKCFNPPJ,44731344_SXKPVCFE_XLOLCGQM_0_7,44731344_SXKPVCFE_XLOLCGQM_0,JOCUQRLPFDAQ,0
44731344_SXKPVCFE_XLOLCGQM_0_8,44731344_SXKPVCFE_XLOLCGQM_0,LQQLRKCFNPPJ,44731344_SXKPVCFE_XLOLCGQM_0_8,44731344_SXKPVCFE_XLOLCGQM_0,CKMVQHUTCSSS,0
44731344_SXKPVCFE_XLOLCGQM_0_8,44731344_SXKPVCFE_XLOLCGQM_0,LQQLRKCFNPPJ,44731344_SXKPVCFE_XLOLCGQM_0_8,44731344_SXKPVCFE_XLOLCGQM_0,JOCUQRLPFDAQ,0
44731344_SXKPVCFE_XLOLCGQM_0_9,44731344_SXKPVCFE_XLOLCGQM_0,LQQLRKCFNPPJ,44731344_SXKPVCFE_XLOLCGQM_0_9,44731344_SXKPVCFE_XLOLCGQM_0,CKMVQHUTCSSS,0
44731344_SXKPVCFE_XLOLCGQM_0_9,44731344_SXKPVCFE_XLOLCGQM_0,LQQLRKCFNPPJ,44731344_SXKPVCFE_XLOLCGQM_0_9,44731344_SXKPVCFE_XLOLCGQM_0,JOCUQRLPFDAQ,0
44731344_SXKPVCFE_XLOLCGQM_0_10,44731344_SXKPVCFE_XLOLCGQM_0,LQQLRKCFNPPJ,44731344_SXKPVCFE_XLOLCGQM_0_10,44731344_SXKPVCFE_XLOLCGQM_0,CKMVQHUTCSSS,0
44731344_SXKPVCFE_XLOLCGQM_0_10,44731344_SXKPVCFE_XLOLCGQM_0,LQQLRKCFNPPJ,44731344_SXKPVCFE_XLOLCGQM_0_10,44731344_SXKPVCFE_XLOLCGQM_0,JOCUQRLPFDAQ,0
44731344_SXKPVCFE_XLOLCGQM_0_11,44731344_SXKPVCFE_XLOLCGQM_0,LQQLRKCFNPPJ,44731344_SXKPVCFE_XLOLCGQM_0_11,44731344_SXKPVCFE_XLOLCGQM_0,CKMVQHUTCSSS,0
44731344_SXKPVCFE_XLOLCGQM_0_11,44731344_SXKPVCFE_XLOLCGQM_0,LQQLRKCFNPPJ,44731344_SXKPVCFE_XLOLCGQM_0_11,44731344_SXKPVCFE_XLOLCGQM_0,JOCUQRLPFDAQ,0
44731344_SXKPVCFE_XLOLCGQM_0_12,44731344_SXKPVCFE_XLOLCGQM_0,LQQLRKCFNPPJ,44731344_SXKPVCFE_XLOLCGQM_0_12,44731344_SXKPVCFE_XLOLCGQM_0,CKMVQHUTCSSS,0
44731344_SXKPVCFE_XLOLCGQM_0_12,44731344_SXKPVCFE_XLOLCGQM_0,LQQLRKCFNPPJ,44731344_SXKPVCFE_XLOLCGQM_0_12,44731344_SXKPVCFE_XLOLCGQM_0,JOCUQRLPFDAQ,0
44731344_SXKPVCFE_XLOLCGQM_0_0,44731344_SXKPVCFE_XLOLCGQM_0,CKMVQHUTCSSS,44731344_SXKPVCFE_XLOLCGQM_0_0,44731344_SXKPVCFE_XLOLCGQM_0,JOCUQRLPFDAQ,0
44731344_SXKPVCFE_XLOLCGQM_0_1,44731344_SXKPVCFE_XLOLCGQM_0,CKMVQHUTCSSS,44731344_SXKPVCFE_XLOLCGQM_0_1,44731344_SXKPVCFE_XLOLCGQM_0,JOCUQRLPFDAQ,0
44731344_SXKPVCFE_XLOLCGQM_0_2,44731344_SXKPVCFE_XLOLCGQM_0,CKMVQHUTCSSS,44731344_SXKPVCFE_XLOLCGQM_0_2,44731344_SXKPVCFE_XLOLCGQM_0,JOCUQRLPFDAQ,0
44731344_SXKPVCFE_XLOLCGQM_0_3,44731344_SXKPVCFE_XLOLCGQM_0,CKMVQHUTCSSS,44731344_SXKPVCFE_XLOLCGQM_0_3,44731344_SXKPVCFE_XLOLCGQM_0,JOCUQRLPFDAQ,0
44731344_SXKPVCFE_XLOLCGQM_0_4,44731344_SXKPVCFE_XLOLCGQM_0,CKMVQHUTCSSS,44731344_SXKPVCFE_XLOLCGQM_0_4,44731344_SXKPVCFE_XLOLCGQM_0,JOCUQRLPFDAQ,0
44731344_SXKPVCFE_XLOLCGQM_0_5,44731344_SXKPVCFE_XLOLCGQM_0,CKMVQHUTCSSS,44731344_SXKPVCFE_XLOLCGQM_0_5,44731344_SXKPVCFE_XLOLCGQM_0,JOCUQRLPFDAQ,0
44731344_SXKPVCFE_XLOLCGQM_0_6,44731344_SXKPVCFE_XLOLCGQM_0,CKMVQHUTCSSS,44731344_SXKPVCFE_XLOLCGQM_0_6,44731344_SXKPVCFE_XLOLCGQM_0,JOCUQRLPFDAQ,0
44731344_SXKPVCFE_XLOLCGQM_0_7,44731344_SXKPVCFE_XLOLCGQM_0,CKMVQHUTCSSS,44731344_SXKPVCFE_XLOLCGQM_0_7,44731344_SXKPVCFE_XLOLCGQM_0,JOCUQRLPFDAQ,0
44731344_SXKPVCFE_XLOLCGQM_0_8,44731344_SXKPVCFE_XLOLCGQM_0,CKMVQHUTCSSS,44731344_SXKPVCFE_XLOLCGQM_0_8,44731344_SXKPVCFE_XLOLCGQM_0,JOCUQRLPFDAQ,0
44731344_SXKPVCFE_XLOLCGQM_0_9,44731344_SXKPVCFE_XLOLCGQM_0,CKMVQHUTCSSS,44731344_SXKPVCFE_XLOLCGQM_0_9,44731344_SXKPVCFE_XLOLCGQM_0,JOCUQRLPFDAQ,0
44731344_SXKPVCFE_XLOLCGQM_0_10,44731344_SXKPVCFE_XLOLCGQM_0,CKMVQHUTCSSS,44731344_SXKPVCFE_XLOLCGQM_0_10,44731344_SXKPVCFE_XLOLCGQM_0,JOCUQRLPFDAQ,0
44731344_SXKPVCFE_XLOLCGQM_0_11,44731344_SXKPVCFE_XLOLCGQM_0,CKMVQHUTCSSS,44731344_SXKPVCFE_XLOLCGQM_0_11,44731344_SXKPVCFE_XLOLCGQM_0,JOCUQRLPFDAQ,0
44731344_SXKPVCFE_XLOLCGQM_0_12,44731344_SXKPVCFE_XLOLCGQM_0,CKMVQHUTCSSS,44731344_SXKPVCFE_XLOLCGQM_0_12,44731344_SXKPVCFE_XLOLCGQM_0,JOCUQRLPFDAQ,0
87821028_RWGIMNJG_DRXGSCTF_0_0,87821028_RWGIMNJG_DRXGSCTF_0,ZRNDTJVDRLTG,87821028_RWGIMNJG_DRXGSCTF_0_0,87821028_RWGIMNJG_DRXGSCTF_0,WTMKGTDPLTJV,1
87821028_RWGIMNJG_DRXGSCTF_0_1,87821028_RWGIMNJG_DRXGSCTF_0,ZRNDTJVDRLTG,87821028_RWGIMNJG_DRXGSCTF_0_1,87821028_RWGIMNJG_DRXGSCTF_0,WTMKGTDPLTJV,0
87821028_RWGIMNJG_DRXGSCTF_0_2,87821028_RWGIMNJG_DRXGSCTF_0,ZRNDTJVDRLTG,87821028_RWGIMNJG_DRXGSCTF_0_2,87821028_RWGIMNJG_DRXGSCTF_0,WTMKGTDPLTJV,0
87821028_RWGIMNJG_DRXGSCTF_0_3,87821028_RWGIMNJG_DRXGSCTF_0,ZRNDTJVDRLTG,87821028_RWGIMNJG_DRXGSCTF_0_3,87821028_RWGIMNJG_DRXGSCTF_0,WTMKGTDPLTJV,1
87821028_RWGIMNJG_DRXGSCTF_0_4,87821028_RWGIMNJG_DRXGSCTF_0,ZRNDTJVDRLTG,87821028_RWGIMNJG_DRXGSCTF_0_4,87821028_RWGIMNJG_DRXGSCTF_0,WTMKGTDPLTJV,0
87821028_RWGIMNJG_DRXGSCTF_0_5,87821028_RWGIMNJG_DRXGSCTF_0,ZRNDTJVDRLTG,87821028_RWGIMNJG_DRXGSCTF_0_5,87821028_RWGIMNJG_DRXGSCTF_0,WTMKGTDPLTJV,0
87821028_RWGIMNJG_DRXGSCTF_0_6,87821028_RWGIMNJG_DRXGSCTF_0,ZRNDTJVDRLTG,87821028_RWGIMNJG_DRXGSCTF_0_6,87821028_RWGIMNJG_DRXGSCTF_0,WTMKGTDPLTJV,0
72908348_LJNFLUMT_SXKPVCFE_0_0,72908348_LJNFLUMT_SXKPVCFE_0,HALUZXCPXETW,72908348_LJNFLUMT_SXKPVCFE_0_0,72908348_LJNFLUMT_SXKPVCFE_0,ONLTDHRXPTIR,0
72908348_LJNFLUMT_SXKPVCFE_0_1,72908348_LJNFLUMT_SXKPVCFE_0,HALUZXCPXETW,72908348_LJNFLUMT_SXKPVCFE_0_1,72908348_LJNFLUMT_SXKPVCFE_0,ONLTDHRXPTIR,0
72908348_LJNFLUMT_SXKPVCFE_0_2,72908348_LJNFLUMT_SXKPVCFE_0,HALUZXCPXETW,72908348_LJNFLUMT_SXKPVCFE_0_2,72908348_LJNFLUMT_SXKPVCFE_0,ONLTDHRXPTIR,0
72908348_LJNFLUMT_SXKPVCFE_0_3,72908348_LJNFLUMT_SXKPVCFE_0,HALUZXCPXETW,72908348_LJNFLUMT_SXKPVCFE_0_3,72908348_LJNFLUMT_SXKPVCFE_0,ONLTDHRXPTIR,0
72908348_LJNFLUMT_SXKPVCFE_0_4,72908348_LJNFLUMT_SXKPVCFE_0,HALUZXCPXETW,72908348_LJNFLUMT_SXKPVCFE_0_4,72908348_LJNFLUMT_SXKPVCFE_0,ONLTDHRXPTIR,0
72908348_LJNFLUMT_SXKPVCFE_0_5,72908348_LJNFLUMT_SXKPVCFE_0,HALUZXCPXETW,72908348_LJNFLUMT_SXKPVCFE_0_5,72908348_LJNFLUMT_SXKPVCFE_0,ONLTDHRXPTIR,0
72908348_LJNFLUMT_SXKPVCFE_0_6,72908348_LJNFLUMT_SXKPVCFE_0,HALUZXCPXETW,72908348_LJNFLUMT_SXKPVCFE_0_6,72908348_LJNFLUMT_SXKPVCFE_0,ONLTDHRXPTIR,0
72908348_LJNFLUMT_SXKPVCFE_0_7,72908348_LJNFLUMT_SXKPVCFE_0,HALUZXCPXETW,72908348_LJNFLUMT_SXKPVCFE_0_7,72908348_LJNFLUMT_SXKPVCFE_0,ONLTDHRXPTIR,0
72908348_LJNFLUMT_SXKPVCFE_0_8,72908348_LJNFLUMT_SXKPVCFE_0,HALUZXCPXETW,72908348_LJNFLUMT_SXKPVCFE_0_8,72908348_LJNFLUMT_SXKPVCFE_0,ONLTDHRXPTIR,0
72908348_LJNFLUMT_SXKPVCFE_0_9,72908348_LJNFLUMT_SXKPVCFE_0,HALUZXCPXETW,72908348_LJNFLUMT_SXKPVCFE_0_9,72908348_LJNFLUMT_SXKPVCFE_0,ONLTDHRXPTIR,0
72908348_LJNFLUMT_SXKPVCFE_0_10,72908348_LJNFLUMT_SXKPVCFE_0,HALUZXCPXETW,72908348_LJNFLUMT_SXKPVCFE_0_10,72908348_LJNFLUMT_SXKPVCFE_0,ONLTDHRXPTIR,0
72908348_LJNFLUMT_SXKPVCFE_0_11,72908348_LJNFLUMT_SXKPVCFE_0,HALUZXCPXETW,72908348_LJNFLUMT_SXKPVCFE_0_11,72908348_LJNFLUMT_SXKPVCFE_0,ONLTDHRXPTIR,0
72908348_LJNFLUMT_SXKPVCFE_0_12,72908348_LJNFLUMT_SXKPVCFE_0,HALUZXCPXETW,72908348_LJNFLUMT_SXKPVCFE_0_12,72908348_LJNFLUMT_SXKPVCFE_0,ONLTDHRXPTIR,1
72908348_LJNFLUMT_SXKPVCFE_0_13,72908348_LJNFLUMT_SXKPVCFE_0,HALUZXCPXETW,72908348_LJNFLUMT_SXKPVCFE_0_13,72908348_LJNFLUMT_SXKPVCFE_0,ONLTDHRXPTIR,0
72908348_LJNFLUMT_SXKPVCFE_0_14,72908348_LJNFLUMT_SXKPVCFE_0,HALUZXCPXETW,72908348_LJNFLUMT_SXKPVCFE_0_14,72908348_LJNFLUMT_SXKPVCFE_0,ONLTDHRXPTIR,0
72908348_LJNFLUMT_SXKPVCFE_0_15,72908348_LJNFLUMT_SXKPVCFE_0,HALUZXCPXETW,72908348_LJNFLUMT_SXKPVCFE_0_15,72908348_LJNFLUMT_SXKPVCFE_0,ONLTDHRXPTIR,0
72908348_LJNFLUMT_SXKPVCFE_0_16,72908348_LJNFLUMT_SXKPVCFE_0,HALUZXCPXETW,72908348_LJNFLUMT_SXKPVCFE_0_16,72908348_LJNFLUMT_SXKPVCFE_0,ONLTDHRXPTIR,0
72908348_LJNFLUMT_SXKPVCFE_0_17,72908348_LJNFLUMT_SXKPVCFE_0,HALUZXCPXETW,72908348_LJNFLUMT_SXKPVCFE_0_17,72908348_LJNFLUMT_SXKPVCFE_0,ONLTDHRXPTIR,0
72908348_LJNFLUMT_SXKPVCFE_0_18,72908348_LJNFLUMT_SXKPVCFE_0,HALUZXCPXETW,72908348_LJNFLUMT_SXKPVCFE_0_18,72908348_LJNFLUMT_SXKPVCFE_0,ONLTDHRXPTIR,0
72908348_LJNFLUMT_SXKPVCFE_0_19,72908348_LJNFLUMT_SXKPVCFE_0,HALUZXCPXETW,72908348_LJNFLUMT_SXKPVCFE_0_19,72908348_LJNFLUMT_SXKPVCFE_0,ONLTDHRXPTIR,1
72908348_LJNFLUMT_SXKPVCFE_0_20,72908348_LJNFLUMT_SXKPVCFE_0,HALUZXCPXETW,72908348_LJNFLUMT_SXKPVCFE_0_20,72908348_LJNFLUMT_SXKPVCFE_0,ONLTDHRXPTIR,0
72908348_LJNFLUMT_SXKPVCFE_0_21,72908348_LJNFLUMT_SXKPVCFE_0,HALUZXCPXETW,72908348_LJNFLUMT_SXKPVCFE_0_21,72908348_LJNFLUMT_SXKPVCFE_0,ONLTDHRXPTIR,0
72908348_LJNFLUMT_SXKPVCFE_0_22,72908348_LJNFLUMT_SXKPVCFE_0,HALUZXCPXETW,72908348_LJNFLUMT_SXKPVCFE_0_22,72908348_LJNFLUMT_SXKPVCFE_0,ONLTDHRXPTIR,0
72908348_LJNFLUMT_SXKPVCFE_0_23,72908348_LJNFLUMT_SXKPVCFE_0,HALUZXCPXETW,72908348_LJNFLUMT_SXKPVCFE_0_23,72908348_LJNFLUMT_SXKPVCFE_0,ONLTDHRXPTIR,0
72908348_LJNFLUMT_SXKPVCFE_0_24,72908348_LJNFLUMT_SXKPVCFE_0,HALUZXCPXETW,72908348_LJNFLUMT_SXKPVCFE_0_24,72908348_LJNFLUMT_SXKPVCFE_0,ONLTDHRXPTIR,0
72908348_LJNFLUMT_SXKPVCFE_0_25,72908348_LJNFLUMT_SXKPVCFE_0,HALUZXCPXETW,72908348_LJNFLUMT_SXKPVCFE_0_25,72908348_LJNFLUMT_SXKPVCFE_0,ONLTDHRXPTIR,1
72908348_LJNFLUMT_SXKPVCFE_0_26,72908348_LJNFLUMT_SXKPVCFE_0,HALUZXCPXETW,72908348_LJNFLUMT_SXKPVCFE_0_26,72908348_LJNFLUMT_SXKPVCFE_0,ONLTDHRXPTIR,1
72908348_LJNFLUMT_SXKPVCFE_0_27,72908348_LJNFLUMT_SXKPVCFE_0,HALUZXCPXETW,72908348_LJNFLUMT_SXKPVCFE_0_27,72908348_LJNFLUMT_SXKPVCFE_0,ONLTDHRXPTIR,0
72908348_LJNFLUMT_SXKPVCFE_0_28,72908348_LJNFLUMT_SXKPVCFE_0,HALUZXCPXETW,72908348_LJNFLUMT_SXKPVCFE_0_28,72908348_LJNFLUMT_SXKPVCFE_0,ONLTDHRXPTIR,1
72908348_LJNFLUMT_SXKPVCFE_0_29,72908348_LJNFLUMT_SXKPVCFE_0,HALUZXCPXETW,72908348_LJNFLUMT_SXKPVCFE_0_29,72908348_LJNFLUMT_SXKPVCFE_0,ONLTDHRXPTIR,1
72908348_LJNFLUMT_SXKPVCFE_0_30,72908348_LJNFLUMT_SXKPVCFE_0,HALUZXCPXETW,72908348_LJNFLUMT_SXKPVCFE_0_30,72908348_LJNFLUMT_SXKPVCFE_0,ONLTDHRXPTIR,0
72908348_LJNFLUMT_SXKPVCFE_0_31,72908348_LJNFLUMT_SXKPVCFE_0,HALUZXCPXETW,72908348_LJNFLUMT_SXKPVCFE_0_31,72908348_LJNFLUMT_SXKPVCFE_0,ONLTDHRXPTIR,0
72908348_LJNFLUMT_SXKPVCFE_0_32,72908348_LJNFLUMT_SXKPVCFE_0,HALUZXCPXETW,72908348_LJNFLUMT_SXKPVCFE_0_32,72908348_LJNFLUMT_SXKPVCFE_0,ONLTDHRXPTIR,0
72908348_LJNFLUMT_SXKPVCFE_0_33,72908348_LJNFLUMT_SXKPVCFE_0,HALUZXCPXETW,72908348_LJNFLUMT_SXKPVCFE_0_33,72908348_LJNFLUMT_SXKPVCFE_0,ONLTDHRXPTIR,0
72908348_LJNFLUMT_SXKPVCFE_0_34,72908348_LJNFLUMT_SXKPVCFE_0,HALUZXCPXETW,72908348_LJNFLUMT_SXKPVCFE_0_34,72908348_LJNFLUMT_SXKPVCFE_0,ONLTDHRXPTIR,0
72908348_LJNFLUMT_SXKPVCFE_0_35,72908348_LJNFLUMT_SXKPVCFE_0,HALUZXCPXETW,72908348_LJNFLUMT_SXKPVCFE_0_35,72908348_LJNFLUMT_SXKPVCFE_0,ONLTDHRXPTIR,1
72908348_LJNFLUMT_SXKPVCFE_0_36,72908348_LJNFLUMT_SXKPVCFE_0,HALUZXCPXETW,72908348_LJNFLUMT_SXKPVCFE_0_36,72908348_LJNFLUMT_SXKPVCFE_0,ONLTDHRXPTIR,1
72908348_LJNFLUMT_SXKPVCFE_0_37,72908348_LJNFLUMT_SXKPVCFE_0,HALUZXCPXETW,72908348_LJNFLUMT_SXKPVCFE_0_37,72908348_LJNFLUMT_SXKPVCFE_0,ONLTDHRXPTIR,0
72908348_LJNFLUMT_SXKPVCFE_0_38,72908348_LJNFLUMT_SXKPVCFE_0,HALUZXCPXETW,72908348_LJNFLUMT_SXKPVCFE_0_38,72908348_LJNFLUMT_SXKPVCFE_0,ONLTDHRXPTIR,0
72908348_LJNFLUMT_SXKPVCFE_0_39,72908348_LJNFLUMT_SXKPVCFE_0,HALUZXCPXETW,72908348_LJNFLUMT_SXKPVCFE_0_39,72908348_LJNFLUMT_SXKPVCFE_0,ONLTDHRXPTIR,0
72908348_LJNFLUMT_SXKPVCFE_0_40,72908348_LJNFLUMT_SXKPVCFE_0,HALUZXCPXETW,72908348_LJNFLUMT_SXKPVCFE_0_40,72908348_LJNFLUMT_SXKPVCFE_0,ONLTDHRXPTIR,0
72908348_LJNFLUMT_SXKPVCFE_0_41,72908348_LJNFLUMT_SXKPVCFE_0,HALUZXCPXETW,72908348_LJNFLUMT_SXKPVCFE_0_41,72908348_LJNFLUMT_SXKPVCFE_0,ONLTDHRXPTIR,0
72908348_LJNFLUMT_SXKPVCFE_0_42,72908348_LJNFLUMT_SXKPVCFE_0,HALUZXCPXETW,72908348_LJNFLUMT_SXKPVCFE_0_42,72908348_LJNFLUMT_SXKPVCFE_0,ONLTDHRXPTIR,0
72908348_LJNFLUMT_SXKPVCFE_0_43,72908348_LJNFLUMT_SXKPVCFE_0,HALUZXCPXETW,72908348_LJNFLUMT_SXKPVCFE_0_43,72908348_LJNFLUMT_SXKPVCFE_0,ONLTDHRXPTIR,0
72908348_LJNFLUMT_SXKPVCFE_0_44,72908348_LJNFLUMT_SXKPVCFE_0,HALUZXCPXETW,72908348_LJNFLUMT_SXKPVCFE_0_44,72908348_LJNFLUMT_SXKPVCFE_0,ONLTDHRXPTIR,0
72908348_LJNFLUMT_SXKPVCFE_0_45,72908348_LJNFLUMT_SXKPVCFE_0,HALUZXCPXETW,72908348_LJNFLUMT_SXKPVCFE_0_45,72908348_LJNFLUMT_SXKPVCFE_0,ONLTDHRXPTIR,0
72908348_LJNFLUMT_SXKPVCFE_0_46,72908348_LJNFLUMT_SXKPVCFE_0,HALUZXCPXETW,72908348_LJNFLUMT_SXKPVCFE_0_46,72908348_LJNFLUMT_SXKPVCFE_0,ONLTDHRXPTIR,0
72908348_LJNFLUMT_SXKPVCFE_0_47,72908348_LJNFLUMT_SXKPVCFE_0,HALUZXCPXETW,72908348_LJNFLUMT_SXKPVCFE_0_47,72908348_LJNFLUMT_SXKPVCFE_0,ONLTDHRXPTIR,0
72908348_LJNFLUMT_SXKPVCFE_0_48,72908348_LJNFLUMT_SXKPVCFE_0,HALUZXCPXETW,72908348_LJNFLUMT_SXKPVCFE_0_48,72908348_LJNFLUMT_SXKPVCFE_0,ONLTDHRXPTIR,0
72908348_LJNFLUMT_SXKPVCFE_0_49,72908348_LJNFLUMT_SXKPVCFE_0,HALUZXCPXETW,72908348_LJNFLUMT_SXKPVCFE_0_49,72908348_LJNFLUMT_SXKPVCFE_0,ONLTDHRXPTIR,0
72908348_LJNFLUMT_SXKPVCFE_0_50,72908348_LJNFLUMT_SXKPVCFE_0,HALUZXCPXETW,72908348_LJNFLUMT_SXKPVCFE_0_50,72908348_LJNFLUMT_SXKPVCFE_0,ONLTDHRXPTIR,0
72908348_LJNFLUMT_SXKPVCFE_0_51,72908348_LJNFLUMT_SXKPVCFE_0,HALUZXCPXETW,72908348_LJNFLUMT_SXKPVCFE_0_51,72908348_LJNFLUMT_SXKPVCFE_0,ONLTDHRXPTIR,1
72908348_LJNFLUMT_SXKPVCFE_0_52,72908348_LJNFLUMT_SXKPVCFE_0,HALUZXCPXETW,72908348_LJNFLUMT_SXKPVCFE_0_52,72908348_LJNFLUMT_SXKPVCFE_0,ONLTDHRXPTIR,0
72908348_LJNFLUMT_SXKPVCFE_0_53,72908348_LJNFLUMT_SXKPVCFE_0,HALUZXCPXETW,72908348_LJNFLUMT_SXKPVCFE_0_53,72908348_LJNFLUMT_SXKPVCFE_0,ONLTDHRXPTIR,0
72908348_LJNFLUMT_SXKPVCFE_0_54,72908348_LJNFLUMT_SXKPVCFE_0,HALUZXCPXETW,72908348_LJNFLUMT_SXKPVCFE_0_54,72908348_LJNFLUMT_SXKPVCFE_0,ONLTDHRXPTIR,0
72908348_LJNFLUMT_SXKPVCFE_0_55,72908348_LJNFLUMT_SXKPVCFE_0,HALUZXCPXETW,72908348_LJNFLUMT_SXKPVCFE_0_55,72908348_LJNFLUMT_SXKPVCFE_0,ONLTDHRXPTIR,0
72908348_LJNFLUMT_SXKPVCFE_0_56,72908348_LJNFLUMT_SXKPVCFE_0,HALUZXCPXETW,72908348_LJNFLUMT_SXKPVCFE_0_56,72908348_LJNFLUMT_SXKPVCFE_0,ONLTDHRXPTIR,0
72908348_LJNFLUMT_SXKPVCFE_0_57,72908348_LJNFLUMT_SXKPVCFE_0,HALUZXCPXETW,72908348_LJNFLUMT_SXKPVCFE_0_57,72908348_LJNFLUMT_SXKPVCFE_0,ONLTDHRXPTIR,0
72908348_LJNFLUMT_SXKPVCFE_0_58,72908348_LJNFLUMT_SXKPVCFE_0,HALUZXCPXETW,72908348_LJNFLUMT_SXKPVCFE_0_58,72908348_LJNFLUMT_SXKPVCFE_0,ONLTDHRXPTIR,0
72908348_LJNFLUMT_SXKPVCFE_0_59,72908348_LJNFLUMT_SXKPVCFE_0,HALUZXCPXETW,72908348_LJNFLUMT_SXKPVCFE_0_59,72908348_LJNFLUMT_SXKPVCFE_0,ONLTDHRXPTIR,0
72908348_LJNFLUMT_SXKPVCFE_0_60,72908348_LJNFLUMT_SXKPVCFE_0,HALUZXCPXETW,72908348_LJNFLUMT_SXKPVCFE_0_60,72908348_LJNFLUMT_SXKPVCFE_0,ONLTDHRXPTIR,0
72908348_LJNFLUMT_SXKPVCFE_0_61,72908348_LJNFLUMT_SXKPVCFE_0,HALUZXCPXETW,72908348_LJNFLUMT_SXKPVCFE_0_61,72908348_LJNFLUMT_SXKPVCFE_0,ONLTDHRXPTIR,0
72908348_LJNFLUMT_SXKPVCFE_0_62,72908348_LJNFLUMT_SXKPVCFE_0,HALUZXCPXETW,72908348_LJNFLUMT_SXKPVCFE_0_62,72908348_LJNFLUMT_SXKPVCFE_0,ONLTDHRXPTIR,0
72908348_LJNFLUMT_SXKPVCFE_0_63,72908348_LJNFLUMT_SXKPVCFE_0,HALUZXCPXETW,72908348_LJNFLUMT_SXKPVCFE_0_63,72908348_LJNFLUMT_SXKPVCFE_0,ONLTDHRXPTIR,0
72908348_LJNFLUMT_SXKPVCFE_0_64,72908348_LJNFLUMT_SXKPVCFE_0,HALUZXCPXETW,72908348_LJNFLUMT_SXKPVCFE_0_64,72908348_LJNFLUMT_SXKPVCFE_0,ONLTDHRXPTIR,0
72908348_LJNFLUMT_SXKPVCFE_0_65,72908348_LJNFLUMT_SXKPVCFE_0,HALUZXCPXETW,72908348_LJNFLUMT_SXKPVCFE_0_65,72908348_LJNFLUMT_SXKPVCFE_0,ONLTDHRXPTIR,0
72908348_LJNFLUMT_SXKPVCFE_0_66,72908348_LJNFLUMT_SXKPVCFE_0,HALUZXCPXETW,72908348_LJNFLUMT_SXKPVCFE_0_66,72908348_LJNFLUMT_SXKPVCFE_0,ONLTDHRXPTIR,0
72908348_LJNFLUMT_SXKPVCFE_0_67,72908348_LJNFLUMT_SXKPVCFE_0,HALUZXCPXETW,72908348_LJNFLUMT_SXKPVCFE_0_67,72908348_LJNFLUMT_SXKPVCFE_0,ONLTDHRXPTIR,0
72908348_LJNFLUMT_SXKPVCFE_0_68,72908348_LJNFLUMT_SXKPVCFE_0,HALUZXCPXETW,72908348_LJNFLUMT_SXKPVCFE_0_68,72908348_LJNFLUMT_SXKPVCFE_0,ONLTDHRXPTIR,0
72908348_LJNFLUMT_SXKPVCFE_0_69,72908348_LJNFLUMT_SXKPVCFE_0,HALUZXCPXETW,72908348_LJNFLUMT_SXKPVCFE_0_69,72908348_LJNFLUMT_SXKPVCFE_0,ONLTDHRXPTIR,0
72908348_LJNFLUMT_SXKPVCFE_0_70,72908348_LJNFLUMT_SXKPVCFE_0,HALUZXCPXETW,72908348_LJNFLUMT_SXKPVCFE_0_70,72908348_LJNFLUMT_SXKPVCFE_0,ONLTDHRXPTIR,0
72908348_LJNFLUMT_SXKPVCFE_0_71,72908348_LJNFLUMT_SXKPVCFE_0,HALUZXCPXETW,72908348_LJNFLUMT_SXKPVCFE_0_71,72908348_LJNFLUMT_SXKPVCFE_0,ONLTDHRXPTIR,0
72908348_LJNFLUMT_SXKPVCFE_0_72,72908348_LJNFLUMT_SXKPVCFE_0,HALUZXCPXETW,72908348_LJNFLUMT_SXKPVCFE_0_72,72908348_LJNFLUMT_SXKPVCFE_0,ONLTDHRXPTIR,0
72908348_LJNFLUMT_SXKPVCFE_0_73,72908348_LJNFLUMT_SXKPVCFE_0,HALUZXCPXETW,72908348_LJNFLUMT_SXKPVCFE_0_73,72908348_LJNFLUMT_SXKPVCFE_0,ONLTDHRXPTIR,1
72908348_LJNFLUMT_SXKPVCFE_0_74,72908348_LJNFLUMT_SXKPVCFE_0,HALUZXCPXETW,72908348_LJNFLUMT_SXKPVCFE_0_74,72908348_LJNFLUMT_SXKPVCFE_0,ONLTDHRXPTIR,1
72908348_LJNFLUMT_SXKPVCFE_0_75,72908348_LJNFLUMT_SXKPVCFE_0,HALUZXCPXETW,72908348_LJNFLUMT_SXKPVCFE_0_75,72908348_LJNFLUMT_SXKPVCFE_0,ONLTDHRXPTIR,0
72908348_LJNFLUMT_SXKPVCFE_0_76,72908348_LJNFLUMT_SXKPVCFE_0,HALUZXCPXETW,72908348_LJNFLUMT_SXKPVCFE_0_76,72908348_LJNFLUMT_SXKPVCFE_0,ONLTDHRXPTIR,0
72908348_LJNFLUMT_SXKPVCFE_0_77,72908348_LJNFLUMT_SXKPVCFE_0,HALUZXCPXETW,72908348_LJNFLUMT_SXKPVCFE_0_77,72908348_LJNFLUMT_SXKPVCFE_0,ONLTDHRXPTIR,0
72908348_LJNFLUMT_SXKPVCFE_0_78,72908348_LJNFLUMT_SXKPVCFE_0,HALUZXCPXETW,72908348_LJNFLUMT_SXKPVCFE_0_78,72908348_LJNFLUMT_SXKPVCFE_0,ONLTDHRXPTIR,0
72908348_LJNFLUMT_SXKPVCFE_0_79,72908348_LJNFLUMT_SXKPVCFE_0,HALUZXCPXETW,72908348_LJNFLUMT_SXKPVCFE_0_79,72908348_LJNFLUMT_SXKPVCFE_0,ONLTDHRXPTIR,0
72908348_LJNFLUMT_SXKPVCFE_0_80,72908348_LJNFLUMT_SXKPVCFE_0,HALUZXCPXETW,72908348_LJNFLUMT_SXKPVCFE_0_80,72908348_LJNFLUMT_SXKPVCFE_0,ONLTDHRXPTIR,0
72908348_LJNFLUMT_SXKPVCFE_0_81,72908348_LJNFLUMT_SXKPVCFE_0,HALUZXCPXETW,72908348_LJNFLUMT_SXKPVCFE_0_81,72908348_LJNFLUMT_SXKPVCFE_0,ONLTDHRXPTIR,0
72908348_LJNFLUMT_SXKPVCFE_0_82,72908348_LJNFLUMT_SXKPVCFE_0,HALUZXCPXETW,72908348_LJNFLUMT_SXKPVCFE_0_82,72908348_LJNFLUMT_SXKPVCFE_0,ONLTDHRXPTIR,0
72908348_LJNFLUMT_SXKPVCFE_0_83,72908348_LJNFLUMT_SXKPVCFE_0,HALUZXCPXETW,72908348_LJNFLUMT_SXKPVCFE_0_83,72908348_LJNFLUMT_SXKPVCFE_0,ONLTDHRXPTIR,0
72908348_LJNFLUMT_SXKPVCFE_0_84,72908348_LJNFLUMT_SXKPVCFE_0,HALUZXCPXETW,72908348_LJNFLUMT_SXKPVCFE_0_84,72908348_LJNFLUMT_SXKPVCFE_0,ONLTDHRXPTIR,0
72908348_LJNFLUMT_SXKPVCFE_0_85,72908348_LJNFLUMT_SXKPVCFE_0,HALUZXCPXETW,72908348_LJNFLUMT_SXKPVCFE_0_85,72908348_LJNFLUMT_SXKPVCFE_0,ONLTDHRXPTIR,1
72908348_LJNFLUMT_SXKPVCFE_0_86,72908348_LJNFLUMT_SXKPVCFE_0,HALUZXCPXETW,72908348_LJNFLUMT_SXKPVCFE_0_86,72908348_LJNFLUMT_SXKPVCFE_0,ONLTDHRXPTIR,0
72908348_LJNFLUMT_SXKPVCFE_0_87,72908348_LJNFLUMT_SXKPVCFE_0,HALUZXCPXETW,72908348_LJNFLUMT_SXKPVCFE_0_87,72908348_LJNFLUMT_SXKPVCFE_0,ONLTDHRXPTIR,0
72908348_LJNFLUMT_SXKPVCFE_0_88,72908348_LJNFLUMT_SXKPVCFE_0,HALUZXCPXETW,72908348_LJNFLUMT_SXKPVCFE_0_88,72908348_LJNFLUMT_SXKPVCFE_0,ONLTDHRXPTIR,0
72908348_LJNFLUMT_SXKPVCFE_0_89,72908348_LJNFLUMT_SXKPVCFE_0,HALUZXCPXETW,72908348_LJNFLUMT_SXKPVCFE_0_89,72908348_LJNFLUMT_SXKPVCFE_0,ONLTDHRXPTIR,0
72908348_LJNFLUMT_SXKPVCFE_0_90,72908348_LJNFLUMT_SXKPVCFE_0,HALUZXCPXETW,72908348_LJNFLUMT_SXKPVCFE_0_90,72908348_LJNFLUMT_SXKPVCFE_0,ONLTDHRXPTIR,0
72908348_LJNFLUMT_SXKPVCFE_0_91,72908348_LJNFLUMT_SXKPVCFE_0,HALUZXCPXETW,72908348_LJNFLUMT_SXKPVCFE_0_91,72908348_LJNFLUMT_SXKPVCFE_0,ONLTDHRXPTIR,0
72908348_LJNFLUMT_SXKPVCFE_0_92,72908348_LJNFLUMT_SXKPVCFE_0,HALUZXCPXETW,72908348_LJNFLUMT_SXKPVCFE_0_92,72908348_LJNFLUMT_SXKPVCFE_0,ONLTDHRXPTIR,0
14866993_BUTRLQEX_KUHPVHRW_0_0,14866993_BUTRLQEX_KUHPVHRW_0,JXBWMMYOUCIK,14866993_BUTRLQEX_KUHPVHRW_0_0,14866993_BUTRLQEX_KUHPVHRW_0,DRSLLHUYAKQV,0
14866993_BUTRLQEX_KUHPVHRW_0_1,14866993_BUTRLQEX_KUHPVHRW_0,JXBWMMYOUCIK,14866993_BUTRLQEX_KUHPVHRW_0_1,14866993_BUTRLQEX_KUHPVHRW_0,DRSLLHUYAKQV,0
14866993_BUTRLQEX_KUHPVHRW_0_2,14866993_BUTRLQEX_KUHPVHRW_0,JXBWMMYOUCIK,14866993_BUTRLQEX_KUHPVHRW_0_2,14866993_BUTRLQEX_KUHPVHRW_0,DRSLLHUYAKQV,0
14866993_BUTRLQEX_KUHPVHRW_0_3,14866993_BUTRLQEX_KUHPVHRW_0,JXBWMMYOUCIK,14866993_BUTRLQEX_KUHPVHRW_0_3,14866993_BUTRLQEX_KUHPVHRW_0,DRSLLHUYAKQV,0
14866993_BUTRLQEX_KUHPVHRW_0_4,14866993_BUTRLQEX_KUHPVHRW_0,JXBWMMYOUCIK,14866993_BUTRLQEX_KUHPVHRW_0_4,14866993_BUTRLQEX_KUHPVHRW_0,DRSLLHUYAKQV,0
14866993_BUTRLQEX_KUHPVHRW_0_5,14866993_BUTRLQEX_KUHPVHRW_0,JXBWMMYOUCIK,14866993_BUTRLQEX_KUHPVHRW_0_5,14866993_BUTRLQEX_KUHPVHRW_0,DRSLLHUYAKQV,0
14866993_BUTRLQEX_KUHPVHRW_0_6,14866993_BUTRLQEX_KUHPVHRW_0,JXBWMMYOUCIK,14866993_BUTRLQEX_KUHPVHRW_0_6,14866993_BUTRLQEX_KUHPVHRW_0,DRSLLHUYAKQV,0
14866993_BUTRLQEX_KUHPVHRW_0_7,14866993_BUTRLQEX_KUHPVHRW_0,JXBWMMYOUCIK,14866993_BUTRLQEX_KUHPVHRW_0_7,14866993_BUTRLQEX_KUHPVHRW_0,DRSLLHUYAKQV,0
14866993_BUTRLQEX_KUHPVHRW_0_8,14866993_BUTRLQEX_KUHPVHRW_0,JXBWMMYOUCIK,14866993_BUTRLQEX_KUHPVHRW_0_8,14866993_BUTRLQEX_KUHPVHRW_0,DRSLLHUYAKQV,1
14866993_BUTRLQEX_KUHPVHRW_0_9,14866993_BUTRLQEX_KUHPVHRW_0,JXBWMMYOUCIK,14866993_BUTRLQEX_KUHPVHRW_0_9,14866993_BUTRLQEX_KUHPVHRW_0,DRSLLHUYAKQV,0
14866993_BUTRLQEX_KUHPVHRW_0_10,14866993_BUTRLQEX_KUHPVHRW_0,JXBWMMYOUCIK,14866993_BUTRLQEX_KUHPVHRW_0_10,14866993_BUTRLQEX_KUHPVHRW_0,DRSLLHUYAKQV,0
14866993_BUTRLQEX_KUHPVHRW_0_11,14866993_BUTRLQEX_KUHPVHRW_0,JXBWMMYOUCIK,14866993_BUTRLQEX_KUHPVHRW_0_11,14866993_BUTRLQEX_KUHPVHRW_0,DRSLLHUYAKQV,0
14866993_BUTRLQEX_KUHPVHRW_0_12,14866993_BUTRLQEX_KUHPVHRW_0,JXBWMMYOUCIK,14866993_BUTRLQEX_KUHPVHRW_0_12,14866993_BUTRLQEX_KUHPVHRW_0,DRSLLHUYAKQV,0
14866993_BUTRLQEX_KUHPVHRW_0_13,14866993_BUTRLQEX_KUHPVHRW_0,JXBWMMYOUCIK,14866993_BUTRLQEX_KUHPVHRW_0_13,14866993_BUTRLQEX_KUHPVHRW_0,DRSLLHUYAKQV,0
14866993_BUTRLQEX_KUHPVHRW_0_14,14866993_BUTRLQEX_KUHPVHRW_0,JXBWMMYOUCIK,14866993_BUTRLQEX_KUHPVHRW_0_14,14866993_BUTRLQEX_KUHPVHRW_0,DRSLLHUYAKQV,0
14866993_BUTRLQEX_KUHPVHRW_0_15,14866993_BUTRLQEX_KUHPVHRW_0,JXBWMMYOUCIK,14866993_BUTRLQEX_KUHPVHRW_0_15,14866993_BUTRLQEX_KUHPVHRW_0,DRSLLHUYAKQV,0
14866993_BUTRLQEX_KUHPVHRW_0_16,14866993_BUTRLQEX_KUHPVHRW_0,JXBWMMYOUCIK,14866993_BUTRLQEX_KUHPVHRW_0_16,14866993_BUTRLQEX_KUHPVHRW_0,DRSLLHUYAKQV,0
14866993_BUTRLQEX_KUHPVHRW_0_17,14866993_BUTRLQEX_KUHPVHRW_0,JXBWMMYOUCIK,14866993_BUTRLQEX_KUHPVHRW_0_17,14866993_BUTRLQEX_KUHPVHRW_0,DRSLLHUYAKQV,0
14866993_BUTRLQEX_KUHPVHRW_0_18,14866993_BUTRLQEX_KUHPVHRW_0,JXBWMMYOUCIK,14866993_BUTRLQEX_KUHPVHRW_0_18,14866993_BUTRLQEX_KUHPVHRW_0,DRSLLHUYAKQV,0
14866993_BUTRLQEX_KUHPVHRW_0_19,14866993_BUTRLQEX_KUHPVHRW_0,JXBWMMYOUCIK,14866993_BUTRLQEX_KUHPVHRW_0_19,14866993_BUTRLQEX_KUHPVHRW_0,DRSLLHUYAKQV,0
14866993_BUTRLQEX_KUHPVHRW_0_20,14866993_BUTRLQEX_KUHPVHRW_0,JXBWMMYOUCIK,14866993_BUTRLQEX_KUHPVHRW_0_20,14866993_BUTRLQEX_KUHPVHRW_0,DRSLLHUYAKQV,1
14866993_BUTRLQEX_KUHPVHRW_0_21,14866993_BUTRLQEX_KUHPVHRW_0,JXBWMMYOUCIK,14866993_BUTRLQEX_KUHPVHRW_0_21,14866993_BUTRLQEX_KUHPVHRW_0,DRSLLHUYAKQV,1
14866993_BUTRLQEX_KUHPVHRW_0_22,14866993_BUTRLQEX_KUHPVHRW_0,JXBWMMYOUCIK,14866993_BUTRLQEX_KUHPVHRW_0_22,14866993_BUTRLQEX_KUHPVHRW_0,DRSLLHUYAKQV,0
14866993_BUTRLQEX_KUHPVHRW_0_23,14866993_BUTRLQEX_KUHPVHRW_0,JXBWMMYOUCIK,14866993_BUTRLQEX_KUHPVHRW_0_23,14866993_BUTRLQEX_KUHPVHRW_0,DRSLLHUYAKQV,0
14866993_BUTRLQEX_KUHPVHRW_0_24,14866993_BUTRLQEX_KUHPVHRW_0,JXBWMMYOUCIK,14866993_BUTRLQEX_KUHPVHRW_0_24,14866993_BUTRLQEX_KUHPVHRW_0,DRSLLHUYAKQV,0
14866993_BUTRLQEX_KUHPVHRW_0_25,14866993_BUTRLQEX_KUHPVHRW_0,JXBWMMYOUCIK,14866993_BUTRLQEX_KUHPVHRW_0_25,14866993_BUTRLQEX_KUHPVHRW_0,DRSLLHUYAKQV,0
14866993_BUTRLQEX_KUHPVHRW_0_26,14866993_BUTRLQEX_KUHPVHRW_0,JXBWMMYOUCIK,14866993_BUTRLQEX_KUHPVHRW_0_26,14866993_BUTRLQEX_KUHPVHRW_0,DRSLLHUYAKQV,0
14866993_BUTRLQEX_KUHPVHRW_0_27,14866993_BUTRLQEX_KUHPVHRW_0,JXBWMMYOUCIK,14866993_BUTRLQEX_KUHPVHRW_0_27,14866993_BUTRLQEX_KUHPVHRW_0,DRSLLHUYAKQV,0
14866993_BUTRLQEX_KUHPVHRW_0_28,14866993_BUTRLQEX_KUHPVHRW_0,JXBWMMYOUCIK,14866993_BUTRLQEX_KUHPVHRW_0_28,14866993_BUTRLQEX_KUHPVHRW_0,DRSLLHUYAKQV,0
14866993_BUTRLQEX_KUHPVHRW_0_29,14866993_BUTRLQEX_KUHPVHRW_0,JXBWMMYOUCIK,14866993_BUTRLQEX_KUHPVHRW_0_29,14866993_BUTRLQEX_KUHPVHRW_0,DRSLLHUYAKQV,0
14866993_BUTRLQEX_KUHPVHRW_0_30,14866993_BUTRLQEX_KUHPVHRW_0,JXBWMMYOUCIK,14866993_BUTRLQEX_KUHPVHRW_0_30,14866993_BUTRLQEX_KUHPVHRW_0,DRSLLHUYAKQV,0
14866993_ERHJXOIL_MYHFUROV_0_0,14866993_ERHJXOIL_MYHFUROV_0,JXBWMMYOUCIK,14866993_ERHJXOIL_MYHFUROV_0_0,14866993_ERHJXOIL_MYHFUROV_0,DRSLLHUYAKQV,1
14866993_ERHJXOIL_MYHFUROV_0_1,14866993_ERHJXOIL_MYHFUROV_0,JXBWMMYOUCIK,14866993_ERHJXOIL_MYHFUROV_0_1,14866993_ERHJXOIL_MYHFUROV_0,DRSLLHUYAKQV,0
14866993_ERHJXOIL_MYHFUROV_0_2,14866993_ERHJXOIL_MYHFUROV_0,JXBWMMYOUCIK,14866993_ERHJXOIL_MYHFUROV_0_2,14866993_ERHJXOIL_MYHFUROV_0,DRSLLHUYAKQV,0
14866993_ERHJXOIL_MYHFUROV_0_3,14866993_ERHJXOIL_MYHFUROV_0,JXBWMMYOUCIK,14866993_ERHJXOIL_MYHFUROV_0_3,14866993_ERHJXOIL_MYHFUROV_0,DRSLLHUYAKQV,0
14866993_ERHJXOIL_MYHFUROV_0_4,14866993_ERHJXOIL_MYHFUROV_0,JXBWMMYOUCIK,14866993_ERHJXOIL_MYHFUROV_0_4,14866993_ERHJXOIL_MYHFUROV_0,DRSLLHUYAKQV,0
14866993_ERHJXOIL_MYHFUROV_0_5,14866993_ERHJXOIL_MYHFUROV_0,JXBWMMYOUCIK,14866993_ERHJXOIL_MYHFUROV_0_5,14866993_ERHJXOIL_MYHFUROV_0,DRSLLHUYAKQV,0
14866993_ERHJXOIL_MYHFUROV_0_6,14866993_ERHJXOIL_MYHFUROV_0,JXBWMMYOUCIK,14866993_ERHJXOIL_MYHFUROV_0_6,14866993_ERHJXOIL_MYHFUROV_0,DRSLLHUYAKQV,0
14866993_ERHJXOIL_MYHFUROV_0_7,14866993_ERHJXOIL_MYHFUROV_0,JXBWMMYOUCIK,14866993_ERHJXOIL_MYHFUROV_0_7,14866993_ERHJXOIL_MYHFUROV_0,DRSLLHUYAKQV,0
14866993_ERHJXOIL_MYHFUROV_0_8,14866993_ERHJXOIL_MYHFUROV_0,JXBWMMYOUCIK,14866993_ERHJXOIL_MYHFUROV_0_8,14866993_ERHJXOIL_MYHFUROV_0,DRSLLHUYAKQV,1
14866993_ERHJXOIL_MYHFUROV_0_9,14866993_ERHJXOIL_MYHFUROV_0,JXBWMMYOUCIK,14866993_ERHJXOIL_MYHFUROV_0_9,14866993_ERHJXOIL_MYHFUROV_0,DRSLLHUYAKQV,0
14866993_ERHJXOIL_MYHFUROV_0_10,14866993_ERHJXOIL_MYHFUROV_0,JXBWMMYOUCIK,14866993_ERHJXOIL_MYHFUROV_0_10,14866993_ERHJXOIL_MYHFUROV_0,DRSLLHUYAKQV,0
14866993_ERHJXOIL_MYHFUROV_0_11,14866993_ERHJXOIL_MYHFUROV_0,JXBWMMYOUCIK,14866993_ERHJXOIL_MYHFUROV_0_11,14866993_ERHJXOIL_MYHFUROV_0,DRSLLHUYAKQV,0
14866993_ERHJXOIL_MYHFUROV_0_12,14866993_ERHJXOIL_MYHFUROV_0,JXBWMMYOUCIK,14866993_ERHJXOIL_MYHFUROV_0_12,14866993_ERHJXOIL_MYHFUROV_0,DRSLLHUYAKQV,0
14866993_ERHJXOIL_MYHFUROV_0_13,14866993_ERHJXOIL_MYHFUROV_0,JXBWMMYOUCIK,14866993_ERHJXOIL_MYHFUROV_0_13,14866993_ERHJXOIL_MYHFUROV_0,DRSLLHUYAKQV,0
14866993_ERHJXOIL_MYHFUROV_0_14,14866993_ERHJXOIL_MYHFUROV_0,JXBWMMYOUCIK,14866993_ERHJXOIL_MYHFUROV_0_14,14866993_ERHJXOIL_MYHFUROV_0,DRSLLHUYAKQV,0
14866993_ERHJXOIL_MYHFUROV_0_15,14866993_ERHJXOIL_MYHFUROV_0,JXBWMMYOUCIK,14866993_ERHJXOIL_MYHFUROV_0_15,14866993_ERHJXOIL_MYHFUROV_0,DRSLLHUYAKQV,0
14866993_ERHJXOIL_MYHFUROV_0_16,14866993_ERHJXOIL_MYHFUROV_0,JXBWMMYOUCIK,14866993_ERHJXOIL_MYHFUROV_0_16,14866993_ERHJXOIL_MYHFUROV_0,DRSLLHUYAKQV,0
14866993_ERHJXOIL_MYHFUROV_0_17,14866993_ERHJXOIL_MYHFUROV_0,JXBWMMYOUCIK,14866993_ERHJXOIL_MYHFUROV_0_17,14866993_ERHJXOIL_MYHFUROV_0,DRSLLHUYAKQV,0
14866993_ERHJXOIL_MYHFUROV_0_18,14866993_ERHJXOIL_MYHFUROV_0,JXBWMMYOUCIK,14866993_ERHJXOIL_MYHFUROV_0_18,14866993_ERHJXOIL_MYHFUROV_0,DRSLLHUYAKQV,0
14866993_ERHJXOIL_MYHFUROV_0_19,14866993_ERHJXOIL_MYHFUROV_0,JXBWMMYOUCIK,14866993_ERHJXOIL_MYHFUROV_0_19,14866993_ERHJXOIL_MYHFUROV_0,DRSLLHUYAKQV,0
14866993_ERHJXOIL_MYHFUROV_0_20,14866993_ERHJXOIL_MYHFUROV_0,JXBWMMYOUCIK,14866993_ERHJXOIL_MYHFUROV_0_20,14866993_ERHJXOIL_MYHFUROV_0,DRSLLHUYAKQV,0
14866993_ERHJXOIL_MYHFUROV_0_21,14866993_ERHJXOIL_MYHFUROV_0,JXBWMMYOUCIK,14866993_ERHJXOIL_MYHFUROV_0_21,14866993_ERHJXOIL_MYHFUROV_0,DRSLLHUYAKQV,0
14866993_ERHJXOIL_MYHFUROV_0_22,14866993_ERHJXOIL_MYHFUROV_0,JXBWMMYOUCIK,14866993_ERHJXOIL_MYHFUROV_0_22,14866993_ERHJXOIL_MYHFUROV_0,DRSLLHUYAKQV,0
14866993_ERHJXOIL_MYHFUROV_0_23,14866993_ERHJXOIL_MYHFUROV_0,JXBWMMYOUCIK,14866993_ERHJXOIL_MYHFUROV_0_23,14866993_ERHJXOIL_MYHFUROV_0,DRSLLHUYAKQV,0
14866993_ERHJXOIL_MYHFUROV_0_24,14866993_ERHJXOIL_MYHFUROV_0,JXBWMMYOUCIK,14866993_ERHJXOIL_MYHFUROV_0_24,14866993_ERHJXOIL_MYHFUROV_0,DRSLLHUYAKQV,0
14866993_ERHJXOIL_MYHFUROV_0_25,14866993_ERHJXOIL_MYHFUROV_0,JXBWMMYOUCIK,14866993_ERHJXOIL_MYHFUROV_0_25,14866993_ERHJXOIL_MYHFUROV_0,DRSLLHUYAKQV,0
14866993_ERHJXOIL_MYHFUROV_0_26,14866993_ERHJXOIL_MYHFUROV_0,JXBWMMYOUCIK,14866993_ERHJXOIL_MYHFUROV_0_26,14866993_ERHJXOIL_MYHFUROV_0,DRSLLHUYAKQV,0
14866993_ERHJXOIL_MYHFUROV_0_27,14866993_ERHJXOIL_MYHFUROV_0,JXBWMMYOUCIK,14866993_ERHJXOIL_MYHFUROV_0_27,14866993_ERHJXOIL_MYHFUROV_0,DRSLLHUYAKQV,0
14866993_ERHJXOIL_MYHFUROV_0_28,14866993_ERHJXOIL_MYHFUROV_0,JXBWMMYOUCIK,14866993_ERHJXOIL_MYHFUROV_0_28,14866993_ERHJXOIL_MYHFUROV_0,DRSLLHUYAKQV,0
14866993_ERHJXOIL_MYHFUROV_0_29,14866993_ERHJXOIL_MYHFUROV_0,JXBWMMYOUCIK,14866993_ERHJXOIL_MYHFUROV_0_29,14866993_ERHJXOIL_MYHFUROV_0,DRSLLHUYAKQV,0
14866993_ERHJXOIL_MYHFUROV_0_30,14866993_ERHJXOIL_MYHFUROV_0,JXBWMMYOUCIK,14866993_ERHJXOIL_MYHFUROV_0_30,14866993_ERHJXOIL_MYHFUROV_0,DRSLLHUYAKQV,0
14866993_ERHJXOIL_MYHFUROV_0_31,14866993_ERHJXOIL_MYHFUROV_0,JXBWMMYOUCIK,14866993_ERHJXOIL_MYHFUROV_0_31,14866993_ERHJXOIL_MYHFUROV_0,DRSLLHUYAKQV,0
14866993_ERHJXOIL_MYHFUROV_0_32,14866993_ERHJXOIL_MYHFUROV_0,JXBWMMYOUCIK,14866993_ERHJXOIL_MYHFUROV_0_32,14866993_ERHJXOIL_MYHFUROV_0,DRSLLHUYAKQV,0
14866993_ERHJXOIL_MYHFUROV_0_33,14866993_ERHJXOIL_MYHFUROV_0,JXBWMMYOUCIK,14866993_ERHJXOIL_MYHFUROV_0_33,14866993_ERHJXOIL_MYHFUROV_0,DRSLLHUYAKQV,0
14866993_ERHJXOIL_MYHFUROV_0_34,14866993_ERHJXOIL_MYHFUROV_0,JXBWMMYOUCIK,14866993_ERHJXOIL_MYHFUROV_0_34,14866993_ERHJXOIL_MYHFUROV_0,DRSLLHUYAKQV,0
14866993_ERHJXOIL_MYHFUROV_0_35,14866993_ERHJXOIL_MYHFUROV_0,JXBWMMYOUCIK,14866993_ERHJXOIL_MYHFUROV_0_35,14866993_ERHJXOIL_MYHFUROV_0,DRSLLHUYAKQV,0
14866993_ERHJXOIL_MYHFUROV_0_36,14866993_ERHJXOIL_MYHFUROV_0,JXBWMMYOUCIK,14866993_ERHJXOIL_MYHFUROV_0_36,14866993_ERHJXOIL_MYHFUROV_0,DRSLLHUYAKQV,0
14866993_ERHJXOIL_MYHFUROV_0_37,14866993_ERHJXOIL_MYHFUROV_0,JXBWMMYOUCIK,14866993_ERHJXOIL_MYHFUROV_0_37,14866993_ERHJXOIL_MYHFUROV_0,DRSLLHUYAKQV,0
14866993_ERHJXOIL_MYHFUROV_0_38,14866993_ERHJXOIL_MYHFUROV_0,JXBWMMYOUCIK,14866993_ERHJXOIL_MYHFUROV_0_38,14866993_ERHJXOIL_MYHFUROV_0,DRSLLHUYAKQV,0
14866993_ERHJXOIL_MYHFUROV_0_39,14866993_ERHJXOIL_MYHFUROV_0,JXBWMMYOUCIK,14866993_ERHJXOIL_MYHFUROV_0_39,14866993_ERHJXOIL_MYHFUROV_0,DRSLLHUYAKQV,0
14866993_ERHJXOIL_MYHFUROV_0_40,14866993_ERHJXOIL_MYHFUROV_0,JXBWMMYOUCIK,14866993_ERHJXOIL_MYHFUROV_0_40,14866993_ERHJXOIL_MYHFUROV_0,DRSLLHUYAKQV,0
14866993_ERHJXOIL_MYHFUROV_0_41,14866993_ERHJXOIL_MYHFUROV_0,JXBWMMYOUCIK,14866993_ERHJXOIL_MYHFUROV_0_41,14866993_ERHJXOIL_MYHFUROV_0,DRSLLHUYAKQV,0
14866993_ERHJXOIL_MYHFUROV_0_42,14866993_ERHJXOIL_MYHFUROV_0,JXBWMMYOUCIK,14866993_ERHJXOIL_MYHFUROV_0_42,14866993_ERHJXOIL_MYHFUROV_0,DRSLLHUYAKQV,0
14866993_ERHJXOIL_MYHFUROV_0_43,14866993_ERHJXOIL_MYHFUROV_0,JXBWMMYOUCIK,14866993_ERHJXOIL_MYHFUROV_0_43,14866993_ERHJXOIL_MYHFUROV_0,DRSLLHUYAKQV,0
14866993_ERHJXOIL_MYHFUROV_0_44,14866993_ERHJXOIL_MYHFUROV_0,JXBWMMYOUCIK,14866993_ERHJXOIL_MYHFUROV_0_44,14866993_ERHJXOIL_MYHFUROV_0,DRSLLHUYAKQV,0
14866993_ERHJXOIL_MYHFUROV_0_45,14866993_ERHJXOIL_MYHFUROV_0,JXBWMMYOUCIK,14866993_ERHJXOIL_MYHFUROV_0_45,14866993_ERHJXOIL_MYHFUROV_0,DRSLLHUYAKQV,0
14866993_ERHJXOIL_MYHFUROV_0_46,14866993_ERHJXOIL_MYHFUROV_0,JXBWMMYOUCIK,14866993_ERHJXOIL_MYHFUROV_0_46,14866993_ERHJXOIL_MYHFUROV_0,DRSLLHUYAKQV,0
14866993_ERHJXOIL_MYHFUROV_0_47,14866993_ERHJXOIL_MYHFUROV_0,JXBWMMYOUCIK,14866993_ERHJXOIL_MYHFUROV_0_47,14866993_ERHJXOIL_MYHFUROV_0,DRSLLHUYAKQV,0
14866993_ERHJXOIL_MYHFUROV_0_48,14866993_ERHJXOIL_MYHFUROV_0,JXBWMMYOUCIK,14866993_ERHJXOIL_MYHFUROV_0_48,14866993_ERHJXOIL_MYHFUROV_0,DRSLLHUYAKQV,0
14866993_ERHJXOIL_MYHFUROV_0_49,14866993_ERHJXOIL_MYHFUROV_0,JXBWMMYOUCIK,14866993_ERHJXOIL_MYHFUROV_0_49,14866993_ERHJXOIL_MYHFUROV_0,DRSLLHUYAKQV,0
14866993_ERHJXOIL_MYHFUROV_0_50,14866993_ERHJXOIL_MYHFUROV_0,JXBWMMYOUCIK,14866993_ERHJXOIL_MYHFUROV_0_50,14866993_ERHJXOIL_MYHFUROV_0,DRSLLHUYAKQV,0
14866993_ACGWBSOA_ISUHMPLZ_0_0,14866993_ACGWBSOA_ISUHMPLZ_0,JXBWMMYOUCIK,14866993_ACGWBSOA_ISUHMPLZ_0_0,14866993_ACGWBSOA_ISUHMPLZ_0,DRSLLHUYAKQV,0
14866993_ACGWBSOA_ISUHMPLZ_0_1,14866993_ACGWBSOA_ISUHMPLZ_0,JXBWMMYOUCIK,14866993_ACGWBSOA_ISUHMPLZ_0_1,14866993_ACGWBSOA_ISUHMPLZ_0,DRSLLHUYAKQV,0
14866993_ACGWBSOA_ISUHMPLZ_0_2,14866993_ACGWBSOA_ISUHMPLZ_0,JXBWMMYOUCIK,14866993_ACGWBSOA_ISUHMPLZ_0_2,14866993_ACGWBSOA_ISUHMPLZ_0,DRSLLHUYAKQV,0
14866993_ACGWBSOA_ISUHMPLZ_0_3,14866993_ACGWBSOA_ISUHMPLZ_0,JXBWMMYOUCIK,14866993_ACGWBSOA_ISUHMPLZ_0_3,14866993_ACGWBSOA_ISUHMPLZ_0,DRSLLHUYAKQV,0
14866993_ACGWBSOA_ISUHMPLZ_0_4,14866993_ACGWBSOA_ISUHMPLZ_0,JXBWMMYOUCIK,14866993_ACGWBSOA_ISUHMPLZ_0_4,14866993_ACGWBSOA_ISUHMPLZ_0,DRSLLHUYAKQV,0
14866993_ACGWBSOA_ISUHMPLZ_0_5,14866993_ACGWBSOA_ISUHMPLZ_0,JXBWMMYOUCIK,14866993_ACGWBSOA_ISUHMPLZ_0_5,14866993_ACGWBSOA_ISUHMPLZ_0,DRSLLHUYAKQV,0
14866993_ACGWBSOA_ISUHMPLZ_0_6,14866993_ACGWBSOA_ISUHMPLZ_0,JXBWMMYOUCIK,14866993_ACGWBSOA_ISUHMPLZ_0_6,14866993_ACGWBSOA_ISUHMPLZ_0,DRSLLHUYAKQV,0
14866993_ACGWBSOA_ISUHMPLZ_0_7,14866993_ACGWBSOA_ISUHMPLZ_0,JXBWMMYOUCIK,14866993_ACGWBSOA_ISUHMPLZ_0_7,14866993_ACGWBSOA_ISUHMPLZ_0,DRSLLHUYAKQV,0
14866993_ACGWBSOA_ISUHMPLZ_0_8,14866993_ACGWBSOA_ISUHMPLZ_0,JXBWMMYOUCIK,14866993_ACGWBSOA_ISUHMPLZ_0_8,14866993_ACGWBSOA_ISUHMPLZ_0,DRSLLHUYAKQV,1
14866993_ACGWBSOA_ISUHMPLZ_0_9,14866993_ACGWBSOA_ISUHMPLZ_0,JXBWMMYOUCIK,14866993_ACGWBSOA_ISUHMPLZ_0_9,14866993_ACGWBSOA_ISUHMPLZ_0,DRSLLHUYAKQV,0
14866993_ACGWBSOA_ISUHMPLZ_0_10,14866993_ACGWBSOA_ISUHMPLZ_0,JXBWMMYOUCIK,14866993_ACGWBSOA_ISUHMPLZ_0_10,14866993_ACGWBSOA_ISUHMPLZ_0,DRSLLHUYAKQV,0
86599052_NBVHJMUY_BJXWEAJV_0_0,86599052_NBVHJMUY_BJXWEAJV_0,JXBWMMYOUCIK,86599052_NBVHJMUY_BJXWEAJV_0_0,86599052_NBVHJMUY_BJXWEAJV_0,DRSLLHUYAKQV,0
86599052_NBVHJMUY_BJXWEAJV_0_1,86599052_NBVHJMUY_BJXWEAJV_0,JXBWMMYOUCIK,86599052_NBVHJMUY_BJXWEAJV_0_1,86599052_NBVHJMUY_BJXWEAJV_0,DRSLLHUYAKQV,0
86599052_NBVHJMUY_BJXWEAJV_0_2,86599052_NBVHJMUY_BJXWEAJV_0,JXBWMMYOUCIK,86599052_NBVHJMUY_BJXWEAJV_0_2,86599052_NBVHJMUY_BJXWEAJV_0,DRSLLHUYAKQV,0
86599052_NBVHJMUY_BJXWEAJV_0_3,86599052_NBVHJMUY_BJXWEAJV_0,JXBWMMYOUCIK,86599052_NBVHJMUY_BJXWEAJV_0_3,86599052_NBVHJMUY_BJXWEAJV_0,DRSLLHUYAKQV,0
86599052_NBVHJMUY_BJXWEAJV_0_4,86599052_NBVHJMUY_BJXWEAJV_0,JXBWMMYOUCIK,86599052_NBVHJMUY_BJXWEAJV_0_4,86599052_NBVHJMUY_BJXWEAJV_0,DRSLLHUYAKQV,0
86599052_NBVHJMUY_BJXWEAJV_0_5,86599052_NBVHJMUY_BJXWEAJV_0,JXBWMMYOUCIK,86599052_NBVHJMUY_BJXWEAJV_0_5,86599052_NBVHJMUY_BJXWEAJV_0,DRSLLHUYAKQV,0
86599052_NBVHJMUY_BJXWEAJV_0_6,86599052_NBVHJMUY_BJXWEAJV_0,JXBWMMYOUCIK,86599052_NBVHJMUY_BJXWEAJV_0_6,86599052_NBVHJMUY_BJXWEAJV_0,DRSLLHUYAKQV,0
86599052_NBVHJMUY_BJXWEAJV_0_7,86599052_NBVHJMUY_BJXWEAJV_0,JXBWMMYOUCIK,86599052_NBVHJMUY_BJXWEAJV_0_7,86599052_NBVHJMUY_BJXWEAJV_0,DRSLLHUYAKQV,0
86599052_NBVHJMUY_BJXWEAJV_0_8,86599052_NBVHJMUY_BJXWEAJV_0,JXBWMMYOUCIK,86599052_NBVHJMUY_BJXWEAJV_0_8,86599052_NBVHJMUY_BJXWEAJV_0,DRSLLHUYAKQV,0
86599052_NBVHJMUY_BJXWEAJV_0_9,86599052_NBVHJMUY_BJXWEAJV_0,JXBWMMYOUCIK,86599052_NBVHJMUY_BJXWEAJV_0_9,86599052_NBVHJMUY_BJXWEAJV_0,DRSLLHUYAKQV,0
86599052_NBVHJMUY_BJXWEAJV_0_10,86599052_NBVHJMUY_BJXWEAJV_0,JXBWMMYOUCIK,86599052_NBVHJMUY_BJXWEAJV_0_10,86599052_NBVHJMUY_BJXWEAJV_0,DRSLLHUYAKQV,0
86599052_NBVHJMUY_BJXWEAJV_0_11,86599052_NBVHJMUY_BJXWEAJV_0,JXBWMMYOUCIK,86599052_NBVHJMUY_BJXWEAJV_0_11,86599052_NBVHJMUY_BJXWEAJV_0,DRSLLHUYAKQV,0
86599052_NBVHJMUY_BJXWEAJV_0_12,86599052_NBVHJMUY_BJXWEAJV_0,JXBWMMYOUCIK,86599052_NBVHJMUY_BJXWEAJV_0_12,86599052_NBVHJMUY_BJXWEAJV_0,DRSLLHUYAKQV,0
86599052_NBVHJMUY_BJXWEAJV_0_13,86599052_NBVHJMUY_BJXWEAJV_0,JXBWMMYOUCIK,86599052_NBVHJMUY_BJXWEAJV_0_13,86599052_NBVHJMUY_BJXWEAJV_0,DRSLLHUYAKQV,0
86599052_NBVHJMUY_BJXWEAJV_0_14,86599052_NBVHJMUY_BJXWEAJV_0,JXBWMMYOUCIK,86599052_NBVHJMUY_BJXWEAJV_0_14,86599052_NBVHJMUY_BJXWEAJV_0,DRSLLHUYAKQV,0
86599052_NBVHJMUY_BJXWEAJV_0_15,86599052_NBVHJMUY_BJXWEAJV_0,JXBWMMYOUCIK,86599052_NBVHJMUY_BJXWEAJV_0_15,86599052_NBVHJMUY_BJXWEAJV_0,DRSLLHUYAKQV,0
58777643_DATFQLJO_MYHFUROV_0_0,58777643_DATFQLJO_MYHFUROV_0,BKWXOKMTVCCX,58777643_DATFQLJO_MYHFUROV_0_0,58777643_DATFQLJO_MYHFUROV_0,JDYHOIIWXZDD,0
58777643_DATFQLJO_MYHFUROV_0_1,58777643_DATFQLJO_MYHFUROV_0,BKWXOKMTVCCX,58777643_DATFQLJO_MYHFUROV_0_1,58777643_DATFQLJO_MYHFUROV_0,JDYHOIIWXZDD,0
58777643_DATFQLJO_MYHFUROV_0_2,58777643_DATFQLJO_MYHFUROV_0,BKWXOKMTVCCX,58777643_DATFQLJO_MYHFUROV_0_2,58777643_DATFQLJO_MYHFUROV_0,JDYHOIIWXZDD,0
58777643_DATFQLJO_MYHFUROV_0_3,58777643_DATFQLJO_MYHFUROV_0,BKWXOKMTVCCX,58777643_DATFQLJO_MYHFUROV_0_3,58777643_DATFQLJO_MYHFUROV_0,JDYHOIIWXZDD,0
58777643_DATFQLJO_MYHFUROV_0_4,58777643_DATFQLJO_MYHFUROV_0,BKWXOKMTVCCX,58777643_DATFQLJO_MYHFUROV_0_4,58777643_DATFQLJO_MYHFUROV_0,JDYHOIIWXZDD,0
58777643_DATFQLJO_MYHFUROV_0_5,58777643_DATFQLJO_MYHFUROV_0,BKWXOKMTVCCX,58777643_DATFQLJO_MYHFUROV_0_5,58777643_DATFQLJO_MYHFUROV_0,JDYHOIIWXZDD,0
58777643_DATFQLJO_MYHFUROV_0_6,58777643_DATFQLJO_MYHFUROV_0,BKWXOKMTVCCX,58777643_DATFQLJO_MYHFUROV_0_6,58777643_DATFQLJO_MYHFUROV_0,JDYHOIIWXZDD,0
58777643_DATFQLJO_MYHFUROV_0_7,58777643_DATFQLJO_MYHFUROV_0,BKWXOKMTVCCX,58777643_DATFQLJO_MYHFUROV_0_7,58777643_DATFQLJO_MYHFUROV_0,JDYHOIIWXZDD,1
58777643_DATFQLJO_MYHFUROV_0_8,58777643_DATFQLJO_MYHFUROV_0,BKWXOKMTVCCX,58777643_DATFQLJO_MYHFUROV_0_8,58777643_DATFQLJO_MYHFUROV_0,JDYHOIIWXZDD,0
58777643_DATFQLJO_MYHFUROV_0_9,58777643_DATFQLJO_MYHFUROV_0,BKWXOKMTVCCX,58777643_DATFQLJO_MYHFUROV_0_9,58777643_DATFQLJO_MYHFUROV_0,JDYHOIIWXZDD,0
58777643_DATFQLJO_MYHFUROV_0_10,58777643_DATFQLJO_MYHFUROV_0,BKWXOKMTVCCX,58777643_DATFQLJO_MYHFUROV_0_10,58777643_DATFQLJO_MYHFUROV_0,JDYHOIIWXZDD,0
58777643_DATFQLJO_MYHFUROV_0_11,58777643_DATFQLJO_MYHFUROV_0,BKWXOKMTVCCX,58777643_DATFQLJO_MYHFUROV_0_11,58777643_DATFQLJO_MYHFUROV_0,JDYHOIIWXZDD,0
58777643_DATFQLJO_MYHFUROV_0_12,58777643_DATFQLJO_MYHFUROV_0,BKWXOKMTVCCX,58777643_DATFQLJO_MYHFUROV_0_12,58777643_DATFQLJO_MYHFUROV_0,JDYHOIIWXZDD,1
58777643_DATFQLJO_MYHFUROV_0_13,58777643_DATFQLJO_MYHFUROV_0,BKWXOKMTVCCX,58777643_DATFQLJO_MYHFUROV_0_13,58777643_DATFQLJO_MYHFUROV_0,JDYHOIIWXZDD,0
58777643_DATFQLJO_MYHFUROV_0_14,58777643_DATFQLJO_MYHFUROV_0,BKWXOKMTVCCX,58777643_DATFQLJO_MYHFUROV_0_14,58777643_DATFQLJO_MYHFUROV_0,JDYHOIIWXZDD,0
58777643_DATFQLJO_MYHFUROV_0_15,58777643_DATFQLJO_MYHFUROV_0,BKWXOKMTVCCX,58777643_DATFQLJO_MYHFUROV_0_15,58777643_DATFQLJO_MYHFUROV_0,JDYHOIIWXZDD,0
58777643_DATFQLJO_MYHFUROV_0_16,58777643_DATFQLJO_MYHFUROV_0,BKWXOKMTVCCX,58777643_DATFQLJO_MYHFUROV_0_16,58777643_DATFQLJO_MYHFUROV_0,JDYHOIIWXZDD,0
58777643_DATFQLJO_MYHFUROV_0_17,58777643_DATFQLJO_MYHFUROV_0,BKWXOKMTVCCX,58777643_DATFQLJO_MYHFUROV_0_17,58777643_DATFQLJO_MYHFUROV_0,JDYHOIIWXZDD,0
58777643_DATFQLJO_MYHFUROV_0_18,58777643_DATFQLJO_MYHFUROV_0,BKWXOKMTVCCX,58777643_DATFQLJO_MYHFUROV_0_18,58777643_DATFQLJO_MYHFUROV_0,JDYHOIIWXZDD,0
58777643_DATFQLJO_MYHFUROV_0_19,58777643_DATFQLJO_MYHFUROV_0,BKWXOKMTVCCX,58777643_DATFQLJO_MYHFUROV_0_19,58777643_DATFQLJO_MYHFUROV_0,JDYHOIIWXZDD,0
58777643_DATFQLJO_MYHFUROV_0_20,58777643_DATFQLJO_MYHFUROV_0,BKWXOKMTVCCX,58777643_DATFQLJO_MYHFUROV_0_20,58777643_DATFQLJO_MYHFUROV_0,JDYHOIIWXZDD,0
58777643_DATFQLJO_MYHFUROV_0_21,58777643_DATFQLJO_MYHFUROV_0,BKWXOKMTVCCX,58777643_DATFQLJO_MYHFUROV_0_21,58777643_DATFQLJO_MYHFUROV_0,JDYHOIIWXZDD,1
58777643_DATFQLJO_MYHFUROV_0_22,58777643_DATFQLJO_MYHFUROV_0,BKWXOKMTVCCX,58777643_DATFQLJO_MYHFUROV_0_22,58777643_DATFQLJO_MYHFUROV_0,JDYHOIIWXZDD,0
58777643_DATFQLJO_MYHFUROV_0_23,58777643_DATFQLJO_MYHFUROV_0,BKWXOKMTVCCX,58777643_DATFQLJO_MYHFUROV_0_23,58777643_DATFQLJO_MYHFUROV_0,JDYHOIIWXZDD,0
58777643_DATFQLJO_MYHFUROV_0_24,58777643_DATFQLJO_MYHFUROV_0,BKWXOKMTVCCX,58777643_DATFQLJO_MYHFUROV_0_24,58777643_DATFQLJO_MYHFUROV_0,JDYHOIIWXZDD,0
58777643_DATFQLJO_MYHFUROV_0_25,58777643_DATFQLJO_MYHFUROV_0,BKWXOKMTVCCX,58777643_DATFQLJO_MYHFUROV_0_25,58777643_DATFQLJO_MYHFUROV_0,JDYHOIIWXZDD,0
58777643_DATFQLJO_MYHFUROV_0_26,58777643_DATFQLJO_MYHFUROV_0,BKWXOKMTVCCX,58777643_DATFQLJO_MYHFUROV_0_26,58777643_DATFQLJO_MYHFUROV_0,JDYHOIIWXZDD,0
58777643_DATFQLJO_MYHFUROV_0_27,58777643_DATFQLJO_MYHFUROV_0,BKWXOKMTVCCX,58777643_DATFQLJO_MYHFUROV_0_27,58777643_DATFQLJO_MYHFUROV_0,JDYHOIIWXZDD,0
58777643_DATFQLJO_MYHFUROV_0_28,58777643_DATFQLJO_MYHFUROV_0,BKWXOKMTVCCX,58777643_DATFQLJO_MYHFUROV_0_28,58777643_DATFQLJO_MYHFUROV_0,JDYHOIIWXZDD,0
58777643_DATFQLJO_MYHFUROV_0_29,58777643_DATFQLJO_MYHFUROV_0,BKWXOKMTVCCX,58777643_DATFQLJO_MYHFUROV_0_29,58777643_DATFQLJO_MYHFUROV_0,JDYHOIIWXZDD,0
58777643_DATFQLJO_MYHFUROV_0_30,58777643_DATFQLJO_MYHFUROV_0,BKWXOKMTVCCX,58777643_DATFQLJO_MYHFUROV_0_30,58777643_DATFQLJO_MYHFUROV_0,JDYHOIIWXZDD,0
58777643_DATFQLJO_MYHFUROV_0_31,58777643_DATFQLJO_MYHFUROV_0,BKWXOKMTVCCX,58777643_DATFQLJO_MYHFUROV_0_31,58777643_DATFQLJO_MYHFUROV_0,JDYHOIIWXZDD,0
58777643_DATFQLJO_MYHFUROV_0_32,58777643_DATFQLJO_MYHFUROV_0,BKWXOKMTVCCX,58777643_DATFQLJO_MYHFUROV_0_32,58777643_DATFQLJO_MYHFUROV_0,JDYHOIIWXZDD,0
58777643_DATFQLJO_MYHFUROV_0_33,58777643_DATFQLJO_MYHFUROV_0,BKWXOKMTVCCX,58777643_DATFQLJO_MYHFUROV_0_33,58777643_DATFQLJO_MYHFUROV_0,JDYHOIIWXZDD,0
58777643_DATFQLJO_MYHFUROV_0_34,58777643_DATFQLJO_MYHFUROV_0,BKWXOKMTVCCX,58777643_DATFQLJO_MYHFUROV_0_34,58777643_DATFQLJO_MYHFUROV_0,JDYHOIIWXZDD,0
58777643_DATFQLJO_MYHFUROV_0_35,58777643_DATFQLJO_MYHFUROV_0,BKWXOKMTVCCX,58777643_DATFQLJO_MYHFUROV_0_35,58777643_DATFQLJO_MYHFUROV_0,JDYHOIIWXZDD,0
58777643_DATFQLJO_MYHFUROV_0_36,58777643_DATFQLJO_MYHFUROV_0,BKWXOKMTVCCX,58777643_DATFQLJO_MYHFUROV_0_36,58777643_DATFQLJO_MYHFUROV_0,JDYHOIIWXZDD,0
58777643_DATFQLJO_MYHFUROV_0_37,58777643_DATFQLJO_MYHFUROV_0,BKWXOKMTVCCX,58777643_DATFQLJO_MYHFUROV_0_37,58777643_DATFQLJO_MYHFUROV_0,JDYHOIIWXZDD,0
58777643_DATFQLJO_MYHFUROV_0_38,58777643_DATFQLJO_MYHFUROV_0,BKWXOKMTVCCX,58777643_DATFQLJO_MYHFUROV_0_38,58777643_DATFQLJO_MYHFUROV_0,JDYHOIIWXZDD,0
58777643_DATFQLJO_MYHFUROV_0_39,58777643_DATFQLJO_MYHFUROV_0,BKWXOKMTVCCX,58777643_DATFQLJO_MYHFUROV_0_39,58777643_DATFQLJO_MYHFUROV_0,JDYHOIIWXZDD,0
58777643_DATFQLJO_MYHFUROV_0_40,58777643_DATFQLJO_MYHFUROV_0,BKWXOKMTVCCX,58777643_DATFQLJO_MYHFUROV_0_40,58777643_DATFQLJO_MYHFUROV_0,JDYHOIIWXZDD,0
58777643_DATFQLJO_MYHFUROV_0_41,58777643_DATFQLJO_MYHFUROV_0,BKWXOKMTVCCX,58777643_DATFQLJO_MYHFUROV_0_41,58777643_DATFQLJO_MYHFUROV_0,JDYHOIIWXZDD,0
58777643_DATFQLJO_MYHFUROV_0_42,58777643_DATFQLJO_MYHFUROV_0,BKWXOKMTVCCX,58777643_DATFQLJO_MYHFUROV_0_42,58777643_DATFQLJO_MYHFUROV_0,JDYHOIIWXZDD,0
58777643_DATFQLJO_MYHFUROV_0_43,58777643_DATFQLJO_MYHFUROV_0,BKWXOKMTVCCX,58777643_DATFQLJO_MYHFUROV_0_43,58777643_DATFQLJO_MYHFUROV_0,JDYHOIIWXZDD,0
58777643_DATFQLJO_MYHFUROV_0_44,58777643_DATFQLJO_MYHFUROV_0,BKWXOKMTVCCX,58777643_DATFQLJO_MYHFUROV_0_44,58777643_DATFQLJO_MYHFUROV_0,JDYHOIIWXZDD,0
58777643_DATFQLJO_MYHFUROV_0_45,58777643_DATFQLJO_MYHFUROV_0,BKWXOKMTVCCX,58777643_DATFQLJO_MYHFUROV_0_45,58777643_DATFQLJO_MYHFUROV_0,JDYHOIIWXZDD,0
58777643_DATFQLJO_MYHFUROV_0_46,58777643_DATFQLJO_MYHFUROV_0,BKWXOKMTVCCX,58777643_DATFQLJO_MYHFUROV_0_46,58777643_DATFQLJO_MYHFUROV_0,JDYHOIIWXZDD,0
58777643_DATFQLJO_MYHFUROV_0_47,58777643_DATFQLJO_MYHFUROV_0,BKWXOKMTVCCX,58777643_DATFQLJO_MYHFUROV_0_47,58777643_DATFQLJO_MYHFUROV_0,JDYHOIIWXZDD,0
58777643_DATFQLJO_MYHFUROV_0_48,58777643_DATFQLJO_MYHFUROV_0,BKWXOKMTVCCX,58777643_DATFQLJO_MYHFUROV_0_48,58777643_DATFQLJO_MYHFUROV_0,JDYHOIIWXZDD,0
58777643_DATFQLJO_MYHFUROV_0_49,58777643_DATFQLJO_MYHFUROV_0,BKWXOKMTVCCX,58777643_DATFQLJO_MYHFUROV_0_49,58777643_DATFQLJO_MYHFUROV_0,JDYHOIIWXZDD,0
58777643_DATFQLJO_MYHFUROV_0_50,58777643_DATFQLJO_MYHFUROV_0,BKWXOKMTVCCX,58777643_DATFQLJO_MYHFUROV_0_50,58777643_DATFQLJO_MYHFUROV_0,JDYHOIIWXZDD,0
58777643_DATFQLJO_MYHFUROV_0_51,58777643_DATFQLJO_MYHFUROV_0,BKWXOKMTVCCX,58777643_DATFQLJO_MYHFUROV_0_51,58777643_DATFQLJO_MYHFUROV_0,JDYHOIIWXZDD,0
58777643_DATFQLJO_MYHFUROV_0_52,58777643_DATFQLJO_MYHFUROV_0,BKWXOKMTVCCX,58777643_DATFQLJO_MYHFUROV_0_52,58777643_DATFQLJO_MYHFUROV_0,JDYHOIIWXZDD,0
58777643_DATFQLJO_MYHFUROV_0_53,58777643_DATFQLJO_MYHFUROV_0,BKWXOKMTVCCX,58777643_DATFQLJO_MYHFUROV_0_53,58777643_DATFQLJO_MYHFUROV_0,JDYHOIIWXZDD,0
58777643_DATFQLJO_MYHFUROV_0_54,58777643_DATFQLJO_MYHFUROV_0,BKWXOKMTVCCX,58777643_DATFQLJO_MYHFUROV_0_54,58777643_DATFQLJO_MYHFUROV_0,JDYHOIIWXZDD,0
58777643_DATFQLJO_MYHFUROV_0_55,58777643_DATFQLJO_MYHFUROV_0,BKWXOKMTVCCX,58777643_DATFQLJO_MYHFUROV_0_55,58777643_DATFQLJO_MYHFUROV_0,JDYHOIIWXZDD,0
58777643_DATFQLJO_MYHFUROV_0_56,58777643_DATFQLJO_MYHFUROV_0,BKWXOKMTVCCX,58777643_DATFQLJO_MYHFUROV_0_56,58777643_DATFQLJO_MYHFUROV_0,JDYHOIIWXZDD,0
58777643_DATFQLJO_MYHFUROV_0_57,58777643_DATFQLJO_MYHFUROV_0,BKWXOKMTVCCX,58777643_DATFQLJO_MYHFUROV_0_57,58777643_DATFQLJO_MYHFUROV_0,JDYHOIIWXZDD,0
58777643_DATFQLJO_MYHFUROV_0_58,58777643_DATFQLJO_MYHFUROV_0,BKWXOKMTVCCX,58777643_DATFQLJO_MYHFUROV_0_58,58777643_DATFQLJO_MYHFUROV_0,JDYHOIIWXZDD,0
58777643_DATFQLJO_MYHFUROV_0_59,58777643_DATFQLJO_MYHFUROV_0,BKWXOKMTVCCX,58777643_DATFQLJO_MYHFUROV_0_59,58777643_DATFQLJO_MYHFUROV_0,JDYHOIIWXZDD,0
58777643_DATFQLJO_MYHFUROV_0_60,58777643_DATFQLJO_MYHFUROV_0,BKWXOKMTVCCX,58777643_DATFQLJO_MYHFUROV_0_60,58777643_DATFQLJO_MYHFUROV_0,JDYHOIIWXZDD,0
58777643_DATFQLJO_MYHFUROV_0_61,58777643_DATFQLJO_MYHFUROV_0,BKWXOKMTVCCX,58777643_DATFQLJO_MYHFUROV_0_61,58777643_DATFQLJO_MYHFUROV_0,JDYHOIIWXZDD,0
58777643_DATFQLJO_MYHFUROV_0_62,58777643_DATFQLJO_MYHFUROV_0,BKWXOKMTVCCX,58777643_DATFQLJO_MYHFUROV_0_62,58777643_DATFQLJO_MYHFUROV_0,JDYHOIIWXZDD,0
58777643_DATFQLJO_MYHFUROV_0_63,58777643_DATFQLJO_MYHFUROV_0,BKWXOKMTVCCX,58777643_DATFQLJO_MYHFUROV_0_63,58777643_DATFQLJO_MYHFUROV_0,JDYHOIIWXZDD,0
58777643_DATFQLJO_MYHFUROV_0_64,58777643_DATFQLJO_MYHFUROV_0,BKWXOKMTVCCX,58777643_DATFQLJO_MYHFUROV_0_64,58777643_DATFQLJO_MYHFUROV_0,JDYHOIIWXZDD,0
58777643_DATFQLJO_MYHFUROV_0_65,58777643_DATFQLJO_MYHFUROV_0,BKWXOKMTVCCX,58777643_DATFQLJO_MYHFUROV_0_65,58777643_DATFQLJO_MYHFUROV_0,JDYHOIIWXZDD,0
58777643_DATFQLJO_MYHFUROV_0_66,58777643_DATFQLJO_MYHFUROV_0,BKWXOKMTVCCX,58777643_DATFQLJO_MYHFUROV_0_66,58777643_DATFQLJO_MYHFUROV_0,JDYHOIIWXZDD,0
58777643_DATFQLJO_MYHFUROV_0_67,58777643_DATFQLJO_MYHFUROV_0,BKWXOKMTVCCX,58777643_DATFQLJO_MYHFUROV_0_67,58777643_DATFQLJO_MYHFUROV_0,JDYHOIIWXZDD,0
58777643_DATFQLJO_MYHFUROV_0_68,58777643_DATFQLJO_MYHFUROV_0,BKWXOKMTVCCX,58777643_DATFQLJO_MYHFUROV_0_68,58777643_DATFQLJO_MYHFUROV_0,JDYHOIIWXZDD,0
58777643_DATFQLJO_MYHFUROV_0_69,58777643_DATFQLJO_MYHFUROV_0,BKWXOKMTVCCX,58777643_DATFQLJO_MYHFUROV_0_69,58777643_DATFQLJO_MYHFUROV_0,JDYHOIIWXZDD,0
58777643_DATFQLJO_MYHFUROV_0_70,58777643_DATFQLJO_MYHFUROV_0,BKWXOKMTVCCX,58777643_DATFQLJO_MYHFUROV_0_70,58777643_DATFQLJO_MYHFUROV_0,JDYHOIIWXZDD,0
58777643_DATFQLJO_MYHFUROV_0_71,58777643_DATFQLJO_MYHFUROV_0,BKWXOKMTVCCX,58777643_DATFQLJO_MYHFUROV_0_71,58777643_DATFQLJO_MYHFUROV_0,JDYHOIIWXZDD,0
58777643_DATFQLJO_MYHFUROV_0_72,58777643_DATFQLJO_MYHFUROV_0,BKWXOKMTVCCX,58777643_DATFQLJO_MYHFUROV_0_72,58777643_DATFQLJO_MYHFUROV_0,JDYHOIIWXZDD,1
58777643_DATFQLJO_MYHFUROV_0_73,58777643_DATFQLJO_MYHFUROV_0,BKWXOKMTVCCX,58777643_DATFQLJO_MYHFUROV_0_73,58777643_DATFQLJO_MYHFUROV_0,JDYHOIIWXZDD,0
58777643_DATFQLJO_MYHFUROV_0_74,58777643_DATFQLJO_MYHFUROV_0,BKWXOKMTVCCX,58777643_DATFQLJO_MYHFUROV_0_74,58777643_DATFQLJO_MYHFUROV_0,JDYHOIIWXZDD,0
58777643_DATFQLJO_MYHFUROV_0_75,58777643_DATFQLJO_MYHFUROV_0,BKWXOKMTVCCX,58777643_DATFQLJO_MYHFUROV_0_75,58777643_DATFQLJO_MYHFUROV_0,JDYHOIIWXZDD,1
58777643_DATFQLJO_MYHFUROV_0_76,58777643_DATFQLJO_MYHFUROV_0,BKWXOKMTVCCX,58777643_DATFQLJO_MYHFUROV_0_76,58777643_DATFQLJO_MYHFUROV_0,JDYHOIIWXZDD,0
58777643_DATFQLJO_MYHFUROV_0_77,58777643_DATFQLJO_MYHFUROV_0,BKWXOKMTVCCX,58777643_DATFQLJO_MYHFUROV_0_77,58777643_DATFQLJO_MYHFUROV_0,JDYHOIIWXZDD,0
58777643_DATFQLJO_MYHFUROV_0_78,58777643_DATFQLJO_MYHFUROV_0,BKWXOKMTVCCX,58777643_DATFQLJO_MYHFUROV_0_78,58777643_DATFQLJO_MYHFUROV_0,JDYHOIIWXZDD,0
58777643_MYHFUROV_ANJWABCD_0_0,58777643_MYHFUROV_ANJWABCD_0,BKWXOKMTVCCX,58777643_MYHFUROV_ANJWABCD_0_0,58777643_MYHFUROV_ANJWABCD_0,JDYHOIIWXZDD,0
58777643_MYHFUROV_ANJWABCD_0_1,58777643_MYHFUROV_ANJWABCD_0,BKWXOKMTVCCX,58777643_MYHFUROV_ANJWABCD_0_1,58777643_MYHFUROV_ANJWABCD_0,JDYHOIIWXZDD,0
58777643_MYHFUROV_ANJWABCD_0_2,58777643_MYHFUROV_ANJWABCD_0,BKWXOKMTVCCX,58777643_MYHFUROV_ANJWABCD_0_2,58777643_MYHFUROV_ANJWABCD_0,JDYHOIIWXZDD,0
58777643_MYHFUROV_ANJWABCD_0_3,58777643_MYHFUROV_ANJWABCD_0,BKWXOKMTVCCX,58777643_MYHFUROV_ANJWABCD_0_3,58777643_MYHFUROV_ANJWABCD_0,JDYHOIIWXZDD,1
58777643_MYHFUROV_ANJWABCD_0_4,58777643_MYHFUROV_ANJWABCD_0,BKWXOKMTVCCX,58777643_MYHFUROV_ANJWABCD_0_4,58777643_MYHFUROV_ANJWABCD_0,JDYHOIIWXZDD,0
58777643_MYHFUROV_ANJWABCD_0_5,58777643_MYHFUROV_ANJWABCD_0,BKWXOKMTVCCX,58777643_MYHFUROV_ANJWABCD_0_5,58777643_MYHFUROV_ANJWABCD_0,JDYHOIIWXZDD,0
58777643_MYHFUROV_ANJWABCD_0_6,58777643_MYHFUROV_ANJWABCD_0,BKWXOKMTVCCX,58777643_MYHFUROV_ANJWABCD_0_6,58777643_MYHFUROV_ANJWABCD_0,JDYHOIIWXZDD,1
58777643_MYHFUROV_ANJWABCD_0_7,58777643_MYHFUROV_ANJWABCD_0,BKWXOKMTVCCX,58777643_MYHFUROV_ANJWABCD_0_7,58777643_MYHFUROV_ANJWABCD_0,JDYHOIIWXZDD,0
58777643_MYHFUROV_ANJWABCD_0_8,58777643_MYHFUROV_ANJWABCD_0,BKWXOKMTVCCX,58777643_MYHFUROV_ANJWABCD_0_8,58777643_MYHFUROV_ANJWABCD_0,JDYHOIIWXZDD,0
58777643_MYHFUROV_ANJWABCD_0_9,58777643_MYHFUROV_ANJWABCD_0,BKWXOKMTVCCX,58777643_MYHFUROV_ANJWABCD_0_9,58777643_MYHFUROV_ANJWABCD_0,JDYHOIIWXZDD,0
58777643_MYHFUROV_ANJWABCD_0_10,58777643_MYHFUROV_ANJWABCD_0,BKWXOKMTVCCX,58777643_MYHFUROV_ANJWABCD_0_10,58777643_MYHFUROV_ANJWABCD_0,JDYHOIIWXZDD,0
58777643_MYHFUROV_ANJWABCD_0_11,58777643_MYHFUROV_ANJWABCD_0,BKWXOKMTVCCX,58777643_MYHFUROV_ANJWABCD_0_11,58777643_MYHFUROV_ANJWABCD_0,JDYHOIIWXZDD,0
58777643_MYHFUROV_ANJWABCD_0_12,58777643_MYHFUROV_ANJWABCD_0,BKWXOKMTVCCX,58777643_MYHFUROV_ANJWABCD_0_12,58777643_MYHFUROV_ANJWABCD_0,JDYHOIIWXZDD,0
58777643_MYHFUROV_ANJWABCD_0_13,58777643_MYHFUROV_ANJWABCD_0,BKWXOKMTVCCX,58777643_MYHFUROV_ANJWABCD_0_13,58777643_MYHFUROV_ANJWABCD_0,JDYHOIIWXZDD,0
58777643_MYHFUROV_ANJWABCD_0_14,58777643_MYHFUROV_ANJWABCD_0,BKWXOKMTVCCX,58777643_MYHFUROV_ANJWABCD_0_14,58777643_MYHFUROV_ANJWABCD_0,JDYHOIIWXZDD,1
58777643_MYHFUROV_ANJWABCD_0_15,58777643_MYHFUROV_ANJWABCD_0,BKWXOKMTVCCX,58777643_MYHFUROV_ANJWABCD_0_15,58777643_MYHFUROV_ANJWABCD_0,JDYHOIIWXZDD,0
58777643_MYHFUROV_ANJWABCD_0_16,58777643_MYHFUROV_ANJWABCD_0,BKWXOKMTVCCX,58777643_MYHFUROV_ANJWABCD_0_16,58777643_MYHFUROV_ANJWABCD_0,JDYHOIIWXZDD,0
58777643_MYHFUROV_ANJWABCD_0_17,58777643_MYHFUROV_ANJWABCD_0,BKWXOKMTVCCX,58777643_MYHFUROV_ANJWABCD_0_17,58777643_MYHFUROV_ANJWABCD_0,JDYHOIIWXZDD,0
58777643_MYHFUROV_ANJWABCD_0_18,58777643_MYHFUROV_ANJWABCD_0,BKWXOKMTVCCX,58777643_MYHFUROV_ANJWABCD_0_18,58777643_MYHFUROV_ANJWABCD_0,JDYHOIIWXZDD,0
58777643_MYHFUROV_ANJWABCD_0_19,58777643_MYHFUROV_ANJWABCD_0,BKWXOKMTVCCX,58777643_MYHFUROV_ANJWABCD_0_19,58777643_MYHFUROV_ANJWABCD_0,JDYHOIIWXZDD,0
58777643_MYHFUROV_ANJWABCD_0_20,58777643_MYHFUROV_ANJWABCD_0,BKWXOKMTVCCX,58777643_MYHFUROV_ANJWABCD_0_20,58777643_MYHFUROV_ANJWABCD_0,JDYHOIIWXZDD,0
58777643_MYHFUROV_ANJWABCD_0_21,58777643_MYHFUROV_ANJWABCD_0,BKWXOKMTVCCX,58777643_MYHFUROV_ANJWABCD_0_21,58777643_MYHFUROV_ANJWABCD_0,JDYHOIIWXZDD,0
58777643_MYHFUROV_ANJWABCD_0_22,58777643_MYHFUROV_ANJWABCD_0,BKWXOKMTVCCX,58777643_MYHFUROV_ANJWABCD_0_22,58777643_MYHFUROV_ANJWABCD_0,JDYHOIIWXZDD,0
58777643_MYHFUROV_ANJWABCD_0_23,58777643_MYHFUROV_ANJWABCD_0,BKWXOKMTVCCX,58777643_MYHFUROV_ANJWABCD_0_23,58777643_MYHFUROV_ANJWABCD_0,JDYHOIIWXZDD,0
58777643_MYHFUROV_ANJWABCD_0_24,58777643_MYHFUROV_ANJWABCD_0,BKWXOKMTVCCX,58777643_MYHFUROV_ANJWABCD_0_24,58777643_MYHFUROV_ANJWABCD_0,JDYHOIIWXZDD,0
58777643_MYHFUROV_ANJWABCD_0_25,58777643_MYHFUROV_ANJWABCD_0,BKWXOKMTVCCX,58777643_MYHFUROV_ANJWABCD_0_25,58777643_MYHFUROV_ANJWABCD_0,JDYHOIIWXZDD,0
58777643_MYHFUROV_ANJWABCD_0_26,58777643_MYHFUROV_ANJWABCD_0,BKWXOKMTVCCX,58777643_MYHFUROV_ANJWABCD_0_26,58777643_MYHFUROV_ANJWABCD_0,JDYHOIIWXZDD,0
58777643_MYHFUROV_ANJWABCD_0_27,58777643_MYHFUROV_ANJWABCD_0,BKWXOKMTVCCX,58777643_MYHFUROV_ANJWABCD_0_27,58777643_MYHFUROV_ANJWABCD_0,JDYHOIIWXZDD,1
58777643_MYHFUROV_ANJWABCD_0_28,58777643_MYHFUROV_ANJWABCD_0,BKWXOKMTVCCX,58777643_MYHFUROV_ANJWABCD_0_28,58777643_MYHFUROV_ANJWABCD_0,JDYHOIIWXZDD,0
58777643_MYHFUROV_ANJWABCD_0_29,58777643_MYHFUROV_ANJWABCD_0,BKWXOKMTVCCX,58777643_MYHFUROV_ANJWABCD_0_29,58777643_MYHFUROV_ANJWABCD_0,JDYHOIIWXZDD,1
58777643_MYHFUROV_ANJWABCD_0_30,58777643_MYHFUROV_ANJWABCD_0,BKWXOKMTVCCX,58777643_MYHFUROV_ANJWABCD_0_30,58777643_MYHFUROV_ANJWABCD_0,JDYHOIIWXZDD,0
58777643_MYHFUROV_ANJWABCD_0_31,58777643_MYHFUROV_ANJWABCD_0,BKWXOKMTVCCX,58777643_MYHFUROV_ANJWABCD_0_31,58777643_MYHFUROV_ANJWABCD_0,JDYHOIIWXZDD,0
58777643_MYHFUROV_ANJWABCD_0_32,58777643_MYHFUROV_ANJWABCD_0,BKWXOKMTVCCX,58777643_MYHFUROV_ANJWABCD_0_32,58777643_MYHFUROV_ANJWABCD_0,JDYHOIIWXZDD,0
58777643_MYHFUROV_ANJWABCD_0_33,58777643_MYHFUROV_ANJWABCD_0,BKWXOKMTVCCX,58777643_MYHFUROV_ANJWABCD_0_33,58777643_MYHFUROV_ANJWABCD_0,JDYHOIIWXZDD,0
58777643_YBGKQNGI_BUTRLQEX_0_0,58777643_YBGKQNGI_BUTRLQEX_0,BKWXOKMTVCCX,58777643_YBGKQNGI_BUTRLQEX_0_0,58777643_YBGKQNGI_BUTRLQEX_0,JDYHOIIWXZDD,0
58777643_YBGKQNGI_BUTRLQEX_0_1,58777643_YBGKQNGI_BUTRLQEX_0,BKWXOKMTVCCX,58777643_YBGKQNGI_BUTRLQEX_0_1,58777643_YBGKQNGI_BUTRLQEX_0,JDYHOIIWXZDD,0
58777643_YBGKQNGI_BUTRLQEX_0_2,58777643_YBGKQNGI_BUTRLQEX_0,BKWXOKMTVCCX,58777643_YBGKQNGI_BUTRLQEX_0_2,58777643_YBGKQNGI_BUTRLQEX_0,JDYHOIIWXZDD,0
58777643_YBGKQNGI_BUTRLQEX_0_3,58777643_YBGKQNGI_BUTRLQEX_0,BKWXOKMTVCCX,58777643_YBGKQNGI_BUTRLQEX_0_3,58777643_YBGKQNGI_BUTRLQEX_0,JDYHOIIWXZDD,0
58777643_YBGKQNGI_BUTRLQEX_0_4,58777643_YBGKQNGI_BUTRLQEX_0,BKWXOKMTVCCX,58777643_YBGKQNGI_BUTRLQEX_0_4,58777643_YBGKQNGI_BUTRLQEX_0,JDYHOIIWXZDD,1
58777643_YBGKQNGI_BUTRLQEX_0_5,58777643_YBGKQNGI_BUTRLQEX_0,BKWXOKMTVCCX,58777643_YBGKQNGI_BUTRLQEX_0_5,58777643_YBGKQNGI_BUTRLQEX_0,JDYHOIIWXZDD,0
58777643_YBGKQNGI_BUTRLQEX_0_6,58777643_YBGKQNGI_BUTRLQEX_0,BKWXOKMTVCCX,58777643_YBGKQNGI_BUTRLQEX_0_6,58777643_YBGKQNGI_BUTRLQEX_0,JDYHOIIWXZDD,0
58777643_YBGKQNGI_BUTRLQEX_0_7,58777643_YBGKQNGI_BUTRLQEX_0,BKWXOKMTVCCX,58777643_YBGKQNGI_BUTRLQEX_0_7,58777643_YBGKQNGI_BUTRLQEX_0,JDYHOIIWXZDD,0
58777643_YBGKQNGI_BUTRLQEX_0_8,58777643_YBGKQNGI_BUTRLQEX_0,BKWXOKMTVCCX,58777643_YBGKQNGI_BUTRLQEX_0_8,58777643_YBGKQNGI_BUTRLQEX_0,JDYHOIIWXZDD,0
58777643_YBGKQNGI_BUTRLQEX_0_9,58777643_YBGKQNGI_BUTRLQEX_0,BKWXOKMTVCCX,58777643_YBGKQNGI_BUTRLQEX_0_9,58777643_YBGKQNGI_BUTRLQEX_0,JDYHOIIWXZDD,0
58777643_YBGKQNGI_BUTRLQEX_0_10,58777643_YBGKQNGI_BUTRLQEX_0,BKWXOKMTVCCX,58777643_YBGKQNGI_BUTRLQEX_0_10,58777643_YBGKQNGI_BUTRLQEX_0,JDYHOIIWXZDD,0
58777643_YBGKQNGI_BUTRLQEX_0_11,58777643_YBGKQNGI_BUTRLQEX_0,BKWXOKMTVCCX,58777643_YBGKQNGI_BUTRLQEX_0_11,58777643_YBGKQNGI_BUTRLQEX_0,JDYHOIIWXZDD,0
58777643_YBGKQNGI_BUTRLQEX_0_12,58777643_YBGKQNGI_BUTRLQEX_0,BKWXOKMTVCCX,58777643_YBGKQNGI_BUTRLQEX_0_12,58777643_YBGKQNGI_BUTRLQEX_0,JDYHOIIWXZDD,1
58777643_YBGKQNGI_BUTRLQEX_0_13,58777643_YBGKQNGI_BUTRLQEX_0,BKWXOKMTVCCX,58777643_YBGKQNGI_BUTRLQEX_0_13,58777643_YBGKQNGI_BUTRLQEX_0,JDYHOIIWXZDD,1
58777643_YBGKQNGI_BUTRLQEX_0_14,58777643_YBGKQNGI_BUTRLQEX_0,BKWXOKMTVCCX,58777643_YBGKQNGI_BUTRLQEX_0_14,58777643_YBGKQNGI_BUTRLQEX_0,JDYHOIIWXZDD,1
58777643_YBGKQNGI_BUTRLQEX_0_15,58777643_YBGKQNGI_BUTRLQEX_0,BKWXOKMTVCCX,58777643_YBGKQNGI_BUTRLQEX_0_15,58777643_YBGKQNGI_BUTRLQEX_0,JDYHOIIWXZDD,0
58777643_YBGKQNGI_BUTRLQEX_0_16,58777643_YBGKQNGI_BUTRLQEX_0,BKWXOKMTVCCX,58777643_YBGKQNGI_BUTRLQEX_0_16,58777643_YBGKQNGI_BUTRLQEX_0,JDYHOIIWXZDD,0
58777643_YBGKQNGI_BUTRLQEX_0_17,58777643_YBGKQNGI_BUTRLQEX_0,BKWXOKMTVCCX,58777643_YBGKQNGI_BUTRLQEX_0_17,58777643_YBGKQNGI_BUTRLQEX_0,JDYHOIIWXZDD,0
58777643_YBGKQNGI_BUTRLQEX_0_18,58777643_YBGKQNGI_BUTRLQEX_0,BKWXOKMTVCCX,58777643_YBGKQNGI_BUTRLQEX_0_18,58777643_YBGKQNGI_BUTRLQEX_0,JDYHOIIWXZDD,0
58777643_YBGKQNGI_BUTRLQEX_0_19,58777643_YBGKQNGI_BUTRLQEX_0,BKWXOKMTVCCX,58777643_YBGKQNGI_BUTRLQEX_0_19,58777643_YBGKQNGI_BUTRLQEX_0,JDYHOIIWXZDD,0
58777643_YBGKQNGI_BUTRLQEX_0_20,58777643_YBGKQNGI_BUTRLQEX_0,BKWXOKMTVCCX,58777643_YBGKQNGI_BUTRLQEX_0_20,58777643_YBGKQNGI_BUTRLQEX_0,JDYHOIIWXZDD,0
58777643_YBGKQNGI_BUTRLQEX_0_21,58777643_YBGKQNGI_BUTRLQEX_0,BKWXOKMTVCCX,58777643_YBGKQNGI_BUTRLQEX_0_21,58777643_YBGKQNGI_BUTRLQEX_0,JDYHOIIWXZDD,0
58777643_YBGKQNGI_BUTRLQEX_0_22,58777643_YBGKQNGI_BUTRLQEX_0,BKWXOKMTVCCX,58777643_YBGKQNGI_BUTRLQEX_0_22,58777643_YBGKQNGI_BUTRLQEX_0,JDYHOIIWXZDD,0
62591433_SXKPVCFE_TLOSLTMS_0_0,62591433_SXKPVCFE_TLOSLTMS_0,QCIXJGYIIJDP,62591433_SXKPVCFE_TLOSLTMS_0_0,62591433_SXKPVCFE_TLOSLTMS_0,NKMWALUKREUN,0
62591433_SXKPVCFE_TLOSLTMS_0_1,62591433_SXKPVCFE_TLOSLTMS_0,QCIXJGYIIJDP,62591433_SXKPVCFE_TLOSLTMS_0_1,62591433_SXKPVCFE_TLOSLTMS_0,NKMWALUKREUN,0
62591433_SXKPVCFE_TLOSLTMS_0_2,62591433_SXKPVCFE_TLOSLTMS_0,QCIXJGYIIJDP,62591433_SXKPVCFE_TLOSLTMS_0_2,62591433_SXKPVCFE_TLOSLTMS_0,NKMWALUKREUN,0
62591433_SXKPVCFE_TLOSLTMS_0_3,62591433_SXKPVCFE_TLOSLTMS_0,QCIXJGYIIJDP,62591433_SXKPVCFE_TLOSLTMS_0_3,62591433_SXKPVCFE_TLOSLTMS_0,NKMWALUKREUN,0
62591433_SXKPVCFE_TLOSLTMS_0_4,62591433_SXKPVCFE_TLOSLTMS_0,QCIXJGYIIJDP,62591433_SXKPVCFE_TLOSLTMS_0_4,62591433_SXKPVCFE_TLOSLTMS_0,NKMWALUKREUN,0
62591433_SXKPVCFE_TLOSLTMS_0_5,62591433_SXKPVCFE_TLOSLTMS_0,QCIXJGYIIJDP,62591433_SXKPVCFE_TLOSLTMS_0_5,62591433_SXKPVCFE_TLOSLTMS_0,NKMWALUKREUN,0
62591433_SXKPVCFE_TLOSLTMS_0_6,62591433_SXKPVCFE_TLOSLTMS_0,QCIXJGYIIJDP,62591433_SXKPVCFE_TLOSLTMS_0_6,62591433_SXKPVCFE_TLOSLTMS_0,NKMWALUKREUN,0
62591433_SXKPVCFE_TLOSLTMS_0_7,62591433_SXKPVCFE_TLOSLTMS_0,QCIXJGYIIJDP,62591433_SXKPVCFE_TLOSLTMS_0_7,62591433_SXKPVCFE_TLOSLTMS_0,NKMWALUKREUN,0
62591433_SXKPVCFE_TLOSLTMS_0_8,62591433_SXKPVCFE_TLOSLTMS_0,QCIXJGYIIJDP,62591433_SXKPVCFE_TLOSLTMS_0_8,62591433_SXKPVCFE_TLOSLTMS_0,NKMWALUKREUN,0
62591433_SXKPVCFE_TLOSLTMS_0_9,62591433_SXKPVCFE_TLOSLTMS_0,QCIXJGYIIJDP,62591433_SXKPVCFE_TLOSLTMS_0_9,62591433_SXKPVCFE_TLOSLTMS_0,NKMWALUKREUN,0
62591433_SXKPVCFE_TLOSLTMS_0_10,62591433_SXKPVCFE_TLOSLTMS_0,QCIXJGYIIJDP,62591433_SXKPVCFE_TLOSLTMS_0_10,62591433_SXKPVCFE_TLOSLTMS_0,NKMWALUKREUN,0
62591433_SXKPVCFE_TLOSLTMS_0_11,62591433_SXKPVCFE_TLOSLTMS_0,QCIXJGYIIJDP,62591433_SXKPVCFE_TLOSLTMS_0_11,62591433_SXKPVCFE_TLOSLTMS_0,NKMWALUKREUN,0
62591433_SXKPVCFE_TLOSLTMS_0_12,62591433_SXKPVCFE_TLOSLTMS_0,QCIXJGYIIJDP,62591433_SXKPVCFE_TLOSLTMS_0_12,62591433_SXKPVCFE_TLOSLTMS_0,NKMWALUKREUN,0
62591433_SXKPVCFE_TLOSLTMS_0_13,62591433_SXKPVCFE_TLOSLTMS_0,QCIXJGYIIJDP,62591433_SXKPVCFE_TLOSLTMS_0_13,62591433_SXKPVCFE_TLOSLTMS_0,NKMWALUKREUN,0
62591433_SXKPVCFE_TLOSLTMS_0_14,62591433_SXKPVCFE_TLOSLTMS_0,QCIXJGYIIJDP,62591433_SXKPVCFE_TLOSLTMS_0_14,62591433_SXKPVCFE_TLOSLTMS_0,NKMWALUKREUN,0
62591433_SXKPVCFE_TLOSLTMS_0_15,62591433_SXKPVCFE_TLOSLTMS_0,QCIXJGYIIJDP,62591433_SXKPVCFE_TLOSLTMS_0_15,62591433_SXKPVCFE_TLOSLTMS_0,NKMWALUKREUN,0
62591433_SXKPVCFE_TLOSLTMS_0_16,62591433_SXKPVCFE_TLOSLTMS_0,QCIXJGYIIJDP,62591433_SXKPVCFE_TLOSLTMS_0_16,62591433_SXKPVCFE_TLOSLTMS_0,NKMWALUKREUN,0
62591433_SXKPVCFE_TLOSLTMS_0_17,62591433_SXKPVCFE_TLOSLTMS_0,QCIXJGYIIJDP,62591433_SXKPVCFE_TLOSLTMS_0_17,62591433_SXKPVCFE_TLOSLTMS_0,NKMWALUKREUN,0
62591433_SXKPVCFE_TLOSLTMS_0_18,62591433_SXKPVCFE_TLOSLTMS_0,QCIXJGYIIJDP,62591433_SXKPVCFE_TLOSLTMS_0_18,62591433_SXKPVCFE_TLOSLTMS_0,NKMWALUKREUN,0
62591433_SXKPVCFE_TLOSLTMS_0_19,62591433_SXKPVCFE_TLOSLTMS_0,QCIXJGYIIJDP,62591433_SXKPVCFE_TLOSLTMS_0_19,62591433_SXKPVCFE_TLOSLTMS_0,NKMWALUKREUN,0
62591433_SXKPVCFE_TLOSLTMS_0_20,62591433_SXKPVCFE_TLOSLTMS_0,QCIXJGYIIJDP,62591433_SXKPVCFE_TLOSLTMS_0_20,62591433_SXKPVCFE_TLOSLTMS_0,NKMWALUKREUN,0
62591433_SXKPVCFE_TLOSLTMS_0_21,62591433_SXKPVCFE_TLOSLTMS_0,QCIXJGYIIJDP,62591433_SXKPVCFE_TLOSLTMS_0_21,62591433_SXKPVCFE_TLOSLTMS_0,NKMWALUKREUN,0
62591433_SXKPVCFE_TLOSLTMS_0_22,62591433_SXKPVCFE_TLOSLTMS_0,QCIXJGYIIJDP,62591433_SXKPVCFE_TLOSLTMS_0_22,62591433_SXKPVCFE_TLOSLTMS_0,NKMWALUKREUN,0
62591433_SXKPVCFE_TLOSLTMS_0_23,62591433_SXKPVCFE_TLOSLTMS_0,QCIXJGYIIJDP,62591433_SXKPVCFE_TLOSLTMS_0_23,62591433_SXKPVCFE_TLOSLTMS_0,NKMWALUKREUN,0
82375114_BPORINGO_SXKPVCFE_0_0,82375114_BPORINGO_SXKPVCFE_0,TRGRJTNEAIEO,82375114_BPORINGO_SXKPVCFE_0_0,82375114_BPORINGO_SXKPVCFE_0,ZSGCCATIPCUH,0
82375114_BPORINGO_SXKPVCFE_0_1,82375114_BPORINGO_SXKPVCFE_0,TRGRJTNEAIEO,82375114_BPORINGO_SXKPVCFE_0_1,82375114_BPORINGO_SXKPVCFE_0,ZSGCCATIPCUH,0
82375114_BPORINGO_SXKPVCFE_0_2,82375114_BPORINGO_SXKPVCFE_0,TRGRJTNEAIEO,82375114_BPORINGO_SXKPVCFE_0_2,82375114_BPORINGO_SXKPVCFE_0,ZSGCCATIPCUH,0
82375114_BPORINGO_SXKPVCFE_0_3,82375114_BPORINGO_SXKPVCFE_0,TRGRJTNEAIEO,82375114_BPORINGO_SXKPVCFE_0_3,82375114_BPORINGO_SXKPVCFE_0,ZSGCCATIPCUH,0
82375114_BPORINGO_SXKPVCFE_0_4,82375114_BPORINGO_SXKPVCFE_0,TRGRJTNEAIEO,82375114_BPORINGO_SXKPVCFE_0_4,82375114_BPORINGO_SXKPVCFE_0,ZSGCCATIPCUH,0
82375114_BPORINGO_SXKPVCFE_0_5,82375114_BPORINGO_SXKPVCFE_0,TRGRJTNEAIEO,82375114_BPORINGO_SXKPVCFE_0_5,82375114_BPORINGO_SXKPVCFE_0,ZSGCCATIPCUH,0
82375114_BPORINGO_SXKPVCFE_0_6,82375114_BPORINGO_SXKPVCFE_0,TRGRJTNEAIEO,82375114_BPORINGO_SXKPVCFE_0_6,82375114_BPORINGO_SXKPVCFE_0,ZSGCCATIPCUH,0
82375114_BPORINGO_SXKPVCFE_0_7,82375114_BPORINGO_SXKPVCFE_0,TRGRJTNEAIEO,82375114_BPORINGO_SXKPVCFE_0_7,82375114_BPORINGO_SXKPVCFE_0,ZSGCCATIPCUH,0
82375114_BPORINGO_SXKPVCFE_0_8,82375114_BPORINGO_SXKPVCFE_0,TRGRJTNEAIEO,82375114_BPORINGO_SXKPVCFE_0_8,82375114_BPORINGO_SXKPVCFE_0,ZSGCCATIPCUH,0
82375114_BPORINGO_SXKPVCFE_0_9,82375114_BPORINGO_SXKPVCFE_0,TRGRJTNEAIEO,82375114_BPORINGO_SXKPVCFE_0_9,82375114_BPORINGO_SXKPVCFE_0,ZSGCCATIPCUH,0
82375114_BPORINGO_SXKPVCFE_0_10,82375114_BPORINGO_SXKPVCFE_0,TRGRJTNEAIEO,82375114_BPORINGO_SXKPVCFE_0_10,82375114_BPORINGO_SXKPVCFE_0,ZSGCCATIPCUH,0
82375114_BPORINGO_SXKPVCFE_0_11,82375114_BPORINGO_SXKPVCFE_0,TRGRJTNEAIEO,82375114_BPORINGO_SXKPVCFE_0_11,82375114_BPORINGO_SXKPVCFE_0,ZSGCCATIPCUH,0
82375114_BPORINGO_SXKPVCFE_0_12,82375114_BPORINGO_SXKPVCFE_0,TRGRJTNEAIEO,82375114_BPORINGO_SXKPVCFE_0_12,82375114_BPORINGO_SXKPVCFE_0,ZSGCCATIPCUH,0
82375114_BPORINGO_SXKPVCFE_0_13,82375114_BPORINGO_SXKPVCFE_0,TRGRJTNEAIEO,82375114_BPORINGO_SXKPVCFE_0_13,82375114_BPORINGO_SXKPVCFE_0,ZSGCCATIPCUH,0
82375114_BPORINGO_SXKPVCFE_0_14,82375114_BPORINGO_SXKPVCFE_0,TRGRJTNEAIEO,82375114_BPORINGO_SXKPVCFE_0_14,82375114_BPORINGO_SXKPVCFE_0,ZSGCCATIPCUH,0
82375114_BPORINGO_SXKPVCFE_0_15,82375114_BPORINGO_SXKPVCFE_0,TRGRJTNEAIEO,82375114_BPORINGO_SXKPVCFE_0_15,82375114_BPORINGO_SXKPVCFE_0,ZSGCCATIPCUH,1
82375114_BPORINGO_SXKPVCFE_0_16,82375114_BPORINGO_SXKPVCFE_0,TRGRJTNEAIEO,82375114_BPORINGO_SXKPVCFE_0_16,82375114_BPORINGO_SXKPVCFE_0,ZSGCCATIPCUH,0
82375114_BPORINGO_SXKPVCFE_0_17,82375114_BPORINGO_SXKPVCFE_0,TRGRJTNEAIEO,82375114_BPORINGO_SXKPVCFE_0_17,82375114_BPORINGO_SXKPVCFE_0,ZSGCCATIPCUH,0
82375114_BPORINGO_SXKPVCFE_0_18,82375114_BPORINGO_SXKPVCFE_0,TRGRJTNEAIEO,82375114_BPORINGO_SXKPVCFE_0_18,82375114_BPORINGO_SXKPVCFE_0,ZSGCCATIPCUH,0
82375114_BPORINGO_SXKPVCFE_0_19,82375114_BPORINGO_SXKPVCFE_0,TRGRJTNEAIEO,82375114_BPORINGO_SXKPVCFE_0_19,82375114_BPORINGO_SXKPVCFE_0,ZSGCCATIPCUH,0
82375114_BPORINGO_SXKPVCFE_0_20,82375114_BPORINGO_SXKPVCFE_0,TRGRJTNEAIEO,82375114_BPORINGO_SXKPVCFE_0_20,82375114_BPORINGO_SXKPVCFE_0,ZSGCCATIPCUH,0
82375114_BPORINGO_SXKPVCFE_0_21,82375114_BPORINGO_SXKPVCFE_0,TRGRJTNEAIEO,82375114_BPORINGO_SXKPVCFE_0_21,82375114_BPORINGO_SXKPVCFE_0,ZSGCCATIPCUH,0
82375114_BPORINGO_SXKPVCFE_0_22,82375114_BPORINGO_SXKPVCFE_0,TRGRJTNEAIEO,82375114_BPORINGO_SXKPVCFE_0_22,82375114_BPORINGO_SXKPVCFE_0,ZSGCCATIPCUH,0
82375114_BPORINGO_SXKPVCFE_0_23,82375114_BPORINGO_SXKPVCFE_0,TRGRJTNEAIEO,82375114_BPORINGO_SXKPVCFE_0_23,82375114_BPORINGO_SXKPVCFE_0,ZSGCCATIPCUH,0
82375114_BPORINGO_SXKPVCFE_0_24,82375114_BPORINGO_SXKPVCFE_0,TRGRJTNEAIEO,82375114_BPORINGO_SXKPVCFE_0_24,82375114_BPORINGO_SXKPVCFE_0,ZSGCCATIPCUH,0
82375114_BPORINGO_SXKPVCFE_0_25,82375114_BPORINGO_SXKPVCFE_0,TRGRJTNEAIEO,82375114_BPORINGO_SXKPVCFE_0_25,82375114_BPORINGO_SXKPVCFE_0,ZSGCCATIPCUH,0
82375114_BPORINGO_SXKPVCFE_0_26,82375114_BPORINGO_SXKPVCFE_0,TRGRJTNEAIEO,82375114_BPORINGO_SXKPVCFE_0_26,82375114_BPORINGO_SXKPVCFE_0,ZSGCCATIPCUH,0
82375114_BPORINGO_SXKPVCFE_0_27,82375114_BPORINGO_SXKPVCFE_0,TRGRJTNEAIEO,82375114_BPORINGO_SXKPVCFE_0_27,82375114_BPORINGO_SXKPVCFE_0,ZSGCCATIPCUH,0
82375114_BPORINGO_SXKPVCFE_0_28,82375114_BPORINGO_SXKPVCFE_0,TRGRJTNEAIEO,82375114_BPORINGO_SXKPVCFE_0_28,82375114_BPORINGO_SXKPVCFE_0,ZSGCCATIPCUH,0
82375114_BPORINGO_SXKPVCFE_0_29,82375114_BPORINGO_SXKPVCFE_0,TRGRJTNEAIEO,82375114_BPORINGO_SXKPVCFE_0_29,82375114_BPORINGO_SXKPVCFE_0,ZSGCCATIPCUH,0
82375114_BPORINGO_SXKPVCFE_0_30,82375114_BPORINGO_SXKPVCFE_0,TRGRJTNEAIEO,82375114_BPORINGO_SXKPVCFE_0_30,82375114_BPORINGO_SXKPVCFE_0,ZSGCCATIPCUH,0
82375114_BPORINGO_SXKPVCFE_0_31,82375114_BPORINGO_SXKPVCFE_0,TRGRJTNEAIEO,82375114_BPORINGO_SXKPVCFE_0_31,82375114_BPORINGO_SXKPVCFE_0,ZSGCCATIPCUH,0
82375114_BPORINGO_SXKPVCFE_0_32,82375114_BPORINGO_SXKPVCFE_0,TRGRJTNEAIEO,82375114_BPORINGO_SXKPVCFE_0_32,82375114_BPORINGO_SXKPVCFE_0,ZSGCCATIPCUH,0
82375114_BPORINGO_SXKPVCFE_0_33,82375114_BPORINGO_SXKPVCFE_0,TRGRJTNEAIEO,82375114_BPORINGO_SXKPVCFE_0_33,82375114_BPORINGO_SXKPVCFE_0,ZSGCCATIPCUH,0
82375114_BPORINGO_SXKPVCFE_0_34,82375114_BPORINGO_SXKPVCFE_0,TRGRJTNEAIEO,82375114_BPORINGO_SXKPVCFE_0_34,82375114_BPORINGO_SXKPVCFE_0,ZSGCCATIPCUH,0
82375114_BPORINGO_SXKPVCFE_0_35,82375114_BPORINGO_SXKPVCFE_0,TRGRJTNEAIEO,82375114_BPORINGO_SXKPVCFE_0_35,82375114_BPORINGO_SXKPVCFE_0,ZSGCCATIPCUH,0
82375114_BPORINGO_SXKPVCFE_0_36,82375114_BPORINGO_SXKPVCFE_0,TRGRJTNEAIEO,82375114_BPORINGO_SXKPVCFE_0_36,82375114_BPORINGO_SXKPVCFE_0,ZSGCCATIPCUH,0
82375114_BPORINGO_SXKPVCFE_0_37,82375114_BPORINGO_SXKPVCFE_0,TRGRJTNEAIEO,82375114_BPORINGO_SXKPVCFE_0_37,82375114_BPORINGO_SXKPVCFE_0,ZSGCCATIPCUH,0
82375114_BPORINGO_SXKPVCFE_0_38,82375114_BPORINGO_SXKPVCFE_0,TRGRJTNEAIEO,82375114_BPORINGO_SXKPVCFE_0_38,82375114_BPORINGO_SXKPVCFE_0,ZSGCCATIPCUH,0
82375114_BPORINGO_SXKPVCFE_0_39,82375114_BPORINGO_SXKPVCFE_0,TRGRJTNEAIEO,82375114_BPORINGO_SXKPVCFE_0_39,82375114_BPORINGO_SXKPVCFE_0,ZSGCCATIPCUH,0
82375114_BPORINGO_SXKPVCFE_0_40,82375114_BPORINGO_SXKPVCFE_0,TRGRJTNEAIEO,82375114_BPORINGO_SXKPVCFE_0_40,82375114_BPORINGO_SXKPVCFE_0,ZSGCCATIPCUH,0
82375114_BPORINGO_SXKPVCFE_0_41,82375114_BPORINGO_SXKPVCFE_0,TRGRJTNEAIEO,82375114_BPORINGO_SXKPVCFE_0_41,82375114_BPORINGO_SXKPVCFE_0,ZSGCCATIPCUH,0
82375114_BPORINGO_SXKPVCFE_0_42,82375114_BPORINGO_SXKPVCFE_0,TRGRJTNEAIEO,82375114_BPORINGO_SXKPVCFE_0_42,82375114_BPORINGO_SXKPVCFE_0,ZSGCCATIPCUH,0
82375114_BPORINGO_SXKPVCFE_0_43,82375114_BPORINGO_SXKPVCFE_0,TRGRJTNEAIEO,82375114_BPORINGO_SXKPVCFE_0_43,82375114_BPORINGO_SXKPVCFE_0,ZSGCCATIPCUH,0
82375114_BPORINGO_SXKPVCFE_0_44,82375114_BPORINGO_SXKPVCFE_0,TRGRJTNEAIEO,82375114_BPORINGO_SXKPVCFE_0_44,82375114_BPORINGO_SXKPVCFE_0,ZSGCCATIPCUH,0
82375114_BPORINGO_SXKPVCFE_0_45,82375114_BPORINGO_SXKPVCFE_0,TRGRJTNEAIEO,82375114_BPORINGO_SXKPVCFE_0_45,82375114_BPORINGO_SXKPVCFE_0,ZSGCCATIPCUH,0
82375114_BPORINGO_SXKPVCFE_0_46,82375114_BPORINGO_SXKPVCFE_0,TRGRJTNEAIEO,82375114_BPORINGO_SXKPVCFE_0_46,82375114_BPORINGO_SXKPVCFE_0,ZSGCCATIPCUH,0
82375114_BPORINGO_SXKPVCFE_0_47,82375114_BPORINGO_SXKPVCFE_0,TRGRJTNEAIEO,82375114_BPORINGO_SXKPVCFE_0_47,82375114_BPORINGO_SXKPVCFE_0,ZSGCCATIPCUH,0
82375114_BPORINGO_SXKPVCFE_0_48,82375114_BPORINGO_SXKPVCFE_0,TRGRJTNEAIEO,82375114_BPORINGO_SXKPVCFE_0_48,82375114_BPORINGO_SXKPVCFE_0,ZSGCCATIPCUH,0
82375114_BPORINGO_SXKPVCFE_0_49,82375114_BPORINGO_SXKPVCFE_0,TRGRJTNEAIEO,82375114_BPORINGO_SXKPVCFE_0_49,82375114_BPORINGO_SXKPVCFE_0,ZSGCCATIPCUH,0
82375114_BPORINGO_SXKPVCFE_0_50,82375114_BPORINGO_SXKPVCFE_0,TRGRJTNEAIEO,82375114_BPORINGO_SXKPVCFE_0_50,82375114_BPORINGO_SXKPVCFE_0,ZSGCCATIPCUH,0
82375114_BPORINGO_SXKPVCFE_0_51,82375114_BPORINGO_SXKPVCFE_0,TRGRJTNEAIEO,82375114_BPORINGO_SXKPVCFE_0_51,82375114_BPORINGO_SXKPVCFE_0,ZSGCCATIPCUH,0
82375114_BPORINGO_SXKPVCFE_0_52,82375114_BPORINGO_SXKPVCFE_0,TRGRJTNEAIEO,82375114_BPORINGO_SXKPVCFE_0_52,82375114_BPORINGO_SXKPVCFE_0,ZSGCCATIPCUH,0
82375114_BPORINGO_SXKPVCFE_0_53,82375114_BPORINGO_SXKPVCFE_0,TRGRJTNEAIEO,82375114_BPORINGO_SXKPVCFE_0_53,82375114_BPORINGO_SXKPVCFE_0,ZSGCCATIPCUH,0
82375114_BPORINGO_SXKPVCFE_0_54,82375114_BPORINGO_SXKPVCFE_0,TRGRJTNEAIEO,82375114_BPORINGO_SXKPVCFE_0_54,82375114_BPORINGO_SXKPVCFE_0,ZSGCCATIPCUH,0
82375114_BPORINGO_SXKPVCFE_0_55,82375114_BPORINGO_SXKPVCFE_0,TRGRJTNEAIEO,82375114_BPORINGO_SXKPVCFE_0_55,82375114_BPORINGO_SXKPVCFE_0,ZSGCCATIPCUH,0
82375114_BPORINGO_SXKPVCFE_0_56,82375114_BPORINGO_SXKPVCFE_0,TRGRJTNEAIEO,82375114_BPORINGO_SXKPVCFE_0_56,82375114_BPORINGO_SXKPVCFE_0,ZSGCCATIPCUH,0
82375114_BPORINGO_SXKPVCFE_0_57,82375114_BPORINGO_SXKPVCFE_0,TRGRJTNEAIEO,82375114_BPORINGO_SXKPVCFE_0_57,82375114_BPORINGO_SXKPVCFE_0,ZSGCCATIPCUH,0
82375114_BPORINGO_SXKPVCFE_0_58,82375114_BPORINGO_SXKPVCFE_0,TRGRJTNEAIEO,82375114_BPORINGO_SXKPVCFE_0_58,82375114_BPORINGO_SXKPVCFE_0,ZSGCCATIPCUH,0
26715580_DRXGSCTF_IQIICCGV_0_0,26715580_DRXGSCTF_IQIICCGV_0,EZOAIVNKIBFL,26715580_DRXGSCTF_IQIICCGV_0_0,26715580_DRXGSCTF_IQIICCGV_0,RFOGWHUUFHES,0
26715580_DRXGSCTF_IQIICCGV_0_1,26715580_DRXGSCTF_IQIICCGV_0,EZOAIVNKIBFL,26715580_DRXGSCTF_IQIICCGV_0_1,26715580_DRXGSCTF_IQIICCGV_0,RFOGWHUUFHES,0
26715580_DRXGSCTF_IQIICCGV_0_2,26715580_DRXGSCTF_IQIICCGV_0,EZOAIVNKIBFL,26715580_DRXGSCTF_IQIICCGV_0_2,26715580_DRXGSCTF_IQIICCGV_0,RFOGWHUUFHES,0
26715580_DRXGSCTF_IQIICCGV_0_3,26715580_DRXGSCTF_IQIICCGV_0,EZOAIVNKIBFL,26715580_DRXGSCTF_IQIICCGV_0_3,26715580_DRXGSCTF_IQIICCGV_0,RFOGWHUUFHES,0
37437623_SWIOJTSM_IQIICCGV_0_0,37437623_SWIOJTSM_IQIICCGV_0,NXGMNLYRIQVW,37437623_SWIOJTSM_IQIICCGV_0_0,37437623_SWIOJTSM_IQIICCGV_0,XNDNAMANQAUV,0
37437623_SWIOJTSM_IQIICCGV_0_1,37437623_SWIOJTSM_IQIICCGV_0,NXGMNLYRIQVW,37437623_SWIOJTSM_IQIICCGV_0_1,37437623_SWIOJTSM_IQIICCGV_0,XNDNAMANQAUV,0
37437623_SWIOJTSM_IQIICCGV_0_2,37437623_SWIOJTSM_IQIICCGV_0,NXGMNLYRIQVW,37437623_SWIOJTSM_IQIICCGV_0_2,37437623_SWIOJTSM_IQIICCGV_0,XNDNAMANQAUV,0
37437623_SWIOJTSM_IQIICCGV_0_3,37437623_SWIOJTSM_IQIICCGV_0,NXGMNLYRIQVW,37437623_SWIOJTSM_IQIICCGV_0_3,37437623_SWIOJTSM_IQIICCGV_0,XNDNAMANQAUV,0
37437623_SWIOJTSM_IQIICCGV_0_4,37437623_SWIOJTSM_IQIICCGV_0,NXGMNLYRIQVW,37437623_SWIOJTSM_IQIICCGV_0_4,37437623_SWIOJTSM_IQIICCGV_0,XNDNAMANQAUV,0
37437623_SWIOJTSM_IQIICCGV_0_5,37437623_SWIOJTSM_IQIICCGV_0,NXGMNLYRIQVW,37437623_SWIOJTSM_IQIICCGV_0_5,37437623_SWIOJTSM_IQIICCGV_0,XNDNAMANQAUV,0
37437623_SWIOJTSM_IQIICCGV_0_6,37437623_SWIOJTSM_IQIICCGV_0,NXGMNLYRIQVW,37437623_SWIOJTSM_IQIICCGV_0_6,37437623_SWIOJTSM_IQIICCGV_0,XNDNAMANQAUV,1
37437623_SWIOJTSM_IQIICCGV_0_7,37437623_SWIOJTSM_IQIICCGV_0,NXGMNLYRIQVW,37437623_SWIOJTSM_IQIICCGV_0_7,37437623_SWIOJTSM_IQIICCGV_0,XNDNAMANQAUV,1
37437623_SWIOJTSM_IQIICCGV_0_8,37437623_SWIOJTSM_IQIICCGV_0,NXGMNLYRIQVW,37437623_SWIOJTSM_IQIICCGV_0_8,37437623_SWIOJTSM_IQIICCGV_0,XNDNAMANQAUV,0
37437623_SWIOJTSM_IQIICCGV_0_9,37437623_SWIOJTSM_IQIICCGV_0,NXGMNLYRIQVW,37437623_SWIOJTSM_IQIICCGV_0_9,37437623_SWIOJTSM_IQIICCGV_0,XNDNAMANQAUV,0
37437623_SWIOJTSM_IQIICCGV_0_10,37437623_SWIOJTSM_IQIICCGV_0,NXGMNLYRIQVW,37437623_SWIOJTSM_IQIICCGV_0_10,37437623_SWIOJTSM_IQIICCGV_0,XNDNAMANQAUV,0
37437623_SWIOJTSM_IQIICCGV_0_11,37437623_SWIOJTSM_IQIICCGV_0,NXGMNLYRIQVW,37437623_SWIOJTSM_IQIICCGV_0_11,37437623_SWIOJTSM_IQIICCGV_0,XNDNAMANQAUV,0
37437623_SWIOJTSM_IQIICCGV_0_12,37437623_SWIOJTSM_IQIICCGV_0,NXGMNLYRIQVW,37437623_SWIOJTSM_IQIICCGV_0_12,37437623_SWIOJTSM_IQIICCGV_0,XNDNAMANQAUV,0
37437623_SWIOJTSM_IQIICCGV_0_13,37437623_SWIOJTSM_IQIICCGV_0,NXGMNLYRIQVW,37437623_SWIOJTSM_IQIICCGV_0_13,37437623_SWIOJTSM_IQIICCGV_0,XNDNAMANQAUV,1
37437623_SWIOJTSM_IQIICCGV_0_14,37437623_SWIOJTSM_IQIICCGV_0,NXGMNLYRIQVW,37437623_SWIOJTSM_IQIICCGV_0_14,37437623_SWIOJTSM_IQIICCGV_0,XNDNAMANQAUV,0
37437623_SWIOJTSM_IQIICCGV_0_15,37437623_SWIOJTSM_IQIICCGV_0,NXGMNLYRIQVW,37437623_SWIOJTSM_IQIICCGV_0_15,37437623_SWIOJTSM_IQIICCGV_0,XNDNAMANQAUV,1
37437623_SWIOJTSM_IQIICCGV_0_16,37437623_SWIOJTSM_IQIICCGV_0,NXGMNLYRIQVW,37437623_SWIOJTSM_IQIICCGV_0_16,37437623_SWIOJTSM_IQIICCGV_0,XNDNAMANQAUV,0
37437623_SWIOJTSM_IQIICCGV_0_17,37437623_SWIOJTSM_IQIICCGV_0,NXGMNLYRIQVW,37437623_SWIOJTSM_IQIICCGV_0_17,37437623_SWIOJTSM_IQIICCGV_0,XNDNAMANQAUV,0
37437623_SWIOJTSM_IQIICCGV_0_18,37437623_SWIOJTSM_IQIICCGV_0,NXGMNLYRIQVW,37437623_SWIOJTSM_IQIICCGV_0_18,37437623_SWIOJTSM_IQIICCGV_0,XNDNAMANQAUV,0
37437623_IQIICCGV_DRXGSCTF_0_0,37437623_IQIICCGV_DRXGSCTF_0,NXGMNLYRIQVW,37437623_IQIICCGV_DRXGSCTF_0_0,37437623_IQIICCGV_DRXGSCTF_0,XNDNAMANQAUV,0
37437623_IQIICCGV_DRXGSCTF_0_1,37437623_IQIICCGV_DRXGSCTF_0,NXGMNLYRIQVW,37437623_IQIICCGV_DRXGSCTF_0_1,37437623_IQIICCGV_DRXGSCTF_0,XNDNAMANQAUV,0
37437623_IQIICCGV_DRXGSCTF_0_2,37437623_IQIICCGV_DRXGSCTF_0,NXGMNLYRIQVW,37437623_IQIICCGV_DRXGSCTF_0_2,37437623_IQIICCGV_DRXGSCTF_0,XNDNAMANQAUV,0
93406121_DRXGSCTF_IQIICCGV_0_0,93406121_DRXGSCTF_IQIICCGV_0,PCNWRAPTSPEE,93406121_DRXGSCTF_IQIICCGV_0_0,93406121_DRXGSCTF_IQIICCGV_0,CBTLAJAQTQRW,1
93406121_DRXGSCTF_IQIICCGV_0_1,93406121_DRXGSCTF_IQIICCGV_0,PCNWRAPTSPEE,93406121_DRXGSCTF_IQIICCGV_0_1,93406121_DRXGSCTF_IQIICCGV_0,CBTLAJAQTQRW,1
93406121_DRXGSCTF_IQIICCGV_0_2,93406121_DRXGSCTF_IQIICCGV_0,PCNWRAPTSPEE,93406121_DRXGSCTF_IQIICCGV_0_2,93406121_DRXGSCTF_IQIICCGV_0,CBTLAJAQTQRW,1
93406121_DRXGSCTF_IQIICCGV_0_3,93406121_DRXGSCTF_IQIICCGV_0,PCNWRAPTSPEE,93406121_DRXGSCTF_IQIICCGV_0_3,93406121_DRXGSCTF_IQIICCGV_0,CBTLAJAQTQRW,1
12339577_IQIICCGV_DRXGSCTF_0_0,12339577_IQIICCGV_DRXGSCTF_0,TBLAQSLPIYUR,12339577_IQIICCGV_DRXGSCTF_0_0,12339577_IQIICCGV_DRXGSCTF_0,MZDBZRZSDTSH,0
12339577_IQIICCGV_DRXGSCTF_0_1,12339577_IQIICCGV_DRXGSCTF_0,TBLAQSLPIYUR,12339577_IQIICCGV_DRXGSCTF_0_1,12339577_IQIICCGV_DRXGSCTF_0,MZDBZRZSDTSH,0
12339577_IQIICCGV_DRXGSCTF_0_2,12339577_IQIICCGV_DRXGSCTF_0,TBLAQSLPIYUR,12339577_IQIICCGV_DRXGSCTF_0_2,12339577_IQIICCGV_DRXGSCTF_0,MZDBZRZSDTSH,0
12339577_IQIICCGV_DRXGSCTF_0_3,12339577_IQIICCGV_DRXGSCTF_0,TBLAQSLPIYUR,12339577_IQIICCGV_DRXGSCTF_0_3,12339577_IQIICCGV_DRXGSCTF_0,MZDBZRZSDTSH,0
12339577_DRXGSCTF_RWGIMNJG_0_0,12339577_DRXGSCTF_RWGIMNJG_0,TBLAQSLPIYUR,12339577_DRXGSCTF_RWGIMNJG_0_0,12339577_DRXGSCTF_RWGIMNJG_0,MZDBZRZSDTSH,0
12339577_DRXGSCTF_RWGIMNJG_0_1,12339577_DRXGSCTF_RWGIMNJG_0,TBLAQSLPIYUR,12339577_DRXGSCTF_RWGIMNJG_0_1,12339577_DRXGSCTF_RWGIMNJG_0,MZDBZRZSDTSH,0
12339577_DRXGSCTF_RWGIMNJG_0_2,12339577_DRXGSCTF_RWGIMNJG_0,TBLAQSLPIYUR,12339577_DRXGSCTF_RWGIMNJG_0_2,12339577_DRXGSCTF_RWGIMNJG_0,MZDBZRZSDTSH,0
12339577_DRXGSCTF_RWGIMNJG_0_3,12339577_DRXGSCTF_RWGIMNJG_0,TBLAQSLPIYUR,12339577_DRXGSCTF_RWGIMNJG_0_3,12339577_DRXGSCTF_RWGIMNJG_0,MZDBZRZSDTSH,0
12339577_DRXGSCTF_RWGIMNJG_0_4,12339577_DRXGSCTF_RWGIMNJG_0,TBLAQSLPIYUR,12339577_DRXGSCTF_RWGIMNJG_0_4,12339577_DRXGSCTF_RWGIMNJG_0,MZDBZRZSDTSH,0
12339577_DRXGSCTF_RWGIMNJG_0_5,12339577_DRXGSCTF_RWGIMNJG_0,TBLAQSLPIYUR,12339577_DRXGSCTF_RWGIMNJG_0_5,12339577_DRXGSCTF_RWGIMNJG_0,MZDBZRZSDTSH,0
12339577_DRXGSCTF_RWGIMNJG_0_6,12339577_DRXGSCTF_RWGIMNJG_0,TBLAQSLPIYUR,12339577_DRXGSCTF_RWGIMNJG_0_6,12339577_DRXGSCTF_RWGIMNJG_0,MZDBZRZSDTSH,0
12339577_DRXGSCTF_RWGIMNJG_0_7,12339577_DRXGSCTF_RWGIMNJG_0,TBLAQSLPIYUR,12339577_DRXGSCTF_RWGIMNJG_0_7,12339577_DRXGSCTF_RWGIMNJG_0,MZDBZRZSDTSH,0
67167616_PQAQMNEW_NZKIUDON_0_0,67167616_PQAQMNEW_NZKIUDON_0,HFATHXAJGNQN,67167616_PQAQMNEW_NZKIUDON_0_0,67167616_PQAQMNEW_NZKIUDON_0,FDPVJIPSROKA,1
67167616_PQAQMNEW_NZKIUDON_0_1,67167616_PQAQMNEW_NZKIUDON_0,HFATHXAJGNQN,67167616_PQAQMNEW_NZKIUDON_0_1,67167616_PQAQMNEW_NZKIUDON_0,FDPVJIPSROKA,0
67167616_PQAQMNEW_NZKIUDON_0_2,67167616_PQAQMNEW_NZKIUDON_0,HFATHXAJGNQN,67167616_PQAQMNEW_NZKIUDON_0_2,67167616_PQAQMNEW_NZKIUDON_0,FDPVJIPSROKA,0
67167616_PQAQMNEW_NZKIUDON_0_3,67167616_PQAQMNEW_NZKIUDON_0,HFATHXAJGNQN,67167616_PQAQMNEW_NZKIUDON_0_3,67167616_PQAQMNEW_NZKIUDON_0,FDPVJIPSROKA,0
67167616_PQAQMNEW_NZKIUDON_0_4,67167616_PQAQMNEW_NZKIUDON_0,HFATHXAJGNQN,67167616_PQAQMNEW_NZKIUDON_0_4,67167616_PQAQMNEW_NZKIUDON_0,FDPVJIPSROKA,0
67167616_PQAQMNEW_NZKIUDON_0_5,67167616_PQAQMNEW_NZKIUDON_0,HFATHXAJGNQN,67167616_PQAQMNEW_NZKIUDON_0_5,67167616_PQAQMNEW_NZKIUDON_0,FDPVJIPSROKA,0
67167616_PQAQMNEW_NZKIUDON_0_6,67167616_PQAQMNEW_NZKIUDON_0,HFATHXAJGNQN,67167616_PQAQMNEW_NZKIUDON_0_6,67167616_PQAQMNEW_NZKIUDON_0,FDPVJIPSROKA,0
67167616_PQAQMNEW_NZKIUDON_0_7,67167616_PQAQMNEW_NZKIUDON_0,HFATHXAJGNQN,67167616_PQAQMNEW_NZKIUDON_0_7,67167616_PQAQMNEW_NZKIUDON_0,FDPVJIPSROKA,0
67167616_PQAQMNEW_NZKIUDON_0_8,67167616_PQAQMNEW_NZKIUDON_0,HFATHXAJGNQN,67167616_PQAQMNEW_NZKIUDON_0_8,67167616_PQAQMNEW_NZKIUDON_0,FDPVJIPSROKA,0
67167616_PQAQMNEW_NZKIUDON_0_9,67167616_PQAQMNEW_NZKIUDON_0,HFATHXAJGNQN,67167616_PQAQMNEW_NZKIUDON_0_9,67167616_PQAQMNEW_NZKIUDON_0,FDPVJIPSROKA,0
67167616_PQAQMNEW_NZKIUDON_0_10,67167616_PQAQMNEW_NZKIUDON_0,HFATHXAJGNQN,67167616_PQAQMNEW_NZKIUDON_0_10,67167616_PQAQMNEW_NZKIUDON_0,FDPVJIPSROKA,0
67167616_PQAQMNEW_NZKIUDON_0_11,67167616_PQAQMNEW_NZKIUDON_0,HFATHXAJGNQN,67167616_PQAQMNEW_NZKIUDON_0_11,67167616_PQAQMNEW_NZKIUDON_0,FDPVJIPSROKA,0
67167616_PQAQMNEW_NZKIUDON_0_12,67167616_PQAQMNEW_NZKIUDON_0,HFATHXAJGNQN,67167616_PQAQMNEW_NZKIUDON_0_12,67167616_PQAQMNEW_NZKIUDON_0,FDPVJIPSROKA,0
67167616_PQAQMNEW_NZKIUDON_0_13,67167616_PQAQMNEW_NZKIUDON_0,HFATHXAJGNQN,67167616_PQAQMNEW_NZKIUDON_0_13,67167616_PQAQMNEW_NZKIUDON_0,FDPVJIPSROKA,0
67167616_PQAQMNEW_NZKIUDON_0_14,67167616_PQAQMNEW_NZKIUDON_0,HFATHXAJGNQN,67167616_PQAQMNEW_NZKIUDON_0_14,67167616_PQAQMNEW_NZKIUDON_0,FDPVJIPSROKA,0
67167616_PQAQMNEW_NZKIUDON_0_15,67167616_PQAQMNEW_NZKIUDON_0,HFATHXAJGNQN,67167616_PQAQMNEW_NZKIUDON_0_15,67167616_PQAQMNEW_NZKIUDON_0,FDPVJIPSROKA,0
67167616_PQAQMNEW_NZKIUDON_0_16,67167616_PQAQMNEW_NZKIUDON_0,HFATHXAJGNQN,67167616_PQAQMNEW_NZKIUDON_0_16,67167616_PQAQMNEW_NZKIUDON_0,FDPVJIPSROKA,0
67167616_PQAQMNEW_NZKIUDON_0_17,67167616_PQAQMNEW_NZKIUDON_0,HFATHXAJGNQN,67167616_PQAQMNEW_NZKIUDON_0_17,67167616_PQAQMNEW_NZKIUDON_0,FDPVJIPSROKA,1
67167616_PQAQMNEW_NZKIUDON_0_18,67167616_PQAQMNEW_NZKIUDON_0,HFATHXAJGNQN,67167616_PQAQMNEW_NZKIUDON_0_18,67167616_PQAQMNEW_NZKIUDON_0,FDPVJIPSROKA,1
67167616_PQAQMNEW_NZKIUDON_0_19,67167616_PQAQMNEW_NZKIUDON_0,HFATHXAJGNQN,67167616_PQAQMNEW_NZKIUDON_0_19,67167616_PQAQMNEW_NZKIUDON_0,FDPVJIPSROKA,1
67167616_PQAQMNEW_NZKIUDON_0_20,67167616_PQAQMNEW_NZKIUDON_0,HFATHXAJGNQN,67167616_PQAQMNEW_NZKIUDON_0_20,67167616_PQAQMNEW_NZKIUDON_0,FDPVJIPSROKA,0
67167616_PQAQMNEW_NZKIUDON_0_21,67167616_PQAQMNEW_NZKIUDON_0,HFATHXAJGNQN,67167616_PQAQMNEW_NZKIUDON_0_21,67167616_PQAQMNEW_NZKIUDON_0,FDPVJIPSROKA,0
67167616_PQAQMNEW_NZKIUDON_0_22,67167616_PQAQMNEW_NZKIUDON_0,HFATHXAJGNQN,67167616_PQAQMNEW_NZKIUDON_0_22,67167616_PQAQMNEW_NZKIUDON_0,FDPVJIPSROKA,0
67167616_PQAQMNEW_NZKIUDON_0_23,67167616_PQAQMNEW_NZKIUDON_0,HFATHXAJGNQN,67167616_PQAQMNEW_NZKIUDON_0_23,67167616_PQAQMNEW_NZKIUDON_0,FDPVJIPSROKA,0
67167616_PQAQMNEW_NZKIUDON_0_24,67167616_PQAQMNEW_NZKIUDON_0,HFATHXAJGNQN,67167616_PQAQMNEW_NZKIUDON_0_24,67167616_PQAQMNEW_NZKIUDON_0,FDPVJIPSROKA,0
67167616_PQAQMNEW_NZKIUDON_0_25,67167616_PQAQMNEW_NZKIUDON_0,HFATHXAJGNQN,67167616_PQAQMNEW_NZKIUDON_0_25,67167616_PQAQMNEW_NZKIUDON_0,FDPVJIPSROKA,0
67167616_PQAQMNEW_NZKIUDON_0_26,67167616_PQAQMNEW_NZKIUDON_0,HFATHXAJGNQN,67167616_PQAQMNEW_NZKIUDON_0_26,67167616_PQAQMNEW_NZKIUDON_0,FDPVJIPSROKA,0
67167616_PQAQMNEW_NZKIUDON_0_27,67167616_PQAQMNEW_NZKIUDON_0,HFATHXAJGNQN,67167616_PQAQMNEW_NZKIUDON_0_27,67167616_PQAQMNEW_NZKIUDON_0,FDPVJIPSROKA,0
67167616_PQAQMNEW_NZKIUDON_0_28,67167616_PQAQMNEW_NZKIUDON_0,HFATHXAJGNQN,67167616_PQAQMNEW_NZKIUDON_0_28,67167616_PQAQMNEW_NZKIUDON_0,FDPVJIPSROKA,1
67167616_PQAQMNEW_NZKIUDON_0_29,67167616_PQAQMNEW_NZKIUDON_0,HFATHXAJGNQN,67167616_PQAQMNEW_NZKIUDON_0_29,67167616_PQAQMNEW_NZKIUDON_0,FDPVJIPSROKA,1
67167616_PQAQMNEW_NZKIUDON_0_30,67167616_PQAQMNEW_NZKIUDON_0,HFATHXAJGNQN,67167616_PQAQMNEW_NZKIUDON_0_30,67167616_PQAQMNEW_NZKIUDON_0,FDPVJIPSROKA,0
67167616_PQAQMNEW_NZKIUDON_0_31,67167616_PQAQMNEW_NZKIUDON_0,HFATHXAJGNQN,67167616_PQAQMNEW_NZKIUDON_0_31,67167616_PQAQMNEW_NZKIUDON_0,FDPVJIPSROKA,0
67167616_PQAQMNEW_NZKIUDON_0_32,67167616_PQAQMNEW_NZKIUDON_0,HFATHXAJGNQN,67167616_PQAQMNEW_NZKIUDON_0_32,67167616_PQAQMNEW_NZKIUDON_0,FDPVJIPSROKA,0
67167616_PQAQMNEW_NZKIUDON_0_33,67167616_PQAQMNEW_NZKIUDON_0,HFATHXAJGNQN,67167616_PQAQMNEW_NZKIUDON_0_33,67167616_PQAQMNEW_NZKIUDON_0,FDPVJIPSROKA,0
67167616_PQAQMNEW_NZKIUDON_0_34,67167616_PQAQMNEW_NZKIUDON_0,HFATHXAJGNQN,67167616_PQAQMNEW_NZKIUDON_0_34,67167616_PQAQMNEW_NZKIUDON_0,FDPVJIPSROKA,0
67167616_PQAQMNEW_NZKIUDON_0_35,67167616_PQAQMNEW_NZKIUDON_0,HFATHXAJGNQN,67167616_PQAQMNEW_NZKIUDON_0_35,67167616_PQAQMNEW_NZKIUDON_0,FDPVJIPSROKA,0
67167616_PQAQMNEW_NZKIUDON_0_36,67167616_PQAQMNEW_NZKIUDON_0,HFATHXAJGNQN,67167616_PQAQMNEW_NZKIUDON_0_36,67167616_PQAQMNEW_NZKIUDON_0,FDPVJIPSROKA,0
67167616_PQAQMNEW_NZKIUDON_0_37,67167616_PQAQMNEW_NZKIUDON_0,HFATHXAJGNQN,67167616_PQAQMNEW_NZKIUDON_0_37,67167616_PQAQMNEW_NZKIUDON_0,FDPVJIPSROKA,1
67167616_PQAQMNEW_NZKIUDON_0_38,67167616_PQAQMNEW_NZKIUDON_0,HFATHXAJGNQN,67167616_PQAQMNEW_NZKIUDON_0_38,67167616_PQAQMNEW_NZKIUDON_0,FDPVJIPSROKA,0
67167616_PQAQMNEW_NZKIUDON_0_39,67167616_PQAQMNEW_NZKIUDON_0,HFATHXAJGNQN,67167616_PQAQMNEW_NZKIUDON_0_39,67167616_PQAQMNEW_NZKIUDON_0,FDPVJIPSROKA,0
67167616_PQAQMNEW_NZKIUDON_0_40,67167616_PQAQMNEW_NZKIUDON_0,HFATHXAJGNQN,67167616_PQAQMNEW_NZKIUDON_0_40,67167616_PQAQMNEW_NZKIUDON_0,FDPVJIPSROKA,0
67167616_PQAQMNEW_NZKIUDON_0_41,67167616_PQAQMNEW_NZKIUDON_0,HFATHXAJGNQN,67167616_PQAQMNEW_NZKIUDON_0_41,67167616_PQAQMNEW_NZKIUDON_0,FDPVJIPSROKA,0
67167616_PQAQMNEW_NZKIUDON_0_42,67167616_PQAQMNEW_NZKIUDON_0,HFATHXAJGNQN,67167616_PQAQMNEW_NZKIUDON_0_42,67167616_PQAQMNEW_NZKIUDON_0,FDPVJIPSROKA,0
67167616_PQAQMNEW_NZKIUDON_0_43,67167616_PQAQMNEW_NZKIUDON_0,HFATHXAJGNQN,67167616_PQAQMNEW_NZKIUDON_0_43,67167616_PQAQMNEW_NZKIUDON_0,FDPVJIPSROKA,0
67167616_PQAQMNEW_NZKIUDON_0_44,67167616_PQAQMNEW_NZKIUDON_0,HFATHXAJGNQN,67167616_PQAQMNEW_NZKIUDON_0_44,67167616_PQAQMNEW_NZKIUDON_0,FDPVJIPSROKA,0
67167616_PQAQMNEW_NZKIUDON_0_45,67167616_PQAQMNEW_NZKIUDON_0,HFATHXAJGNQN,67167616_PQAQMNEW_NZKIUDON_0_45,67167616_PQAQMNEW_NZKIUDON_0,FDPVJIPSROKA,0
67167616_PQAQMNEW_NZKIUDON_0_46,67167616_PQAQMNEW_NZKIUDON_0,HFATHXAJGNQN,67167616_PQAQMNEW_NZKIUDON_0_46,67167616_PQAQMNEW_NZKIUDON_0,FDPVJIPSROKA,0
67167616_PQAQMNEW_NZKIUDON_0_47,67167616_PQAQMNEW_NZKIUDON_0,HFATHXAJGNQN,67167616_PQAQMNEW_NZKIUDON_0_47,67167616_PQAQMNEW_NZKIUDON_0,FDPVJIPSROKA,0
67167616_PQAQMNEW_NZKIUDON_0_48,67167616_PQAQMNEW_NZKIUDON_0,HFATHXAJGNQN,67167616_PQAQMNEW_NZKIUDON_0_48,67167616_PQAQMNEW_NZKIUDON_0,FDPVJIPSROKA,0
67167616_PQAQMNEW_NZKIUDON_0_49,67167616_PQAQMNEW_NZKIUDON_0,HFATHXAJGNQN,67167616_PQAQMNEW_NZKIUDON_0_49,67167616_PQAQMNEW_NZKIUDON_0,FDPVJIPSROKA,0
67167616_PQAQMNEW_NZKIUDON_0_50,67167616_PQAQMNEW_NZKIUDON_0,HFATHXAJGNQN,67167616_PQAQMNEW_NZKIUDON_0_50,67167616_PQAQMNEW_NZKIUDON_0,FDPVJIPSROKA,0
67167616_PQAQMNEW_NZKIUDON_0_51,67167616_PQAQMNEW_NZKIUDON_0,HFATHXAJGNQN,67167616_PQAQMNEW_NZKIUDON_0_51,67167616_PQAQMNEW_NZKIUDON_0,FDPVJIPSROKA,0
67167616_PQAQMNEW_NZKIUDON_0_52,67167616_PQAQMNEW_NZKIUDON_0,HFATHXAJGNQN,67167616_PQAQMNEW_NZKIUDON_0_52,67167616_PQAQMNEW_NZKIUDON_0,FDPVJIPSROKA,0
67167616_PQAQMNEW_NZKIUDON_0_53,67167616_PQAQMNEW_NZKIUDON_0,HFATHXAJGNQN,67167616_PQAQMNEW_NZKIUDON_0_53,67167616_PQAQMNEW_NZKIUDON_0,FDPVJIPSROKA,0
67167616_PQAQMNEW_NZKIUDON_0_54,67167616_PQAQMNEW_NZKIUDON_0,HFATHXAJGNQN,67167616_PQAQMNEW_NZKIUDON_0_54,67167616_PQAQMNEW_NZKIUDON_0,FDPVJIPSROKA,0
67167616_PQAQMNEW_NZKIUDON_0_55,67167616_PQAQMNEW_NZKIUDON_0,HFATHXAJGNQN,67167616_PQAQMNEW_NZKIUDON_0_55,67167616_PQAQMNEW_NZKIUDON_0,FDPVJIPSROKA,0
67167616_PQAQMNEW_NZKIUDON_0_56,67167616_PQAQMNEW_NZKIUDON_0,HFATHXAJGNQN,67167616_PQAQMNEW_NZKIUDON_0_56,67167616_PQAQMNEW_NZKIUDON_0,FDPVJIPSROKA,0
67167616_PQAQMNEW_NZKIUDON_0_57,67167616_PQAQMNEW_NZKIUDON_0,HFATHXAJGNQN,67167616_PQAQMNEW_NZKIUDON_0_57,67167616_PQAQMNEW_NZKIUDON_0,FDPVJIPSROKA,0
67167616_PQAQMNEW_NZKIUDON_0_58,67167616_PQAQMNEW_NZKIUDON_0,HFATHXAJGNQN,67167616_PQAQMNEW_NZKIUDON_0_58,67167616_PQAQMNEW_NZKIUDON_0,FDPVJIPSROKA,0
67167616_PQAQMNEW_NZKIUDON_0_59,67167616_PQAQMNEW_NZKIUDON_0,HFATHXAJGNQN,67167616_PQAQMNEW_NZKIUDON_0_59,67167616_PQAQMNEW_NZKIUDON_0,FDPVJIPSROKA,0
67167616_PQAQMNEW_NZKIUDON_0_60,67167616_PQAQMNEW_NZKIUDON_0,HFATHXAJGNQN,67167616_PQAQMNEW_NZKIUDON_0_60,67167616_PQAQMNEW_NZKIUDON_0,FDPVJIPSROKA,0
67167616_PQAQMNEW_NZKIUDON_0_61,67167616_PQAQMNEW_NZKIUDON_0,HFATHXAJGNQN,67167616_PQAQMNEW_NZKIUDON_0_61,67167616_PQAQMNEW_NZKIUDON_0,FDPVJIPSROKA,0
67167616_PQAQMNEW_NZKIUDON_0_62,67167616_PQAQMNEW_NZKIUDON_0,HFATHXAJGNQN,67167616_PQAQMNEW_NZKIUDON_0_62,67167616_PQAQMNEW_NZKIUDON_0,FDPVJIPSROKA,0
67167616_PQAQMNEW_NZKIUDON_0_63,67167616_PQAQMNEW_NZKIUDON_0,HFATHXAJGNQN,67167616_PQAQMNEW_NZKIUDON_0_63,67167616_PQAQMNEW_NZKIUDON_0,FDPVJIPSROKA,0
67167616_PQAQMNEW_NZKIUDON_0_64,67167616_PQAQMNEW_NZKIUDON_0,HFATHXAJGNQN,67167616_PQAQMNEW_NZKIUDON_0_64,67167616_PQAQMNEW_NZKIUDON_0,FDPVJIPSROKA,0
67167616_PQAQMNEW_NZKIUDON_0_65,67167616_PQAQMNEW_NZKIUDON_0,HFATHXAJGNQN,67167616_PQAQMNEW_NZKIUDON_0_65,67167616_PQAQMNEW_NZKIUDON_0,FDPVJIPSROKA,0
67167616_PQAQMNEW_NZKIUDON_0_66,67167616_PQAQMNEW_NZKIUDON_0,HFATHXAJGNQN,67167616_PQAQMNEW_NZKIUDON_0_66,67167616_PQAQMNEW_NZKIUDON_0,FDPVJIPSROKA,0
67167616_PQAQMNEW_NZKIUDON_0_67,67167616_PQAQMNEW_NZKIUDON_0,HFATHXAJGNQN,67167616_PQAQMNEW_NZKIUDON_0_67,67167616_PQAQMNEW_NZKIUDON_0,FDPVJIPSROKA,0
67167616_PQAQMNEW_NZKIUDON_0_68,67167616_PQAQMNEW_NZKIUDON_0,HFATHXAJGNQN,67167616_PQAQMNEW_NZKIUDON_0_68,67167616_PQAQMNEW_NZKIUDON_0,FDPVJIPSROKA,0
67167616_PQAQMNEW_NZKIUDON_0_69,67167616_PQAQMNEW_NZKIUDON_0,HFATHXAJGNQN,67167616_PQAQMNEW_NZKIUDON_0_69,67167616_PQAQMNEW_NZKIUDON_0,FDPVJIPSROKA,0
67167616_PQAQMNEW_NZKIUDON_0_70,67167616_PQAQMNEW_NZKIUDON_0,HFATHXAJGNQN,67167616_PQAQMNEW_NZKIUDON_0_70,67167616_PQAQMNEW_NZKIUDON_0,FDPVJIPSROKA,0
67167616_PQAQMNEW_NZKIUDON_0_71,67167616_PQAQMNEW_NZKIUDON_0,HFATHXAJGNQN,67167616_PQAQMNEW_NZKIUDON_0_71,67167616_PQAQMNEW_NZKIUDON_0,FDPVJIPSROKA,0
67167616_PQAQMNEW_NZKIUDON_0_72,67167616_PQAQMNEW_NZKIUDON_0,HFATHXAJGNQN,67167616_PQAQMNEW_NZKIUDON_0_72,67167616_PQAQMNEW_NZKIUDON_0,FDPVJIPSROKA,0
67167616_PQAQMNEW_NZKIUDON_0_73,67167616_PQAQMNEW_NZKIUDON_0,HFATHXAJGNQN,67167616_PQAQMNEW_NZKIUDON_0_73,67167616_PQAQMNEW_NZKIUDON_0,FDPVJIPSROKA,0
67167616_PQAQMNEW_NZKIUDON_0_74,67167616_PQAQMNEW_NZKIUDON_0,HFATHXAJGNQN,67167616_PQAQMNEW_NZKIUDON_0_74,67167616_PQAQMNEW_NZKIUDON_0,FDPVJIPSROKA,0
67167616_PQAQMNEW_NZKIUDON_0_75,67167616_PQAQMNEW_NZKIUDON_0,HFATHXAJGNQN,67167616_PQAQMNEW_NZKIUDON_0_75,67167616_PQAQMNEW_NZKIUDON_0,FDPVJIPSROKA,0
67167616_PQAQMNEW_NZKIUDON_0_76,67167616_PQAQMNEW_NZKIUDON_0,HFATHXAJGNQN,67167616_PQAQMNEW_NZKIUDON_0_76,67167616_PQAQMNEW_NZKIUDON_0,FDPVJIPSROKA,0
67167616_PQAQMNEW_NZKIUDON_0_77,67167616_PQAQMNEW_NZKIUDON_0,HFATHXAJGNQN,67167616_PQAQMNEW_NZKIUDON_0_77,67167616_PQAQMNEW_NZKIUDON_0,FDPVJIPSROKA,0
67167616_PQAQMNEW_NZKIUDON_0_78,67167616_PQAQMNEW_NZKIUDON_0,HFATHXAJGNQN,67167616_PQAQMNEW_NZKIUDON_0_78,67167616_PQAQMNEW_NZKIUDON_0,FDPVJIPSROKA,0
67167616_PQAQMNEW_NZKIUDON_0_79,67167616_PQAQMNEW_NZKIUDON_0,HFATHXAJGNQN,67167616_PQAQMNEW_NZKIUDON_0_79,67167616_PQAQMNEW_NZKIUDON_0,FDPVJIPSROKA,0
67167616_PQAQMNEW_NZKIUDON_0_80,67167616_PQAQMNEW_NZKIUDON_0,HFATHXAJGNQN,67167616_PQAQMNEW_NZKIUDON_0_80,67167616_PQAQMNEW_NZKIUDON_0,FDPVJIPSROKA,0
67167616_PQAQMNEW_NZKIUDON_0_81,67167616_PQAQMNEW_NZKIUDON_0,HFATHXAJGNQN,67167616_PQAQMNEW_NZKIUDON_0_81,67167616_PQAQMNEW_NZKIUDON_0,FDPVJIPSROKA,0
67167616_LDKENJOR_MNTWRQWX_0_0,67167616_LDKENJOR_MNTWRQWX_0,HFATHXAJGNQN,67167616_LDKENJOR_MNTWRQWX_0_0,67167616_LDKENJOR_MNTWRQWX_0,FDPVJIPSROKA,0
67167616_LDKENJOR_MNTWRQWX_0_1,67167616_LDKENJOR_MNTWRQWX_0,HFATHXAJGNQN,67167616_LDKENJOR_MNTWRQWX_0_1,67167616_LDKENJOR_MNTWRQWX_0,FDPVJIPSROKA,0
67167616_LDKENJOR_MNTWRQWX_0_2,67167616_LDKENJOR_MNTWRQWX_0,HFATHXAJGNQN,67167616_LDKENJOR_MNTWRQWX_0_2,67167616_LDKENJOR_MNTWRQWX_0,FDPVJIPSROKA,0
67167616_LDKENJOR_MNTWRQWX_0_3,67167616_LDKENJOR_MNTWRQWX_0,HFATHXAJGNQN,67167616_LDKENJOR_MNTWRQWX_0_3,67167616_LDKENJOR_MNTWRQWX_0,FDPVJIPSROKA,0
67167616_LDKENJOR_MNTWRQWX_0_4,67167616_LDKENJOR_MNTWRQWX_0,HFATHXAJGNQN,67167616_LDKENJOR_MNTWRQWX_0_4,67167616_LDKENJOR_MNTWRQWX_0,FDPVJIPSROKA,0
67167616_LDKENJOR_MNTWRQWX_0_5,67167616_LDKENJOR_MNTWRQWX_0,HFATHXAJGNQN,67167616_LDKENJOR_MNTWRQWX_0_5,67167616_LDKENJOR_MNTWRQWX_0,FDPVJIPSROKA,0
67167616_LDKENJOR_MNTWRQWX_0_6,67167616_LDKENJOR_MNTWRQWX_0,HFATHXAJGNQN,67167616_LDKENJOR_MNTWRQWX_0_6,67167616_LDKENJOR_MNTWRQWX_0,FDPVJIPSROKA,0
67167616_LDKENJOR_MNTWRQWX_0_7,67167616_LDKENJOR_MNTWRQWX_0,HFATHXAJGNQN,67167616_LDKENJOR_MNTWRQWX_0_7,67167616_LDKENJOR_MNTWRQWX_0,FDPVJIPSROKA,0
67167616_LDKENJOR_MNTWRQWX_0_8,67167616_LDKENJOR_MNTWRQWX_0,HFATHXAJGNQN,67167616_LDKENJOR_MNTWRQWX_0_8,67167616_LDKENJOR_MNTWRQWX_0,FDPVJIPSROKA,0
67167616_LDKENJOR_MNTWRQWX_0_9,67167616_LDKENJOR_MNTWRQWX_0,HFATHXAJGNQN,67167616_LDKENJOR_MNTWRQWX_0_9,67167616_LDKENJOR_MNTWRQWX_0,FDPVJIPSROKA,0
67167616_LDKENJOR_MNTWRQWX_0_10,67167616_LDKENJOR_MNTWRQWX_0,HFATHXAJGNQN,67167616_LDKENJOR_MNTWRQWX_0_10,67167616_LDKENJOR_MNTWRQWX_0,FDPVJIPSROKA,0
67167616_LDKENJOR_MNTWRQWX_0_11,67167616_LDKENJOR_MNTWRQWX_0,HFATHXAJGNQN,67167616_LDKENJOR_MNTWRQWX_0_11,67167616_LDKENJOR_MNTWRQWX_0,FDPVJIPSROKA,0
67167616_LDKENJOR_MNTWRQWX_0_12,67167616_LDKENJOR_MNTWRQWX_0,HFATHXAJGNQN,67167616_LDKENJOR_MNTWRQWX_0_12,67167616_LDKENJOR_MNTWRQWX_0,FDPVJIPSROKA,0
67167616_LDKENJOR_MNTWRQWX_0_13,67167616_LDKENJOR_MNTWRQWX_0,HFATHXAJGNQN,67167616_LDKENJOR_MNTWRQWX_0_13,67167616_LDKENJOR_MNTWRQWX_0,FDPVJIPSROKA,1
67167616_LDKENJOR_MNTWRQWX_0_14,67167616_LDKENJOR_MNTWRQWX_0,HFATHXAJGNQN,67167616_LDKENJOR_MNTWRQWX_0_14,67167616_LDKENJOR_MNTWRQWX_0,FDPVJIPSROKA,0
67167616_LDKENJOR_MNTWRQWX_0_15,67167616_LDKENJOR_MNTWRQWX_0,HFATHXAJGNQN,67167616_LDKENJOR_MNTWRQWX_0_15,67167616_LDKENJOR_MNTWRQWX_0,FDPVJIPSROKA,0
67167616_LDKENJOR_MNTWRQWX_0_16,67167616_LDKENJOR_MNTWRQWX_0,HFATHXAJGNQN,67167616_LDKENJOR_MNTWRQWX_0_16,67167616_LDKENJOR_MNTWRQWX_0,FDPVJIPSROKA,0
67167616_LDKENJOR_MNTWRQWX_0_17,67167616_LDKENJOR_MNTWRQWX_0,HFATHXAJGNQN,67167616_LDKENJOR_MNTWRQWX_0_17,67167616_LDKENJOR_MNTWRQWX_0,FDPVJIPSROKA,0
67167616_LDKENJOR_MNTWRQWX_0_18,67167616_LDKENJOR_MNTWRQWX_0,HFATHXAJGNQN,67167616_LDKENJOR_MNTWRQWX_0_18,67167616_LDKENJOR_MNTWRQWX_0,FDPVJIPSROKA,0
67167616_LDKENJOR_MNTWRQWX_0_19,67167616_LDKENJOR_MNTWRQWX_0,HFATHXAJGNQN,67167616_LDKENJOR_MNTWRQWX_0_19,67167616_LDKENJOR_MNTWRQWX_0,FDPVJIPSROKA,0
67167616_LDKENJOR_MNTWRQWX_0_20,67167616_LDKENJOR_MNTWRQWX_0,HFATHXAJGNQN,67167616_LDKENJOR_MNTWRQWX_0_20,67167616_LDKENJOR_MNTWRQWX_0,FDPVJIPSROKA,0
67167616_LDKENJOR_MNTWRQWX_0_21,67167616_LDKENJOR_MNTWRQWX_0,HFATHXAJGNQN,67167616_LDKENJOR_MNTWRQWX_0_21,67167616_LDKENJOR_MNTWRQWX_0,FDPVJIPSROKA,0
67167616_LDKENJOR_MNTWRQWX_0_22,67167616_LDKENJOR_MNTWRQWX_0,HFATHXAJGNQN,67167616_LDKENJOR_MNTWRQWX_0_22,67167616_LDKENJOR_MNTWRQWX_0,FDPVJIPSROKA,0
67167616_LDKENJOR_MNTWRQWX_0_23,67167616_LDKENJOR_MNTWRQWX_0,HFATHXAJGNQN,67167616_LDKENJOR_MNTWRQWX_0_23,67167616_LDKENJOR_MNTWRQWX_0,FDPVJIPSROKA,0
67167616_LDKENJOR_MNTWRQWX_0_24,67167616_LDKENJOR_MNTWRQWX_0,HFATHXAJGNQN,67167616_LDKENJOR_MNTWRQWX_0_24,67167616_LDKENJOR_MNTWRQWX_0,FDPVJIPSROKA,0
67167616_LDKENJOR_MNTWRQWX_0_25,67167616_LDKENJOR_MNTWRQWX_0,HFATHXAJGNQN,67167616_LDKENJOR_MNTWRQWX_0_25,67167616_LDKENJOR_MNTWRQWX_0,FDPVJIPSROKA,0
67167616_LDKENJOR_MNTWRQWX_0_26,67167616_LDKENJOR_MNTWRQWX_0,HFATHXAJGNQN,67167616_LDKENJOR_MNTWRQWX_0_26,67167616_LDKENJOR_MNTWRQWX_0,FDPVJIPSROKA,0
67167616_LDKENJOR_MNTWRQWX_0_27,67167616_LDKENJOR_MNTWRQWX_0,HFATHXAJGNQN,67167616_LDKENJOR_MNTWRQWX_0_27,67167616_LDKENJOR_MNTWRQWX_0,FDPVJIPSROKA,0
67167616_LDKENJOR_MNTWRQWX_0_28,67167616_LDKENJOR_MNTWRQWX_0,HFATHXAJGNQN,67167616_LDKENJOR_MNTWRQWX_0_28,67167616_LDKENJOR_MNTWRQWX_0,FDPVJIPSROKA,0
67167616_LDKENJOR_MNTWRQWX_0_29,67167616_LDKENJOR_MNTWRQWX_0,HFATHXAJGNQN,67167616_LDKENJOR_MNTWRQWX_0_29,67167616_LDKENJOR_MNTWRQWX_0,FDPVJIPSROKA,0
67167616_LDKENJOR_MNTWRQWX_0_30,67167616_LDKENJOR_MNTWRQWX_0,HFATHXAJGNQN,67167616_LDKENJOR_MNTWRQWX_0_30,67167616_LDKENJOR_MNTWRQWX_0,FDPVJIPSROKA,0
67167616_LDKENJOR_MNTWRQWX_0_31,67167616_LDKENJOR_MNTWRQWX_0,HFATHXAJGNQN,67167616_LDKENJOR_MNTWRQWX_0_31,67167616_LDKENJOR_MNTWRQWX_0,FDPVJIPSROKA,0
67167616_LDKENJOR_MNTWRQWX_0_32,67167616_LDKENJOR_MNTWRQWX_0,HFATHXAJGNQN,67167616_LDKENJOR_MNTWRQWX_0_32,67167616_LDKENJOR_MNTWRQWX_0,FDPVJIPSROKA,0
67167616_LDKENJOR_MNTWRQWX_0_33,67167616_LDKENJOR_MNTWRQWX_0,HFATHXAJGNQN,67167616_LDKENJOR_MNTWRQWX_0_33,67167616_LDKENJOR_MNTWRQWX_0,FDPVJIPSROKA,0
67167616_LDKENJOR_MNTWRQWX_0_34,67167616_LDKENJOR_MNTWRQWX_0,HFATHXAJGNQN,67167616_LDKENJOR_MNTWRQWX_0_34,67167616_LDKENJOR_MNTWRQWX_0,FDPVJIPSROKA,0
67167616_LDKENJOR_MNTWRQWX_0_35,67167616_LDKENJOR_MNTWRQWX_0,HFATHXAJGNQN,67167616_LDKENJOR_MNTWRQWX_0_35,67167616_LDKENJOR_MNTWRQWX_0,FDPVJIPSROKA,0
67167616_LDKENJOR_MNTWRQWX_0_36,67167616_LDKENJOR_MNTWRQWX_0,HFATHXAJGNQN,67167616_LDKENJOR_MNTWRQWX_0_36,67167616_LDKENJOR_MNTWRQWX_0,FDPVJIPSROKA,0
67167616_LDKENJOR_MNTWRQWX_0_37,67167616_LDKENJOR_MNTWRQWX_0,HFATHXAJGNQN,67167616_LDKENJOR_MNTWRQWX_0_37,67167616_LDKENJOR_MNTWRQWX_0,FDPVJIPSROKA,0
67167616_LDKENJOR_MNTWRQWX_0_38,67167616_LDKENJOR_MNTWRQWX_0,HFATHXAJGNQN,67167616_LDKENJOR_MNTWRQWX_0_38,67167616_LDKENJOR_MNTWRQWX_0,FDPVJIPSROKA,0
67167616_LDKENJOR_MNTWRQWX_0_39,67167616_LDKENJOR_MNTWRQWX_0,HFATHXAJGNQN,67167616_LDKENJOR_MNTWRQWX_0_39,67167616_LDKENJOR_MNTWRQWX_0,FDPVJIPSROKA,0
67167616_LDKENJOR_MNTWRQWX_0_40,67167616_LDKENJOR_MNTWRQWX_0,HFATHXAJGNQN,67167616_LDKENJOR_MNTWRQWX_0_40,67167616_LDKENJOR_MNTWRQWX_0,FDPVJIPSROKA,0
67167616_LDKENJOR_MNTWRQWX_0_41,67167616_LDKENJOR_MNTWRQWX_0,HFATHXAJGNQN,67167616_LDKENJOR_MNTWRQWX_0_41,67167616_LDKENJOR_MNTWRQWX_0,FDPVJIPSROKA,0
67167616_LDKENJOR_MNTWRQWX_0_42,67167616_LDKENJOR_MNTWRQWX_0,HFATHXAJGNQN,67167616_LDKENJOR_MNTWRQWX_0_42,67167616_LDKENJOR_MNTWRQWX_0,FDPVJIPSROKA,0
67167616_LDKENJOR_MNTWRQWX_0_43,67167616_LDKENJOR_MNTWRQWX_0,HFATHXAJGNQN,67167616_LDKENJOR_MNTWRQWX_0_43,67167616_LDKENJOR_MNTWRQWX_0,FDPVJIPSROKA,0
67167616_LDKENJOR_MNTWRQWX_0_44,67167616_LDKENJOR_MNTWRQWX_0,HFATHXAJGNQN,67167616_LDKENJOR_MNTWRQWX_0_44,67167616_LDKENJOR_MNTWRQWX_0,FDPVJIPSROKA,0
67167616_LDKENJOR_MNTWRQWX_0_45,67167616_LDKENJOR_MNTWRQWX_0,HFATHXAJGNQN,67167616_LDKENJOR_MNTWRQWX_0_45,67167616_LDKENJOR_MNTWRQWX_0,FDPVJIPSROKA,0
67167616_LDKENJOR_MNTWRQWX_0_46,67167616_LDKENJOR_MNTWRQWX_0,HFATHXAJGNQN,67167616_LDKENJOR_MNTWRQWX_0_46,67167616_LDKENJOR_MNTWRQWX_0,FDPVJIPSROKA,0
67167616_LDKENJOR_MNTWRQWX_0_47,67167616_LDKENJOR_MNTWRQWX_0,HFATHXAJGNQN,67167616_LDKENJOR_MNTWRQWX_0_47,67167616_LDKENJOR_MNTWRQWX_0,FDPVJIPSROKA,0
67167616_LDKENJOR_MNTWRQWX_0_48,67167616_LDKENJOR_MNTWRQWX_0,HFATHXAJGNQN,67167616_LDKENJOR_MNTWRQWX_0_48,67167616_LDKENJOR_MNTWRQWX_0,FDPVJIPSROKA,0
67167616_LDKENJOR_MNTWRQWX_0_49,67167616_LDKENJOR_MNTWRQWX_0,HFATHXAJGNQN,67167616_LDKENJOR_MNTWRQWX_0_49,67167616_LDKENJOR_MNTWRQWX_0,FDPVJIPSROKA,0
67167616_LDKENJOR_MNTWRQWX_0_50,67167616_LDKENJOR_MNTWRQWX_0,HFATHXAJGNQN,67167616_LDKENJOR_MNTWRQWX_0_50,67167616_LDKENJOR_MNTWRQWX_0,FDPVJIPSROKA,0
67167616_LDKENJOR_MNTWRQWX_0_51,67167616_LDKENJOR_MNTWRQWX_0,HFATHXAJGNQN,67167616_LDKENJOR_MNTWRQWX_0_51,67167616_LDKENJOR_MNTWRQWX_0,FDPVJIPSROKA,0
67167616_LDKENJOR_MNTWRQWX_0_52,67167616_LDKENJOR_MNTWRQWX_0,HFATHXAJGNQN,67167616_LDKENJOR_MNTWRQWX_0_52,67167616_LDKENJOR_MNTWRQWX_0,FDPVJIPSROKA,0
67167616_LDKENJOR_MNTWRQWX_0_53,67167616_LDKENJOR_MNTWRQWX_0,HFATHXAJGNQN,67167616_LDKENJOR_MNTWRQWX_0_53,67167616_LDKENJOR_MNTWRQWX_0,FDPVJIPSROKA,0
67167616_LDKENJOR_MNTWRQWX_0_54,67167616_LDKENJOR_MNTWRQWX_0,HFATHXAJGNQN,67167616_LDKENJOR_MNTWRQWX_0_54,67167616_LDKENJOR_MNTWRQWX_0,FDPVJIPSROKA,0
67167616_LDKENJOR_MNTWRQWX_0_55,67167616_LDKENJOR_MNTWRQWX_0,HFATHXAJGNQN,67167616_LDKENJOR_MNTWRQWX_0_55,67167616_LDKENJOR_MNTWRQWX_0,FDPVJIPSROKA,1
67167616_LDKENJOR_MNTWRQWX_0_56,67167616_LDKENJOR_MNTWRQWX_0,HFATHXAJGNQN,67167616_LDKENJOR_MNTWRQWX_0_56,67167616_LDKENJOR_MNTWRQWX_0,FDPVJIPSROKA,1
67167616_LDKENJOR_MNTWRQWX_0_57,67167616_LDKENJOR_MNTWRQWX_0,HFATHXAJGNQN,67167616_LDKENJOR_MNTWRQWX_0_57,67167616_LDKENJOR_MNTWRQWX_0,FDPVJIPSROKA,1
67167616_LDKENJOR_MNTWRQWX_0_58,67167616_LDKENJOR_MNTWRQWX_0,HFATHXAJGNQN,67167616_LDKENJOR_MNTWRQWX_0_58,67167616_LDKENJOR_MNTWRQWX_0,FDPVJIPSROKA,1
67167616_LDKENJOR_MNTWRQWX_0_59,67167616_LDKENJOR_MNTWRQWX_0,HFATHXAJGNQN,67167616_LDKENJOR_MNTWRQWX_0_59,67167616_LDKENJOR_MNTWRQWX_0,FDPVJIPSROKA,1
67167616_LDKENJOR_MNTWRQWX_0_60,67167616_LDKENJOR_MNTWRQWX_0,HFATHXAJGNQN,67167616_LDKENJOR_MNTWRQWX_0_60,67167616_LDKENJOR_MNTWRQWX_0,FDPVJIPSROKA,1
67167616_LDKENJOR_MNTWRQWX_0_61,67167616_LDKENJOR_MNTWRQWX_0,HFATHXAJGNQN,67167616_LDKENJOR_MNTWRQWX_0_61,67167616_LDKENJOR_MNTWRQWX_0,FDPVJIPSROKA,1
67167616_LDKENJOR_MNTWRQWX_0_62,67167616_LDKENJOR_MNTWRQWX_0,HFATHXAJGNQN,67167616_LDKENJOR_MNTWRQWX_0_62,67167616_LDKENJOR_MNTWRQWX_0,FDPVJIPSROKA,1
67167616_LDKENJOR_MNTWRQWX_0_63,67167616_LDKENJOR_MNTWRQWX_0,HFATHXAJGNQN,67167616_LDKENJOR_MNTWRQWX_0_63,67167616_LDKENJOR_MNTWRQWX_0,FDPVJIPSROKA,1
67167616_LDKENJOR_MNTWRQWX_0_64,67167616_LDKENJOR_MNTWRQWX_0,HFATHXAJGNQN,67167616_LDKENJOR_MNTWRQWX_0_64,67167616_LDKENJOR_MNTWRQWX_0,FDPVJIPSROKA,1
67167616_LDKENJOR_MNTWRQWX_0_65,67167616_LDKENJOR_MNTWRQWX_0,HFATHXAJGNQN,67167616_LDKENJOR_MNTWRQWX_0_65,67167616_LDKENJOR_MNTWRQWX_0,FDPVJIPSROKA,0
67167616_LDKENJOR_MNTWRQWX_0_66,67167616_LDKENJOR_MNTWRQWX_0,HFATHXAJGNQN,67167616_LDKENJOR_MNTWRQWX_0_66,67167616_LDKENJOR_MNTWRQWX_0,FDPVJIPSROKA,0
67167616_LDKENJOR_MNTWRQWX_0_67,67167616_LDKENJOR_MNTWRQWX_0,HFATHXAJGNQN,67167616_LDKENJOR_MNTWRQWX_0_67,67167616_LDKENJOR_MNTWRQWX_0,FDPVJIPSROKA,1
67167616_LDKENJOR_MNTWRQWX_0_68,67167616_LDKENJOR_MNTWRQWX_0,HFATHXAJGNQN,67167616_LDKENJOR_MNTWRQWX_0_68,67167616_LDKENJOR_MNTWRQWX_0,FDPVJIPSROKA,1
67167616_LDKENJOR_MNTWRQWX_0_69,67167616_LDKENJOR_MNTWRQWX_0,HFATHXAJGNQN,67167616_LDKENJOR_MNTWRQWX_0_69,67167616_LDKENJOR_MNTWRQWX_0,FDPVJIPSROKA,0
67167616_LDKENJOR_MNTWRQWX_0_70,67167616_LDKENJOR_MNTWRQWX_0,HFATHXAJGNQN,67167616_LDKENJOR_MNTWRQWX_0_70,67167616_LDKENJOR_MNTWRQWX_0,FDPVJIPSROKA,1
67167616_LDKENJOR_MNTWRQWX_0_71,67167616_LDKENJOR_MNTWRQWX_0,HFATHXAJGNQN,67167616_LDKENJOR_MNTWRQWX_0_71,67167616_LDKENJOR_MNTWRQWX_0,FDPVJIPSROKA,0
67167616_LDKENJOR_MNTWRQWX_0_72,67167616_LDKENJOR_MNTWRQWX_0,HFATHXAJGNQN,67167616_LDKENJOR_MNTWRQWX_0_72,67167616_LDKENJOR_MNTWRQWX_0,FDPVJIPSROKA,0
67167616_LDKENJOR_MNTWRQWX_0_73,67167616_LDKENJOR_MNTWRQWX_0,HFATHXAJGNQN,67167616_LDKENJOR_MNTWRQWX_0_73,67167616_LDKENJOR_MNTWRQWX_0,FDPVJIPSROKA,0
67167616_LDKENJOR_MNTWRQWX_0_74,67167616_LDKENJOR_MNTWRQWX_0,HFATHXAJGNQN,67167616_LDKENJOR_MNTWRQWX_0_74,67167616_LDKENJOR_MNTWRQWX_0,FDPVJIPSROKA,0
67167616_LDKENJOR_MNTWRQWX_0_75,67167616_LDKENJOR_MNTWRQWX_0,HFATHXAJGNQN,67167616_LDKENJOR_MNTWRQWX_0_75,67167616_LDKENJOR_MNTWRQWX_0,FDPVJIPSROKA,0
67167616_LDKENJOR_MNTWRQWX_0_76,67167616_LDKENJOR_MNTWRQWX_0,HFATHXAJGNQN,67167616_LDKENJOR_MNTWRQWX_0_76,67167616_LDKENJOR_MNTWRQWX_0,FDPVJIPSROKA,0
60010347_QSUJMCHL_NPTIINNC_0_0,60010347_QSUJMCHL_NPTIINNC_0,HFATHXAJGNQN,60010347_QSUJMCHL_NPTIINNC_0_0,60010347_QSUJMCHL_NPTIINNC_0,HWNTKYKHYJKM,0
60010347_QSUJMCHL_NPTIINNC_0_1,60010347_QSUJMCHL_NPTIINNC_0,HFATHXAJGNQN,60010347_QSUJMCHL_NPTIINNC_0_1,60010347_QSUJMCHL_NPTIINNC_0,HWNTKYKHYJKM,0
60010347_QSUJMCHL_NPTIINNC_0_2,60010347_QSUJMCHL_NPTIINNC_0,HFATHXAJGNQN,60010347_QSUJMCHL_NPTIINNC_0_2,60010347_QSUJMCHL_NPTIINNC_0,HWNTKYKHYJKM,0
60010347_QSUJMCHL_NPTIINNC_0_3,60010347_QSUJMCHL_NPTIINNC_0,HFATHXAJGNQN,60010347_QSUJMCHL_NPTIINNC_0_3,60010347_QSUJMCHL_NPTIINNC_0,HWNTKYKHYJKM,0
60010347_QSUJMCHL_NPTIINNC_0_4,60010347_QSUJMCHL_NPTIINNC_0,HFATHXAJGNQN,60010347_QSUJMCHL_NPTIINNC_0_4,60010347_QSUJMCHL_NPTIINNC_0,HWNTKYKHYJKM,0
60010347_QSUJMCHL_NPTIINNC_0_5,60010347_QSUJMCHL_NPTIINNC_0,HFATHXAJGNQN,60010347_QSUJMCHL_NPTIINNC_0_5,60010347_QSUJMCHL_NPTIINNC_0,HWNTKYKHYJKM,0
60010347_QSUJMCHL_NPTIINNC_0_6,60010347_QSUJMCHL_NPTIINNC_0,HFATHXAJGNQN,60010347_QSUJMCHL_NPTIINNC_0_6,60010347_QSUJMCHL_NPTIINNC_0,HWNTKYKHYJKM,0
60010347_QSUJMCHL_NPTIINNC_0_7,60010347_QSUJMCHL_NPTIINNC_0,HFATHXAJGNQN,60010347_QSUJMCHL_NPTIINNC_0_7,60010347_QSUJMCHL_NPTIINNC_0,HWNTKYKHYJKM,0
60010347_QSUJMCHL_NPTIINNC_0_8,60010347_QSUJMCHL_NPTIINNC_0,HFATHXAJGNQN,60010347_QSUJMCHL_NPTIINNC_0_8,60010347_QSUJMCHL_NPTIINNC_0,HWNTKYKHYJKM,0
60010347_QSUJMCHL_NPTIINNC_0_9,60010347_QSUJMCHL_NPTIINNC_0,HFATHXAJGNQN,60010347_QSUJMCHL_NPTIINNC_0_9,60010347_QSUJMCHL_NPTIINNC_0,HWNTKYKHYJKM,0
60010347_QSUJMCHL_NPTIINNC_0_10,60010347_QSUJMCHL_NPTIINNC_0,HFATHXAJGNQN,60010347_QSUJMCHL_NPTIINNC_0_10,60010347_QSUJMCHL_NPTIINNC_0,HWNTKYKHYJKM,0
60010347_QSUJMCHL_NPTIINNC_0_11,60010347_QSUJMCHL_NPTIINNC_0,HFATHXAJGNQN,60010347_QSUJMCHL_NPTIINNC_0_11,60010347_QSUJMCHL_NPTIINNC_0,HWNTKYKHYJKM,0
60010347_QSUJMCHL_NPTIINNC_0_12,60010347_QSUJMCHL_NPTIINNC_0,HFATHXAJGNQN,60010347_QSUJMCHL_NPTIINNC_0_12,60010347_QSUJMCHL_NPTIINNC_0,HWNTKYKHYJKM,0
60010347_QSUJMCHL_NPTIINNC_0_13,60010347_QSUJMCHL_NPTIINNC_0,HFATHXAJGNQN,60010347_QSUJMCHL_NPTIINNC_0_13,60010347_QSUJMCHL_NPTIINNC_0,HWNTKYKHYJKM,0
60010347_QSUJMCHL_NPTIINNC_0_14,60010347_QSUJMCHL_NPTIINNC_0,HFATHXAJGNQN,60010347_QSUJMCHL_NPTIINNC_0_14,60010347_QSUJMCHL_NPTIINNC_0,HWNTKYKHYJKM,0
60010347_QSUJMCHL_NPTIINNC_0_15,60010347_QSUJMCHL_NPTIINNC_0,HFATHXAJGNQN,60010347_QSUJMCHL_NPTIINNC_0_15,60010347_QSUJMCHL_NPTIINNC_0,HWNTKYKHYJKM,0
60010347_QSUJMCHL_NPTIINNC_0_16,60010347_QSUJMCHL_NPTIINNC_0,HFATHXAJGNQN,60010347_QSUJMCHL_NPTIINNC_0_16,60010347_QSUJMCHL_NPTIINNC_0,HWNTKYKHYJKM,0
60010347_QSUJMCHL_NPTIINNC_0_17,60010347_QSUJMCHL_NPTIINNC_0,HFATHXAJGNQN,60010347_QSUJMCHL_NPTIINNC_0_17,60010347_QSUJMCHL_NPTIINNC_0,HWNTKYKHYJKM,0
60010347_QSUJMCHL_NPTIINNC_0_18,60010347_QSUJMCHL_NPTIINNC_0,HFATHXAJGNQN,60010347_QSUJMCHL_NPTIINNC_0_18,60010347_QSUJMCHL_NPTIINNC_0,HWNTKYKHYJKM,0
60010347_QSUJMCHL_NPTIINNC_0_19,60010347_QSUJMCHL_NPTIINNC_0,HFATHXAJGNQN,60010347_QSUJMCHL_NPTIINNC_0_19,60010347_QSUJMCHL_NPTIINNC_0,HWNTKYKHYJKM,0
60010347_QSUJMCHL_NPTIINNC_0_20,60010347_QSUJMCHL_NPTIINNC_0,HFATHXAJGNQN,60010347_QSUJMCHL_NPTIINNC_0_20,60010347_QSUJMCHL_NPTIINNC_0,HWNTKYKHYJKM,0
60010347_QSUJMCHL_NPTIINNC_0_21,60010347_QSUJMCHL_NPTIINNC_0,HFATHXAJGNQN,60010347_QSUJMCHL_NPTIINNC_0_21,60010347_QSUJMCHL_NPTIINNC_0,HWNTKYKHYJKM,0
60010347_QSUJMCHL_NPTIINNC_0_22,60010347_QSUJMCHL_NPTIINNC_0,HFATHXAJGNQN,60010347_QSUJMCHL_NPTIINNC_0_22,60010347_QSUJMCHL_NPTIINNC_0,HWNTKYKHYJKM,0
60010347_QSUJMCHL_NPTIINNC_0_23,60010347_QSUJMCHL_NPTIINNC_0,HFATHXAJGNQN,60010347_QSUJMCHL_NPTIINNC_0_23,60010347_QSUJMCHL_NPTIINNC_0,HWNTKYKHYJKM,0
60010347_QSUJMCHL_NPTIINNC_0_24,60010347_QSUJMCHL_NPTIINNC_0,HFATHXAJGNQN,60010347_QSUJMCHL_NPTIINNC_0_24,60010347_QSUJMCHL_NPTIINNC_0,HWNTKYKHYJKM,0
60010347_QSUJMCHL_NPTIINNC_0_25,60010347_QSUJMCHL_NPTIINNC_0,HFATHXAJGNQN,60010347_QSUJMCHL_NPTIINNC_0_25,60010347_QSUJMCHL_NPTIINNC_0,HWNTKYKHYJKM,0
60010347_QSUJMCHL_NPTIINNC_0_26,60010347_QSUJMCHL_NPTIINNC_0,HFATHXAJGNQN,60010347_QSUJMCHL_NPTIINNC_0_26,60010347_QSUJMCHL_NPTIINNC_0,HWNTKYKHYJKM,0
60010347_QSUJMCHL_NPTIINNC_0_27,60010347_QSUJMCHL_NPTIINNC_0,HFATHXAJGNQN,60010347_QSUJMCHL_NPTIINNC_0_27,60010347_QSUJMCHL_NPTIINNC_0,HWNTKYKHYJKM,0
60010347_QSUJMCHL_NPTIINNC_0_28,60010347_QSUJMCHL_NPTIINNC_0,HFATHXAJGNQN,60010347_QSUJMCHL_NPTIINNC_0_28,60010347_QSUJMCHL_NPTIINNC_0,HWNTKYKHYJKM,0
60010347_QSUJMCHL_NPTIINNC_0_29,60010347_QSUJMCHL_NPTIINNC_0,HFATHXAJGNQN,60010347_QSUJMCHL_NPTIINNC_0_29,60010347_QSUJMCHL_NPTIINNC_0,HWNTKYKHYJKM,0
60010347_QSUJMCHL_NPTIINNC_0_30,60010347_QSUJMCHL_NPTIINNC_0,HFATHXAJGNQN,60010347_QSUJMCHL_NPTIINNC_0_30,60010347_QSUJMCHL_NPTIINNC_0,HWNTKYKHYJKM,0
60010347_QSUJMCHL_NPTIINNC_0_31,60010347_QSUJMCHL_NPTIINNC_0,HFATHXAJGNQN,60010347_QSUJMCHL_NPTIINNC_0_31,60010347_QSUJMCHL_NPTIINNC_0,HWNTKYKHYJKM,0
60010347_QSUJMCHL_NPTIINNC_0_32,60010347_QSUJMCHL_NPTIINNC_0,HFATHXAJGNQN,60010347_QSUJMCHL_NPTIINNC_0_32,60010347_QSUJMCHL_NPTIINNC_0,HWNTKYKHYJKM,0
60010347_QSUJMCHL_NPTIINNC_0_33,60010347_QSUJMCHL_NPTIINNC_0,HFATHXAJGNQN,60010347_QSUJMCHL_NPTIINNC_0_33,60010347_QSUJMCHL_NPTIINNC_0,HWNTKYKHYJKM,0
60010347_QSUJMCHL_NPTIINNC_0_34,60010347_QSUJMCHL_NPTIINNC_0,HFATHXAJGNQN,60010347_QSUJMCHL_NPTIINNC_0_34,60010347_QSUJMCHL_NPTIINNC_0,HWNTKYKHYJKM,0
60010347_QSUJMCHL_NPTIINNC_0_35,60010347_QSUJMCHL_NPTIINNC_0,HFATHXAJGNQN,60010347_QSUJMCHL_NPTIINNC_0_35,60010347_QSUJMCHL_NPTIINNC_0,HWNTKYKHYJKM,0
60010347_QSUJMCHL_NPTIINNC_0_36,60010347_QSUJMCHL_NPTIINNC_0,HFATHXAJGNQN,60010347_QSUJMCHL_NPTIINNC_0_36,60010347_QSUJMCHL_NPTIINNC_0,HWNTKYKHYJKM,0
60010347_QSUJMCHL_NPTIINNC_0_37,60010347_QSUJMCHL_NPTIINNC_0,HFATHXAJGNQN,60010347_QSUJMCHL_NPTIINNC_0_37,60010347_QSUJMCHL_NPTIINNC_0,HWNTKYKHYJKM,0
60010347_QSUJMCHL_NPTIINNC_0_38,60010347_QSUJMCHL_NPTIINNC_0,HFATHXAJGNQN,60010347_QSUJMCHL_NPTIINNC_0_38,60010347_QSUJMCHL_NPTIINNC_0,HWNTKYKHYJKM,0
60010347_QSUJMCHL_NPTIINNC_0_39,60010347_QSUJMCHL_NPTIINNC_0,HFATHXAJGNQN,60010347_QSUJMCHL_NPTIINNC_0_39,60010347_QSUJMCHL_NPTIINNC_0,HWNTKYKHYJKM,1
60010347_QSUJMCHL_NPTIINNC_0_40,60010347_QSUJMCHL_NPTIINNC_0,HFATHXAJGNQN,60010347_QSUJMCHL_NPTIINNC_0_40,60010347_QSUJMCHL_NPTIINNC_0,HWNTKYKHYJKM,1
60010347_QSUJMCHL_NPTIINNC_0_41,60010347_QSUJMCHL_NPTIINNC_0,HFATHXAJGNQN,60010347_QSUJMCHL_NPTIINNC_0_41,60010347_QSUJMCHL_NPTIINNC_0,HWNTKYKHYJKM,0
60010347_QSUJMCHL_NPTIINNC_0_42,60010347_QSUJMCHL_NPTIINNC_0,HFATHXAJGNQN,60010347_QSUJMCHL_NPTIINNC_0_42,60010347_QSUJMCHL_NPTIINNC_0,HWNTKYKHYJKM,1
60010347_QSUJMCHL_NPTIINNC_0_43,60010347_QSUJMCHL_NPTIINNC_0,HFATHXAJGNQN,60010347_QSUJMCHL_NPTIINNC_0_43,60010347_QSUJMCHL_NPTIINNC_0,HWNTKYKHYJKM,1
60010347_QSUJMCHL_NPTIINNC_0_44,60010347_QSUJMCHL_NPTIINNC_0,HFATHXAJGNQN,60010347_QSUJMCHL_NPTIINNC_0_44,60010347_QSUJMCHL_NPTIINNC_0,HWNTKYKHYJKM,0
60010347_QSUJMCHL_NPTIINNC_0_45,60010347_QSUJMCHL_NPTIINNC_0,HFATHXAJGNQN,60010347_QSUJMCHL_NPTIINNC_0_45,60010347_QSUJMCHL_NPTIINNC_0,HWNTKYKHYJKM,0
60010347_QSUJMCHL_NPTIINNC_0_46,60010347_QSUJMCHL_NPTIINNC_0,HFATHXAJGNQN,60010347_QSUJMCHL_NPTIINNC_0_46,60010347_QSUJMCHL_NPTIINNC_0,HWNTKYKHYJKM,0
60010347_QSUJMCHL_NPTIINNC_0_47,60010347_QSUJMCHL_NPTIINNC_0,HFATHXAJGNQN,60010347_QSUJMCHL_NPTIINNC_0_47,60010347_QSUJMCHL_NPTIINNC_0,HWNTKYKHYJKM,0
60010347_QSUJMCHL_NPTIINNC_0_48,60010347_QSUJMCHL_NPTIINNC_0,HFATHXAJGNQN,60010347_QSUJMCHL_NPTIINNC_0_48,60010347_QSUJMCHL_NPTIINNC_0,HWNTKYKHYJKM,0
60010347_QSUJMCHL_NPTIINNC_0_49,60010347_QSUJMCHL_NPTIINNC_0,HFATHXAJGNQN,60010347_QSUJMCHL_NPTIINNC_0_49,60010347_QSUJMCHL_NPTIINNC_0,HWNTKYKHYJKM,0
60010347_QSUJMCHL_NPTIINNC_0_50,60010347_QSUJMCHL_NPTIINNC_0,HFATHXAJGNQN,60010347_QSUJMCHL_NPTIINNC_0_50,60010347_QSUJMCHL_NPTIINNC_0,HWNTKYKHYJKM,0
60010347_QSUJMCHL_NPTIINNC_0_51,60010347_QSUJMCHL_NPTIINNC_0,HFATHXAJGNQN,60010347_QSUJMCHL_NPTIINNC_0_51,60010347_QSUJMCHL_NPTIINNC_0,HWNTKYKHYJKM,0
60010347_QSUJMCHL_NPTIINNC_0_52,60010347_QSUJMCHL_NPTIINNC_0,HFATHXAJGNQN,60010347_QSUJMCHL_NPTIINNC_0_52,60010347_QSUJMCHL_NPTIINNC_0,HWNTKYKHYJKM,0
60010347_ZNLTTCSQ_MGBOQXLW_0_0,60010347_ZNLTTCSQ_MGBOQXLW_0,HFATHXAJGNQN,60010347_ZNLTTCSQ_MGBOQXLW_0_0,60010347_ZNLTTCSQ_MGBOQXLW_0,HWNTKYKHYJKM,0
60010347_ZNLTTCSQ_MGBOQXLW_0_1,60010347_ZNLTTCSQ_MGBOQXLW_0,HFATHXAJGNQN,60010347_ZNLTTCSQ_MGBOQXLW_0_1,60010347_ZNLTTCSQ_MGBOQXLW_0,HWNTKYKHYJKM,0
60010347_ZNLTTCSQ_MGBOQXLW_0_2,60010347_ZNLTTCSQ_MGBOQXLW_0,HFATHXAJGNQN,60010347_ZNLTTCSQ_MGBOQXLW_0_2,60010347_ZNLTTCSQ_MGBOQXLW_0,HWNTKYKHYJKM,0
60010347_ZNLTTCSQ_MGBOQXLW_0_3,60010347_ZNLTTCSQ_MGBOQXLW_0,HFATHXAJGNQN,60010347_ZNLTTCSQ_MGBOQXLW_0_3,60010347_ZNLTTCSQ_MGBOQXLW_0,HWNTKYKHYJKM,0
60010347_ZNLTTCSQ_MGBOQXLW_0_4,60010347_ZNLTTCSQ_MGBOQXLW_0,HFATHXAJGNQN,60010347_ZNLTTCSQ_MGBOQXLW_0_4,60010347_ZNLTTCSQ_MGBOQXLW_0,HWNTKYKHYJKM,0
60010347_ZNLTTCSQ_MGBOQXLW_0_5,60010347_ZNLTTCSQ_MGBOQXLW_0,HFATHXAJGNQN,60010347_ZNLTTCSQ_MGBOQXLW_0_5,60010347_ZNLTTCSQ_MGBOQXLW_0,HWNTKYKHYJKM,0
60010347_ZNLTTCSQ_MGBOQXLW_0_6,60010347_ZNLTTCSQ_MGBOQXLW_0,HFATHXAJGNQN,60010347_ZNLTTCSQ_MGBOQXLW_0_6,60010347_ZNLTTCSQ_MGBOQXLW_0,HWNTKYKHYJKM,0
60010347_ZNLTTCSQ_MGBOQXLW_0_7,60010347_ZNLTTCSQ_MGBOQXLW_0,HFATHXAJGNQN,60010347_ZNLTTCSQ_MGBOQXLW_0_7,60010347_ZNLTTCSQ_MGBOQXLW_0,HWNTKYKHYJKM,0
72546607_ZIOBTBVM_PQCFTXTN_0_0,72546607_ZIOBTBVM_PQCFTXTN_0,HFATHXAJGNQN,72546607_ZIOBTBVM_PQCFTXTN_0_0,72546607_ZIOBTBVM_PQCFTXTN_0,HWNTKYKHYJKM,0
72546607_ZIOBTBVM_PQCFTXTN_0_1,72546607_ZIOBTBVM_PQCFTXTN_0,HFATHXAJGNQN,72546607_ZIOBTBVM_PQCFTXTN_0_1,72546607_ZIOBTBVM_PQCFTXTN_0,HWNTKYKHYJKM,0
72546607_ZIOBTBVM_PQCFTXTN_0_2,72546607_ZIOBTBVM_PQCFTXTN_0,HFATHXAJGNQN,72546607_ZIOBTBVM_PQCFTXTN_0_2,72546607_ZIOBTBVM_PQCFTXTN_0,HWNTKYKHYJKM,0
72546607_ZIOBTBVM_PQCFTXTN_0_3,72546607_ZIOBTBVM_PQCFTXTN_0,HFATHXAJGNQN,72546607_ZIOBTBVM_PQCFTXTN_0_3,72546607_ZIOBTBVM_PQCFTXTN_0,HWNTKYKHYJKM,0
85814277_NHDZLYZM_DAENTZYJ_0_0,85814277_NHDZLYZM_DAENTZYJ_0,HFATHXAJGNQN,85814277_NHDZLYZM_DAENTZYJ_0_0,85814277_NHDZLYZM_DAENTZYJ_0,HWNTKYKHYJKM,0
85814277_NHDZLYZM_DAENTZYJ_0_1,85814277_NHDZLYZM_DAENTZYJ_0,HFATHXAJGNQN,85814277_NHDZLYZM_DAENTZYJ_0_1,85814277_NHDZLYZM_DAENTZYJ_0,HWNTKYKHYJKM,1
85814277_NHDZLYZM_DAENTZYJ_0_2,85814277_NHDZLYZM_DAENTZYJ_0,HFATHXAJGNQN,85814277_NHDZLYZM_DAENTZYJ_0_2,85814277_NHDZLYZM_DAENTZYJ_0,HWNTKYKHYJKM,0
85814277_DAENTZYJ_HHXZCCFW_0_0,85814277_DAENTZYJ_HHXZCCFW_0,HFATHXAJGNQN,85814277_DAENTZYJ_HHXZCCFW_0_0,85814277_DAENTZYJ_HHXZCCFW_0,HWNTKYKHYJKM,0
85814277_DAENTZYJ_HHXZCCFW_0_1,85814277_DAENTZYJ_HHXZCCFW_0,HFATHXAJGNQN,85814277_DAENTZYJ_HHXZCCFW_0_1,85814277_DAENTZYJ_HHXZCCFW_0,HWNTKYKHYJKM,0
85814277_DAENTZYJ_HHXZCCFW_0_2,85814277_DAENTZYJ_HHXZCCFW_0,HFATHXAJGNQN,85814277_DAENTZYJ_HHXZCCFW_0_2,85814277_DAENTZYJ_HHXZCCFW_0,HWNTKYKHYJKM,0
60938775_ETJQFTYM_DQQSIFLV_0_0,60938775_ETJQFTYM_DQQSIFLV_0,VITMDUWQIKWY,60938775_ETJQFTYM_DQQSIFLV_0_0,60938775_ETJQFTYM_DQQSIFLV_0,WZVQDQUWWPAZ,1
60938775_ETJQFTYM_DQQSIFLV_0_1,60938775_ETJQFTYM_DQQSIFLV_0,VITMDUWQIKWY,60938775_ETJQFTYM_DQQSIFLV_0_1,60938775_ETJQFTYM_DQQSIFLV_0,WZVQDQUWWPAZ,0
60938775_ETJQFTYM_DQQSIFLV_0_2,60938775_ETJQFTYM_DQQSIFLV_0,VITMDUWQIKWY,60938775_ETJQFTYM_DQQSIFLV_0_2,60938775_ETJQFTYM_DQQSIFLV_0,WZVQDQUWWPAZ,0
60938775_ETJQFTYM_DQQSIFLV_0_3,60938775_ETJQFTYM_DQQSIFLV_0,VITMDUWQIKWY,60938775_ETJQFTYM_DQQSIFLV_0_3,60938775_ETJQFTYM_DQQSIFLV_0,WZVQDQUWWPAZ,0
60938775_ETJQFTYM_DQQSIFLV_0_4,60938775_ETJQFTYM_DQQSIFLV_0,VITMDUWQIKWY,60938775_ETJQFTYM_DQQSIFLV_0_4,60938775_ETJQFTYM_DQQSIFLV_0,WZVQDQUWWPAZ,1
60938775_ETJQFTYM_DQQSIFLV_0_5,60938775_ETJQFTYM_DQQSIFLV_0,VITMDUWQIKWY,60938775_ETJQFTYM_DQQSIFLV_0_5,60938775_ETJQFTYM_DQQSIFLV_0,WZVQDQUWWPAZ,0
60938775_ETJQFTYM_DQQSIFLV_0_6,60938775_ETJQFTYM_DQQSIFLV_0,VITMDUWQIKWY,60938775_ETJQFTYM_DQQSIFLV_0_6,60938775_ETJQFTYM_DQQSIFLV_0,WZVQDQUWWPAZ,0
60938775_ETJQFTYM_DQQSIFLV_0_7,60938775_ETJQFTYM_DQQSIFLV_0,VITMDUWQIKWY,60938775_ETJQFTYM_DQQSIFLV_0_7,60938775_ETJQFTYM_DQQSIFLV_0,WZVQDQUWWPAZ,0
60938775_ETJQFTYM_DQQSIFLV_0_8,60938775_ETJQFTYM_DQQSIFLV_0,VITMDUWQIKWY,60938775_ETJQFTYM_DQQSIFLV_0_8,60938775_ETJQFTYM_DQQSIFLV_0,WZVQDQUWWPAZ,1
60938775_ETJQFTYM_DQQSIFLV_0_9,60938775_ETJQFTYM_DQQSIFLV_0,VITMDUWQIKWY,60938775_ETJQFTYM_DQQSIFLV_0_9,60938775_ETJQFTYM_DQQSIFLV_0,WZVQDQUWWPAZ,1
60938775_ETJQFTYM_DQQSIFLV_0_10,60938775_ETJQFTYM_DQQSIFLV_0,VITMDUWQIKWY,60938775_ETJQFTYM_DQQSIFLV_0_10,60938775_ETJQFTYM_DQQSIFLV_0,WZVQDQUWWPAZ,0
19982376_BPORINGO_LJNFLUMT_0_0,19982376_BPORINGO_LJNFLUMT_0,KSZXEALHVBFX,19982376_BPORINGO_LJNFLUMT_0_0,19982376_BPORINGO_LJNFLUMT_0,PYAZGREHCDNG,0
19982376_BPORINGO_LJNFLUMT_0_1,19982376_BPORINGO_LJNFLUMT_0,KSZXEALHVBFX,19982376_BPORINGO_LJNFLUMT_0_1,19982376_BPORINGO_LJNFLUMT_0,PYAZGREHCDNG,0
19982376_BPORINGO_LJNFLUMT_0_2,19982376_BPORINGO_LJNFLUMT_0,KSZXEALHVBFX,19982376_BPORINGO_LJNFLUMT_0_2,19982376_BPORINGO_LJNFLUMT_0,PYAZGREHCDNG,0
19982376_BPORINGO_LJNFLUMT_0_3,19982376_BPORINGO_LJNFLUMT_0,KSZXEALHVBFX,19982376_BPORINGO_LJNFLUMT_0_3,19982376_BPORINGO_LJNFLUMT_0,PYAZGREHCDNG,0
19982376_BPORINGO_LJNFLUMT_0_4,19982376_BPORINGO_LJNFLUMT_0,KSZXEALHVBFX,19982376_BPORINGO_LJNFLUMT_0_4,19982376_BPORINGO_LJNFLUMT_0,PYAZGREHCDNG,0
19982376_BPORINGO_LJNFLUMT_0_5,19982376_BPORINGO_LJNFLUMT_0,KSZXEALHVBFX,19982376_BPORINGO_LJNFLUMT_0_5,19982376_BPORINGO_LJNFLUMT_0,PYAZGREHCDNG,0
19982376_BPORINGO_LJNFLUMT_0_6,19982376_BPORINGO_LJNFLUMT_0,KSZXEALHVBFX,19982376_BPORINGO_LJNFLUMT_0_6,19982376_BPORINGO_LJNFLUMT_0,PYAZGREHCDNG,0
19982376_BPORINGO_LJNFLUMT_0_7,19982376_BPORINGO_LJNFLUMT_0,KSZXEALHVBFX,19982376_BPORINGO_LJNFLUMT_0_7,19982376_BPORINGO_LJNFLUMT_0,PYAZGREHCDNG,0
19982376_BPORINGO_LJNFLUMT_0_8,19982376_BPORINGO_LJNFLUMT_0,KSZXEALHVBFX,19982376_BPORINGO_LJNFLUMT_0_8,19982376_BPORINGO_LJNFLUMT_0,PYAZGREHCDNG,0
19982376_BPORINGO_LJNFLUMT_0_9,19982376_BPORINGO_LJNFLUMT_0,KSZXEALHVBFX,19982376_BPORINGO_LJNFLUMT_0_9,19982376_BPORINGO_LJNFLUMT_0,PYAZGREHCDNG,0
19982376_BPORINGO_LJNFLUMT_0_10,19982376_BPORINGO_LJNFLUMT_0,KSZXEALHVBFX,19982376_BPORINGO_LJNFLUMT_0_10,19982376_BPORINGO_LJNFLUMT_0,PYAZGREHCDNG,0
19982376_BPORINGO_LJNFLUMT_0_11,19982376_BPORINGO_LJNFLUMT_0,KSZXEALHVBFX,19982376_BPORINGO_LJNFLUMT_0_11,19982376_BPORINGO_LJNFLUMT_0,PYAZGREHCDNG,0
19982376_BPORINGO_LJNFLUMT_0_12,19982376_BPORINGO_LJNFLUMT_0,KSZXEALHVBFX,19982376_BPORINGO_LJNFLUMT_0_12,19982376_BPORINGO_LJNFLUMT_0,PYAZGREHCDNG,0
19982376_BPORINGO_LJNFLUMT_0_13,19982376_BPORINGO_LJNFLUMT_0,KSZXEALHVBFX,19982376_BPORINGO_LJNFLUMT_0_13,19982376_BPORINGO_LJNFLUMT_0,PYAZGREHCDNG,0
19982376_BPORINGO_LJNFLUMT_0_14,19982376_BPORINGO_LJNFLUMT_0,KSZXEALHVBFX,19982376_BPORINGO_LJNFLUMT_0_14,19982376_BPORINGO_LJNFLUMT_0,PYAZGREHCDNG,0
19982376_BPORINGO_LJNFLUMT_0_15,19982376_BPORINGO_LJNFLUMT_0,KSZXEALHVBFX,19982376_BPORINGO_LJNFLUMT_0_15,19982376_BPORINGO_LJNFLUMT_0,PYAZGREHCDNG,0
19982376_BPORINGO_LJNFLUMT_0_16,19982376_BPORINGO_LJNFLUMT_0,KSZXEALHVBFX,19982376_BPORINGO_LJNFLUMT_0_16,19982376_BPORINGO_LJNFLUMT_0,PYAZGREHCDNG,0
19982376_BPORINGO_LJNFLUMT_0_17,19982376_BPORINGO_LJNFLUMT_0,KSZXEALHVBFX,19982376_BPORINGO_LJNFLUMT_0_17,19982376_BPORINGO_LJNFLUMT_0,PYAZGREHCDNG,0
19982376_BPORINGO_LJNFLUMT_0_18,19982376_BPORINGO_LJNFLUMT_0,KSZXEALHVBFX,19982376_BPORINGO_LJNFLUMT_0_18,19982376_BPORINGO_LJNFLUMT_0,PYAZGREHCDNG,0
19982376_BPORINGO_LJNFLUMT_0_19,19982376_BPORINGO_LJNFLUMT_0,KSZXEALHVBFX,19982376_BPORINGO_LJNFLUMT_0_19,19982376_BPORINGO_LJNFLUMT_0,PYAZGREHCDNG,0
19982376_BPORINGO_LJNFLUMT_0_20,19982376_BPORINGO_LJNFLUMT_0,KSZXEALHVBFX,19982376_BPORINGO_LJNFLUMT_0_20,19982376_BPORINGO_LJNFLUMT_0,PYAZGREHCDNG,0
19982376_BPORINGO_LJNFLUMT_0_21,19982376_BPORINGO_LJNFLUMT_0,KSZXEALHVBFX,19982376_BPORINGO_LJNFLUMT_0_21,19982376_BPORINGO_LJNFLUMT_0,PYAZGREHCDNG,0
19982376_BPORINGO_LJNFLUMT_0_22,19982376_BPORINGO_LJNFLUMT_0,KSZXEALHVBFX,19982376_BPORINGO_LJNFLUMT_0_22,19982376_BPORINGO_LJNFLUMT_0,PYAZGREHCDNG,0
19982376_BPORINGO_LJNFLUMT_0_23,19982376_BPORINGO_LJNFLUMT_0,KSZXEALHVBFX,19982376_BPORINGO_LJNFLUMT_0_23,19982376_BPORINGO_LJNFLUMT_0,PYAZGREHCDNG,0
19982376_BPORINGO_LJNFLUMT_0_24,19982376_BPORINGO_LJNFLUMT_0,KSZXEALHVBFX,19982376_BPORINGO_LJNFLUMT_0_24,19982376_BPORINGO_LJNFLUMT_0,PYAZGREHCDNG,0
19982376_BPORINGO_LJNFLUMT_0_25,19982376_BPORINGO_LJNFLUMT_0,KSZXEALHVBFX,19982376_BPORINGO_LJNFLUMT_0_25,19982376_BPORINGO_LJNFLUMT_0,PYAZGREHCDNG,0
19982376_BPORINGO_LJNFLUMT_0_26,19982376_BPORINGO_LJNFLUMT_0,KSZXEALHVBFX,19982376_BPORINGO_LJNFLUMT_0_26,19982376_BPORINGO_LJNFLUMT_0,PYAZGREHCDNG,0
19982376_BPORINGO_LJNFLUMT_0_27,19982376_BPORINGO_LJNFLUMT_0,KSZXEALHVBFX,19982376_BPORINGO_LJNFLUMT_0_27,19982376_BPORINGO_LJNFLUMT_0,PYAZGREHCDNG,0
19982376_BPORINGO_LJNFLUMT_0_28,19982376_BPORINGO_LJNFLUMT_0,KSZXEALHVBFX,19982376_BPORINGO_LJNFLUMT_0_28,19982376_BPORINGO_LJNFLUMT_0,PYAZGREHCDNG,0
19982376_BPORINGO_LJNFLUMT_0_29,19982376_BPORINGO_LJNFLUMT_0,KSZXEALHVBFX,19982376_BPORINGO_LJNFLUMT_0_29,19982376_BPORINGO_LJNFLUMT_0,PYAZGREHCDNG,0
19982376_BPORINGO_LJNFLUMT_0_30,19982376_BPORINGO_LJNFLUMT_0,KSZXEALHVBFX,19982376_BPORINGO_LJNFLUMT_0_30,19982376_BPORINGO_LJNFLUMT_0,PYAZGREHCDNG,0
19982376_BPORINGO_LJNFLUMT_0_31,19982376_BPORINGO_LJNFLUMT_0,KSZXEALHVBFX,19982376_BPORINGO_LJNFLUMT_0_31,19982376_BPORINGO_LJNFLUMT_0,PYAZGREHCDNG,0
19982376_BPORINGO_LJNFLUMT_0_32,19982376_BPORINGO_LJNFLUMT_0,KSZXEALHVBFX,19982376_BPORINGO_LJNFLUMT_0_32,19982376_BPORINGO_LJNFLUMT_0,PYAZGREHCDNG,0
19982376_BPORINGO_LJNFLUMT_0_33,19982376_BPORINGO_LJNFLUMT_0,KSZXEALHVBFX,19982376_BPORINGO_LJNFLUMT_0_33,19982376_BPORINGO_LJNFLUMT_0,PYAZGREHCDNG,0
19982376_BPORINGO_LJNFLUMT_0_34,19982376_BPORINGO_LJNFLUMT_0,KSZXEALHVBFX,19982376_BPORINGO_LJNFLUMT_0_34,19982376_BPORINGO_LJNFLUMT_0,PYAZGREHCDNG,0
19982376_BPORINGO_LJNFLUMT_0_35,19982376_BPORINGO_LJNFLUMT_0,KSZXEALHVBFX,19982376_BPORINGO_LJNFLUMT_0_35,19982376_BPORINGO_LJNFLUMT_0,PYAZGREHCDNG,0
19982376_BPORINGO_LJNFLUMT_0_36,19982376_BPORINGO_LJNFLUMT_0,KSZXEALHVBFX,19982376_BPORINGO_LJNFLUMT_0_36,19982376_BPORINGO_LJNFLUMT_0,PYAZGREHCDNG,0
19982376_BPORINGO_LJNFLUMT_0_37,19982376_BPORINGO_LJNFLUMT_0,KSZXEALHVBFX,19982376_BPORINGO_LJNFLUMT_0_37,19982376_BPORINGO_LJNFLUMT_0,PYAZGREHCDNG,0
19982376_BPORINGO_LJNFLUMT_0_38,19982376_BPORINGO_LJNFLUMT_0,KSZXEALHVBFX,19982376_BPORINGO_LJNFLUMT_0_38,19982376_BPORINGO_LJNFLUMT_0,PYAZGREHCDNG,0
19982376_BPORINGO_LJNFLUMT_0_39,19982376_BPORINGO_LJNFLUMT_0,KSZXEALHVBFX,19982376_BPORINGO_LJNFLUMT_0_39,19982376_BPORINGO_LJNFLUMT_0,PYAZGREHCDNG,0
19982376_BPORINGO_LJNFLUMT_0_40,19982376_BPORINGO_LJNFLUMT_0,KSZXEALHVBFX,19982376_BPORINGO_LJNFLUMT_0_40,19982376_BPORINGO_LJNFLUMT_0,PYAZGREHCDNG,0
19982376_BPORINGO_LJNFLUMT_0_41,19982376_BPORINGO_LJNFLUMT_0,KSZXEALHVBFX,19982376_BPORINGO_LJNFLUMT_0_41,19982376_BPORINGO_LJNFLUMT_0,PYAZGREHCDNG,0
19982376_BPORINGO_LJNFLUMT_0_42,19982376_BPORINGO_LJNFLUMT_0,KSZXEALHVBFX,19982376_BPORINGO_LJNFLUMT_0_42,19982376_BPORINGO_LJNFLUMT_0,PYAZGREHCDNG,0
19982376_BPORINGO_LJNFLUMT_0_43,19982376_BPORINGO_LJNFLUMT_0,KSZXEALHVBFX,19982376_BPORINGO_LJNFLUMT_0_43,19982376_BPORINGO_LJNFLUMT_0,PYAZGREHCDNG,0
19982376_BPORINGO_LJNFLUMT_0_44,19982376_BPORINGO_LJNFLUMT_0,KSZXEALHVBFX,19982376_BPORINGO_LJNFLUMT_0_44,19982376_BPORINGO_LJNFLUMT_0,PYAZGREHCDNG,0
19982376_BPORINGO_LJNFLUMT_0_45,19982376_BPORINGO_LJNFLUMT_0,KSZXEALHVBFX,19982376_BPORINGO_LJNFLUMT_0_45,19982376_BPORINGO_LJNFLUMT_0,PYAZGREHCDNG,0
19982376_BPORINGO_LJNFLUMT_0_46,19982376_BPORINGO_LJNFLUMT_0,KSZXEALHVBFX,19982376_BPORINGO_LJNFLUMT_0_46,19982376_BPORINGO_LJNFLUMT_0,PYAZGREHCDNG,0
19982376_BPORINGO_LJNFLUMT_0_47,19982376_BPORINGO_LJNFLUMT_0,KSZXEALHVBFX,19982376_BPORINGO_LJNFLUMT_0_47,19982376_BPORINGO_LJNFLUMT_0,PYAZGREHCDNG,0
19982376_BPORINGO_LJNFLUMT_0_48,19982376_BPORINGO_LJNFLUMT_0,KSZXEALHVBFX,19982376_BPORINGO_LJNFLUMT_0_48,19982376_BPORINGO_LJNFLUMT_0,PYAZGREHCDNG,0
19982376_BPORINGO_LJNFLUMT_0_49,19982376_BPORINGO_LJNFLUMT_0,KSZXEALHVBFX,19982376_BPORINGO_LJNFLUMT_0_49,19982376_BPORINGO_LJNFLUMT_0,PYAZGREHCDNG,0
19982376_BPORINGO_LJNFLUMT_0_50,19982376_BPORINGO_LJNFLUMT_0,KSZXEALHVBFX,19982376_BPORINGO_LJNFLUMT_0_50,19982376_BPORINGO_LJNFLUMT_0,PYAZGREHCDNG,0
19982376_BPORINGO_LJNFLUMT_0_51,19982376_BPORINGO_LJNFLUMT_0,KSZXEALHVBFX,19982376_BPORINGO_LJNFLUMT_0_51,19982376_BPORINGO_LJNFLUMT_0,PYAZGREHCDNG,0
76172921_IQIICCGV_DRXGSCTF_0_0,76172921_IQIICCGV_DRXGSCTF_0,QOVTVLKXMOSN,76172921_IQIICCGV_DRXGSCTF_0_0,76172921_IQIICCGV_DRXGSCTF_0,EJXXQPKZYTQB,0
76172921_IQIICCGV_DRXGSCTF_0_1,76172921_IQIICCGV_DRXGSCTF_0,QOVTVLKXMOSN,76172921_IQIICCGV_DRXGSCTF_0_1,76172921_IQIICCGV_DRXGSCTF_0,EJXXQPKZYTQB,0
76172921_IQIICCGV_DRXGSCTF_0_2,76172921_IQIICCGV_DRXGSCTF_0,QOVTVLKXMOSN,76172921_IQIICCGV_DRXGSCTF_0_2,76172921_IQIICCGV_DRXGSCTF_0,EJXXQPKZYTQB,0
76172921_IQIICCGV_DRXGSCTF_0_3,76172921_IQIICCGV_DRXGSCTF_0,QOVTVLKXMOSN,76172921_IQIICCGV_DRXGSCTF_0_3,76172921_IQIICCGV_DRXGSCTF_0,EJXXQPKZYTQB,0
28118620_SXKPVCFE_BPORINGO_0_0,28118620_SXKPVCFE_BPORINGO_0,JANJWFVZAOQH,28118620_SXKPVCFE_BPORINGO_0_0,28118620_SXKPVCFE_BPORINGO_0,DCWHCCHVQUGL,0
28118620_SXKPVCFE_BPORINGO_0_1,28118620_SXKPVCFE_BPORINGO_0,JANJWFVZAOQH,28118620_SXKPVCFE_BPORINGO_0_1,28118620_SXKPVCFE_BPORINGO_0,DCWHCCHVQUGL,0
28118620_SXKPVCFE_BPORINGO_0_2,28118620_SXKPVCFE_BPORINGO_0,JANJWFVZAOQH,28118620_SXKPVCFE_BPORINGO_0_2,28118620_SXKPVCFE_BPORINGO_0,DCWHCCHVQUGL,0
28118620_SXKPVCFE_BPORINGO_0_3,28118620_SXKPVCFE_BPORINGO_0,JANJWFVZAOQH,28118620_SXKPVCFE_BPORINGO_0_3,28118620_SXKPVCFE_BPORINGO_0,DCWHCCHVQUGL,0
28118620_SXKPVCFE_BPORINGO_0_4,28118620_SXKPVCFE_BPORINGO_0,JANJWFVZAOQH,28118620_SXKPVCFE_BPORINGO_0_4,28118620_SXKPVCFE_BPORINGO_0,DCWHCCHVQUGL,0
28118620_SXKPVCFE_BPORINGO_0_5,28118620_SXKPVCFE_BPORINGO_0,JANJWFVZAOQH,28118620_SXKPVCFE_BPORINGO_0_5,28118620_SXKPVCFE_BPORINGO_0,DCWHCCHVQUGL,0
28118620_SXKPVCFE_BPORINGO_0_6,28118620_SXKPVCFE_BPORINGO_0,JANJWFVZAOQH,28118620_SXKPVCFE_BPORINGO_0_6,28118620_SXKPVCFE_BPORINGO_0,DCWHCCHVQUGL,0
28118620_SXKPVCFE_BPORINGO_0_7,28118620_SXKPVCFE_BPORINGO_0,JANJWFVZAOQH,28118620_SXKPVCFE_BPORINGO_0_7,28118620_SXKPVCFE_BPORINGO_0,DCWHCCHVQUGL,0
28118620_SXKPVCFE_BPORINGO_0_8,28118620_SXKPVCFE_BPORINGO_0,JANJWFVZAOQH,28118620_SXKPVCFE_BPORINGO_0_8,28118620_SXKPVCFE_BPORINGO_0,DCWHCCHVQUGL,0
28118620_SXKPVCFE_BPORINGO_0_9,28118620_SXKPVCFE_BPORINGO_0,JANJWFVZAOQH,28118620_SXKPVCFE_BPORINGO_0_9,28118620_SXKPVCFE_BPORINGO_0,DCWHCCHVQUGL,0
28118620_SXKPVCFE_BPORINGO_0_10,28118620_SXKPVCFE_BPORINGO_0,JANJWFVZAOQH,28118620_SXKPVCFE_BPORINGO_0_10,28118620_SXKPVCFE_BPORINGO_0,DCWHCCHVQUGL,0
28118620_SXKPVCFE_BPORINGO_0_11,28118620_SXKPVCFE_BPORINGO_0,JANJWFVZAOQH,28118620_SXKPVCFE_BPORINGO_0_11,28118620_SXKPVCFE_BPORINGO_0,DCWHCCHVQUGL,0
28118620_SXKPVCFE_BPORINGO_0_12,28118620_SXKPVCFE_BPORINGO_0,JANJWFVZAOQH,28118620_SXKPVCFE_BPORINGO_0_12,28118620_SXKPVCFE_BPORINGO_0,DCWHCCHVQUGL,0
28118620_SXKPVCFE_BPORINGO_0_13,28118620_SXKPVCFE_BPORINGO_0,JANJWFVZAOQH,28118620_SXKPVCFE_BPORINGO_0_13,28118620_SXKPVCFE_BPORINGO_0,DCWHCCHVQUGL,0
28118620_SXKPVCFE_BPORINGO_0_14,28118620_SXKPVCFE_BPORINGO_0,JANJWFVZAOQH,28118620_SXKPVCFE_BPORINGO_0_14,28118620_SXKPVCFE_BPORINGO_0,DCWHCCHVQUGL,0
28118620_SXKPVCFE_BPORINGO_0_15,28118620_SXKPVCFE_BPORINGO_0,JANJWFVZAOQH,28118620_SXKPVCFE_BPORINGO_0_15,28118620_SXKPVCFE_BPORINGO_0,DCWHCCHVQUGL,0
28118620_SXKPVCFE_BPORINGO_0_16,28118620_SXKPVCFE_BPORINGO_0,JANJWFVZAOQH,28118620_SXKPVCFE_BPORINGO_0_16,28118620_SXKPVCFE_BPORINGO_0,DCWHCCHVQUGL,0
28118620_SXKPVCFE_BPORINGO_0_17,28118620_SXKPVCFE_BPORINGO_0,JANJWFVZAOQH,28118620_SXKPVCFE_BPORINGO_0_17,28118620_SXKPVCFE_BPORINGO_0,DCWHCCHVQUGL,0
28118620_SXKPVCFE_BPORINGO_0_18,28118620_SXKPVCFE_BPORINGO_0,JANJWFVZAOQH,28118620_SXKPVCFE_BPORINGO_0_18,28118620_SXKPVCFE_BPORINGO_0,DCWHCCHVQUGL,0
28118620_SXKPVCFE_BPORINGO_0_19,28118620_SXKPVCFE_BPORINGO_0,JANJWFVZAOQH,28118620_SXKPVCFE_BPORINGO_0_19,28118620_SXKPVCFE_BPORINGO_0,DCWHCCHVQUGL,0
28118620_SXKPVCFE_BPORINGO_0_20,28118620_SXKPVCFE_BPORINGO_0,JANJWFVZAOQH,28118620_SXKPVCFE_BPORINGO_0_20,28118620_SXKPVCFE_BPORINGO_0,DCWHCCHVQUGL,0
28118620_SXKPVCFE_BPORINGO_0_21,28118620_SXKPVCFE_BPORINGO_0,JANJWFVZAOQH,28118620_SXKPVCFE_BPORINGO_0_21,28118620_SXKPVCFE_BPORINGO_0,DCWHCCHVQUGL,0
28118620_SXKPVCFE_BPORINGO_0_22,28118620_SXKPVCFE_BPORINGO_0,JANJWFVZAOQH,28118620_SXKPVCFE_BPORINGO_0_22,28118620_SXKPVCFE_BPORINGO_0,DCWHCCHVQUGL,0
28118620_SXKPVCFE_BPORINGO_0_23,28118620_SXKPVCFE_BPORINGO_0,JANJWFVZAOQH,28118620_SXKPVCFE_BPORINGO_0_23,28118620_SXKPVCFE_BPORINGO_0,DCWHCCHVQUGL,0
28118620_SXKPVCFE_BPORINGO_0_24,28118620_SXKPVCFE_BPORINGO_0,JANJWFVZAOQH,28118620_SXKPVCFE_BPORINGO_0_24,28118620_SXKPVCFE_BPORINGO_0,DCWHCCHVQUGL,0
28118620_SXKPVCFE_BPORINGO_0_25,28118620_SXKPVCFE_BPORINGO_0,JANJWFVZAOQH,28118620_SXKPVCFE_BPORINGO_0_25,28118620_SXKPVCFE_BPORINGO_0,DCWHCCHVQUGL,0
28118620_SXKPVCFE_BPORINGO_0_26,28118620_SXKPVCFE_BPORINGO_0,JANJWFVZAOQH,28118620_SXKPVCFE_BPORINGO_0_26,28118620_SXKPVCFE_BPORINGO_0,DCWHCCHVQUGL,0
28118620_SXKPVCFE_BPORINGO_0_27,28118620_SXKPVCFE_BPORINGO_0,JANJWFVZAOQH,28118620_SXKPVCFE_BPORINGO_0_27,28118620_SXKPVCFE_BPORINGO_0,DCWHCCHVQUGL,0
28118620_SXKPVCFE_BPORINGO_0_28,28118620_SXKPVCFE_BPORINGO_0,JANJWFVZAOQH,28118620_SXKPVCFE_BPORINGO_0_28,28118620_SXKPVCFE_BPORINGO_0,DCWHCCHVQUGL,0
28118620_SXKPVCFE_BPORINGO_0_29,28118620_SXKPVCFE_BPORINGO_0,JANJWFVZAOQH,28118620_SXKPVCFE_BPORINGO_0_29,28118620_SXKPVCFE_BPORINGO_0,DCWHCCHVQUGL,0
28118620_SXKPVCFE_BPORINGO_0_30,28118620_SXKPVCFE_BPORINGO_0,JANJWFVZAOQH,28118620_SXKPVCFE_BPORINGO_0_30,28118620_SXKPVCFE_BPORINGO_0,DCWHCCHVQUGL,0
28118620_SXKPVCFE_BPORINGO_0_31,28118620_SXKPVCFE_BPORINGO_0,JANJWFVZAOQH,28118620_SXKPVCFE_BPORINGO_0_31,28118620_SXKPVCFE_BPORINGO_0,DCWHCCHVQUGL,0
28118620_SXKPVCFE_BPORINGO_0_32,28118620_SXKPVCFE_BPORINGO_0,JANJWFVZAOQH,28118620_SXKPVCFE_BPORINGO_0_32,28118620_SXKPVCFE_BPORINGO_0,DCWHCCHVQUGL,0
28118620_SXKPVCFE_BPORINGO_0_33,28118620_SXKPVCFE_BPORINGO_0,JANJWFVZAOQH,28118620_SXKPVCFE_BPORINGO_0_33,28118620_SXKPVCFE_BPORINGO_0,DCWHCCHVQUGL,0
28118620_SXKPVCFE_BPORINGO_0_34,28118620_SXKPVCFE_BPORINGO_0,JANJWFVZAOQH,28118620_SXKPVCFE_BPORINGO_0_34,28118620_SXKPVCFE_BPORINGO_0,DCWHCCHVQUGL,0
28118620_SXKPVCFE_BPORINGO_0_35,28118620_SXKPVCFE_BPORINGO_0,JANJWFVZAOQH,28118620_SXKPVCFE_BPORINGO_0_35,28118620_SXKPVCFE_BPORINGO_0,DCWHCCHVQUGL,0
28118620_SXKPVCFE_BPORINGO_0_36,28118620_SXKPVCFE_BPORINGO_0,JANJWFVZAOQH,28118620_SXKPVCFE_BPORINGO_0_36,28118620_SXKPVCFE_BPORINGO_0,DCWHCCHVQUGL,0
28118620_SXKPVCFE_BPORINGO_0_37,28118620_SXKPVCFE_BPORINGO_0,JANJWFVZAOQH,28118620_SXKPVCFE_BPORINGO_0_37,28118620_SXKPVCFE_BPORINGO_0,DCWHCCHVQUGL,1
28118620_SXKPVCFE_BPORINGO_0_38,28118620_SXKPVCFE_BPORINGO_0,JANJWFVZAOQH,28118620_SXKPVCFE_BPORINGO_0_38,28118620_SXKPVCFE_BPORINGO_0,DCWHCCHVQUGL,0
28118620_SXKPVCFE_BPORINGO_0_39,28118620_SXKPVCFE_BPORINGO_0,JANJWFVZAOQH,28118620_SXKPVCFE_BPORINGO_0_39,28118620_SXKPVCFE_BPORINGO_0,DCWHCCHVQUGL,1
28118620_SXKPVCFE_BPORINGO_0_40,28118620_SXKPVCFE_BPORINGO_0,JANJWFVZAOQH,28118620_SXKPVCFE_BPORINGO_0_40,28118620_SXKPVCFE_BPORINGO_0,DCWHCCHVQUGL,0
28118620_SXKPVCFE_BPORINGO_0_41,28118620_SXKPVCFE_BPORINGO_0,JANJWFVZAOQH,28118620_SXKPVCFE_BPORINGO_0_41,28118620_SXKPVCFE_BPORINGO_0,DCWHCCHVQUGL,0
28118620_SXKPVCFE_BPORINGO_0_42,28118620_SXKPVCFE_BPORINGO_0,JANJWFVZAOQH,28118620_SXKPVCFE_BPORINGO_0_42,28118620_SXKPVCFE_BPORINGO_0,DCWHCCHVQUGL,0
28118620_SXKPVCFE_BPORINGO_0_43,28118620_SXKPVCFE_BPORINGO_0,JANJWFVZAOQH,28118620_SXKPVCFE_BPORINGO_0_43,28118620_SXKPVCFE_BPORINGO_0,DCWHCCHVQUGL,0
28118620_SXKPVCFE_BPORINGO_0_44,28118620_SXKPVCFE_BPORINGO_0,JANJWFVZAOQH,28118620_SXKPVCFE_BPORINGO_0_44,28118620_SXKPVCFE_BPORINGO_0,DCWHCCHVQUGL,0
28118620_SXKPVCFE_BPORINGO_0_45,28118620_SXKPVCFE_BPORINGO_0,JANJWFVZAOQH,28118620_SXKPVCFE_BPORINGO_0_45,28118620_SXKPVCFE_BPORINGO_0,DCWHCCHVQUGL,0
28118620_SXKPVCFE_BPORINGO_0_46,28118620_SXKPVCFE_BPORINGO_0,JANJWFVZAOQH,28118620_SXKPVCFE_BPORINGO_0_46,28118620_SXKPVCFE_BPORINGO_0,DCWHCCHVQUGL,0
28118620_SXKPVCFE_BPORINGO_0_47,28118620_SXKPVCFE_BPORINGO_0,JANJWFVZAOQH,28118620_SXKPVCFE_BPORINGO_0_47,28118620_SXKPVCFE_BPORINGO_0,DCWHCCHVQUGL,0
28118620_SXKPVCFE_BPORINGO_0_48,28118620_SXKPVCFE_BPORINGO_0,JANJWFVZAOQH,28118620_SXKPVCFE_BPORINGO_0_48,28118620_SXKPVCFE_BPORINGO_0,DCWHCCHVQUGL,0
28118620_SXKPVCFE_BPORINGO_0_49,28118620_SXKPVCFE_BPORINGO_0,JANJWFVZAOQH,28118620_SXKPVCFE_BPORINGO_0_49,28118620_SXKPVCFE_BPORINGO_0,DCWHCCHVQUGL,0
28118620_SXKPVCFE_BPORINGO_0_50,28118620_SXKPVCFE_BPORINGO_0,JANJWFVZAOQH,28118620_SXKPVCFE_BPORINGO_0_50,28118620_SXKPVCFE_BPORINGO_0,DCWHCCHVQUGL,0
28118620_SXKPVCFE_BPORINGO_0_51,28118620_SXKPVCFE_BPORINGO_0,JANJWFVZAOQH,28118620_SXKPVCFE_BPORINGO_0_51,28118620_SXKPVCFE_BPORINGO_0,DCWHCCHVQUGL,0
28118620_SXKPVCFE_BPORINGO_0_52,28118620_SXKPVCFE_BPORINGO_0,JANJWFVZAOQH,28118620_SXKPVCFE_BPORINGO_0_52,28118620_SXKPVCFE_BPORINGO_0,DCWHCCHVQUGL,0
28118620_SXKPVCFE_BPORINGO_0_53,28118620_SXKPVCFE_BPORINGO_0,JANJWFVZAOQH,28118620_SXKPVCFE_BPORINGO_0_53,28118620_SXKPVCFE_BPORINGO_0,DCWHCCHVQUGL,0
28118620_SXKPVCFE_BPORINGO_0_54,28118620_SXKPVCFE_BPORINGO_0,JANJWFVZAOQH,28118620_SXKPVCFE_BPORINGO_0_54,28118620_SXKPVCFE_BPORINGO_0,DCWHCCHVQUGL,0
28118620_SXKPVCFE_BPORINGO_0_55,28118620_SXKPVCFE_BPORINGO_0,JANJWFVZAOQH,28118620_SXKPVCFE_BPORINGO_0_55,28118620_SXKPVCFE_BPORINGO_0,DCWHCCHVQUGL,0
28118620_SXKPVCFE_BPORINGO_0_56,28118620_SXKPVCFE_BPORINGO_0,JANJWFVZAOQH,28118620_SXKPVCFE_BPORINGO_0_56,28118620_SXKPVCFE_BPORINGO_0,DCWHCCHVQUGL,0
28118620_SXKPVCFE_BPORINGO_0_57,28118620_SXKPVCFE_BPORINGO_0,JANJWFVZAOQH,28118620_SXKPVCFE_BPORINGO_0_57,28118620_SXKPVCFE_BPORINGO_0,DCWHCCHVQUGL,0
31475130_LJNFLUMT_SXKPVCFE_0_0,31475130_LJNFLUMT_SXKPVCFE_0,FDSJQNQDBFQL,31475130_LJNFLUMT_SXKPVCFE_0_0,31475130_LJNFLUMT_SXKPVCFE_0,NJJBGHVUHXIZ,0
31475130_LJNFLUMT_SXKPVCFE_0_1,31475130_LJNFLUMT_SXKPVCFE_0,FDSJQNQDBFQL,31475130_LJNFLUMT_SXKPVCFE_0_1,31475130_LJNFLUMT_SXKPVCFE_0,NJJBGHVUHXIZ,0
31475130_LJNFLUMT_SXKPVCFE_0_2,31475130_LJNFLUMT_SXKPVCFE_0,FDSJQNQDBFQL,31475130_LJNFLUMT_SXKPVCFE_0_2,31475130_LJNFLUMT_SXKPVCFE_0,NJJBGHVUHXIZ,0
31475130_LJNFLUMT_SXKPVCFE_0_3,31475130_LJNFLUMT_SXKPVCFE_0,FDSJQNQDBFQL,31475130_LJNFLUMT_SXKPVCFE_0_3,31475130_LJNFLUMT_SXKPVCFE_0,NJJBGHVUHXIZ,0
31475130_LJNFLUMT_SXKPVCFE_0_4,31475130_LJNFLUMT_SXKPVCFE_0,FDSJQNQDBFQL,31475130_LJNFLUMT_SXKPVCFE_0_4,31475130_LJNFLUMT_SXKPVCFE_0,NJJBGHVUHXIZ,0
31475130_LJNFLUMT_SXKPVCFE_0_5,31475130_LJNFLUMT_SXKPVCFE_0,FDSJQNQDBFQL,31475130_LJNFLUMT_SXKPVCFE_0_5,31475130_LJNFLUMT_SXKPVCFE_0,NJJBGHVUHXIZ,0
31475130_LJNFLUMT_SXKPVCFE_0_6,31475130_LJNFLUMT_SXKPVCFE_0,FDSJQNQDBFQL,31475130_LJNFLUMT_SXKPVCFE_0_6,31475130_LJNFLUMT_SXKPVCFE_0,NJJBGHVUHXIZ,0
31475130_LJNFLUMT_SXKPVCFE_0_7,31475130_LJNFLUMT_SXKPVCFE_0,FDSJQNQDBFQL,31475130_LJNFLUMT_SXKPVCFE_0_7,31475130_LJNFLUMT_SXKPVCFE_0,NJJBGHVUHXIZ,0
31475130_LJNFLUMT_SXKPVCFE_0_8,31475130_LJNFLUMT_SXKPVCFE_0,FDSJQNQDBFQL,31475130_LJNFLUMT_SXKPVCFE_0_8,31475130_LJNFLUMT_SXKPVCFE_0,NJJBGHVUHXIZ,0
31475130_LJNFLUMT_SXKPVCFE_0_9,31475130_LJNFLUMT_SXKPVCFE_0,FDSJQNQDBFQL,31475130_LJNFLUMT_SXKPVCFE_0_9,31475130_LJNFLUMT_SXKPVCFE_0,NJJBGHVUHXIZ,0
31475130_LJNFLUMT_SXKPVCFE_0_10,31475130_LJNFLUMT_SXKPVCFE_0,FDSJQNQDBFQL,31475130_LJNFLUMT_SXKPVCFE_0_10,31475130_LJNFLUMT_SXKPVCFE_0,NJJBGHVUHXIZ,0
31475130_LJNFLUMT_SXKPVCFE_0_11,31475130_LJNFLUMT_SXKPVCFE_0,FDSJQNQDBFQL,31475130_LJNFLUMT_SXKPVCFE_0_11,31475130_LJNFLUMT_SXKPVCFE_0,NJJBGHVUHXIZ,0
31475130_LJNFLUMT_SXKPVCFE_0_12,31475130_LJNFLUMT_SXKPVCFE_0,FDSJQNQDBFQL,31475130_LJNFLUMT_SXKPVCFE_0_12,31475130_LJNFLUMT_SXKPVCFE_0,NJJBGHVUHXIZ,0
31475130_LJNFLUMT_SXKPVCFE_0_13,31475130_LJNFLUMT_SXKPVCFE_0,FDSJQNQDBFQL,31475130_LJNFLUMT_SXKPVCFE_0_13,31475130_LJNFLUMT_SXKPVCFE_0,NJJBGHVUHXIZ,0
31475130_LJNFLUMT_SXKPVCFE_0_14,31475130_LJNFLUMT_SXKPVCFE_0,FDSJQNQDBFQL,31475130_LJNFLUMT_SXKPVCFE_0_14,31475130_LJNFLUMT_SXKPVCFE_0,NJJBGHVUHXIZ,0
31475130_LJNFLUMT_SXKPVCFE_0_15,31475130_LJNFLUMT_SXKPVCFE_0,FDSJQNQDBFQL,31475130_LJNFLUMT_SXKPVCFE_0_15,31475130_LJNFLUMT_SXKPVCFE_0,NJJBGHVUHXIZ,0
31475130_LJNFLUMT_SXKPVCFE_0_16,31475130_LJNFLUMT_SXKPVCFE_0,FDSJQNQDBFQL,31475130_LJNFLUMT_SXKPVCFE_0_16,31475130_LJNFLUMT_SXKPVCFE_0,NJJBGHVUHXIZ,0
31475130_LJNFLUMT_SXKPVCFE_0_17,31475130_LJNFLUMT_SXKPVCFE_0,FDSJQNQDBFQL,31475130_LJNFLUMT_SXKPVCFE_0_17,31475130_LJNFLUMT_SXKPVCFE_0,NJJBGHVUHXIZ,1
31475130_LJNFLUMT_SXKPVCFE_0_18,31475130_LJNFLUMT_SXKPVCFE_0,FDSJQNQDBFQL,31475130_LJNFLUMT_SXKPVCFE_0_18,31475130_LJNFLUMT_SXKPVCFE_0,NJJBGHVUHXIZ,0
31475130_LJNFLUMT_SXKPVCFE_0_19,31475130_LJNFLUMT_SXKPVCFE_0,FDSJQNQDBFQL,31475130_LJNFLUMT_SXKPVCFE_0_19,31475130_LJNFLUMT_SXKPVCFE_0,NJJBGHVUHXIZ,0
31475130_LJNFLUMT_SXKPVCFE_0_20,31475130_LJNFLUMT_SXKPVCFE_0,FDSJQNQDBFQL,31475130_LJNFLUMT_SXKPVCFE_0_20,31475130_LJNFLUMT_SXKPVCFE_0,NJJBGHVUHXIZ,0
31475130_LJNFLUMT_SXKPVCFE_0_21,31475130_LJNFLUMT_SXKPVCFE_0,FDSJQNQDBFQL,31475130_LJNFLUMT_SXKPVCFE_0_21,31475130_LJNFLUMT_SXKPVCFE_0,NJJBGHVUHXIZ,0
31475130_LJNFLUMT_SXKPVCFE_0_22,31475130_LJNFLUMT_SXKPVCFE_0,FDSJQNQDBFQL,31475130_LJNFLUMT_SXKPVCFE_0_22,31475130_LJNFLUMT_SXKPVCFE_0,NJJBGHVUHXIZ,0
31475130_LJNFLUMT_SXKPVCFE_0_23,31475130_LJNFLUMT_SXKPVCFE_0,FDSJQNQDBFQL,31475130_LJNFLUMT_SXKPVCFE_0_23,31475130_LJNFLUMT_SXKPVCFE_0,NJJBGHVUHXIZ,0
31475130_LJNFLUMT_SXKPVCFE_0_24,31475130_LJNFLUMT_SXKPVCFE_0,FDSJQNQDBFQL,31475130_LJNFLUMT_SXKPVCFE_0_24,31475130_LJNFLUMT_SXKPVCFE_0,NJJBGHVUHXIZ,0
31475130_LJNFLUMT_SXKPVCFE_0_25,31475130_LJNFLUMT_SXKPVCFE_0,FDSJQNQDBFQL,31475130_LJNFLUMT_SXKPVCFE_0_25,31475130_LJNFLUMT_SXKPVCFE_0,NJJBGHVUHXIZ,0
31475130_LJNFLUMT_SXKPVCFE_0_26,31475130_LJNFLUMT_SXKPVCFE_0,FDSJQNQDBFQL,31475130_LJNFLUMT_SXKPVCFE_0_26,31475130_LJNFLUMT_SXKPVCFE_0,NJJBGHVUHXIZ,0
31475130_LJNFLUMT_SXKPVCFE_0_27,31475130_LJNFLUMT_SXKPVCFE_0,FDSJQNQDBFQL,31475130_LJNFLUMT_SXKPVCFE_0_27,31475130_LJNFLUMT_SXKPVCFE_0,NJJBGHVUHXIZ,0
31475130_LJNFLUMT_SXKPVCFE_0_28,31475130_LJNFLUMT_SXKPVCFE_0,FDSJQNQDBFQL,31475130_LJNFLUMT_SXKPVCFE_0_28,31475130_LJNFLUMT_SXKPVCFE_0,NJJBGHVUHXIZ,0
31475130_LJNFLUMT_SXKPVCFE_0_29,31475130_LJNFLUMT_SXKPVCFE_0,FDSJQNQDBFQL,31475130_LJNFLUMT_SXKPVCFE_0_29,31475130_LJNFLUMT_SXKPVCFE_0,NJJBGHVUHXIZ,0
31475130_LJNFLUMT_SXKPVCFE_0_30,31475130_LJNFLUMT_SXKPVCFE_0,FDSJQNQDBFQL,31475130_LJNFLUMT_SXKPVCFE_0_30,31475130_LJNFLUMT_SXKPVCFE_0,NJJBGHVUHXIZ,0
31475130_LJNFLUMT_SXKPVCFE_0_31,31475130_LJNFLUMT_SXKPVCFE_0,FDSJQNQDBFQL,31475130_LJNFLUMT_SXKPVCFE_0_31,31475130_LJNFLUMT_SXKPVCFE_0,NJJBGHVUHXIZ,0
31475130_LJNFLUMT_SXKPVCFE_0_32,31475130_LJNFLUMT_SXKPVCFE_0,FDSJQNQDBFQL,31475130_LJNFLUMT_SXKPVCFE_0_32,31475130_LJNFLUMT_SXKPVCFE_0,NJJBGHVUHXIZ,0
31475130_LJNFLUMT_SXKPVCFE_0_33,31475130_LJNFLUMT_SXKPVCFE_0,FDSJQNQDBFQL,31475130_LJNFLUMT_SXKPVCFE_0_33,31475130_LJNFLUMT_SXKPVCFE_0,NJJBGHVUHXIZ,0
31475130_LJNFLUMT_SXKPVCFE_0_34,31475130_LJNFLUMT_SXKPVCFE_0,FDSJQNQDBFQL,31475130_LJNFLUMT_SXKPVCFE_0_34,31475130_LJNFLUMT_SXKPVCFE_0,NJJBGHVUHXIZ,0
31475130_LJNFLUMT_SXKPVCFE_0_35,31475130_LJNFLUMT_SXKPVCFE_0,FDSJQNQDBFQL,31475130_LJNFLUMT_SXKPVCFE_0_35,31475130_LJNFLUMT_SXKPVCFE_0,NJJBGHVUHXIZ,0
31475130_LJNFLUMT_SXKPVCFE_0_36,31475130_LJNFLUMT_SXKPVCFE_0,FDSJQNQDBFQL,31475130_LJNFLUMT_SXKPVCFE_0_36,31475130_LJNFLUMT_SXKPVCFE_0,NJJBGHVUHXIZ,0
31475130_LJNFLUMT_SXKPVCFE_0_37,31475130_LJNFLUMT_SXKPVCFE_0,FDSJQNQDBFQL,31475130_LJNFLUMT_SXKPVCFE_0_37,31475130_LJNFLUMT_SXKPVCFE_0,NJJBGHVUHXIZ,0
31475130_LJNFLUMT_SXKPVCFE_0_38,31475130_LJNFLUMT_SXKPVCFE_0,FDSJQNQDBFQL,31475130_LJNFLUMT_SXKPVCFE_0_38,31475130_LJNFLUMT_SXKPVCFE_0,NJJBGHVUHXIZ,0
31475130_LJNFLUMT_SXKPVCFE_0_39,31475130_LJNFLUMT_SXKPVCFE_0,FDSJQNQDBFQL,31475130_LJNFLUMT_SXKPVCFE_0_39,31475130_LJNFLUMT_SXKPVCFE_0,NJJBGHVUHXIZ,0
31475130_LJNFLUMT_SXKPVCFE_0_40,31475130_LJNFLUMT_SXKPVCFE_0,FDSJQNQDBFQL,31475130_LJNFLUMT_SXKPVCFE_0_40,31475130_LJNFLUMT_SXKPVCFE_0,NJJBGHVUHXIZ,0
31475130_LJNFLUMT_SXKPVCFE_0_41,31475130_LJNFLUMT_SXKPVCFE_0,FDSJQNQDBFQL,31475130_LJNFLUMT_SXKPVCFE_0_41,31475130_LJNFLUMT_SXKPVCFE_0,NJJBGHVUHXIZ,0
31475130_LJNFLUMT_SXKPVCFE_0_42,31475130_LJNFLUMT_SXKPVCFE_0,FDSJQNQDBFQL,31475130_LJNFLUMT_SXKPVCFE_0_42,31475130_LJNFLUMT_SXKPVCFE_0,NJJBGHVUHXIZ,0
31475130_LJNFLUMT_SXKPVCFE_0_43,31475130_LJNFLUMT_SXKPVCFE_0,FDSJQNQDBFQL,31475130_LJNFLUMT_SXKPVCFE_0_43,31475130_LJNFLUMT_SXKPVCFE_0,NJJBGHVUHXIZ,0
31475130_LJNFLUMT_SXKPVCFE_0_44,31475130_LJNFLUMT_SXKPVCFE_0,FDSJQNQDBFQL,31475130_LJNFLUMT_SXKPVCFE_0_44,31475130_LJNFLUMT_SXKPVCFE_0,NJJBGHVUHXIZ,0
31475130_LJNFLUMT_SXKPVCFE_0_45,31475130_LJNFLUMT_SXKPVCFE_0,FDSJQNQDBFQL,31475130_LJNFLUMT_SXKPVCFE_0_45,31475130_LJNFLUMT_SXKPVCFE_0,NJJBGHVUHXIZ,0
31475130_LJNFLUMT_SXKPVCFE_0_46,31475130_LJNFLUMT_SXKPVCFE_0,FDSJQNQDBFQL,31475130_LJNFLUMT_SXKPVCFE_0_46,31475130_LJNFLUMT_SXKPVCFE_0,NJJBGHVUHXIZ,0
31475130_LJNFLUMT_SXKPVCFE_0_47,31475130_LJNFLUMT_SXKPVCFE_0,FDSJQNQDBFQL,31475130_LJNFLUMT_SXKPVCFE_0_47,31475130_LJNFLUMT_SXKPVCFE_0,NJJBGHVUHXIZ,0
31475130_LJNFLUMT_SXKPVCFE_0_48,31475130_LJNFLUMT_SXKPVCFE_0,FDSJQNQDBFQL,31475130_LJNFLUMT_SXKPVCFE_0_48,31475130_LJNFLUMT_SXKPVCFE_0,NJJBGHVUHXIZ,0
31475130_LJNFLUMT_SXKPVCFE_0_49,31475130_LJNFLUMT_SXKPVCFE_0,FDSJQNQDBFQL,31475130_LJNFLUMT_SXKPVCFE_0_49,31475130_LJNFLUMT_SXKPVCFE_0,NJJBGHVUHXIZ,1
31475130_LJNFLUMT_SXKPVCFE_0_50,31475130_LJNFLUMT_SXKPVCFE_0,FDSJQNQDBFQL,31475130_LJNFLUMT_SXKPVCFE_0_50,31475130_LJNFLUMT_SXKPVCFE_0,NJJBGHVUHXIZ,0
31475130_LJNFLUMT_SXKPVCFE_0_51,31475130_LJNFLUMT_SXKPVCFE_0,FDSJQNQDBFQL,31475130_LJNFLUMT_SXKPVCFE_0_51,31475130_LJNFLUMT_SXKPVCFE_0,NJJBGHVUHXIZ,0
31475130_LJNFLUMT_SXKPVCFE_0_52,31475130_LJNFLUMT_SXKPVCFE_0,FDSJQNQDBFQL,31475130_LJNFLUMT_SXKPVCFE_0_52,31475130_LJNFLUMT_SXKPVCFE_0,NJJBGHVUHXIZ,0
31475130_LJNFLUMT_SXKPVCFE_0_53,31475130_LJNFLUMT_SXKPVCFE_0,FDSJQNQDBFQL,31475130_LJNFLUMT_SXKPVCFE_0_53,31475130_LJNFLUMT_SXKPVCFE_0,NJJBGHVUHXIZ,0
31475130_LJNFLUMT_SXKPVCFE_0_54,31475130_LJNFLUMT_SXKPVCFE_0,FDSJQNQDBFQL,31475130_LJNFLUMT_SXKPVCFE_0_54,31475130_LJNFLUMT_SXKPVCFE_0,NJJBGHVUHXIZ,0
31475130_LJNFLUMT_SXKPVCFE_0_55,31475130_LJNFLUMT_SXKPVCFE_0,FDSJQNQDBFQL,31475130_LJNFLUMT_SXKPVCFE_0_55,31475130_LJNFLUMT_SXKPVCFE_0,NJJBGHVUHXIZ,0
31475130_LJNFLUMT_SXKPVCFE_0_56,31475130_LJNFLUMT_SXKPVCFE_0,FDSJQNQDBFQL,31475130_LJNFLUMT_SXKPVCFE_0_56,31475130_LJNFLUMT_SXKPVCFE_0,NJJBGHVUHXIZ,0
31475130_LJNFLUMT_SXKPVCFE_0_57,31475130_LJNFLUMT_SXKPVCFE_0,FDSJQNQDBFQL,31475130_LJNFLUMT_SXKPVCFE_0_57,31475130_LJNFLUMT_SXKPVCFE_0,NJJBGHVUHXIZ,0
31475130_LJNFLUMT_SXKPVCFE_0_58,31475130_LJNFLUMT_SXKPVCFE_0,FDSJQNQDBFQL,31475130_LJNFLUMT_SXKPVCFE_0_58,31475130_LJNFLUMT_SXKPVCFE_0,NJJBGHVUHXIZ,0
31475130_LJNFLUMT_SXKPVCFE_0_59,31475130_LJNFLUMT_SXKPVCFE_0,FDSJQNQDBFQL,31475130_LJNFLUMT_SXKPVCFE_0_59,31475130_LJNFLUMT_SXKPVCFE_0,NJJBGHVUHXIZ,0
31475130_LJNFLUMT_SXKPVCFE_0_60,31475130_LJNFLUMT_SXKPVCFE_0,FDSJQNQDBFQL,31475130_LJNFLUMT_SXKPVCFE_0_60,31475130_LJNFLUMT_SXKPVCFE_0,NJJBGHVUHXIZ,0
31475130_LJNFLUMT_SXKPVCFE_0_61,31475130_LJNFLUMT_SXKPVCFE_0,FDSJQNQDBFQL,31475130_LJNFLUMT_SXKPVCFE_0_61,31475130_LJNFLUMT_SXKPVCFE_0,NJJBGHVUHXIZ,0
31475130_LJNFLUMT_SXKPVCFE_0_62,31475130_LJNFLUMT_SXKPVCFE_0,FDSJQNQDBFQL,31475130_LJNFLUMT_SXKPVCFE_0_62,31475130_LJNFLUMT_SXKPVCFE_0,NJJBGHVUHXIZ,0
31475130_LJNFLUMT_SXKPVCFE_0_63,31475130_LJNFLUMT_SXKPVCFE_0,FDSJQNQDBFQL,31475130_LJNFLUMT_SXKPVCFE_0_63,31475130_LJNFLUMT_SXKPVCFE_0,NJJBGHVUHXIZ,0
31475130_LJNFLUMT_SXKPVCFE_0_64,31475130_LJNFLUMT_SXKPVCFE_0,FDSJQNQDBFQL,31475130_LJNFLUMT_SXKPVCFE_0_64,31475130_LJNFLUMT_SXKPVCFE_0,NJJBGHVUHXIZ,0
31475130_LJNFLUMT_SXKPVCFE_0_65,31475130_LJNFLUMT_SXKPVCFE_0,FDSJQNQDBFQL,31475130_LJNFLUMT_SXKPVCFE_0_65,31475130_LJNFLUMT_SXKPVCFE_0,NJJBGHVUHXIZ,0
31475130_LJNFLUMT_SXKPVCFE_0_66,31475130_LJNFLUMT_SXKPVCFE_0,FDSJQNQDBFQL,31475130_LJNFLUMT_SXKPVCFE_0_66,31475130_LJNFLUMT_SXKPVCFE_0,NJJBGHVUHXIZ,0
31475130_LJNFLUMT_SXKPVCFE_0_67,31475130_LJNFLUMT_SXKPVCFE_0,FDSJQNQDBFQL,31475130_LJNFLUMT_SXKPVCFE_0_67,31475130_LJNFLUMT_SXKPVCFE_0,NJJBGHVUHXIZ,0
31475130_LJNFLUMT_SXKPVCFE_0_68,31475130_LJNFLUMT_SXKPVCFE_0,FDSJQNQDBFQL,31475130_LJNFLUMT_SXKPVCFE_0_68,31475130_LJNFLUMT_SXKPVCFE_0,NJJBGHVUHXIZ,0
31475130_LJNFLUMT_SXKPVCFE_0_69,31475130_LJNFLUMT_SXKPVCFE_0,FDSJQNQDBFQL,31475130_LJNFLUMT_SXKPVCFE_0_69,31475130_LJNFLUMT_SXKPVCFE_0,NJJBGHVUHXIZ,0
31475130_LJNFLUMT_SXKPVCFE_0_70,31475130_LJNFLUMT_SXKPVCFE_0,FDSJQNQDBFQL,31475130_LJNFLUMT_SXKPVCFE_0_70,31475130_LJNFLUMT_SXKPVCFE_0,NJJBGHVUHXIZ,0
31475130_LJNFLUMT_SXKPVCFE_0_71,31475130_LJNFLUMT_SXKPVCFE_0,FDSJQNQDBFQL,31475130_LJNFLUMT_SXKPVCFE_0_71,31475130_LJNFLUMT_SXKPVCFE_0,NJJBGHVUHXIZ,0
31475130_LJNFLUMT_SXKPVCFE_0_72,31475130_LJNFLUMT_SXKPVCFE_0,FDSJQNQDBFQL,31475130_LJNFLUMT_SXKPVCFE_0_72,31475130_LJNFLUMT_SXKPVCFE_0,NJJBGHVUHXIZ,0
31475130_LJNFLUMT_SXKPVCFE_0_73,31475130_LJNFLUMT_SXKPVCFE_0,FDSJQNQDBFQL,31475130_LJNFLUMT_SXKPVCFE_0_73,31475130_LJNFLUMT_SXKPVCFE_0,NJJBGHVUHXIZ,0
31475130_LJNFLUMT_SXKPVCFE_0_74,31475130_LJNFLUMT_SXKPVCFE_0,FDSJQNQDBFQL,31475130_LJNFLUMT_SXKPVCFE_0_74,31475130_LJNFLUMT_SXKPVCFE_0,NJJBGHVUHXIZ,1
31475130_LJNFLUMT_SXKPVCFE_0_75,31475130_LJNFLUMT_SXKPVCFE_0,FDSJQNQDBFQL,31475130_LJNFLUMT_SXKPVCFE_0_75,31475130_LJNFLUMT_SXKPVCFE_0,NJJBGHVUHXIZ,0
31475130_LJNFLUMT_SXKPVCFE_0_76,31475130_LJNFLUMT_SXKPVCFE_0,FDSJQNQDBFQL,31475130_LJNFLUMT_SXKPVCFE_0_76,31475130_LJNFLUMT_SXKPVCFE_0,NJJBGHVUHXIZ,0
31475130_LJNFLUMT_SXKPVCFE_0_77,31475130_LJNFLUMT_SXKPVCFE_0,FDSJQNQDBFQL,31475130_LJNFLUMT_SXKPVCFE_0_77,31475130_LJNFLUMT_SXKPVCFE_0,NJJBGHVUHXIZ,0
31475130_LJNFLUMT_SXKPVCFE_0_78,31475130_LJNFLUMT_SXKPVCFE_0,FDSJQNQDBFQL,31475130_LJNFLUMT_SXKPVCFE_0_78,31475130_LJNFLUMT_SXKPVCFE_0,NJJBGHVUHXIZ,1
31475130_LJNFLUMT_SXKPVCFE_0_79,31475130_LJNFLUMT_SXKPVCFE_0,FDSJQNQDBFQL,31475130_LJNFLUMT_SXKPVCFE_0_79,31475130_LJNFLUMT_SXKPVCFE_0,NJJBGHVUHXIZ,0
31475130_LJNFLUMT_SXKPVCFE_0_80,31475130_LJNFLUMT_SXKPVCFE_0,FDSJQNQDBFQL,31475130_LJNFLUMT_SXKPVCFE_0_80,31475130_LJNFLUMT_SXKPVCFE_0,NJJBGHVUHXIZ,0
31475130_LJNFLUMT_SXKPVCFE_0_81,31475130_LJNFLUMT_SXKPVCFE_0,FDSJQNQDBFQL,31475130_LJNFLUMT_SXKPVCFE_0_81,31475130_LJNFLUMT_SXKPVCFE_0,NJJBGHVUHXIZ,0
31475130_LJNFLUMT_SXKPVCFE_0_82,31475130_LJNFLUMT_SXKPVCFE_0,FDSJQNQDBFQL,31475130_LJNFLUMT_SXKPVCFE_0_82,31475130_LJNFLUMT_SXKPVCFE_0,NJJBGHVUHXIZ,0
31475130_LJNFLUMT_SXKPVCFE_0_83,31475130_LJNFLUMT_SXKPVCFE_0,FDSJQNQDBFQL,31475130_LJNFLUMT_SXKPVCFE_0_83,31475130_LJNFLUMT_SXKPVCFE_0,NJJBGHVUHXIZ,0
31475130_LJNFLUMT_SXKPVCFE_0_84,31475130_LJNFLUMT_SXKPVCFE_0,FDSJQNQDBFQL,31475130_LJNFLUMT_SXKPVCFE_0_84,31475130_LJNFLUMT_SXKPVCFE_0,NJJBGHVUHXIZ,0
31475130_LJNFLUMT_SXKPVCFE_0_85,31475130_LJNFLUMT_SXKPVCFE_0,FDSJQNQDBFQL,31475130_LJNFLUMT_SXKPVCFE_0_85,31475130_LJNFLUMT_SXKPVCFE_0,NJJBGHVUHXIZ,0
31475130_LJNFLUMT_SXKPVCFE_0_86,31475130_LJNFLUMT_SXKPVCFE_0,FDSJQNQDBFQL,31475130_LJNFLUMT_SXKPVCFE_0_86,31475130_LJNFLUMT_SXKPVCFE_0,NJJBGHVUHXIZ,0
31475130_LJNFLUMT_SXKPVCFE_0_87,31475130_LJNFLUMT_SXKPVCFE_0,FDSJQNQDBFQL,31475130_LJNFLUMT_SXKPVCFE_0_87,31475130_LJNFLUMT_SXKPVCFE_0,NJJBGHVUHXIZ,0
31475130_LJNFLUMT_SXKPVCFE_0_88,31475130_LJNFLUMT_SXKPVCFE_0,FDSJQNQDBFQL,31475130_LJNFLUMT_SXKPVCFE_0_88,31475130_LJNFLUMT_SXKPVCFE_0,NJJBGHVUHXIZ,0
31475130_LJNFLUMT_SXKPVCFE_0_89,31475130_LJNFLUMT_SXKPVCFE_0,FDSJQNQDBFQL,31475130_LJNFLUMT_SXKPVCFE_0_89,31475130_LJNFLUMT_SXKPVCFE_0,NJJBGHVUHXIZ,0
31475130_LJNFLUMT_SXKPVCFE_0_90,31475130_LJNFLUMT_SXKPVCFE_0,FDSJQNQDBFQL,31475130_LJNFLUMT_SXKPVCFE_0_90,31475130_LJNFLUMT_SXKPVCFE_0,NJJBGHVUHXIZ,0
31475130_LJNFLUMT_SXKPVCFE_0_91,31475130_LJNFLUMT_SXKPVCFE_0,FDSJQNQDBFQL,31475130_LJNFLUMT_SXKPVCFE_0_91,31475130_LJNFLUMT_SXKPVCFE_0,NJJBGHVUHXIZ,0
31475130_LJNFLUMT_SXKPVCFE_0_92,31475130_LJNFLUMT_SXKPVCFE_0,FDSJQNQDBFQL,31475130_LJNFLUMT_SXKPVCFE_0_92,31475130_LJNFLUMT_SXKPVCFE_0,NJJBGHVUHXIZ,0
31475130_LJNFLUMT_SXKPVCFE_0_93,31475130_LJNFLUMT_SXKPVCFE_0,FDSJQNQDBFQL,31475130_LJNFLUMT_SXKPVCFE_0_93,31475130_LJNFLUMT_SXKPVCFE_0,NJJBGHVUHXIZ,0
31475130_LJNFLUMT_SXKPVCFE_0_94,31475130_LJNFLUMT_SXKPVCFE_0,FDSJQNQDBFQL,31475130_LJNFLUMT_SXKPVCFE_0_94,31475130_LJNFLUMT_SXKPVCFE_0,NJJBGHVUHXIZ,0
31475130_SXKPVCFE_TLOSLTMS_0_0,31475130_SXKPVCFE_TLOSLTMS_0,FDSJQNQDBFQL,31475130_SXKPVCFE_TLOSLTMS_0_0,31475130_SXKPVCFE_TLOSLTMS_0,NJJBGHVUHXIZ,0
31475130_SXKPVCFE_TLOSLTMS_0_1,31475130_SXKPVCFE_TLOSLTMS_0,FDSJQNQDBFQL,31475130_SXKPVCFE_TLOSLTMS_0_1,31475130_SXKPVCFE_TLOSLTMS_0,NJJBGHVUHXIZ,0
31475130_SXKPVCFE_TLOSLTMS_0_2,31475130_SXKPVCFE_TLOSLTMS_0,FDSJQNQDBFQL,31475130_SXKPVCFE_TLOSLTMS_0_2,31475130_SXKPVCFE_TLOSLTMS_0,NJJBGHVUHXIZ,0
31475130_SXKPVCFE_TLOSLTMS_0_3,31475130_SXKPVCFE_TLOSLTMS_0,FDSJQNQDBFQL,31475130_SXKPVCFE_TLOSLTMS_0_3,31475130_SXKPVCFE_TLOSLTMS_0,NJJBGHVUHXIZ,0
31475130_SXKPVCFE_TLOSLTMS_0_4,31475130_SXKPVCFE_TLOSLTMS_0,FDSJQNQDBFQL,31475130_SXKPVCFE_TLOSLTMS_0_4,31475130_SXKPVCFE_TLOSLTMS_0,NJJBGHVUHXIZ,0
31475130_SXKPVCFE_TLOSLTMS_0_5,31475130_SXKPVCFE_TLOSLTMS_0,FDSJQNQDBFQL,31475130_SXKPVCFE_TLOSLTMS_0_5,31475130_SXKPVCFE_TLOSLTMS_0,NJJBGHVUHXIZ,0
31475130_SXKPVCFE_TLOSLTMS_0_6,31475130_SXKPVCFE_TLOSLTMS_0,FDSJQNQDBFQL,31475130_SXKPVCFE_TLOSLTMS_0_6,31475130_SXKPVCFE_TLOSLTMS_0,NJJBGHVUHXIZ,0
31475130_SXKPVCFE_TLOSLTMS_0_7,31475130_SXKPVCFE_TLOSLTMS_0,FDSJQNQDBFQL,31475130_SXKPVCFE_TLOSLTMS_0_7,31475130_SXKPVCFE_TLOSLTMS_0,NJJBGHVUHXIZ,0
31475130_SXKPVCFE_TLOSLTMS_0_8,31475130_SXKPVCFE_TLOSLTMS_0,FDSJQNQDBFQL,31475130_SXKPVCFE_TLOSLTMS_0_8,31475130_SXKPVCFE_TLOSLTMS_0,NJJBGHVUHXIZ,0
31475130_SXKPVCFE_TLOSLTMS_0_9,31475130_SXKPVCFE_TLOSLTMS_0,FDSJQNQDBFQL,31475130_SXKPVCFE_TLOSLTMS_0_9,31475130_SXKPVCFE_TLOSLTMS_0,NJJBGHVUHXIZ,0
31475130_SXKPVCFE_TLOSLTMS_0_10,31475130_SXKPVCFE_TLOSLTMS_0,FDSJQNQDBFQL,31475130_SXKPVCFE_TLOSLTMS_0_10,31475130_SXKPVCFE_TLOSLTMS_0,NJJBGHVUHXIZ,0
31475130_SXKPVCFE_TLOSLTMS_0_11,31475130_SXKPVCFE_TLOSLTMS_0,FDSJQNQDBFQL,31475130_SXKPVCFE_TLOSLTMS_0_11,31475130_SXKPVCFE_TLOSLTMS_0,NJJBGHVUHXIZ,0
31475130_SXKPVCFE_TLOSLTMS_0_12,31475130_SXKPVCFE_TLOSLTMS_0,FDSJQNQDBFQL,31475130_SXKPVCFE_TLOSLTMS_0_12,31475130_SXKPVCFE_TLOSLTMS_0,NJJBGHVUHXIZ,0
31475130_SXKPVCFE_TLOSLTMS_0_13,31475130_SXKPVCFE_TLOSLTMS_0,FDSJQNQDBFQL,31475130_SXKPVCFE_TLOSLTMS_0_13,31475130_SXKPVCFE_TLOSLTMS_0,NJJBGHVUHXIZ,0
31475130_SXKPVCFE_TLOSLTMS_0_14,31475130_SXKPVCFE_TLOSLTMS_0,FDSJQNQDBFQL,31475130_SXKPVCFE_TLOSLTMS_0_14,31475130_SXKPVCFE_TLOSLTMS_0,NJJBGHVUHXIZ,0
31475130_SXKPVCFE_TLOSLTMS_0_15,31475130_SXKPVCFE_TLOSLTMS_0,FDSJQNQDBFQL,31475130_SXKPVCFE_TLOSLTMS_0_15,31475130_SXKPVCFE_TLOSLTMS_0,NJJBGHVUHXIZ,0
31475130_SXKPVCFE_TLOSLTMS_0_16,31475130_SXKPVCFE_TLOSLTMS_0,FDSJQNQDBFQL,31475130_SXKPVCFE_TLOSLTMS_0_16,31475130_SXKPVCFE_TLOSLTMS_0,NJJBGHVUHXIZ,0
31475130_SXKPVCFE_TLOSLTMS_0_17,31475130_SXKPVCFE_TLOSLTMS_0,FDSJQNQDBFQL,31475130_SXKPVCFE_TLOSLTMS_0_17,31475130_SXKPVCFE_TLOSLTMS_0,NJJBGHVUHXIZ,0
31475130_SXKPVCFE_TLOSLTMS_0_18,31475130_SXKPVCFE_TLOSLTMS_0,FDSJQNQDBFQL,31475130_SXKPVCFE_TLOSLTMS_0_18,31475130_SXKPVCFE_TLOSLTMS_0,NJJBGHVUHXIZ,0
31475130_SXKPVCFE_TLOSLTMS_0_19,31475130_SXKPVCFE_TLOSLTMS_0,FDSJQNQDBFQL,31475130_SXKPVCFE_TLOSLTMS_0_19,31475130_SXKPVCFE_TLOSLTMS_0,NJJBGHVUHXIZ,0
31475130_SXKPVCFE_TLOSLTMS_0_20,31475130_SXKPVCFE_TLOSLTMS_0,FDSJQNQDBFQL,31475130_SXKPVCFE_TLOSLTMS_0_20,31475130_SXKPVCFE_TLOSLTMS_0,NJJBGHVUHXIZ,0
31475130_SXKPVCFE_TLOSLTMS_0_21,31475130_SXKPVCFE_TLOSLTMS_0,FDSJQNQDBFQL,31475130_SXKPVCFE_TLOSLTMS_0_21,31475130_SXKPVCFE_TLOSLTMS_0,NJJBGHVUHXIZ,0
31475130_SXKPVCFE_TLOSLTMS_0_22,31475130_SXKPVCFE_TLOSLTMS_0,FDSJQNQDBFQL,31475130_SXKPVCFE_TLOSLTMS_0_22,31475130_SXKPVCFE_TLOSLTMS_0,NJJBGHVUHXIZ,0
31475130_SXKPVCFE_TLOSLTMS_0_23,31475130_SXKPVCFE_TLOSLTMS_0,FDSJQNQDBFQL,31475130_SXKPVCFE_TLOSLTMS_0_23,31475130_SXKPVCFE_TLOSLTMS_0,NJJBGHVUHXIZ,0
31475130_SXKPVCFE_TLOSLTMS_0_24,31475130_SXKPVCFE_TLOSLTMS_0,FDSJQNQDBFQL,31475130_SXKPVCFE_TLOSLTMS_0_24,31475130_SXKPVCFE_TLOSLTMS_0,NJJBGHVUHXIZ,0
31475130_SXKPVCFE_TLOSLTMS_0_25,31475130_SXKPVCFE_TLOSLTMS_0,FDSJQNQDBFQL,31475130_SXKPVCFE_TLOSLTMS_0_25,31475130_SXKPVCFE_TLOSLTMS_0,NJJBGHVUHXIZ,0
31475130_SXKPVCFE_TLOSLTMS_0_26,31475130_SXKPVCFE_TLOSLTMS_0,FDSJQNQDBFQL,31475130_SXKPVCFE_TLOSLTMS_0_26,31475130_SXKPVCFE_TLOSLTMS_0,NJJBGHVUHXIZ,0
80876517_TLOSLTMS_SXKPVCFE_0_0,80876517_TLOSLTMS_SXKPVCFE_0,NSGBQNEWABFX,80876517_TLOSLTMS_SXKPVCFE_0_0,80876517_TLOSLTMS_SXKPVCFE_0,FMXOSEFLSKPA,0
80876517_TLOSLTMS_SXKPVCFE_0_1,80876517_TLOSLTMS_SXKPVCFE_0,NSGBQNEWABFX,80876517_TLOSLTMS_SXKPVCFE_0_1,80876517_TLOSLTMS_SXKPVCFE_0,FMXOSEFLSKPA,0
80876517_TLOSLTMS_SXKPVCFE_0_2,80876517_TLOSLTMS_SXKPVCFE_0,NSGBQNEWABFX,80876517_TLOSLTMS_SXKPVCFE_0_2,80876517_TLOSLTMS_SXKPVCFE_0,FMXOSEFLSKPA,0
80876517_TLOSLTMS_SXKPVCFE_0_3,80876517_TLOSLTMS_SXKPVCFE_0,NSGBQNEWABFX,80876517_TLOSLTMS_SXKPVCFE_0_3,80876517_TLOSLTMS_SXKPVCFE_0,FMXOSEFLSKPA,0
80876517_TLOSLTMS_SXKPVCFE_0_4,80876517_TLOSLTMS_SXKPVCFE_0,NSGBQNEWABFX,80876517_TLOSLTMS_SXKPVCFE_0_4,80876517_TLOSLTMS_SXKPVCFE_0,FMXOSEFLSKPA,0
80876517_TLOSLTMS_SXKPVCFE_0_5,80876517_TLOSLTMS_SXKPVCFE_0,NSGBQNEWABFX,80876517_TLOSLTMS_SXKPVCFE_0_5,80876517_TLOSLTMS_SXKPVCFE_0,FMXOSEFLSKPA,0
80876517_TLOSLTMS_SXKPVCFE_0_6,80876517_TLOSLTMS_SXKPVCFE_0,NSGBQNEWABFX,80876517_TLOSLTMS_SXKPVCFE_0_6,80876517_TLOSLTMS_SXKPVCFE_0,FMXOSEFLSKPA,0
80876517_TLOSLTMS_SXKPVCFE_0_7,80876517_TLOSLTMS_SXKPVCFE_0,NSGBQNEWABFX,80876517_TLOSLTMS_SXKPVCFE_0_7,80876517_TLOSLTMS_SXKPVCFE_0,FMXOSEFLSKPA,0
80876517_TLOSLTMS_SXKPVCFE_0_8,80876517_TLOSLTMS_SXKPVCFE_0,NSGBQNEWABFX,80876517_TLOSLTMS_SXKPVCFE_0_8,80876517_TLOSLTMS_SXKPVCFE_0,FMXOSEFLSKPA,0
80876517_TLOSLTMS_SXKPVCFE_0_9,80876517_TLOSLTMS_SXKPVCFE_0,NSGBQNEWABFX,80876517_TLOSLTMS_SXKPVCFE_0_9,80876517_TLOSLTMS_SXKPVCFE_0,FMXOSEFLSKPA,0
80876517_TLOSLTMS_SXKPVCFE_0_10,80876517_TLOSLTMS_SXKPVCFE_0,NSGBQNEWABFX,80876517_TLOSLTMS_SXKPVCFE_0_10,80876517_TLOSLTMS_SXKPVCFE_0,FMXOSEFLSKPA,0
80876517_TLOSLTMS_SXKPVCFE_0_11,80876517_TLOSLTMS_SXKPVCFE_0,NSGBQNEWABFX,80876517_TLOSLTMS_SXKPVCFE_0_11,80876517_TLOSLTMS_SXKPVCFE_0,FMXOSEFLSKPA,0
80876517_TLOSLTMS_SXKPVCFE_0_12,80876517_TLOSLTMS_SXKPVCFE_0,NSGBQNEWABFX,80876517_TLOSLTMS_SXKPVCFE_0_12,80876517_TLOSLTMS_SXKPVCFE_0,FMXOSEFLSKPA,0
80876517_TLOSLTMS_SXKPVCFE_0_13,80876517_TLOSLTMS_SXKPVCFE_0,NSGBQNEWABFX,80876517_TLOSLTMS_SXKPVCFE_0_13,80876517_TLOSLTMS_SXKPVCFE_0,FMXOSEFLSKPA,0
80876517_TLOSLTMS_SXKPVCFE_0_14,80876517_TLOSLTMS_SXKPVCFE_0,NSGBQNEWABFX,80876517_TLOSLTMS_SXKPVCFE_0_14,80876517_TLOSLTMS_SXKPVCFE_0,FMXOSEFLSKPA,0
80876517_TLOSLTMS_SXKPVCFE_0_15,80876517_TLOSLTMS_SXKPVCFE_0,NSGBQNEWABFX,80876517_TLOSLTMS_SXKPVCFE_0_15,80876517_TLOSLTMS_SXKPVCFE_0,FMXOSEFLSKPA,0
80876517_SXKPVCFE_BPORINGO_0_0,80876517_SXKPVCFE_BPORINGO_0,NSGBQNEWABFX,80876517_SXKPVCFE_BPORINGO_0_0,80876517_SXKPVCFE_BPORINGO_0,FMXOSEFLSKPA,0
80876517_SXKPVCFE_BPORINGO_0_1,80876517_SXKPVCFE_BPORINGO_0,NSGBQNEWABFX,80876517_SXKPVCFE_BPORINGO_0_1,80876517_SXKPVCFE_BPORINGO_0,FMXOSEFLSKPA,0
80876517_SXKPVCFE_BPORINGO_0_2,80876517_SXKPVCFE_BPORINGO_0,NSGBQNEWABFX,80876517_SXKPVCFE_BPORINGO_0_2,80876517_SXKPVCFE_BPORINGO_0,FMXOSEFLSKPA,0
80876517_SXKPVCFE_BPORINGO_0_3,80876517_SXKPVCFE_BPORINGO_0,NSGBQNEWABFX,80876517_SXKPVCFE_BPORINGO_0_3,80876517_SXKPVCFE_BPORINGO_0,FMXOSEFLSKPA,0
80876517_SXKPVCFE_BPORINGO_0_4,80876517_SXKPVCFE_BPORINGO_0,NSGBQNEWABFX,80876517_SXKPVCFE_BPORINGO_0_4,80876517_SXKPVCFE_BPORINGO_0,FMXOSEFLSKPA,0
80876517_SXKPVCFE_BPORINGO_0_5,80876517_SXKPVCFE_BPORINGO_0,NSGBQNEWABFX,80876517_SXKPVCFE_BPORINGO_0_5,80876517_SXKPVCFE_BPORINGO_0,FMXOSEFLSKPA,0
80876517_SXKPVCFE_BPORINGO_0_6,80876517_SXKPVCFE_BPORINGO_0,NSGBQNEWABFX,80876517_SXKPVCFE_BPORINGO_0_6,80876517_SXKPVCFE_BPORINGO_0,FMXOSEFLSKPA,0
80876517_SXKPVCFE_BPORINGO_0_7,80876517_SXKPVCFE_BPORINGO_0,NSGBQNEWABFX,80876517_SXKPVCFE_BPORINGO_0_7,80876517_SXKPVCFE_BPORINGO_0,FMXOSEFLSKPA,0
80876517_SXKPVCFE_BPORINGO_0_8,80876517_SXKPVCFE_BPORINGO_0,NSGBQNEWABFX,80876517_SXKPVCFE_BPORINGO_0_8,80876517_SXKPVCFE_BPORINGO_0,FMXOSEFLSKPA,0
80876517_SXKPVCFE_BPORINGO_0_9,80876517_SXKPVCFE_BPORINGO_0,NSGBQNEWABFX,80876517_SXKPVCFE_BPORINGO_0_9,80876517_SXKPVCFE_BPORINGO_0,FMXOSEFLSKPA,0
80876517_SXKPVCFE_BPORINGO_0_10,80876517_SXKPVCFE_BPORINGO_0,NSGBQNEWABFX,80876517_SXKPVCFE_BPORINGO_0_10,80876517_SXKPVCFE_BPORINGO_0,FMXOSEFLSKPA,0
80876517_SXKPVCFE_BPORINGO_0_11,80876517_SXKPVCFE_BPORINGO_0,NSGBQNEWABFX,80876517_SXKPVCFE_BPORINGO_0_11,80876517_SXKPVCFE_BPORINGO_0,FMXOSEFLSKPA,0
80876517_SXKPVCFE_BPORINGO_0_12,80876517_SXKPVCFE_BPORINGO_0,NSGBQNEWABFX,80876517_SXKPVCFE_BPORINGO_0_12,80876517_SXKPVCFE_BPORINGO_0,FMXOSEFLSKPA,0
80876517_SXKPVCFE_BPORINGO_0_13,80876517_SXKPVCFE_BPORINGO_0,NSGBQNEWABFX,80876517_SXKPVCFE_BPORINGO_0_13,80876517_SXKPVCFE_BPORINGO_0,FMXOSEFLSKPA,1
80876517_SXKPVCFE_BPORINGO_0_14,80876517_SXKPVCFE_BPORINGO_0,NSGBQNEWABFX,80876517_SXKPVCFE_BPORINGO_0_14,80876517_SXKPVCFE_BPORINGO_0,FMXOSEFLSKPA,0
80876517_SXKPVCFE_BPORINGO_0_15,80876517_SXKPVCFE_BPORINGO_0,NSGBQNEWABFX,80876517_SXKPVCFE_BPORINGO_0_15,80876517_SXKPVCFE_BPORINGO_0,FMXOSEFLSKPA,0
80876517_SXKPVCFE_BPORINGO_0_16,80876517_SXKPVCFE_BPORINGO_0,NSGBQNEWABFX,80876517_SXKPVCFE_BPORINGO_0_16,80876517_SXKPVCFE_BPORINGO_0,FMXOSEFLSKPA,0
80876517_SXKPVCFE_BPORINGO_0_17,80876517_SXKPVCFE_BPORINGO_0,NSGBQNEWABFX,80876517_SXKPVCFE_BPORINGO_0_17,80876517_SXKPVCFE_BPORINGO_0,FMXOSEFLSKPA,0
80876517_SXKPVCFE_BPORINGO_0_18,80876517_SXKPVCFE_BPORINGO_0,NSGBQNEWABFX,80876517_SXKPVCFE_BPORINGO_0_18,80876517_SXKPVCFE_BPORINGO_0,FMXOSEFLSKPA,0
80876517_SXKPVCFE_BPORINGO_0_19,80876517_SXKPVCFE_BPORINGO_0,NSGBQNEWABFX,80876517_SXKPVCFE_BPORINGO_0_19,80876517_SXKPVCFE_BPORINGO_0,FMXOSEFLSKPA,0
80876517_SXKPVCFE_BPORINGO_0_20,80876517_SXKPVCFE_BPORINGO_0,NSGBQNEWABFX,80876517_SXKPVCFE_BPORINGO_0_20,80876517_SXKPVCFE_BPORINGO_0,FMXOSEFLSKPA,1
80876517_SXKPVCFE_BPORINGO_0_21,80876517_SXKPVCFE_BPORINGO_0,NSGBQNEWABFX,80876517_SXKPVCFE_BPORINGO_0_21,80876517_SXKPVCFE_BPORINGO_0,FMXOSEFLSKPA,0
80876517_SXKPVCFE_BPORINGO_0_22,80876517_SXKPVCFE_BPORINGO_0,NSGBQNEWABFX,80876517_SXKPVCFE_BPORINGO_0_22,80876517_SXKPVCFE_BPORINGO_0,FMXOSEFLSKPA,0
80876517_SXKPVCFE_BPORINGO_0_23,80876517_SXKPVCFE_BPORINGO_0,NSGBQNEWABFX,80876517_SXKPVCFE_BPORINGO_0_23,80876517_SXKPVCFE_BPORINGO_0,FMXOSEFLSKPA,0
80876517_SXKPVCFE_BPORINGO_0_24,80876517_SXKPVCFE_BPORINGO_0,NSGBQNEWABFX,80876517_SXKPVCFE_BPORINGO_0_24,80876517_SXKPVCFE_BPORINGO_0,FMXOSEFLSKPA,1
80876517_SXKPVCFE_BPORINGO_0_25,80876517_SXKPVCFE_BPORINGO_0,NSGBQNEWABFX,80876517_SXKPVCFE_BPORINGO_0_25,80876517_SXKPVCFE_BPORINGO_0,FMXOSEFLSKPA,0
80876517_SXKPVCFE_BPORINGO_0_26,80876517_SXKPVCFE_BPORINGO_0,NSGBQNEWABFX,80876517_SXKPVCFE_BPORINGO_0_26,80876517_SXKPVCFE_BPORINGO_0,FMXOSEFLSKPA,0
80876517_SXKPVCFE_BPORINGO_0_27,80876517_SXKPVCFE_BPORINGO_0,NSGBQNEWABFX,80876517_SXKPVCFE_BPORINGO_0_27,80876517_SXKPVCFE_BPORINGO_0,FMXOSEFLSKPA,0
80876517_SXKPVCFE_BPORINGO_0_28,80876517_SXKPVCFE_BPORINGO_0,NSGBQNEWABFX,80876517_SXKPVCFE_BPORINGO_0_28,80876517_SXKPVCFE_BPORINGO_0,FMXOSEFLSKPA,0
80876517_SXKPVCFE_BPORINGO_0_29,80876517_SXKPVCFE_BPORINGO_0,NSGBQNEWABFX,80876517_SXKPVCFE_BPORINGO_0_29,80876517_SXKPVCFE_BPORINGO_0,FMXOSEFLSKPA,0
80876517_SXKPVCFE_BPORINGO_0_30,80876517_SXKPVCFE_BPORINGO_0,NSGBQNEWABFX,80876517_SXKPVCFE_BPORINGO_0_30,80876517_SXKPVCFE_BPORINGO_0,FMXOSEFLSKPA,0
80876517_SXKPVCFE_BPORINGO_0_31,80876517_SXKPVCFE_BPORINGO_0,NSGBQNEWABFX,80876517_SXKPVCFE_BPORINGO_0_31,80876517_SXKPVCFE_BPORINGO_0,FMXOSEFLSKPA,0
80876517_SXKPVCFE_BPORINGO_0_32,80876517_SXKPVCFE_BPORINGO_0,NSGBQNEWABFX,80876517_SXKPVCFE_BPORINGO_0_32,80876517_SXKPVCFE_BPORINGO_0,FMXOSEFLSKPA,0
80876517_SXKPVCFE_BPORINGO_0_33,80876517_SXKPVCFE_BPORINGO_0,NSGBQNEWABFX,80876517_SXKPVCFE_BPORINGO_0_33,80876517_SXKPVCFE_BPORINGO_0,FMXOSEFLSKPA,0
80876517_SXKPVCFE_BPORINGO_0_34,80876517_SXKPVCFE_BPORINGO_0,NSGBQNEWABFX,80876517_SXKPVCFE_BPORINGO_0_34,80876517_SXKPVCFE_BPORINGO_0,FMXOSEFLSKPA,0
80876517_SXKPVCFE_BPORINGO_0_35,80876517_SXKPVCFE_BPORINGO_0,NSGBQNEWABFX,80876517_SXKPVCFE_BPORINGO_0_35,80876517_SXKPVCFE_BPORINGO_0,FMXOSEFLSKPA,0
80876517_SXKPVCFE_BPORINGO_0_36,80876517_SXKPVCFE_BPORINGO_0,NSGBQNEWABFX,80876517_SXKPVCFE_BPORINGO_0_36,80876517_SXKPVCFE_BPORINGO_0,FMXOSEFLSKPA,0
80876517_SXKPVCFE_BPORINGO_0_37,80876517_SXKPVCFE_BPORINGO_0,NSGBQNEWABFX,80876517_SXKPVCFE_BPORINGO_0_37,80876517_SXKPVCFE_BPORINGO_0,FMXOSEFLSKPA,0
80876517_SXKPVCFE_BPORINGO_0_38,80876517_SXKPVCFE_BPORINGO_0,NSGBQNEWABFX,80876517_SXKPVCFE_BPORINGO_0_38,80876517_SXKPVCFE_BPORINGO_0,FMXOSEFLSKPA,1
80876517_SXKPVCFE_BPORINGO_0_39,80876517_SXKPVCFE_BPORINGO_0,NSGBQNEWABFX,80876517_SXKPVCFE_BPORINGO_0_39,80876517_SXKPVCFE_BPORINGO_0,FMXOSEFLSKPA,0
80876517_SXKPVCFE_BPORINGO_0_40,80876517_SXKPVCFE_BPORINGO_0,NSGBQNEWABFX,80876517_SXKPVCFE_BPORINGO_0_40,80876517_SXKPVCFE_BPORINGO_0,FMXOSEFLSKPA,0
80876517_SXKPVCFE_BPORINGO_0_41,80876517_SXKPVCFE_BPORINGO_0,NSGBQNEWABFX,80876517_SXKPVCFE_BPORINGO_0_41,80876517_SXKPVCFE_BPORINGO_0,FMXOSEFLSKPA,0
80876517_SXKPVCFE_BPORINGO_0_42,80876517_SXKPVCFE_BPORINGO_0,NSGBQNEWABFX,80876517_SXKPVCFE_BPORINGO_0_42,80876517_SXKPVCFE_BPORINGO_0,FMXOSEFLSKPA,0
80876517_SXKPVCFE_BPORINGO_0_43,80876517_SXKPVCFE_BPORINGO_0,NSGBQNEWABFX,80876517_SXKPVCFE_BPORINGO_0_43,80876517_SXKPVCFE_BPORINGO_0,FMXOSEFLSKPA,0
80876517_SXKPVCFE_BPORINGO_0_44,80876517_SXKPVCFE_BPORINGO_0,NSGBQNEWABFX,80876517_SXKPVCFE_BPORINGO_0_44,80876517_SXKPVCFE_BPORINGO_0,FMXOSEFLSKPA,0
80876517_SXKPVCFE_BPORINGO_0_45,80876517_SXKPVCFE_BPORINGO_0,NSGBQNEWABFX,80876517_SXKPVCFE_BPORINGO_0_45,80876517_SXKPVCFE_BPORINGO_0,FMXOSEFLSKPA,0
80876517_SXKPVCFE_BPORINGO_0_46,80876517_SXKPVCFE_BPORINGO_0,NSGBQNEWABFX,80876517_SXKPVCFE_BPORINGO_0_46,80876517_SXKPVCFE_BPORINGO_0,FMXOSEFLSKPA,1
80876517_SXKPVCFE_BPORINGO_0_47,80876517_SXKPVCFE_BPORINGO_0,NSGBQNEWABFX,80876517_SXKPVCFE_BPORINGO_0_47,80876517_SXKPVCFE_BPORINGO_0,FMXOSEFLSKPA,0
80876517_SXKPVCFE_BPORINGO_0_48,80876517_SXKPVCFE_BPORINGO_0,NSGBQNEWABFX,80876517_SXKPVCFE_BPORINGO_0_48,80876517_SXKPVCFE_BPORINGO_0,FMXOSEFLSKPA,0
80876517_SXKPVCFE_BPORINGO_0_49,80876517_SXKPVCFE_BPORINGO_0,NSGBQNEWABFX,80876517_SXKPVCFE_BPORINGO_0_49,80876517_SXKPVCFE_BPORINGO_0,FMXOSEFLSKPA,0
80876517_SXKPVCFE_BPORINGO_0_50,80876517_SXKPVCFE_BPORINGO_0,NSGBQNEWABFX,80876517_SXKPVCFE_BPORINGO_0_50,80876517_SXKPVCFE_BPORINGO_0,FMXOSEFLSKPA,1
80876517_SXKPVCFE_BPORINGO_0_51,80876517_SXKPVCFE_BPORINGO_0,NSGBQNEWABFX,80876517_SXKPVCFE_BPORINGO_0_51,80876517_SXKPVCFE_BPORINGO_0,FMXOSEFLSKPA,0
80876517_SXKPVCFE_BPORINGO_0_52,80876517_SXKPVCFE_BPORINGO_0,NSGBQNEWABFX,80876517_SXKPVCFE_BPORINGO_0_52,80876517_SXKPVCFE_BPORINGO_0,FMXOSEFLSKPA,0
80876517_SXKPVCFE_BPORINGO_0_53,80876517_SXKPVCFE_BPORINGO_0,NSGBQNEWABFX,80876517_SXKPVCFE_BPORINGO_0_53,80876517_SXKPVCFE_BPORINGO_0,FMXOSEFLSKPA,0
80876517_SXKPVCFE_BPORINGO_0_54,80876517_SXKPVCFE_BPORINGO_0,NSGBQNEWABFX,80876517_SXKPVCFE_BPORINGO_0_54,80876517_SXKPVCFE_BPORINGO_0,FMXOSEFLSKPA,0
80876517_SXKPVCFE_BPORINGO_0_55,80876517_SXKPVCFE_BPORINGO_0,NSGBQNEWABFX,80876517_SXKPVCFE_BPORINGO_0_55,80876517_SXKPVCFE_BPORINGO_0,FMXOSEFLSKPA,0
80876517_SXKPVCFE_BPORINGO_0_56,80876517_SXKPVCFE_BPORINGO_0,NSGBQNEWABFX,80876517_SXKPVCFE_BPORINGO_0_56,80876517_SXKPVCFE_BPORINGO_0,FMXOSEFLSKPA,0
80876517_SXKPVCFE_BPORINGO_0_57,80876517_SXKPVCFE_BPORINGO_0,NSGBQNEWABFX,80876517_SXKPVCFE_BPORINGO_0_57,80876517_SXKPVCFE_BPORINGO_0,FMXOSEFLSKPA,0
80876517_SXKPVCFE_BPORINGO_0_58,80876517_SXKPVCFE_BPORINGO_0,NSGBQNEWABFX,80876517_SXKPVCFE_BPORINGO_0_58,80876517_SXKPVCFE_BPORINGO_0,FMXOSEFLSKPA,0
80876517_SXKPVCFE_BPORINGO_0_59,80876517_SXKPVCFE_BPORINGO_0,NSGBQNEWABFX,80876517_SXKPVCFE_BPORINGO_0_59,80876517_SXKPVCFE_BPORINGO_0,FMXOSEFLSKPA,0
80876517_SXKPVCFE_BPORINGO_0_60,80876517_SXKPVCFE_BPORINGO_0,NSGBQNEWABFX,80876517_SXKPVCFE_BPORINGO_0_60,80876517_SXKPVCFE_BPORINGO_0,FMXOSEFLSKPA,0
80876517_SXKPVCFE_BPORINGO_0_61,80876517_SXKPVCFE_BPORINGO_0,NSGBQNEWABFX,80876517_SXKPVCFE_BPORINGO_0_61,80876517_SXKPVCFE_BPORINGO_0,FMXOSEFLSKPA,0
80876517_SXKPVCFE_BPORINGO_0_62,80876517_SXKPVCFE_BPORINGO_0,NSGBQNEWABFX,80876517_SXKPVCFE_BPORINGO_0_62,80876517_SXKPVCFE_BPORINGO_0,FMXOSEFLSKPA,0
80876517_SXKPVCFE_BPORINGO_0_63,80876517_SXKPVCFE_BPORINGO_0,NSGBQNEWABFX,80876517_SXKPVCFE_BPORINGO_0_63,80876517_SXKPVCFE_BPORINGO_0,FMXOSEFLSKPA,0
80876517_SXKPVCFE_BPORINGO_0_64,80876517_SXKPVCFE_BPORINGO_0,NSGBQNEWABFX,80876517_SXKPVCFE_BPORINGO_0_64,80876517_SXKPVCFE_BPORINGO_0,FMXOSEFLSKPA,0
80876517_SXKPVCFE_BPORINGO_0_65,80876517_SXKPVCFE_BPORINGO_0,NSGBQNEWABFX,80876517_SXKPVCFE_BPORINGO_0_65,80876517_SXKPVCFE_BPORINGO_0,FMXOSEFLSKPA,0
80876517_SXKPVCFE_BPORINGO_0_66,80876517_SXKPVCFE_BPORINGO_0,NSGBQNEWABFX,80876517_SXKPVCFE_BPORINGO_0_66,80876517_SXKPVCFE_BPORINGO_0,FMXOSEFLSKPA,1
80876517_SXKPVCFE_BPORINGO_0_67,80876517_SXKPVCFE_BPORINGO_0,NSGBQNEWABFX,80876517_SXKPVCFE_BPORINGO_0_67,80876517_SXKPVCFE_BPORINGO_0,FMXOSEFLSKPA,0
80876517_SXKPVCFE_BPORINGO_0_68,80876517_SXKPVCFE_BPORINGO_0,NSGBQNEWABFX,80876517_SXKPVCFE_BPORINGO_0_68,80876517_SXKPVCFE_BPORINGO_0,FMXOSEFLSKPA,0
74194408_DRXGSCTF_IQIICCGV_0_0,74194408_DRXGSCTF_IQIICCGV_0,POJNFFCGIOEZ,74194408_DRXGSCTF_IQIICCGV_0_0,74194408_DRXGSCTF_IQIICCGV_0,AYNYANBAAYOE,0
74194408_DRXGSCTF_IQIICCGV_0_1,74194408_DRXGSCTF_IQIICCGV_0,POJNFFCGIOEZ,74194408_DRXGSCTF_IQIICCGV_0_1,74194408_DRXGSCTF_IQIICCGV_0,AYNYANBAAYOE,0
74194408_DRXGSCTF_IQIICCGV_0_2,74194408_DRXGSCTF_IQIICCGV_0,POJNFFCGIOEZ,74194408_DRXGSCTF_IQIICCGV_0_2,74194408_DRXGSCTF_IQIICCGV_0,AYNYANBAAYOE,0
74194408_DRXGSCTF_IQIICCGV_0_3,74194408_DRXGSCTF_IQIICCGV_0,POJNFFCGIOEZ,74194408_DRXGSCTF_IQIICCGV_0_3,74194408_DRXGSCTF_IQIICCGV_0,AYNYANBAAYOE,0
99780282_LJNFLUMT_SXKPVCFE_0_0,99780282_LJNFLUMT_SXKPVCFE_0,EFUXNPIXFZIX,99780282_LJNFLUMT_SXKPVCFE_0_0,99780282_LJNFLUMT_SXKPVCFE_0,WGOHDRTYHYMW,0
99780282_LJNFLUMT_SXKPVCFE_0_1,99780282_LJNFLUMT_SXKPVCFE_0,EFUXNPIXFZIX,99780282_LJNFLUMT_SXKPVCFE_0_1,99780282_LJNFLUMT_SXKPVCFE_0,WGOHDRTYHYMW,0
99780282_LJNFLUMT_SXKPVCFE_0_2,99780282_LJNFLUMT_SXKPVCFE_0,EFUXNPIXFZIX,99780282_LJNFLUMT_SXKPVCFE_0_2,99780282_LJNFLUMT_SXKPVCFE_0,WGOHDRTYHYMW,0
99780282_LJNFLUMT_SXKPVCFE_0_3,99780282_LJNFLUMT_SXKPVCFE_0,EFUXNPIXFZIX,99780282_LJNFLUMT_SXKPVCFE_0_3,99780282_LJNFLUMT_SXKPVCFE_0,WGOHDRTYHYMW,0
99780282_LJNFLUMT_SXKPVCFE_0_4,99780282_LJNFLUMT_SXKPVCFE_0,EFUXNPIXFZIX,99780282_LJNFLUMT_SXKPVCFE_0_4,99780282_LJNFLUMT_SXKPVCFE_0,WGOHDRTYHYMW,0
99780282_LJNFLUMT_SXKPVCFE_0_5,99780282_LJNFLUMT_SXKPVCFE_0,EFUXNPIXFZIX,99780282_LJNFLUMT_SXKPVCFE_0_5,99780282_LJNFLUMT_SXKPVCFE_0,WGOHDRTYHYMW,0
99780282_LJNFLUMT_SXKPVCFE_0_6,99780282_LJNFLUMT_SXKPVCFE_0,EFUXNPIXFZIX,99780282_LJNFLUMT_SXKPVCFE_0_6,99780282_LJNFLUMT_SXKPVCFE_0,WGOHDRTYHYMW,0
99780282_LJNFLUMT_SXKPVCFE_0_7,99780282_LJNFLUMT_SXKPVCFE_0,EFUXNPIXFZIX,99780282_LJNFLUMT_SXKPVCFE_0_7,99780282_LJNFLUMT_SXKPVCFE_0,WGOHDRTYHYMW,0
99780282_LJNFLUMT_SXKPVCFE_0_8,99780282_LJNFLUMT_SXKPVCFE_0,EFUXNPIXFZIX,99780282_LJNFLUMT_SXKPVCFE_0_8,99780282_LJNFLUMT_SXKPVCFE_0,WGOHDRTYHYMW,0
99780282_LJNFLUMT_SXKPVCFE_0_9,99780282_LJNFLUMT_SXKPVCFE_0,EFUXNPIXFZIX,99780282_LJNFLUMT_SXKPVCFE_0_9,99780282_LJNFLUMT_SXKPVCFE_0,WGOHDRTYHYMW,0
99780282_LJNFLUMT_SXKPVCFE_0_10,99780282_LJNFLUMT_SXKPVCFE_0,EFUXNPIXFZIX,99780282_LJNFLUMT_SXKPVCFE_0_10,99780282_LJNFLUMT_SXKPVCFE_0,WGOHDRTYHYMW,0
99780282_LJNFLUMT_SXKPVCFE_0_11,99780282_LJNFLUMT_SXKPVCFE_0,EFUXNPIXFZIX,99780282_LJNFLUMT_SXKPVCFE_0_11,99780282_LJNFLUMT_SXKPVCFE_0,WGOHDRTYHYMW,0
99780282_LJNFLUMT_SXKPVCFE_0_12,99780282_LJNFLUMT_SXKPVCFE_0,EFUXNPIXFZIX,99780282_LJNFLUMT_SXKPVCFE_0_12,99780282_LJNFLUMT_SXKPVCFE_0,WGOHDRTYHYMW,0
99780282_LJNFLUMT_SXKPVCFE_0_13,99780282_LJNFLUMT_SXKPVCFE_0,EFUXNPIXFZIX,99780282_LJNFLUMT_SXKPVCFE_0_13,99780282_LJNFLUMT_SXKPVCFE_0,WGOHDRTYHYMW,0
99780282_LJNFLUMT_SXKPVCFE_0_14,99780282_LJNFLUMT_SXKPVCFE_0,EFUXNPIXFZIX,99780282_LJNFLUMT_SXKPVCFE_0_14,99780282_LJNFLUMT_SXKPVCFE_0,WGOHDRTYHYMW,0
99780282_LJNFLUMT_SXKPVCFE_0_15,99780282_LJNFLUMT_SXKPVCFE_0,EFUXNPIXFZIX,99780282_LJNFLUMT_SXKPVCFE_0_15,99780282_LJNFLUMT_SXKPVCFE_0,WGOHDRTYHYMW,0
99780282_LJNFLUMT_SXKPVCFE_0_16,99780282_LJNFLUMT_SXKPVCFE_0,EFUXNPIXFZIX,99780282_LJNFLUMT_SXKPVCFE_0_16,99780282_LJNFLUMT_SXKPVCFE_0,WGOHDRTYHYMW,0
99780282_LJNFLUMT_SXKPVCFE_0_17,99780282_LJNFLUMT_SXKPVCFE_0,EFUXNPIXFZIX,99780282_LJNFLUMT_SXKPVCFE_0_17,99780282_LJNFLUMT_SXKPVCFE_0,WGOHDRTYHYMW,0
99780282_LJNFLUMT_SXKPVCFE_0_18,99780282_LJNFLUMT_SXKPVCFE_0,EFUXNPIXFZIX,99780282_LJNFLUMT_SXKPVCFE_0_18,99780282_LJNFLUMT_SXKPVCFE_0,WGOHDRTYHYMW,0
99780282_LJNFLUMT_SXKPVCFE_0_19,99780282_LJNFLUMT_SXKPVCFE_0,EFUXNPIXFZIX,99780282_LJNFLUMT_SXKPVCFE_0_19,99780282_LJNFLUMT_SXKPVCFE_0,WGOHDRTYHYMW,0
99780282_LJNFLUMT_SXKPVCFE_0_20,99780282_LJNFLUMT_SXKPVCFE_0,EFUXNPIXFZIX,99780282_LJNFLUMT_SXKPVCFE_0_20,99780282_LJNFLUMT_SXKPVCFE_0,WGOHDRTYHYMW,0
99780282_LJNFLUMT_SXKPVCFE_0_21,99780282_LJNFLUMT_SXKPVCFE_0,EFUXNPIXFZIX,99780282_LJNFLUMT_SXKPVCFE_0_21,99780282_LJNFLUMT_SXKPVCFE_0,WGOHDRTYHYMW,0
99780282_LJNFLUMT_SXKPVCFE_0_22,99780282_LJNFLUMT_SXKPVCFE_0,EFUXNPIXFZIX,99780282_LJNFLUMT_SXKPVCFE_0_22,99780282_LJNFLUMT_SXKPVCFE_0,WGOHDRTYHYMW,0
99780282_LJNFLUMT_SXKPVCFE_0_23,99780282_LJNFLUMT_SXKPVCFE_0,EFUXNPIXFZIX,99780282_LJNFLUMT_SXKPVCFE_0_23,99780282_LJNFLUMT_SXKPVCFE_0,WGOHDRTYHYMW,0
99780282_LJNFLUMT_SXKPVCFE_0_24,99780282_LJNFLUMT_SXKPVCFE_0,EFUXNPIXFZIX,99780282_LJNFLUMT_SXKPVCFE_0_24,99780282_LJNFLUMT_SXKPVCFE_0,WGOHDRTYHYMW,0
99780282_LJNFLUMT_SXKPVCFE_0_25,99780282_LJNFLUMT_SXKPVCFE_0,EFUXNPIXFZIX,99780282_LJNFLUMT_SXKPVCFE_0_25,99780282_LJNFLUMT_SXKPVCFE_0,WGOHDRTYHYMW,0
99780282_LJNFLUMT_SXKPVCFE_0_26,99780282_LJNFLUMT_SXKPVCFE_0,EFUXNPIXFZIX,99780282_LJNFLUMT_SXKPVCFE_0_26,99780282_LJNFLUMT_SXKPVCFE_0,WGOHDRTYHYMW,0
99780282_LJNFLUMT_SXKPVCFE_0_27,99780282_LJNFLUMT_SXKPVCFE_0,EFUXNPIXFZIX,99780282_LJNFLUMT_SXKPVCFE_0_27,99780282_LJNFLUMT_SXKPVCFE_0,WGOHDRTYHYMW,1
99780282_LJNFLUMT_SXKPVCFE_0_28,99780282_LJNFLUMT_SXKPVCFE_0,EFUXNPIXFZIX,99780282_LJNFLUMT_SXKPVCFE_0_28,99780282_LJNFLUMT_SXKPVCFE_0,WGOHDRTYHYMW,0
99780282_LJNFLUMT_SXKPVCFE_0_29,99780282_LJNFLUMT_SXKPVCFE_0,EFUXNPIXFZIX,99780282_LJNFLUMT_SXKPVCFE_0_29,99780282_LJNFLUMT_SXKPVCFE_0,WGOHDRTYHYMW,0
99780282_LJNFLUMT_SXKPVCFE_0_30,99780282_LJNFLUMT_SXKPVCFE_0,EFUXNPIXFZIX,99780282_LJNFLUMT_SXKPVCFE_0_30,99780282_LJNFLUMT_SXKPVCFE_0,WGOHDRTYHYMW,0
99780282_LJNFLUMT_SXKPVCFE_0_31,99780282_LJNFLUMT_SXKPVCFE_0,EFUXNPIXFZIX,99780282_LJNFLUMT_SXKPVCFE_0_31,99780282_LJNFLUMT_SXKPVCFE_0,WGOHDRTYHYMW,0
99780282_LJNFLUMT_SXKPVCFE_0_32,99780282_LJNFLUMT_SXKPVCFE_0,EFUXNPIXFZIX,99780282_LJNFLUMT_SXKPVCFE_0_32,99780282_LJNFLUMT_SXKPVCFE_0,WGOHDRTYHYMW,0
99780282_LJNFLUMT_SXKPVCFE_0_33,99780282_LJNFLUMT_SXKPVCFE_0,EFUXNPIXFZIX,99780282_LJNFLUMT_SXKPVCFE_0_33,99780282_LJNFLUMT_SXKPVCFE_0,WGOHDRTYHYMW,0
99780282_LJNFLUMT_SXKPVCFE_0_34,99780282_LJNFLUMT_SXKPVCFE_0,EFUXNPIXFZIX,99780282_LJNFLUMT_SXKPVCFE_0_34,99780282_LJNFLUMT_SXKPVCFE_0,WGOHDRTYHYMW,0
99780282_LJNFLUMT_SXKPVCFE_0_35,99780282_LJNFLUMT_SXKPVCFE_0,EFUXNPIXFZIX,99780282_LJNFLUMT_SXKPVCFE_0_35,99780282_LJNFLUMT_SXKPVCFE_0,WGOHDRTYHYMW,0
99780282_LJNFLUMT_SXKPVCFE_0_36,99780282_LJNFLUMT_SXKPVCFE_0,EFUXNPIXFZIX,99780282_LJNFLUMT_SXKPVCFE_0_36,99780282_LJNFLUMT_SXKPVCFE_0,WGOHDRTYHYMW,1
99780282_LJNFLUMT_SXKPVCFE_0_37,99780282_LJNFLUMT_SXKPVCFE_0,EFUXNPIXFZIX,99780282_LJNFLUMT_SXKPVCFE_0_37,99780282_LJNFLUMT_SXKPVCFE_0,WGOHDRTYHYMW,0
99780282_LJNFLUMT_SXKPVCFE_0_38,99780282_LJNFLUMT_SXKPVCFE_0,EFUXNPIXFZIX,99780282_LJNFLUMT_SXKPVCFE_0_38,99780282_LJNFLUMT_SXKPVCFE_0,WGOHDRTYHYMW,0
99780282_LJNFLUMT_SXKPVCFE_0_39,99780282_LJNFLUMT_SXKPVCFE_0,EFUXNPIXFZIX,99780282_LJNFLUMT_SXKPVCFE_0_39,99780282_LJNFLUMT_SXKPVCFE_0,WGOHDRTYHYMW,1
99780282_LJNFLUMT_SXKPVCFE_0_40,99780282_LJNFLUMT_SXKPVCFE_0,EFUXNPIXFZIX,99780282_LJNFLUMT_SXKPVCFE_0_40,99780282_LJNFLUMT_SXKPVCFE_0,WGOHDRTYHYMW,0
99780282_LJNFLUMT_SXKPVCFE_0_41,99780282_LJNFLUMT_SXKPVCFE_0,EFUXNPIXFZIX,99780282_LJNFLUMT_SXKPVCFE_0_41,99780282_LJNFLUMT_SXKPVCFE_0,WGOHDRTYHYMW,0
99780282_LJNFLUMT_SXKPVCFE_0_42,99780282_LJNFLUMT_SXKPVCFE_0,EFUXNPIXFZIX,99780282_LJNFLUMT_SXKPVCFE_0_42,99780282_LJNFLUMT_SXKPVCFE_0,WGOHDRTYHYMW,0
99780282_LJNFLUMT_SXKPVCFE_0_43,99780282_LJNFLUMT_SXKPVCFE_0,EFUXNPIXFZIX,99780282_LJNFLUMT_SXKPVCFE_0_43,99780282_LJNFLUMT_SXKPVCFE_0,WGOHDRTYHYMW,0
99780282_LJNFLUMT_SXKPVCFE_0_44,99780282_LJNFLUMT_SXKPVCFE_0,EFUXNPIXFZIX,99780282_LJNFLUMT_SXKPVCFE_0_44,99780282_LJNFLUMT_SXKPVCFE_0,WGOHDRTYHYMW,0
99780282_LJNFLUMT_SXKPVCFE_0_45,99780282_LJNFLUMT_SXKPVCFE_0,EFUXNPIXFZIX,99780282_LJNFLUMT_SXKPVCFE_0_45,99780282_LJNFLUMT_SXKPVCFE_0,WGOHDRTYHYMW,0
99780282_LJNFLUMT_SXKPVCFE_0_46,99780282_LJNFLUMT_SXKPVCFE_0,EFUXNPIXFZIX,99780282_LJNFLUMT_SXKPVCFE_0_46,99780282_LJNFLUMT_SXKPVCFE_0,WGOHDRTYHYMW,1
99780282_LJNFLUMT_SXKPVCFE_0_47,99780282_LJNFLUMT_SXKPVCFE_0,EFUXNPIXFZIX,99780282_LJNFLUMT_SXKPVCFE_0_47,99780282_LJNFLUMT_SXKPVCFE_0,WGOHDRTYHYMW,0
99780282_LJNFLUMT_SXKPVCFE_0_48,99780282_LJNFLUMT_SXKPVCFE_0,EFUXNPIXFZIX,99780282_LJNFLUMT_SXKPVCFE_0_48,99780282_LJNFLUMT_SXKPVCFE_0,WGOHDRTYHYMW,0
99780282_LJNFLUMT_SXKPVCFE_0_49,99780282_LJNFLUMT_SXKPVCFE_0,EFUXNPIXFZIX,99780282_LJNFLUMT_SXKPVCFE_0_49,99780282_LJNFLUMT_SXKPVCFE_0,WGOHDRTYHYMW,0
99780282_LJNFLUMT_SXKPVCFE_0_50,99780282_LJNFLUMT_SXKPVCFE_0,EFUXNPIXFZIX,99780282_LJNFLUMT_SXKPVCFE_0_50,99780282_LJNFLUMT_SXKPVCFE_0,WGOHDRTYHYMW,0
99780282_LJNFLUMT_SXKPVCFE_0_51,99780282_LJNFLUMT_SXKPVCFE_0,EFUXNPIXFZIX,99780282_LJNFLUMT_SXKPVCFE_0_51,99780282_LJNFLUMT_SXKPVCFE_0,WGOHDRTYHYMW,0
99780282_LJNFLUMT_SXKPVCFE_0_52,99780282_LJNFLUMT_SXKPVCFE_0,EFUXNPIXFZIX,99780282_LJNFLUMT_SXKPVCFE_0_52,99780282_LJNFLUMT_SXKPVCFE_0,WGOHDRTYHYMW,0
99780282_LJNFLUMT_SXKPVCFE_0_53,99780282_LJNFLUMT_SXKPVCFE_0,EFUXNPIXFZIX,99780282_LJNFLUMT_SXKPVCFE_0_53,99780282_LJNFLUMT_SXKPVCFE_0,WGOHDRTYHYMW,0
99780282_LJNFLUMT_SXKPVCFE_0_54,99780282_LJNFLUMT_SXKPVCFE_0,EFUXNPIXFZIX,99780282_LJNFLUMT_SXKPVCFE_0_54,99780282_LJNFLUMT_SXKPVCFE_0,WGOHDRTYHYMW,0
99780282_LJNFLUMT_SXKPVCFE_0_55,99780282_LJNFLUMT_SXKPVCFE_0,EFUXNPIXFZIX,99780282_LJNFLUMT_SXKPVCFE_0_55,99780282_LJNFLUMT_SXKPVCFE_0,WGOHDRTYHYMW,0
99780282_LJNFLUMT_SXKPVCFE_0_56,99780282_LJNFLUMT_SXKPVCFE_0,EFUXNPIXFZIX,99780282_LJNFLUMT_SXKPVCFE_0_56,99780282_LJNFLUMT_SXKPVCFE_0,WGOHDRTYHYMW,0
99780282_LJNFLUMT_SXKPVCFE_0_57,99780282_LJNFLUMT_SXKPVCFE_0,EFUXNPIXFZIX,99780282_LJNFLUMT_SXKPVCFE_0_57,99780282_LJNFLUMT_SXKPVCFE_0,WGOHDRTYHYMW,0
99780282_LJNFLUMT_SXKPVCFE_0_58,99780282_LJNFLUMT_SXKPVCFE_0,EFUXNPIXFZIX,99780282_LJNFLUMT_SXKPVCFE_0_58,99780282_LJNFLUMT_SXKPVCFE_0,WGOHDRTYHYMW,0
99780282_LJNFLUMT_SXKPVCFE_0_59,99780282_LJNFLUMT_SXKPVCFE_0,EFUXNPIXFZIX,99780282_LJNFLUMT_SXKPVCFE_0_59,99780282_LJNFLUMT_SXKPVCFE_0,WGOHDRTYHYMW,0
99780282_LJNFLUMT_SXKPVCFE_0_60,99780282_LJNFLUMT_SXKPVCFE_0,EFUXNPIXFZIX,99780282_LJNFLUMT_SXKPVCFE_0_60,99780282_LJNFLUMT_SXKPVCFE_0,WGOHDRTYHYMW,0
99780282_LJNFLUMT_SXKPVCFE_0_61,99780282_LJNFLUMT_SXKPVCFE_0,EFUXNPIXFZIX,99780282_LJNFLUMT_SXKPVCFE_0_61,99780282_LJNFLUMT_SXKPVCFE_0,WGOHDRTYHYMW,0
99780282_LJNFLUMT_SXKPVCFE_0_62,99780282_LJNFLUMT_SXKPVCFE_0,EFUXNPIXFZIX,99780282_LJNFLUMT_SXKPVCFE_0_62,99780282_LJNFLUMT_SXKPVCFE_0,WGOHDRTYHYMW,0
99780282_LJNFLUMT_SXKPVCFE_0_63,99780282_LJNFLUMT_SXKPVCFE_0,EFUXNPIXFZIX,99780282_LJNFLUMT_SXKPVCFE_0_63,99780282_LJNFLUMT_SXKPVCFE_0,WGOHDRTYHYMW,0
99780282_LJNFLUMT_SXKPVCFE_0_64,99780282_LJNFLUMT_SXKPVCFE_0,EFUXNPIXFZIX,99780282_LJNFLUMT_SXKPVCFE_0_64,99780282_LJNFLUMT_SXKPVCFE_0,WGOHDRTYHYMW,0
99780282_LJNFLUMT_SXKPVCFE_0_65,99780282_LJNFLUMT_SXKPVCFE_0,EFUXNPIXFZIX,99780282_LJNFLUMT_SXKPVCFE_0_65,99780282_LJNFLUMT_SXKPVCFE_0,WGOHDRTYHYMW,0
99780282_LJNFLUMT_SXKPVCFE_0_66,99780282_LJNFLUMT_SXKPVCFE_0,EFUXNPIXFZIX,99780282_LJNFLUMT_SXKPVCFE_0_66,99780282_LJNFLUMT_SXKPVCFE_0,WGOHDRTYHYMW,0
99780282_LJNFLUMT_SXKPVCFE_0_67,99780282_LJNFLUMT_SXKPVCFE_0,EFUXNPIXFZIX,99780282_LJNFLUMT_SXKPVCFE_0_67,99780282_LJNFLUMT_SXKPVCFE_0,WGOHDRTYHYMW,0
99780282_LJNFLUMT_SXKPVCFE_0_68,99780282_LJNFLUMT_SXKPVCFE_0,EFUXNPIXFZIX,99780282_LJNFLUMT_SXKPVCFE_0_68,99780282_LJNFLUMT_SXKPVCFE_0,WGOHDRTYHYMW,0
99780282_LJNFLUMT_SXKPVCFE_0_69,99780282_LJNFLUMT_SXKPVCFE_0,EFUXNPIXFZIX,99780282_LJNFLUMT_SXKPVCFE_0_69,99780282_LJNFLUMT_SXKPVCFE_0,WGOHDRTYHYMW,0
99780282_LJNFLUMT_SXKPVCFE_0_70,99780282_LJNFLUMT_SXKPVCFE_0,EFUXNPIXFZIX,99780282_LJNFLUMT_SXKPVCFE_0_70,99780282_LJNFLUMT_SXKPVCFE_0,WGOHDRTYHYMW,0
99780282_LJNFLUMT_SXKPVCFE_0_71,99780282_LJNFLUMT_SXKPVCFE_0,EFUXNPIXFZIX,99780282_LJNFLUMT_SXKPVCFE_0_71,99780282_LJNFLUMT_SXKPVCFE_0,WGOHDRTYHYMW,0
99780282_LJNFLUMT_SXKPVCFE_0_72,99780282_LJNFLUMT_SXKPVCFE_0,EFUXNPIXFZIX,99780282_LJNFLUMT_SXKPVCFE_0_72,99780282_LJNFLUMT_SXKPVCFE_0,WGOHDRTYHYMW,0
99780282_LJNFLUMT_SXKPVCFE_0_73,99780282_LJNFLUMT_SXKPVCFE_0,EFUXNPIXFZIX,99780282_LJNFLUMT_SXKPVCFE_0_73,99780282_LJNFLUMT_SXKPVCFE_0,WGOHDRTYHYMW,0
99780282_LJNFLUMT_SXKPVCFE_0_74,99780282_LJNFLUMT_SXKPVCFE_0,EFUXNPIXFZIX,99780282_LJNFLUMT_SXKPVCFE_0_74,99780282_LJNFLUMT_SXKPVCFE_0,WGOHDRTYHYMW,0
99780282_LJNFLUMT_SXKPVCFE_0_75,99780282_LJNFLUMT_SXKPVCFE_0,EFUXNPIXFZIX,99780282_LJNFLUMT_SXKPVCFE_0_75,99780282_LJNFLUMT_SXKPVCFE_0,WGOHDRTYHYMW,0
99780282_LJNFLUMT_SXKPVCFE_0_76,99780282_LJNFLUMT_SXKPVCFE_0,EFUXNPIXFZIX,99780282_LJNFLUMT_SXKPVCFE_0_76,99780282_LJNFLUMT_SXKPVCFE_0,WGOHDRTYHYMW,0
99780282_LJNFLUMT_SXKPVCFE_0_77,99780282_LJNFLUMT_SXKPVCFE_0,EFUXNPIXFZIX,99780282_LJNFLUMT_SXKPVCFE_0_77,99780282_LJNFLUMT_SXKPVCFE_0,WGOHDRTYHYMW,0
99780282_LJNFLUMT_SXKPVCFE_0_78,99780282_LJNFLUMT_SXKPVCFE_0,EFUXNPIXFZIX,99780282_LJNFLUMT_SXKPVCFE_0_78,99780282_LJNFLUMT_SXKPVCFE_0,WGOHDRTYHYMW,0
99780282_LJNFLUMT_SXKPVCFE_0_79,99780282_LJNFLUMT_SXKPVCFE_0,EFUXNPIXFZIX,99780282_LJNFLUMT_SXKPVCFE_0_79,99780282_LJNFLUMT_SXKPVCFE_0,WGOHDRTYHYMW,0
99780282_LJNFLUMT_SXKPVCFE_0_80,99780282_LJNFLUMT_SXKPVCFE_0,EFUXNPIXFZIX,99780282_LJNFLUMT_SXKPVCFE_0_80,99780282_LJNFLUMT_SXKPVCFE_0,WGOHDRTYHYMW,1
99780282_LJNFLUMT_SXKPVCFE_0_81,99780282_LJNFLUMT_SXKPVCFE_0,EFUXNPIXFZIX,99780282_LJNFLUMT_SXKPVCFE_0_81,99780282_LJNFLUMT_SXKPVCFE_0,WGOHDRTYHYMW,1
99780282_LJNFLUMT_SXKPVCFE_0_82,99780282_LJNFLUMT_SXKPVCFE_0,EFUXNPIXFZIX,99780282_LJNFLUMT_SXKPVCFE_0_82,99780282_LJNFLUMT_SXKPVCFE_0,WGOHDRTYHYMW,0
99780282_LJNFLUMT_SXKPVCFE_0_83,99780282_LJNFLUMT_SXKPVCFE_0,EFUXNPIXFZIX,99780282_LJNFLUMT_SXKPVCFE_0_83,99780282_LJNFLUMT_SXKPVCFE_0,WGOHDRTYHYMW,0
99780282_LJNFLUMT_SXKPVCFE_0_84,99780282_LJNFLUMT_SXKPVCFE_0,EFUXNPIXFZIX,99780282_LJNFLUMT_SXKPVCFE_0_84,99780282_LJNFLUMT_SXKPVCFE_0,WGOHDRTYHYMW,0
99780282_LJNFLUMT_SXKPVCFE_0_85,99780282_LJNFLUMT_SXKPVCFE_0,EFUXNPIXFZIX,99780282_LJNFLUMT_SXKPVCFE_0_85,99780282_LJNFLUMT_SXKPVCFE_0,WGOHDRTYHYMW,0
99780282_LJNFLUMT_SXKPVCFE_0_86,99780282_LJNFLUMT_SXKPVCFE_0,EFUXNPIXFZIX,99780282_LJNFLUMT_SXKPVCFE_0_86,99780282_LJNFLUMT_SXKPVCFE_0,WGOHDRTYHYMW,0
99780282_LJNFLUMT_SXKPVCFE_0_87,99780282_LJNFLUMT_SXKPVCFE_0,EFUXNPIXFZIX,99780282_LJNFLUMT_SXKPVCFE_0_87,99780282_LJNFLUMT_SXKPVCFE_0,WGOHDRTYHYMW,0
99780282_LJNFLUMT_SXKPVCFE_0_88,99780282_LJNFLUMT_SXKPVCFE_0,EFUXNPIXFZIX,99780282_LJNFLUMT_SXKPVCFE_0_88,99780282_LJNFLUMT_SXKPVCFE_0,WGOHDRTYHYMW,0
99780282_LJNFLUMT_SXKPVCFE_0_89,99780282_LJNFLUMT_SXKPVCFE_0,EFUXNPIXFZIX,99780282_LJNFLUMT_SXKPVCFE_0_89,99780282_LJNFLUMT_SXKPVCFE_0,WGOHDRTYHYMW,0
99780282_LJNFLUMT_SXKPVCFE_0_90,99780282_LJNFLUMT_SXKPVCFE_0,EFUXNPIXFZIX,99780282_LJNFLUMT_SXKPVCFE_0_90,99780282_LJNFLUMT_SXKPVCFE_0,WGOHDRTYHYMW,0
99780282_LJNFLUMT_SXKPVCFE_0_91,99780282_LJNFLUMT_SXKPVCFE_0,EFUXNPIXFZIX,99780282_LJNFLUMT_SXKPVCFE_0_91,99780282_LJNFLUMT_SXKPVCFE_0,WGOHDRTYHYMW,1
99780282_LJNFLUMT_SXKPVCFE_0_92,99780282_LJNFLUMT_SXKPVCFE_0,EFUXNPIXFZIX,99780282_LJNFLUMT_SXKPVCFE_0_92,99780282_LJNFLUMT_SXKPVCFE_0,WGOHDRTYHYMW,0
99780282_LJNFLUMT_SXKPVCFE_0_93,99780282_LJNFLUMT_SXKPVCFE_0,EFUXNPIXFZIX,99780282_LJNFLUMT_SXKPVCFE_0_93,99780282_LJNFLUMT_SXKPVCFE_0,WGOHDRTYHYMW,0
99780282_LJNFLUMT_SXKPVCFE_0_94,99780282_LJNFLUMT_SXKPVCFE_0,EFUXNPIXFZIX,99780282_LJNFLUMT_SXKPVCFE_0_94,99780282_LJNFLUMT_SXKPVCFE_0,WGOHDRTYHYMW,0
99780282_LJNFLUMT_SXKPVCFE_0_95,99780282_LJNFLUMT_SXKPVCFE_0,EFUXNPIXFZIX,99780282_LJNFLUMT_SXKPVCFE_0_95,99780282_LJNFLUMT_SXKPVCFE_0,WGOHDRTYHYMW,0
99780282_LJNFLUMT_SXKPVCFE_0_96,99780282_LJNFLUMT_SXKPVCFE_0,EFUXNPIXFZIX,99780282_LJNFLUMT_SXKPVCFE_0_96,99780282_LJNFLUMT_SXKPVCFE_0,WGOHDRTYHYMW,0
99780282_LJNFLUMT_SXKPVCFE_0_97,99780282_LJNFLUMT_SXKPVCFE_0,EFUXNPIXFZIX,99780282_LJNFLUMT_SXKPVCFE_0_97,99780282_LJNFLUMT_SXKPVCFE_0,WGOHDRTYHYMW,0
99780282_LJNFLUMT_SXKPVCFE_0_98,99780282_LJNFLUMT_SXKPVCFE_0,EFUXNPIXFZIX,99780282_LJNFLUMT_SXKPVCFE_0_98,99780282_LJNFLUMT_SXKPVCFE_0,WGOHDRTYHYMW,0
99780282_LJNFLUMT_SXKPVCFE_0_99,99780282_LJNFLUMT_SXKPVCFE_0,EFUXNPIXFZIX,99780282_LJNFLUMT_SXKPVCFE_0_99,99780282_LJNFLUMT_SXKPVCFE_0,WGOHDRTYHYMW,0
99780282_LJNFLUMT_SXKPVCFE_0_100,99780282_LJNFLUMT_SXKPVCFE_0,EFUXNPIXFZIX,99780282_LJNFLUMT_SXKPVCFE_0_100,99780282_LJNFLUMT_SXKPVCFE_0,WGOHDRTYHYMW,0
99780282_LJNFLUMT_SXKPVCFE_0_101,99780282_LJNFLUMT_SXKPVCFE_0,EFUXNPIXFZIX,99780282_LJNFLUMT_SXKPVCFE_0_101,99780282_LJNFLUMT_SXKPVCFE_0,WGOHDRTYHYMW,0
99780282_LJNFLUMT_SXKPVCFE_0_102,99780282_LJNFLUMT_SXKPVCFE_0,EFUXNPIXFZIX,99780282_LJNFLUMT_SXKPVCFE_0_102,99780282_LJNFLUMT_SXKPVCFE_0,WGOHDRTYHYMW,0
99780282_LJNFLUMT_SXKPVCFE_0_103,99780282_LJNFLUMT_SXKPVCFE_0,EFUXNPIXFZIX,99780282_LJNFLUMT_SXKPVCFE_0_103,99780282_LJNFLUMT_SXKPVCFE_0,WGOHDRTYHYMW,0
46792552_SXKPVCFE_BPORINGO_0_0,46792552_SXKPVCFE_BPORINGO_0,JBUVDICGDNQJ,46792552_SXKPVCFE_BPORINGO_0_0,46792552_SXKPVCFE_BPORINGO_0,GLQDJMZWTXNC,0
46792552_SXKPVCFE_BPORINGO_0_1,46792552_SXKPVCFE_BPORINGO_0,JBUVDICGDNQJ,46792552_SXKPVCFE_BPORINGO_0_1,46792552_SXKPVCFE_BPORINGO_0,GLQDJMZWTXNC,0
46792552_SXKPVCFE_BPORINGO_0_2,46792552_SXKPVCFE_BPORINGO_0,JBUVDICGDNQJ,46792552_SXKPVCFE_BPORINGO_0_2,46792552_SXKPVCFE_BPORINGO_0,GLQDJMZWTXNC,0
46792552_SXKPVCFE_BPORINGO_0_3,46792552_SXKPVCFE_BPORINGO_0,JBUVDICGDNQJ,46792552_SXKPVCFE_BPORINGO_0_3,46792552_SXKPVCFE_BPORINGO_0,GLQDJMZWTXNC,0
46792552_SXKPVCFE_BPORINGO_0_4,46792552_SXKPVCFE_BPORINGO_0,JBUVDICGDNQJ,46792552_SXKPVCFE_BPORINGO_0_4,46792552_SXKPVCFE_BPORINGO_0,GLQDJMZWTXNC,0
46792552_SXKPVCFE_BPORINGO_0_5,46792552_SXKPVCFE_BPORINGO_0,JBUVDICGDNQJ,46792552_SXKPVCFE_BPORINGO_0_5,46792552_SXKPVCFE_BPORINGO_0,GLQDJMZWTXNC,0
46792552_SXKPVCFE_BPORINGO_0_6,46792552_SXKPVCFE_BPORINGO_0,JBUVDICGDNQJ,46792552_SXKPVCFE_BPORINGO_0_6,46792552_SXKPVCFE_BPORINGO_0,GLQDJMZWTXNC,0
46792552_SXKPVCFE_BPORINGO_0_7,46792552_SXKPVCFE_BPORINGO_0,JBUVDICGDNQJ,46792552_SXKPVCFE_BPORINGO_0_7,46792552_SXKPVCFE_BPORINGO_0,GLQDJMZWTXNC,0
46792552_SXKPVCFE_BPORINGO_0_8,46792552_SXKPVCFE_BPORINGO_0,JBUVDICGDNQJ,46792552_SXKPVCFE_BPORINGO_0_8,46792552_SXKPVCFE_BPORINGO_0,GLQDJMZWTXNC,0
46792552_SXKPVCFE_BPORINGO_0_9,46792552_SXKPVCFE_BPORINGO_0,JBUVDICGDNQJ,46792552_SXKPVCFE_BPORINGO_0_9,46792552_SXKPVCFE_BPORINGO_0,GLQDJMZWTXNC,0
46792552_SXKPVCFE_BPORINGO_0_10,46792552_SXKPVCFE_BPORINGO_0,JBUVDICGDNQJ,46792552_SXKPVCFE_BPORINGO_0_10,46792552_SXKPVCFE_BPORINGO_0,GLQDJMZWTXNC,0
46792552_SXKPVCFE_BPORINGO_0_11,46792552_SXKPVCFE_BPORINGO_0,JBUVDICGDNQJ,46792552_SXKPVCFE_BPORINGO_0_11,46792552_SXKPVCFE_BPORINGO_0,GLQDJMZWTXNC,0
46792552_SXKPVCFE_BPORINGO_0_12,46792552_SXKPVCFE_BPORINGO_0,JBUVDICGDNQJ,46792552_SXKPVCFE_BPORINGO_0_12,46792552_SXKPVCFE_BPORINGO_0,GLQDJMZWTXNC,0
46792552_SXKPVCFE_BPORINGO_0_13,46792552_SXKPVCFE_BPORINGO_0,JBUVDICGDNQJ,46792552_SXKPVCFE_BPORINGO_0_13,46792552_SXKPVCFE_BPORINGO_0,GLQDJMZWTXNC,0
46792552_SXKPVCFE_BPORINGO_0_14,46792552_SXKPVCFE_BPORINGO_0,JBUVDICGDNQJ,46792552_SXKPVCFE_BPORINGO_0_14,46792552_SXKPVCFE_BPORINGO_0,GLQDJMZWTXNC,0
46792552_SXKPVCFE_BPORINGO_0_15,46792552_SXKPVCFE_BPORINGO_0,JBUVDICGDNQJ,46792552_SXKPVCFE_BPORINGO_0_15,46792552_SXKPVCFE_BPORINGO_0,GLQDJMZWTXNC,0
46792552_SXKPVCFE_BPORINGO_0_16,46792552_SXKPVCFE_BPORINGO_0,JBUVDICGDNQJ,46792552_SXKPVCFE_BPORINGO_0_16,46792552_SXKPVCFE_BPORINGO_0,GLQDJMZWTXNC,0
46792552_SXKPVCFE_BPORINGO_0_17,46792552_SXKPVCFE_BPORINGO_0,JBUVDICGDNQJ,46792552_SXKPVCFE_BPORINGO_0_17,46792552_SXKPVCFE_BPORINGO_0,GLQDJMZWTXNC,0
46792552_SXKPVCFE_BPORINGO_0_18,46792552_SXKPVCFE_BPORINGO_0,JBUVDICGDNQJ,46792552_SXKPVCFE_BPORINGO_0_18,46792552_SXKPVCFE_BPORINGO_0,GLQDJMZWTXNC,1
46792552_SXKPVCFE_BPORINGO_0_19,46792552_SXKPVCFE_BPORINGO_0,JBUVDICGDNQJ,46792552_SXKPVCFE_BPORINGO_0_19,46792552_SXKPVCFE_BPORINGO_0,GLQDJMZWTXNC,0
46792552_SXKPVCFE_BPORINGO_0_20,46792552_SXKPVCFE_BPORINGO_0,JBUVDICGDNQJ,46792552_SXKPVCFE_BPORINGO_0_20,46792552_SXKPVCFE_BPORINGO_0,GLQDJMZWTXNC,0
46792552_SXKPVCFE_BPORINGO_0_21,46792552_SXKPVCFE_BPORINGO_0,JBUVDICGDNQJ,46792552_SXKPVCFE_BPORINGO_0_21,46792552_SXKPVCFE_BPORINGO_0,GLQDJMZWTXNC,0
46792552_SXKPVCFE_BPORINGO_0_22,46792552_SXKPVCFE_BPORINGO_0,JBUVDICGDNQJ,46792552_SXKPVCFE_BPORINGO_0_22,46792552_SXKPVCFE_BPORINGO_0,GLQDJMZWTXNC,0
46792552_SXKPVCFE_BPORINGO_0_23,46792552_SXKPVCFE_BPORINGO_0,JBUVDICGDNQJ,46792552_SXKPVCFE_BPORINGO_0_23,46792552_SXKPVCFE_BPORINGO_0,GLQDJMZWTXNC,0
46792552_SXKPVCFE_BPORINGO_0_24,46792552_SXKPVCFE_BPORINGO_0,JBUVDICGDNQJ,46792552_SXKPVCFE_BPORINGO_0_24,46792552_SXKPVCFE_BPORINGO_0,GLQDJMZWTXNC,0
46792552_SXKPVCFE_BPORINGO_0_25,46792552_SXKPVCFE_BPORINGO_0,JBUVDICGDNQJ,46792552_SXKPVCFE_BPORINGO_0_25,46792552_SXKPVCFE_BPORINGO_0,GLQDJMZWTXNC,0
46792552_SXKPVCFE_BPORINGO_0_26,46792552_SXKPVCFE_BPORINGO_0,JBUVDICGDNQJ,46792552_SXKPVCFE_BPORINGO_0_26,46792552_SXKPVCFE_BPORINGO_0,GLQDJMZWTXNC,0
46792552_SXKPVCFE_BPORINGO_0_27,46792552_SXKPVCFE_BPORINGO_0,JBUVDICGDNQJ,46792552_SXKPVCFE_BPORINGO_0_27,46792552_SXKPVCFE_BPORINGO_0,GLQDJMZWTXNC,0
46792552_SXKPVCFE_BPORINGO_0_28,46792552_SXKPVCFE_BPORINGO_0,JBUVDICGDNQJ,46792552_SXKPVCFE_BPORINGO_0_28,46792552_SXKPVCFE_BPORINGO_0,GLQDJMZWTXNC,0
46792552_SXKPVCFE_BPORINGO_0_29,46792552_SXKPVCFE_BPORINGO_0,JBUVDICGDNQJ,46792552_SXKPVCFE_BPORINGO_0_29,46792552_SXKPVCFE_BPORINGO_0,GLQDJMZWTXNC,0
46792552_SXKPVCFE_BPORINGO_0_30,46792552_SXKPVCFE_BPORINGO_0,JBUVDICGDNQJ,46792552_SXKPVCFE_BPORINGO_0_30,46792552_SXKPVCFE_BPORINGO_0,GLQDJMZWTXNC,0
46792552_SXKPVCFE_BPORINGO_0_31,46792552_SXKPVCFE_BPORINGO_0,JBUVDICGDNQJ,46792552_SXKPVCFE_BPORINGO_0_31,46792552_SXKPVCFE_BPORINGO_0,GLQDJMZWTXNC,0
46792552_SXKPVCFE_BPORINGO_0_32,46792552_SXKPVCFE_BPORINGO_0,JBUVDICGDNQJ,46792552_SXKPVCFE_BPORINGO_0_32,46792552_SXKPVCFE_BPORINGO_0,GLQDJMZWTXNC,0
46792552_SXKPVCFE_BPORINGO_0_33,46792552_SXKPVCFE_BPORINGO_0,JBUVDICGDNQJ,46792552_SXKPVCFE_BPORINGO_0_33,46792552_SXKPVCFE_BPORINGO_0,GLQDJMZWTXNC,0
46792552_SXKPVCFE_BPORINGO_0_34,46792552_SXKPVCFE_BPORINGO_0,JBUVDICGDNQJ,46792552_SXKPVCFE_BPORINGO_0_34,46792552_SXKPVCFE_BPORINGO_0,GLQDJMZWTXNC,0
46792552_SXKPVCFE_BPORINGO_0_35,46792552_SXKPVCFE_BPORINGO_0,JBUVDICGDNQJ,46792552_SXKPVCFE_BPORINGO_0_35,46792552_SXKPVCFE_BPORINGO_0,GLQDJMZWTXNC,0
46792552_SXKPVCFE_BPORINGO_0_36,46792552_SXKPVCFE_BPORINGO_0,JBUVDICGDNQJ,46792552_SXKPVCFE_BPORINGO_0_36,46792552_SXKPVCFE_BPORINGO_0,GLQDJMZWTXNC,1
46792552_SXKPVCFE_BPORINGO_0_37,46792552_SXKPVCFE_BPORINGO_0,JBUVDICGDNQJ,46792552_SXKPVCFE_BPORINGO_0_37,46792552_SXKPVCFE_BPORINGO_0,GLQDJMZWTXNC,0
46792552_SXKPVCFE_BPORINGO_0_38,46792552_SXKPVCFE_BPORINGO_0,JBUVDICGDNQJ,46792552_SXKPVCFE_BPORINGO_0_38,46792552_SXKPVCFE_BPORINGO_0,GLQDJMZWTXNC,0
46792552_SXKPVCFE_BPORINGO_0_39,46792552_SXKPVCFE_BPORINGO_0,JBUVDICGDNQJ,46792552_SXKPVCFE_BPORINGO_0_39,46792552_SXKPVCFE_BPORINGO_0,GLQDJMZWTXNC,0
46792552_SXKPVCFE_BPORINGO_0_40,46792552_SXKPVCFE_BPORINGO_0,JBUVDICGDNQJ,46792552_SXKPVCFE_BPORINGO_0_40,46792552_SXKPVCFE_BPORINGO_0,GLQDJMZWTXNC,0
46792552_SXKPVCFE_BPORINGO_0_41,46792552_SXKPVCFE_BPORINGO_0,JBUVDICGDNQJ,46792552_SXKPVCFE_BPORINGO_0_41,46792552_SXKPVCFE_BPORINGO_0,GLQDJMZWTXNC,0
46792552_SXKPVCFE_BPORINGO_0_42,46792552_SXKPVCFE_BPORINGO_0,JBUVDICGDNQJ,46792552_SXKPVCFE_BPORINGO_0_42,46792552_SXKPVCFE_BPORINGO_0,GLQDJMZWTXNC,0
46792552_SXKPVCFE_BPORINGO_0_43,46792552_SXKPVCFE_BPORINGO_0,JBUVDICGDNQJ,46792552_SXKPVCFE_BPORINGO_0_43,46792552_SXKPVCFE_BPORINGO_0,GLQDJMZWTXNC,0
46792552_SXKPVCFE_BPORINGO_0_44,46792552_SXKPVCFE_BPORINGO_0,JBUVDICGDNQJ,46792552_SXKPVCFE_BPORINGO_0_44,46792552_SXKPVCFE_BPORINGO_0,GLQDJMZWTXNC,0
46792552_SXKPVCFE_BPORINGO_0_45,46792552_SXKPVCFE_BPORINGO_0,JBUVDICGDNQJ,46792552_SXKPVCFE_BPORINGO_0_45,46792552_SXKPVCFE_BPORINGO_0,GLQDJMZWTXNC,0
46792552_SXKPVCFE_BPORINGO_0_46,46792552_SXKPVCFE_BPORINGO_0,JBUVDICGDNQJ,46792552_SXKPVCFE_BPORINGO_0_46,46792552_SXKPVCFE_BPORINGO_0,GLQDJMZWTXNC,0
46792552_SXKPVCFE_BPORINGO_0_47,46792552_SXKPVCFE_BPORINGO_0,JBUVDICGDNQJ,46792552_SXKPVCFE_BPORINGO_0_47,46792552_SXKPVCFE_BPORINGO_0,GLQDJMZWTXNC,0
46792552_SXKPVCFE_BPORINGO_0_48,46792552_SXKPVCFE_BPORINGO_0,JBUVDICGDNQJ,46792552_SXKPVCFE_BPORINGO_0_48,46792552_SXKPVCFE_BPORINGO_0,GLQDJMZWTXNC,0
46792552_SXKPVCFE_BPORINGO_0_49,46792552_SXKPVCFE_BPORINGO_0,JBUVDICGDNQJ,46792552_SXKPVCFE_BPORINGO_0_49,46792552_SXKPVCFE_BPORINGO_0,GLQDJMZWTXNC,0
46792552_SXKPVCFE_BPORINGO_0_50,46792552_SXKPVCFE_BPORINGO_0,JBUVDICGDNQJ,46792552_SXKPVCFE_BPORINGO_0_50,46792552_SXKPVCFE_BPORINGO_0,GLQDJMZWTXNC,0
46792552_SXKPVCFE_BPORINGO_0_51,46792552_SXKPVCFE_BPORINGO_0,JBUVDICGDNQJ,46792552_SXKPVCFE_BPORINGO_0_51,46792552_SXKPVCFE_BPORINGO_0,GLQDJMZWTXNC,0
46792552_SXKPVCFE_BPORINGO_0_52,46792552_SXKPVCFE_BPORINGO_0,JBUVDICGDNQJ,46792552_SXKPVCFE_BPORINGO_0_52,46792552_SXKPVCFE_BPORINGO_0,GLQDJMZWTXNC,0
46792552_SXKPVCFE_BPORINGO_0_53,46792552_SXKPVCFE_BPORINGO_0,JBUVDICGDNQJ,46792552_SXKPVCFE_BPORINGO_0_53,46792552_SXKPVCFE_BPORINGO_0,GLQDJMZWTXNC,0
46792552_SXKPVCFE_BPORINGO_0_54,46792552_SXKPVCFE_BPORINGO_0,JBUVDICGDNQJ,46792552_SXKPVCFE_BPORINGO_0_54,46792552_SXKPVCFE_BPORINGO_0,GLQDJMZWTXNC,0
46792552_SXKPVCFE_BPORINGO_0_55,46792552_SXKPVCFE_BPORINGO_0,JBUVDICGDNQJ,46792552_SXKPVCFE_BPORINGO_0_55,46792552_SXKPVCFE_BPORINGO_0,GLQDJMZWTXNC,0
88643428_SXKPVCFE_LJNFLUMT_0_0,88643428_SXKPVCFE_LJNFLUMT_0,OHHBLBWJVWXP,88643428_SXKPVCFE_LJNFLUMT_0_0,88643428_SXKPVCFE_LJNFLUMT_0,UPZZNEIMWQHA,0
88643428_SXKPVCFE_LJNFLUMT_0_1,88643428_SXKPVCFE_LJNFLUMT_0,OHHBLBWJVWXP,88643428_SXKPVCFE_LJNFLUMT_0_1,88643428_SXKPVCFE_LJNFLUMT_0,UPZZNEIMWQHA,0
88643428_SXKPVCFE_LJNFLUMT_0_2,88643428_SXKPVCFE_LJNFLUMT_0,OHHBLBWJVWXP,88643428_SXKPVCFE_LJNFLUMT_0_2,88643428_SXKPVCFE_LJNFLUMT_0,UPZZNEIMWQHA,0
88643428_SXKPVCFE_LJNFLUMT_0_3,88643428_SXKPVCFE_LJNFLUMT_0,OHHBLBWJVWXP,88643428_SXKPVCFE_LJNFLUMT_0_3,88643428_SXKPVCFE_LJNFLUMT_0,UPZZNEIMWQHA,0
88643428_SXKPVCFE_LJNFLUMT_0_4,88643428_SXKPVCFE_LJNFLUMT_0,OHHBLBWJVWXP,88643428_SXKPVCFE_LJNFLUMT_0_4,88643428_SXKPVCFE_LJNFLUMT_0,UPZZNEIMWQHA,0
88643428_SXKPVCFE_LJNFLUMT_0_5,88643428_SXKPVCFE_LJNFLUMT_0,OHHBLBWJVWXP,88643428_SXKPVCFE_LJNFLUMT_0_5,88643428_SXKPVCFE_LJNFLUMT_0,UPZZNEIMWQHA,0
88643428_SXKPVCFE_LJNFLUMT_0_6,88643428_SXKPVCFE_LJNFLUMT_0,OHHBLBWJVWXP,88643428_SXKPVCFE_LJNFLUMT_0_6,88643428_SXKPVCFE_LJNFLUMT_0,UPZZNEIMWQHA,0
88643428_SXKPVCFE_LJNFLUMT_0_7,88643428_SXKPVCFE_LJNFLUMT_0,OHHBLBWJVWXP,88643428_SXKPVCFE_LJNFLUMT_0_7,88643428_SXKPVCFE_LJNFLUMT_0,UPZZNEIMWQHA,0
88643428_SXKPVCFE_LJNFLUMT_0_8,88643428_SXKPVCFE_LJNFLUMT_0,OHHBLBWJVWXP,88643428_SXKPVCFE_LJNFLUMT_0_8,88643428_SXKPVCFE_LJNFLUMT_0,UPZZNEIMWQHA,0
88643428_SXKPVCFE_LJNFLUMT_0_9,88643428_SXKPVCFE_LJNFLUMT_0,OHHBLBWJVWXP,88643428_SXKPVCFE_LJNFLUMT_0_9,88643428_SXKPVCFE_LJNFLUMT_0,UPZZNEIMWQHA,0
88643428_SXKPVCFE_LJNFLUMT_0_10,88643428_SXKPVCFE_LJNFLUMT_0,OHHBLBWJVWXP,88643428_SXKPVCFE_LJNFLUMT_0_10,88643428_SXKPVCFE_LJNFLUMT_0,UPZZNEIMWQHA,0
88643428_SXKPVCFE_LJNFLUMT_0_11,88643428_SXKPVCFE_LJNFLUMT_0,OHHBLBWJVWXP,88643428_SXKPVCFE_LJNFLUMT_0_11,88643428_SXKPVCFE_LJNFLUMT_0,UPZZNEIMWQHA,0
88643428_SXKPVCFE_LJNFLUMT_0_12,88643428_SXKPVCFE_LJNFLUMT_0,OHHBLBWJVWXP,88643428_SXKPVCFE_LJNFLUMT_0_12,88643428_SXKPVCFE_LJNFLUMT_0,UPZZNEIMWQHA,0
88643428_SXKPVCFE_LJNFLUMT_0_13,88643428_SXKPVCFE_LJNFLUMT_0,OHHBLBWJVWXP,88643428_SXKPVCFE_LJNFLUMT_0_13,88643428_SXKPVCFE_LJNFLUMT_0,UPZZNEIMWQHA,0
88643428_SXKPVCFE_LJNFLUMT_0_14,88643428_SXKPVCFE_LJNFLUMT_0,OHHBLBWJVWXP,88643428_SXKPVCFE_LJNFLUMT_0_14,88643428_SXKPVCFE_LJNFLUMT_0,UPZZNEIMWQHA,0
88643428_SXKPVCFE_LJNFLUMT_0_15,88643428_SXKPVCFE_LJNFLUMT_0,OHHBLBWJVWXP,88643428_SXKPVCFE_LJNFLUMT_0_15,88643428_SXKPVCFE_LJNFLUMT_0,UPZZNEIMWQHA,0
88643428_SXKPVCFE_LJNFLUMT_0_16,88643428_SXKPVCFE_LJNFLUMT_0,OHHBLBWJVWXP,88643428_SXKPVCFE_LJNFLUMT_0_16,88643428_SXKPVCFE_LJNFLUMT_0,UPZZNEIMWQHA,0
88643428_SXKPVCFE_LJNFLUMT_0_17,88643428_SXKPVCFE_LJNFLUMT_0,OHHBLBWJVWXP,88643428_SXKPVCFE_LJNFLUMT_0_17,88643428_SXKPVCFE_LJNFLUMT_0,UPZZNEIMWQHA,0
88643428_SXKPVCFE_LJNFLUMT_0_18,88643428_SXKPVCFE_LJNFLUMT_0,OHHBLBWJVWXP,88643428_SXKPVCFE_LJNFLUMT_0_18,88643428_SXKPVCFE_LJNFLUMT_0,UPZZNEIMWQHA,0
88643428_SXKPVCFE_LJNFLUMT_0_19,88643428_SXKPVCFE_LJNFLUMT_0,OHHBLBWJVWXP,88643428_SXKPVCFE_LJNFLUMT_0_19,88643428_SXKPVCFE_LJNFLUMT_0,UPZZNEIMWQHA,0
88643428_SXKPVCFE_LJNFLUMT_0_20,88643428_SXKPVCFE_LJNFLUMT_0,OHHBLBWJVWXP,88643428_SXKPVCFE_LJNFLUMT_0_20,88643428_SXKPVCFE_LJNFLUMT_0,UPZZNEIMWQHA,0
88643428_SXKPVCFE_LJNFLUMT_0_21,88643428_SXKPVCFE_LJNFLUMT_0,OHHBLBWJVWXP,88643428_SXKPVCFE_LJNFLUMT_0_21,88643428_SXKPVCFE_LJNFLUMT_0,UPZZNEIMWQHA,0
88643428_SXKPVCFE_LJNFLUMT_0_22,88643428_SXKPVCFE_LJNFLUMT_0,OHHBLBWJVWXP,88643428_SXKPVCFE_LJNFLUMT_0_22,88643428_SXKPVCFE_LJNFLUMT_0,UPZZNEIMWQHA,0
88643428_SXKPVCFE_LJNFLUMT_0_23,88643428_SXKPVCFE_LJNFLUMT_0,OHHBLBWJVWXP,88643428_SXKPVCFE_LJNFLUMT_0_23,88643428_SXKPVCFE_LJNFLUMT_0,UPZZNEIMWQHA,0
88643428_SXKPVCFE_LJNFLUMT_0_24,88643428_SXKPVCFE_LJNFLUMT_0,OHHBLBWJVWXP,88643428_SXKPVCFE_LJNFLUMT_0_24,88643428_SXKPVCFE_LJNFLUMT_0,UPZZNEIMWQHA,0
88643428_SXKPVCFE_LJNFLUMT_0_25,88643428_SXKPVCFE_LJNFLUMT_0,OHHBLBWJVWXP,88643428_SXKPVCFE_LJNFLUMT_0_25,88643428_SXKPVCFE_LJNFLUMT_0,UPZZNEIMWQHA,0
88643428_SXKPVCFE_LJNFLUMT_0_26,88643428_SXKPVCFE_LJNFLUMT_0,OHHBLBWJVWXP,88643428_SXKPVCFE_LJNFLUMT_0_26,88643428_SXKPVCFE_LJNFLUMT_0,UPZZNEIMWQHA,0
88643428_SXKPVCFE_LJNFLUMT_0_27,88643428_SXKPVCFE_LJNFLUMT_0,OHHBLBWJVWXP,88643428_SXKPVCFE_LJNFLUMT_0_27,88643428_SXKPVCFE_LJNFLUMT_0,UPZZNEIMWQHA,0
88643428_SXKPVCFE_LJNFLUMT_0_28,88643428_SXKPVCFE_LJNFLUMT_0,OHHBLBWJVWXP,88643428_SXKPVCFE_LJNFLUMT_0_28,88643428_SXKPVCFE_LJNFLUMT_0,UPZZNEIMWQHA,0
88643428_SXKPVCFE_LJNFLUMT_0_29,88643428_SXKPVCFE_LJNFLUMT_0,OHHBLBWJVWXP,88643428_SXKPVCFE_LJNFLUMT_0_29,88643428_SXKPVCFE_LJNFLUMT_0,UPZZNEIMWQHA,0
88643428_SXKPVCFE_LJNFLUMT_0_30,88643428_SXKPVCFE_LJNFLUMT_0,OHHBLBWJVWXP,88643428_SXKPVCFE_LJNFLUMT_0_30,88643428_SXKPVCFE_LJNFLUMT_0,UPZZNEIMWQHA,0
88643428_SXKPVCFE_LJNFLUMT_0_31,88643428_SXKPVCFE_LJNFLUMT_0,OHHBLBWJVWXP,88643428_SXKPVCFE_LJNFLUMT_0_31,88643428_SXKPVCFE_LJNFLUMT_0,UPZZNEIMWQHA,0
88643428_SXKPVCFE_LJNFLUMT_0_32,88643428_SXKPVCFE_LJNFLUMT_0,OHHBLBWJVWXP,88643428_SXKPVCFE_LJNFLUMT_0_32,88643428_SXKPVCFE_LJNFLUMT_0,UPZZNEIMWQHA,0
88643428_SXKPVCFE_LJNFLUMT_0_33,88643428_SXKPVCFE_LJNFLUMT_0,OHHBLBWJVWXP,88643428_SXKPVCFE_LJNFLUMT_0_33,88643428_SXKPVCFE_LJNFLUMT_0,UPZZNEIMWQHA,0
88643428_SXKPVCFE_LJNFLUMT_0_34,88643428_SXKPVCFE_LJNFLUMT_0,OHHBLBWJVWXP,88643428_SXKPVCFE_LJNFLUMT_0_34,88643428_SXKPVCFE_LJNFLUMT_0,UPZZNEIMWQHA,1
88643428_SXKPVCFE_LJNFLUMT_0_35,88643428_SXKPVCFE_LJNFLUMT_0,OHHBLBWJVWXP,88643428_SXKPVCFE_LJNFLUMT_0_35,88643428_SXKPVCFE_LJNFLUMT_0,UPZZNEIMWQHA,0
88643428_SXKPVCFE_LJNFLUMT_0_36,88643428_SXKPVCFE_LJNFLUMT_0,OHHBLBWJVWXP,88643428_SXKPVCFE_LJNFLUMT_0_36,88643428_SXKPVCFE_LJNFLUMT_0,UPZZNEIMWQHA,0
88643428_SXKPVCFE_LJNFLUMT_0_37,88643428_SXKPVCFE_LJNFLUMT_0,OHHBLBWJVWXP,88643428_SXKPVCFE_LJNFLUMT_0_37,88643428_SXKPVCFE_LJNFLUMT_0,UPZZNEIMWQHA,0
88643428_SXKPVCFE_LJNFLUMT_0_38,88643428_SXKPVCFE_LJNFLUMT_0,OHHBLBWJVWXP,88643428_SXKPVCFE_LJNFLUMT_0_38,88643428_SXKPVCFE_LJNFLUMT_0,UPZZNEIMWQHA,0
88643428_SXKPVCFE_LJNFLUMT_0_39,88643428_SXKPVCFE_LJNFLUMT_0,OHHBLBWJVWXP,88643428_SXKPVCFE_LJNFLUMT_0_39,88643428_SXKPVCFE_LJNFLUMT_0,UPZZNEIMWQHA,0
88643428_SXKPVCFE_LJNFLUMT_0_40,88643428_SXKPVCFE_LJNFLUMT_0,OHHBLBWJVWXP,88643428_SXKPVCFE_LJNFLUMT_0_40,88643428_SXKPVCFE_LJNFLUMT_0,UPZZNEIMWQHA,0
88643428_SXKPVCFE_LJNFLUMT_0_41,88643428_SXKPVCFE_LJNFLUMT_0,OHHBLBWJVWXP,88643428_SXKPVCFE_LJNFLUMT_0_41,88643428_SXKPVCFE_LJNFLUMT_0,UPZZNEIMWQHA,0
88643428_SXKPVCFE_LJNFLUMT_0_42,88643428_SXKPVCFE_LJNFLUMT_0,OHHBLBWJVWXP,88643428_SXKPVCFE_LJNFLUMT_0_42,88643428_SXKPVCFE_LJNFLUMT_0,UPZZNEIMWQHA,0
88643428_SXKPVCFE_LJNFLUMT_0_43,88643428_SXKPVCFE_LJNFLUMT_0,OHHBLBWJVWXP,88643428_SXKPVCFE_LJNFLUMT_0_43,88643428_SXKPVCFE_LJNFLUMT_0,UPZZNEIMWQHA,0
88643428_SXKPVCFE_LJNFLUMT_0_44,88643428_SXKPVCFE_LJNFLUMT_0,OHHBLBWJVWXP,88643428_SXKPVCFE_LJNFLUMT_0_44,88643428_SXKPVCFE_LJNFLUMT_0,UPZZNEIMWQHA,0
88643428_SXKPVCFE_LJNFLUMT_0_45,88643428_SXKPVCFE_LJNFLUMT_0,OHHBLBWJVWXP,88643428_SXKPVCFE_LJNFLUMT_0_45,88643428_SXKPVCFE_LJNFLUMT_0,UPZZNEIMWQHA,0
88643428_SXKPVCFE_LJNFLUMT_0_46,88643428_SXKPVCFE_LJNFLUMT_0,OHHBLBWJVWXP,88643428_SXKPVCFE_LJNFLUMT_0_46,88643428_SXKPVCFE_LJNFLUMT_0,UPZZNEIMWQHA,0
88643428_SXKPVCFE_LJNFLUMT_0_47,88643428_SXKPVCFE_LJNFLUMT_0,OHHBLBWJVWXP,88643428_SXKPVCFE_LJNFLUMT_0_47,88643428_SXKPVCFE_LJNFLUMT_0,UPZZNEIMWQHA,0
88643428_SXKPVCFE_LJNFLUMT_0_48,88643428_SXKPVCFE_LJNFLUMT_0,OHHBLBWJVWXP,88643428_SXKPVCFE_LJNFLUMT_0_48,88643428_SXKPVCFE_LJNFLUMT_0,UPZZNEIMWQHA,0
88643428_SXKPVCFE_LJNFLUMT_0_49,88643428_SXKPVCFE_LJNFLUMT_0,OHHBLBWJVWXP,88643428_SXKPVCFE_LJNFLUMT_0_49,88643428_SXKPVCFE_LJNFLUMT_0,UPZZNEIMWQHA,0
88643428_SXKPVCFE_LJNFLUMT_0_50,88643428_SXKPVCFE_LJNFLUMT_0,OHHBLBWJVWXP,88643428_SXKPVCFE_LJNFLUMT_0_50,88643428_SXKPVCFE_LJNFLUMT_0,UPZZNEIMWQHA,0
88643428_SXKPVCFE_LJNFLUMT_0_51,88643428_SXKPVCFE_LJNFLUMT_0,OHHBLBWJVWXP,88643428_SXKPVCFE_LJNFLUMT_0_51,88643428_SXKPVCFE_LJNFLUMT_0,UPZZNEIMWQHA,0
88643428_SXKPVCFE_LJNFLUMT_0_52,88643428_SXKPVCFE_LJNFLUMT_0,OHHBLBWJVWXP,88643428_SXKPVCFE_LJNFLUMT_0_52,88643428_SXKPVCFE_LJNFLUMT_0,UPZZNEIMWQHA,0
88643428_SXKPVCFE_LJNFLUMT_0_53,88643428_SXKPVCFE_LJNFLUMT_0,OHHBLBWJVWXP,88643428_SXKPVCFE_LJNFLUMT_0_53,88643428_SXKPVCFE_LJNFLUMT_0,UPZZNEIMWQHA,0
88643428_SXKPVCFE_LJNFLUMT_0_54,88643428_SXKPVCFE_LJNFLUMT_0,OHHBLBWJVWXP,88643428_SXKPVCFE_LJNFLUMT_0_54,88643428_SXKPVCFE_LJNFLUMT_0,UPZZNEIMWQHA,0
88643428_SXKPVCFE_LJNFLUMT_0_55,88643428_SXKPVCFE_LJNFLUMT_0,OHHBLBWJVWXP,88643428_SXKPVCFE_LJNFLUMT_0_55,88643428_SXKPVCFE_LJNFLUMT_0,UPZZNEIMWQHA,0
88643428_SXKPVCFE_LJNFLUMT_0_56,88643428_SXKPVCFE_LJNFLUMT_0,OHHBLBWJVWXP,88643428_SXKPVCFE_LJNFLUMT_0_56,88643428_SXKPVCFE_LJNFLUMT_0,UPZZNEIMWQHA,0
88643428_SXKPVCFE_LJNFLUMT_0_57,88643428_SXKPVCFE_LJNFLUMT_0,OHHBLBWJVWXP,88643428_SXKPVCFE_LJNFLUMT_0_57,88643428_SXKPVCFE_LJNFLUMT_0,UPZZNEIMWQHA,0
88643428_SXKPVCFE_LJNFLUMT_0_58,88643428_SXKPVCFE_LJNFLUMT_0,OHHBLBWJVWXP,88643428_SXKPVCFE_LJNFLUMT_0_58,88643428_SXKPVCFE_LJNFLUMT_0,UPZZNEIMWQHA,0
88643428_SXKPVCFE_LJNFLUMT_0_59,88643428_SXKPVCFE_LJNFLUMT_0,OHHBLBWJVWXP,88643428_SXKPVCFE_LJNFLUMT_0_59,88643428_SXKPVCFE_LJNFLUMT_0,UPZZNEIMWQHA,0
88643428_SXKPVCFE_LJNFLUMT_0_60,88643428_SXKPVCFE_LJNFLUMT_0,OHHBLBWJVWXP,88643428_SXKPVCFE_LJNFLUMT_0_60,88643428_SXKPVCFE_LJNFLUMT_0,UPZZNEIMWQHA,0
88643428_SXKPVCFE_LJNFLUMT_0_61,88643428_SXKPVCFE_LJNFLUMT_0,OHHBLBWJVWXP,88643428_SXKPVCFE_LJNFLUMT_0_61,88643428_SXKPVCFE_LJNFLUMT_0,UPZZNEIMWQHA,0
88643428_SXKPVCFE_LJNFLUMT_0_62,88643428_SXKPVCFE_LJNFLUMT_0,OHHBLBWJVWXP,88643428_SXKPVCFE_LJNFLUMT_0_62,88643428_SXKPVCFE_LJNFLUMT_0,UPZZNEIMWQHA,0
88643428_SXKPVCFE_LJNFLUMT_0_63,88643428_SXKPVCFE_LJNFLUMT_0,OHHBLBWJVWXP,88643428_SXKPVCFE_LJNFLUMT_0_63,88643428_SXKPVCFE_LJNFLUMT_0,UPZZNEIMWQHA,0
88643428_SXKPVCFE_LJNFLUMT_0_64,88643428_SXKPVCFE_LJNFLUMT_0,OHHBLBWJVWXP,88643428_SXKPVCFE_LJNFLUMT_0_64,88643428_SXKPVCFE_LJNFLUMT_0,UPZZNEIMWQHA,1
88643428_SXKPVCFE_LJNFLUMT_0_65,88643428_SXKPVCFE_LJNFLUMT_0,OHHBLBWJVWXP,88643428_SXKPVCFE_LJNFLUMT_0_65,88643428_SXKPVCFE_LJNFLUMT_0,UPZZNEIMWQHA,1
88643428_SXKPVCFE_LJNFLUMT_0_66,88643428_SXKPVCFE_LJNFLUMT_0,OHHBLBWJVWXP,88643428_SXKPVCFE_LJNFLUMT_0_66,88643428_SXKPVCFE_LJNFLUMT_0,UPZZNEIMWQHA,0
88643428_SXKPVCFE_LJNFLUMT_0_67,88643428_SXKPVCFE_LJNFLUMT_0,OHHBLBWJVWXP,88643428_SXKPVCFE_LJNFLUMT_0_67,88643428_SXKPVCFE_LJNFLUMT_0,UPZZNEIMWQHA,0
88643428_SXKPVCFE_LJNFLUMT_0_68,88643428_SXKPVCFE_LJNFLUMT_0,OHHBLBWJVWXP,88643428_SXKPVCFE_LJNFLUMT_0_68,88643428_SXKPVCFE_LJNFLUMT_0,UPZZNEIMWQHA,0
88643428_SXKPVCFE_LJNFLUMT_0_69,88643428_SXKPVCFE_LJNFLUMT_0,OHHBLBWJVWXP,88643428_SXKPVCFE_LJNFLUMT_0_69,88643428_SXKPVCFE_LJNFLUMT_0,UPZZNEIMWQHA,1
88643428_SXKPVCFE_LJNFLUMT_0_70,88643428_SXKPVCFE_LJNFLUMT_0,OHHBLBWJVWXP,88643428_SXKPVCFE_LJNFLUMT_0_70,88643428_SXKPVCFE_LJNFLUMT_0,UPZZNEIMWQHA,0
88643428_SXKPVCFE_LJNFLUMT_0_71,88643428_SXKPVCFE_LJNFLUMT_0,OHHBLBWJVWXP,88643428_SXKPVCFE_LJNFLUMT_0_71,88643428_SXKPVCFE_LJNFLUMT_0,UPZZNEIMWQHA,0
88643428_SXKPVCFE_LJNFLUMT_0_72,88643428_SXKPVCFE_LJNFLUMT_0,OHHBLBWJVWXP,88643428_SXKPVCFE_LJNFLUMT_0_72,88643428_SXKPVCFE_LJNFLUMT_0,UPZZNEIMWQHA,0
88643428_SXKPVCFE_LJNFLUMT_0_73,88643428_SXKPVCFE_LJNFLUMT_0,OHHBLBWJVWXP,88643428_SXKPVCFE_LJNFLUMT_0_73,88643428_SXKPVCFE_LJNFLUMT_0,UPZZNEIMWQHA,0
88643428_SXKPVCFE_LJNFLUMT_0_74,88643428_SXKPVCFE_LJNFLUMT_0,OHHBLBWJVWXP,88643428_SXKPVCFE_LJNFLUMT_0_74,88643428_SXKPVCFE_LJNFLUMT_0,UPZZNEIMWQHA,0
88643428_SXKPVCFE_LJNFLUMT_0_75,88643428_SXKPVCFE_LJNFLUMT_0,OHHBLBWJVWXP,88643428_SXKPVCFE_LJNFLUMT_0_75,88643428_SXKPVCFE_LJNFLUMT_0,UPZZNEIMWQHA,0
88643428_SXKPVCFE_LJNFLUMT_0_76,88643428_SXKPVCFE_LJNFLUMT_0,OHHBLBWJVWXP,88643428_SXKPVCFE_LJNFLUMT_0_76,88643428_SXKPVCFE_LJNFLUMT_0,UPZZNEIMWQHA,0
88643428_SXKPVCFE_LJNFLUMT_0_77,88643428_SXKPVCFE_LJNFLUMT_0,OHHBLBWJVWXP,88643428_SXKPVCFE_LJNFLUMT_0_77,88643428_SXKPVCFE_LJNFLUMT_0,UPZZNEIMWQHA,0
88643428_SXKPVCFE_LJNFLUMT_0_78,88643428_SXKPVCFE_LJNFLUMT_0,OHHBLBWJVWXP,88643428_SXKPVCFE_LJNFLUMT_0_78,88643428_SXKPVCFE_LJNFLUMT_0,UPZZNEIMWQHA,0
88643428_SXKPVCFE_LJNFLUMT_0_79,88643428_SXKPVCFE_LJNFLUMT_0,OHHBLBWJVWXP,88643428_SXKPVCFE_LJNFLUMT_0_79,88643428_SXKPVCFE_LJNFLUMT_0,UPZZNEIMWQHA,0
88643428_SXKPVCFE_LJNFLUMT_0_80,88643428_SXKPVCFE_LJNFLUMT_0,OHHBLBWJVWXP,88643428_SXKPVCFE_LJNFLUMT_0_80,88643428_SXKPVCFE_LJNFLUMT_0,UPZZNEIMWQHA,0
88643428_SXKPVCFE_LJNFLUMT_0_81,88643428_SXKPVCFE_LJNFLUMT_0,OHHBLBWJVWXP,88643428_SXKPVCFE_LJNFLUMT_0_81,88643428_SXKPVCFE_LJNFLUMT_0,UPZZNEIMWQHA,0
88643428_SXKPVCFE_LJNFLUMT_0_82,88643428_SXKPVCFE_LJNFLUMT_0,OHHBLBWJVWXP,88643428_SXKPVCFE_LJNFLUMT_0_82,88643428_SXKPVCFE_LJNFLUMT_0,UPZZNEIMWQHA,0
88643428_SXKPVCFE_LJNFLUMT_0_83,88643428_SXKPVCFE_LJNFLUMT_0,OHHBLBWJVWXP,88643428_SXKPVCFE_LJNFLUMT_0_83,88643428_SXKPVCFE_LJNFLUMT_0,UPZZNEIMWQHA,0
88643428_SXKPVCFE_LJNFLUMT_0_84,88643428_SXKPVCFE_LJNFLUMT_0,OHHBLBWJVWXP,88643428_SXKPVCFE_LJNFLUMT_0_84,88643428_SXKPVCFE_LJNFLUMT_0,UPZZNEIMWQHA,0
88643428_SXKPVCFE_LJNFLUMT_0_85,88643428_SXKPVCFE_LJNFLUMT_0,OHHBLBWJVWXP,88643428_SXKPVCFE_LJNFLUMT_0_85,88643428_SXKPVCFE_LJNFLUMT_0,UPZZNEIMWQHA,0
88643428_SXKPVCFE_LJNFLUMT_0_86,88643428_SXKPVCFE_LJNFLUMT_0,OHHBLBWJVWXP,88643428_SXKPVCFE_LJNFLUMT_0_86,88643428_SXKPVCFE_LJNFLUMT_0,UPZZNEIMWQHA,0
88643428_SXKPVCFE_LJNFLUMT_0_87,88643428_SXKPVCFE_LJNFLUMT_0,OHHBLBWJVWXP,88643428_SXKPVCFE_LJNFLUMT_0_87,88643428_SXKPVCFE_LJNFLUMT_0,UPZZNEIMWQHA,0
88643428_SXKPVCFE_LJNFLUMT_0_88,88643428_SXKPVCFE_LJNFLUMT_0,OHHBLBWJVWXP,88643428_SXKPVCFE_LJNFLUMT_0_88,88643428_SXKPVCFE_LJNFLUMT_0,UPZZNEIMWQHA,1
88643428_SXKPVCFE_LJNFLUMT_0_89,88643428_SXKPVCFE_LJNFLUMT_0,OHHBLBWJVWXP,88643428_SXKPVCFE_LJNFLUMT_0_89,88643428_SXKPVCFE_LJNFLUMT_0,UPZZNEIMWQHA,0
88643428_SXKPVCFE_LJNFLUMT_0_90,88643428_SXKPVCFE_LJNFLUMT_0,OHHBLBWJVWXP,88643428_SXKPVCFE_LJNFLUMT_0_90,88643428_SXKPVCFE_LJNFLUMT_0,UPZZNEIMWQHA,0
88643428_SXKPVCFE_LJNFLUMT_0_91,88643428_SXKPVCFE_LJNFLUMT_0,OHHBLBWJVWXP,88643428_SXKPVCFE_LJNFLUMT_0_91,88643428_SXKPVCFE_LJNFLUMT_0,UPZZNEIMWQHA,0
88643428_SXKPVCFE_LJNFLUMT_0_92,88643428_SXKPVCFE_LJNFLUMT_0,OHHBLBWJVWXP,88643428_SXKPVCFE_LJNFLUMT_0_92,88643428_SXKPVCFE_LJNFLUMT_0,UPZZNEIMWQHA,0
88643428_SXKPVCFE_LJNFLUMT_0_93,88643428_SXKPVCFE_LJNFLUMT_0,OHHBLBWJVWXP,88643428_SXKPVCFE_LJNFLUMT_0_93,88643428_SXKPVCFE_LJNFLUMT_0,UPZZNEIMWQHA,0
88643428_SXKPVCFE_LJNFLUMT_0_94,88643428_SXKPVCFE_LJNFLUMT_0,OHHBLBWJVWXP,88643428_SXKPVCFE_LJNFLUMT_0_94,88643428_SXKPVCFE_LJNFLUMT_0,UPZZNEIMWQHA,1
88643428_SXKPVCFE_LJNFLUMT_0_95,88643428_SXKPVCFE_LJNFLUMT_0,OHHBLBWJVWXP,88643428_SXKPVCFE_LJNFLUMT_0_95,88643428_SXKPVCFE_LJNFLUMT_0,UPZZNEIMWQHA,0
88643428_SXKPVCFE_LJNFLUMT_0_96,88643428_SXKPVCFE_LJNFLUMT_0,OHHBLBWJVWXP,88643428_SXKPVCFE_LJNFLUMT_0_96,88643428_SXKPVCFE_LJNFLUMT_0,UPZZNEIMWQHA,0
88643428_SXKPVCFE_LJNFLUMT_0_97,88643428_SXKPVCFE_LJNFLUMT_0,OHHBLBWJVWXP,88643428_SXKPVCFE_LJNFLUMT_0_97,88643428_SXKPVCFE_LJNFLUMT_0,UPZZNEIMWQHA,0
88643428_SXKPVCFE_LJNFLUMT_0_98,88643428_SXKPVCFE_LJNFLUMT_0,OHHBLBWJVWXP,88643428_SXKPVCFE_LJNFLUMT_0_98,88643428_SXKPVCFE_LJNFLUMT_0,UPZZNEIMWQHA,0
88643428_SXKPVCFE_LJNFLUMT_0_99,88643428_SXKPVCFE_LJNFLUMT_0,OHHBLBWJVWXP,88643428_SXKPVCFE_LJNFLUMT_0_99,88643428_SXKPVCFE_LJNFLUMT_0,UPZZNEIMWQHA,0
88643428_SXKPVCFE_LJNFLUMT_0_100,88643428_SXKPVCFE_LJNFLUMT_0,OHHBLBWJVWXP,88643428_SXKPVCFE_LJNFLUMT_0_100,88643428_SXKPVCFE_LJNFLUMT_0,UPZZNEIMWQHA,0
88643428_SXKPVCFE_LJNFLUMT_0_101,88643428_SXKPVCFE_LJNFLUMT_0,OHHBLBWJVWXP,88643428_SXKPVCFE_LJNFLUMT_0_101,88643428_SXKPVCFE_LJNFLUMT_0,UPZZNEIMWQHA,0
88643428_SXKPVCFE_LJNFLUMT_0_102,88643428_SXKPVCFE_LJNFLUMT_0,OHHBLBWJVWXP,88643428_SXKPVCFE_LJNFLUMT_0_102,88643428_SXKPVCFE_LJNFLUMT_0,UPZZNEIMWQHA,0
88643428_SXKPVCFE_LJNFLUMT_0_103,88643428_SXKPVCFE_LJNFLUMT_0,OHHBLBWJVWXP,88643428_SXKPVCFE_LJNFLUMT_0_103,88643428_SXKPVCFE_LJNFLUMT_0,UPZZNEIMWQHA,0
88643428_SXKPVCFE_LJNFLUMT_0_104,88643428_SXKPVCFE_LJNFLUMT_0,OHHBLBWJVWXP,88643428_SXKPVCFE_LJNFLUMT_0_104,88643428_SXKPVCFE_LJNFLUMT_0,UPZZNEIMWQHA,0
88643428_SXKPVCFE_LJNFLUMT_0_105,88643428_SXKPVCFE_LJNFLUMT_0,OHHBLBWJVWXP,88643428_SXKPVCFE_LJNFLUMT_0_105,88643428_SXKPVCFE_LJNFLUMT_0,UPZZNEIMWQHA,0
47049414_SXKPVCFE_LJNFLUMT_0_0,47049414_SXKPVCFE_LJNFLUMT_0,CUNKYAQTRNJJ,47049414_SXKPVCFE_LJNFLUMT_0_0,47049414_SXKPVCFE_LJNFLUMT_0,XIYHNSJREUDQ,1
47049414_SXKPVCFE_LJNFLUMT_0_1,47049414_SXKPVCFE_LJNFLUMT_0,CUNKYAQTRNJJ,47049414_SXKPVCFE_LJNFLUMT_0_1,47049414_SXKPVCFE_LJNFLUMT_0,XIYHNSJREUDQ,1
47049414_SXKPVCFE_LJNFLUMT_0_2,47049414_SXKPVCFE_LJNFLUMT_0,CUNKYAQTRNJJ,47049414_SXKPVCFE_LJNFLUMT_0_2,47049414_SXKPVCFE_LJNFLUMT_0,XIYHNSJREUDQ,1
47049414_SXKPVCFE_LJNFLUMT_0_3,47049414_SXKPVCFE_LJNFLUMT_0,CUNKYAQTRNJJ,47049414_SXKPVCFE_LJNFLUMT_0_3,47049414_SXKPVCFE_LJNFLUMT_0,XIYHNSJREUDQ,1
47049414_SXKPVCFE_LJNFLUMT_0_4,47049414_SXKPVCFE_LJNFLUMT_0,CUNKYAQTRNJJ,47049414_SXKPVCFE_LJNFLUMT_0_4,47049414_SXKPVCFE_LJNFLUMT_0,XIYHNSJREUDQ,1
47049414_SXKPVCFE_LJNFLUMT_0_5,47049414_SXKPVCFE_LJNFLUMT_0,CUNKYAQTRNJJ,47049414_SXKPVCFE_LJNFLUMT_0_5,47049414_SXKPVCFE_LJNFLUMT_0,XIYHNSJREUDQ,1
47049414_SXKPVCFE_LJNFLUMT_0_6,47049414_SXKPVCFE_LJNFLUMT_0,CUNKYAQTRNJJ,47049414_SXKPVCFE_LJNFLUMT_0_6,47049414_SXKPVCFE_LJNFLUMT_0,XIYHNSJREUDQ,1
47049414_SXKPVCFE_LJNFLUMT_0_7,47049414_SXKPVCFE_LJNFLUMT_0,CUNKYAQTRNJJ,47049414_SXKPVCFE_LJNFLUMT_0_7,47049414_SXKPVCFE_LJNFLUMT_0,XIYHNSJREUDQ,1
47049414_SXKPVCFE_LJNFLUMT_0_8,47049414_SXKPVCFE_LJNFLUMT_0,CUNKYAQTRNJJ,47049414_SXKPVCFE_LJNFLUMT_0_8,47049414_SXKPVCFE_LJNFLUMT_0,XIYHNSJREUDQ,1
47049414_SXKPVCFE_LJNFLUMT_0_9,47049414_SXKPVCFE_LJNFLUMT_0,CUNKYAQTRNJJ,47049414_SXKPVCFE_LJNFLUMT_0_9,47049414_SXKPVCFE_LJNFLUMT_0,XIYHNSJREUDQ,1
47049414_SXKPVCFE_LJNFLUMT_0_10,47049414_SXKPVCFE_LJNFLUMT_0,CUNKYAQTRNJJ,47049414_SXKPVCFE_LJNFLUMT_0_10,47049414_SXKPVCFE_LJNFLUMT_0,XIYHNSJREUDQ,1
47049414_SXKPVCFE_LJNFLUMT_0_11,47049414_SXKPVCFE_LJNFLUMT_0,CUNKYAQTRNJJ,47049414_SXKPVCFE_LJNFLUMT_0_11,47049414_SXKPVCFE_LJNFLUMT_0,XIYHNSJREUDQ,1
47049414_SXKPVCFE_LJNFLUMT_0_12,47049414_SXKPVCFE_LJNFLUMT_0,CUNKYAQTRNJJ,47049414_SXKPVCFE_LJNFLUMT_0_12,47049414_SXKPVCFE_LJNFLUMT_0,XIYHNSJREUDQ,1
47049414_SXKPVCFE_LJNFLUMT_0_13,47049414_SXKPVCFE_LJNFLUMT_0,CUNKYAQTRNJJ,47049414_SXKPVCFE_LJNFLUMT_0_13,47049414_SXKPVCFE_LJNFLUMT_0,XIYHNSJREUDQ,0
47049414_SXKPVCFE_LJNFLUMT_0_14,47049414_SXKPVCFE_LJNFLUMT_0,CUNKYAQTRNJJ,47049414_SXKPVCFE_LJNFLUMT_0_14,47049414_SXKPVCFE_LJNFLUMT_0,XIYHNSJREUDQ,1
47049414_SXKPVCFE_LJNFLUMT_0_15,47049414_SXKPVCFE_LJNFLUMT_0,CUNKYAQTRNJJ,47049414_SXKPVCFE_LJNFLUMT_0_15,47049414_SXKPVCFE_LJNFLUMT_0,XIYHNSJREUDQ,0
47049414_SXKPVCFE_LJNFLUMT_0_16,47049414_SXKPVCFE_LJNFLUMT_0,CUNKYAQTRNJJ,47049414_SXKPVCFE_LJNFLUMT_0_16,47049414_SXKPVCFE_LJNFLUMT_0,XIYHNSJREUDQ,1
47049414_SXKPVCFE_LJNFLUMT_0_17,47049414_SXKPVCFE_LJNFLUMT_0,CUNKYAQTRNJJ,47049414_SXKPVCFE_LJNFLUMT_0_17,47049414_SXKPVCFE_LJNFLUMT_0,XIYHNSJREUDQ,0
47049414_SXKPVCFE_LJNFLUMT_0_18,47049414_SXKPVCFE_LJNFLUMT_0,CUNKYAQTRNJJ,47049414_SXKPVCFE_LJNFLUMT_0_18,47049414_SXKPVCFE_LJNFLUMT_0,XIYHNSJREUDQ,1
47049414_SXKPVCFE_LJNFLUMT_0_19,47049414_SXKPVCFE_LJNFLUMT_0,CUNKYAQTRNJJ,47049414_SXKPVCFE_LJNFLUMT_0_19,47049414_SXKPVCFE_LJNFLUMT_0,XIYHNSJREUDQ,1
47049414_SXKPVCFE_LJNFLUMT_0_20,47049414_SXKPVCFE_LJNFLUMT_0,CUNKYAQTRNJJ,47049414_SXKPVCFE_LJNFLUMT_0_20,47049414_SXKPVCFE_LJNFLUMT_0,XIYHNSJREUDQ,0
47049414_SXKPVCFE_LJNFLUMT_0_21,47049414_SXKPVCFE_LJNFLUMT_0,CUNKYAQTRNJJ,47049414_SXKPVCFE_LJNFLUMT_0_21,47049414_SXKPVCFE_LJNFLUMT_0,XIYHNSJREUDQ,0
47049414_SXKPVCFE_LJNFLUMT_0_22,47049414_SXKPVCFE_LJNFLUMT_0,CUNKYAQTRNJJ,47049414_SXKPVCFE_LJNFLUMT_0_22,47049414_SXKPVCFE_LJNFLUMT_0,XIYHNSJREUDQ,0
47049414_SXKPVCFE_LJNFLUMT_0_23,47049414_SXKPVCFE_LJNFLUMT_0,CUNKYAQTRNJJ,47049414_SXKPVCFE_LJNFLUMT_0_23,47049414_SXKPVCFE_LJNFLUMT_0,XIYHNSJREUDQ,0
47049414_SXKPVCFE_LJNFLUMT_0_24,47049414_SXKPVCFE_LJNFLUMT_0,CUNKYAQTRNJJ,47049414_SXKPVCFE_LJNFLUMT_0_24,47049414_SXKPVCFE_LJNFLUMT_0,XIYHNSJREUDQ,0
47049414_SXKPVCFE_LJNFLUMT_0_25,47049414_SXKPVCFE_LJNFLUMT_0,CUNKYAQTRNJJ,47049414_SXKPVCFE_LJNFLUMT_0_25,47049414_SXKPVCFE_LJNFLUMT_0,XIYHNSJREUDQ,1
47049414_SXKPVCFE_LJNFLUMT_0_26,47049414_SXKPVCFE_LJNFLUMT_0,CUNKYAQTRNJJ,47049414_SXKPVCFE_LJNFLUMT_0_26,47049414_SXKPVCFE_LJNFLUMT_0,XIYHNSJREUDQ,1
47049414_SXKPVCFE_LJNFLUMT_0_27,47049414_SXKPVCFE_LJNFLUMT_0,CUNKYAQTRNJJ,47049414_SXKPVCFE_LJNFLUMT_0_27,47049414_SXKPVCFE_LJNFLUMT_0,XIYHNSJREUDQ,0
47049414_SXKPVCFE_LJNFLUMT_0_28,47049414_SXKPVCFE_LJNFLUMT_0,CUNKYAQTRNJJ,47049414_SXKPVCFE_LJNFLUMT_0_28,47049414_SXKPVCFE_LJNFLUMT_0,XIYHNSJREUDQ,0
47049414_SXKPVCFE_LJNFLUMT_0_29,47049414_SXKPVCFE_LJNFLUMT_0,CUNKYAQTRNJJ,47049414_SXKPVCFE_LJNFLUMT_0_29,47049414_SXKPVCFE_LJNFLUMT_0,XIYHNSJREUDQ,0
47049414_SXKPVCFE_LJNFLUMT_0_30,47049414_SXKPVCFE_LJNFLUMT_0,CUNKYAQTRNJJ,47049414_SXKPVCFE_LJNFLUMT_0_30,47049414_SXKPVCFE_LJNFLUMT_0,XIYHNSJREUDQ,1
47049414_SXKPVCFE_LJNFLUMT_0_31,47049414_SXKPVCFE_LJNFLUMT_0,CUNKYAQTRNJJ,47049414_SXKPVCFE_LJNFLUMT_0_31,47049414_SXKPVCFE_LJNFLUMT_0,XIYHNSJREUDQ,1
47049414_SXKPVCFE_LJNFLUMT_0_32,47049414_SXKPVCFE_LJNFLUMT_0,CUNKYAQTRNJJ,47049414_SXKPVCFE_LJNFLUMT_0_32,47049414_SXKPVCFE_LJNFLUMT_0,XIYHNSJREUDQ,1
47049414_SXKPVCFE_LJNFLUMT_0_33,47049414_SXKPVCFE_LJNFLUMT_0,CUNKYAQTRNJJ,47049414_SXKPVCFE_LJNFLUMT_0_33,47049414_SXKPVCFE_LJNFLUMT_0,XIYHNSJREUDQ,0
47049414_SXKPVCFE_LJNFLUMT_0_34,47049414_SXKPVCFE_LJNFLUMT_0,CUNKYAQTRNJJ,47049414_SXKPVCFE_LJNFLUMT_0_34,47049414_SXKPVCFE_LJNFLUMT_0,XIYHNSJREUDQ,1
47049414_SXKPVCFE_LJNFLUMT_0_35,47049414_SXKPVCFE_LJNFLUMT_0,CUNKYAQTRNJJ,47049414_SXKPVCFE_LJNFLUMT_0_35,47049414_SXKPVCFE_LJNFLUMT_0,XIYHNSJREUDQ,1
47049414_SXKPVCFE_LJNFLUMT_0_36,47049414_SXKPVCFE_LJNFLUMT_0,CUNKYAQTRNJJ,47049414_SXKPVCFE_LJNFLUMT_0_36,47049414_SXKPVCFE_LJNFLUMT_0,XIYHNSJREUDQ,1
47049414_SXKPVCFE_LJNFLUMT_0_37,47049414_SXKPVCFE_LJNFLUMT_0,CUNKYAQTRNJJ,47049414_SXKPVCFE_LJNFLUMT_0_37,47049414_SXKPVCFE_LJNFLUMT_0,XIYHNSJREUDQ,1
47049414_SXKPVCFE_LJNFLUMT_0_38,47049414_SXKPVCFE_LJNFLUMT_0,CUNKYAQTRNJJ,47049414_SXKPVCFE_LJNFLUMT_0_38,47049414_SXKPVCFE_LJNFLUMT_0,XIYHNSJREUDQ,1
47049414_SXKPVCFE_LJNFLUMT_0_39,47049414_SXKPVCFE_LJNFLUMT_0,CUNKYAQTRNJJ,47049414_SXKPVCFE_LJNFLUMT_0_39,47049414_SXKPVCFE_LJNFLUMT_0,XIYHNSJREUDQ,1
47049414_SXKPVCFE_LJNFLUMT_0_40,47049414_SXKPVCFE_LJNFLUMT_0,CUNKYAQTRNJJ,47049414_SXKPVCFE_LJNFLUMT_0_40,47049414_SXKPVCFE_LJNFLUMT_0,XIYHNSJREUDQ,1
47049414_SXKPVCFE_LJNFLUMT_0_41,47049414_SXKPVCFE_LJNFLUMT_0,CUNKYAQTRNJJ,47049414_SXKPVCFE_LJNFLUMT_0_41,47049414_SXKPVCFE_LJNFLUMT_0,XIYHNSJREUDQ,1
47049414_SXKPVCFE_LJNFLUMT_0_42,47049414_SXKPVCFE_LJNFLUMT_0,CUNKYAQTRNJJ,47049414_SXKPVCFE_LJNFLUMT_0_42,47049414_SXKPVCFE_LJNFLUMT_0,XIYHNSJREUDQ,1
47049414_SXKPVCFE_LJNFLUMT_0_43,47049414_SXKPVCFE_LJNFLUMT_0,CUNKYAQTRNJJ,47049414_SXKPVCFE_LJNFLUMT_0_43,47049414_SXKPVCFE_LJNFLUMT_0,XIYHNSJREUDQ,1
47049414_SXKPVCFE_LJNFLUMT_0_44,47049414_SXKPVCFE_LJNFLUMT_0,CUNKYAQTRNJJ,47049414_SXKPVCFE_LJNFLUMT_0_44,47049414_SXKPVCFE_LJNFLUMT_0,XIYHNSJREUDQ,1
47049414_SXKPVCFE_LJNFLUMT_0_45,47049414_SXKPVCFE_LJNFLUMT_0,CUNKYAQTRNJJ,47049414_SXKPVCFE_LJNFLUMT_0_45,47049414_SXKPVCFE_LJNFLUMT_0,XIYHNSJREUDQ,0
47049414_SXKPVCFE_LJNFLUMT_0_46,47049414_SXKPVCFE_LJNFLUMT_0,CUNKYAQTRNJJ,47049414_SXKPVCFE_LJNFLUMT_0_46,47049414_SXKPVCFE_LJNFLUMT_0,XIYHNSJREUDQ,1
47049414_SXKPVCFE_LJNFLUMT_0_47,47049414_SXKPVCFE_LJNFLUMT_0,CUNKYAQTRNJJ,47049414_SXKPVCFE_LJNFLUMT_0_47,47049414_SXKPVCFE_LJNFLUMT_0,XIYHNSJREUDQ,0
47049414_SXKPVCFE_LJNFLUMT_0_48,47049414_SXKPVCFE_LJNFLUMT_0,CUNKYAQTRNJJ,47049414_SXKPVCFE_LJNFLUMT_0_48,47049414_SXKPVCFE_LJNFLUMT_0,XIYHNSJREUDQ,0
47049414_SXKPVCFE_LJNFLUMT_0_49,47049414_SXKPVCFE_LJNFLUMT_0,CUNKYAQTRNJJ,47049414_SXKPVCFE_LJNFLUMT_0_49,47049414_SXKPVCFE_LJNFLUMT_0,XIYHNSJREUDQ,0
47049414_SXKPVCFE_LJNFLUMT_0_50,47049414_SXKPVCFE_LJNFLUMT_0,CUNKYAQTRNJJ,47049414_SXKPVCFE_LJNFLUMT_0_50,47049414_SXKPVCFE_LJNFLUMT_0,XIYHNSJREUDQ,0
47049414_SXKPVCFE_LJNFLUMT_0_51,47049414_SXKPVCFE_LJNFLUMT_0,CUNKYAQTRNJJ,47049414_SXKPVCFE_LJNFLUMT_0_51,47049414_SXKPVCFE_LJNFLUMT_0,XIYHNSJREUDQ,0
47049414_SXKPVCFE_LJNFLUMT_0_52,47049414_SXKPVCFE_LJNFLUMT_0,CUNKYAQTRNJJ,47049414_SXKPVCFE_LJNFLUMT_0_52,47049414_SXKPVCFE_LJNFLUMT_0,XIYHNSJREUDQ,0
47049414_SXKPVCFE_LJNFLUMT_0_53,47049414_SXKPVCFE_LJNFLUMT_0,CUNKYAQTRNJJ,47049414_SXKPVCFE_LJNFLUMT_0_53,47049414_SXKPVCFE_LJNFLUMT_0,XIYHNSJREUDQ,0
47049414_SXKPVCFE_LJNFLUMT_0_54,47049414_SXKPVCFE_LJNFLUMT_0,CUNKYAQTRNJJ,47049414_SXKPVCFE_LJNFLUMT_0_54,47049414_SXKPVCFE_LJNFLUMT_0,XIYHNSJREUDQ,0
47049414_SXKPVCFE_LJNFLUMT_0_55,47049414_SXKPVCFE_LJNFLUMT_0,CUNKYAQTRNJJ,47049414_SXKPVCFE_LJNFLUMT_0_55,47049414_SXKPVCFE_LJNFLUMT_0,XIYHNSJREUDQ,0
47049414_SXKPVCFE_LJNFLUMT_0_56,47049414_SXKPVCFE_LJNFLUMT_0,CUNKYAQTRNJJ,47049414_SXKPVCFE_LJNFLUMT_0_56,47049414_SXKPVCFE_LJNFLUMT_0,XIYHNSJREUDQ,1
47049414_SXKPVCFE_LJNFLUMT_0_57,47049414_SXKPVCFE_LJNFLUMT_0,CUNKYAQTRNJJ,47049414_SXKPVCFE_LJNFLUMT_0_57,47049414_SXKPVCFE_LJNFLUMT_0,XIYHNSJREUDQ,0
47049414_SXKPVCFE_LJNFLUMT_0_58,47049414_SXKPVCFE_LJNFLUMT_0,CUNKYAQTRNJJ,47049414_SXKPVCFE_LJNFLUMT_0_58,47049414_SXKPVCFE_LJNFLUMT_0,XIYHNSJREUDQ,0
47049414_SXKPVCFE_LJNFLUMT_0_59,47049414_SXKPVCFE_LJNFLUMT_0,CUNKYAQTRNJJ,47049414_SXKPVCFE_LJNFLUMT_0_59,47049414_SXKPVCFE_LJNFLUMT_0,XIYHNSJREUDQ,1
47049414_SXKPVCFE_LJNFLUMT_0_60,47049414_SXKPVCFE_LJNFLUMT_0,CUNKYAQTRNJJ,47049414_SXKPVCFE_LJNFLUMT_0_60,47049414_SXKPVCFE_LJNFLUMT_0,XIYHNSJREUDQ,1
47049414_SXKPVCFE_LJNFLUMT_0_61,47049414_SXKPVCFE_LJNFLUMT_0,CUNKYAQTRNJJ,47049414_SXKPVCFE_LJNFLUMT_0_61,47049414_SXKPVCFE_LJNFLUMT_0,XIYHNSJREUDQ,1
47049414_SXKPVCFE_LJNFLUMT_0_62,47049414_SXKPVCFE_LJNFLUMT_0,CUNKYAQTRNJJ,47049414_SXKPVCFE_LJNFLUMT_0_62,47049414_SXKPVCFE_LJNFLUMT_0,XIYHNSJREUDQ,0
47049414_SXKPVCFE_LJNFLUMT_0_63,47049414_SXKPVCFE_LJNFLUMT_0,CUNKYAQTRNJJ,47049414_SXKPVCFE_LJNFLUMT_0_63,47049414_SXKPVCFE_LJNFLUMT_0,XIYHNSJREUDQ,1
47049414_SXKPVCFE_LJNFLUMT_0_64,47049414_SXKPVCFE_LJNFLUMT_0,CUNKYAQTRNJJ,47049414_SXKPVCFE_LJNFLUMT_0_64,47049414_SXKPVCFE_LJNFLUMT_0,XIYHNSJREUDQ,1
47049414_SXKPVCFE_LJNFLUMT_0_65,47049414_SXKPVCFE_LJNFLUMT_0,CUNKYAQTRNJJ,47049414_SXKPVCFE_LJNFLUMT_0_65,47049414_SXKPVCFE_LJNFLUMT_0,XIYHNSJREUDQ,1
47049414_SXKPVCFE_LJNFLUMT_0_66,47049414_SXKPVCFE_LJNFLUMT_0,CUNKYAQTRNJJ,47049414_SXKPVCFE_LJNFLUMT_0_66,47049414_SXKPVCFE_LJNFLUMT_0,XIYHNSJREUDQ,1
47049414_SXKPVCFE_LJNFLUMT_0_67,47049414_SXKPVCFE_LJNFLUMT_0,CUNKYAQTRNJJ,47049414_SXKPVCFE_LJNFLUMT_0_67,47049414_SXKPVCFE_LJNFLUMT_0,XIYHNSJREUDQ,1
47049414_SXKPVCFE_LJNFLUMT_0_68,47049414_SXKPVCFE_LJNFLUMT_0,CUNKYAQTRNJJ,47049414_SXKPVCFE_LJNFLUMT_0_68,47049414_SXKPVCFE_LJNFLUMT_0,XIYHNSJREUDQ,1
47049414_SXKPVCFE_LJNFLUMT_0_69,47049414_SXKPVCFE_LJNFLUMT_0,CUNKYAQTRNJJ,47049414_SXKPVCFE_LJNFLUMT_0_69,47049414_SXKPVCFE_LJNFLUMT_0,XIYHNSJREUDQ,0
47049414_SXKPVCFE_LJNFLUMT_0_70,47049414_SXKPVCFE_LJNFLUMT_0,CUNKYAQTRNJJ,47049414_SXKPVCFE_LJNFLUMT_0_70,47049414_SXKPVCFE_LJNFLUMT_0,XIYHNSJREUDQ,0
47049414_SXKPVCFE_LJNFLUMT_0_71,47049414_SXKPVCFE_LJNFLUMT_0,CUNKYAQTRNJJ,47049414_SXKPVCFE_LJNFLUMT_0_71,47049414_SXKPVCFE_LJNFLUMT_0,XIYHNSJREUDQ,1
47049414_SXKPVCFE_LJNFLUMT_0_72,47049414_SXKPVCFE_LJNFLUMT_0,CUNKYAQTRNJJ,47049414_SXKPVCFE_LJNFLUMT_0_72,47049414_SXKPVCFE_LJNFLUMT_0,XIYHNSJREUDQ,0
47049414_SXKPVCFE_LJNFLUMT_0_73,47049414_SXKPVCFE_LJNFLUMT_0,CUNKYAQTRNJJ,47049414_SXKPVCFE_LJNFLUMT_0_73,47049414_SXKPVCFE_LJNFLUMT_0,XIYHNSJREUDQ,0
47049414_SXKPVCFE_LJNFLUMT_0_74,47049414_SXKPVCFE_LJNFLUMT_0,CUNKYAQTRNJJ,47049414_SXKPVCFE_LJNFLUMT_0_74,47049414_SXKPVCFE_LJNFLUMT_0,XIYHNSJREUDQ,0
47049414_SXKPVCFE_LJNFLUMT_0_75,47049414_SXKPVCFE_LJNFLUMT_0,CUNKYAQTRNJJ,47049414_SXKPVCFE_LJNFLUMT_0_75,47049414_SXKPVCFE_LJNFLUMT_0,XIYHNSJREUDQ,0
47049414_SXKPVCFE_LJNFLUMT_0_76,47049414_SXKPVCFE_LJNFLUMT_0,CUNKYAQTRNJJ,47049414_SXKPVCFE_LJNFLUMT_0_76,47049414_SXKPVCFE_LJNFLUMT_0,XIYHNSJREUDQ,0
47049414_SXKPVCFE_LJNFLUMT_0_77,47049414_SXKPVCFE_LJNFLUMT_0,CUNKYAQTRNJJ,47049414_SXKPVCFE_LJNFLUMT_0_77,47049414_SXKPVCFE_LJNFLUMT_0,XIYHNSJREUDQ,0
47049414_SXKPVCFE_LJNFLUMT_0_78,47049414_SXKPVCFE_LJNFLUMT_0,CUNKYAQTRNJJ,47049414_SXKPVCFE_LJNFLUMT_0_78,47049414_SXKPVCFE_LJNFLUMT_0,XIYHNSJREUDQ,0
47049414_SXKPVCFE_LJNFLUMT_0_79,47049414_SXKPVCFE_LJNFLUMT_0,CUNKYAQTRNJJ,47049414_SXKPVCFE_LJNFLUMT_0_79,47049414_SXKPVCFE_LJNFLUMT_0,XIYHNSJREUDQ,0
47049414_SXKPVCFE_LJNFLUMT_0_80,47049414_SXKPVCFE_LJNFLUMT_0,CUNKYAQTRNJJ,47049414_SXKPVCFE_LJNFLUMT_0_80,47049414_SXKPVCFE_LJNFLUMT_0,XIYHNSJREUDQ,0
47049414_SXKPVCFE_LJNFLUMT_0_81,47049414_SXKPVCFE_LJNFLUMT_0,CUNKYAQTRNJJ,47049414_SXKPVCFE_LJNFLUMT_0_81,47049414_SXKPVCFE_LJNFLUMT_0,XIYHNSJREUDQ,0
47049414_SXKPVCFE_LJNFLUMT_0_82,47049414_SXKPVCFE_LJNFLUMT_0,CUNKYAQTRNJJ,47049414_SXKPVCFE_LJNFLUMT_0_82,47049414_SXKPVCFE_LJNFLUMT_0,XIYHNSJREUDQ,0
47049414_SXKPVCFE_LJNFLUMT_0_83,47049414_SXKPVCFE_LJNFLUMT_0,CUNKYAQTRNJJ,47049414_SXKPVCFE_LJNFLUMT_0_83,47049414_SXKPVCFE_LJNFLUMT_0,XIYHNSJREUDQ,1
47049414_SXKPVCFE_LJNFLUMT_0_84,47049414_SXKPVCFE_LJNFLUMT_0,CUNKYAQTRNJJ,47049414_SXKPVCFE_LJNFLUMT_0_84,47049414_SXKPVCFE_LJNFLUMT_0,XIYHNSJREUDQ,1
47049414_SXKPVCFE_LJNFLUMT_0_85,47049414_SXKPVCFE_LJNFLUMT_0,CUNKYAQTRNJJ,47049414_SXKPVCFE_LJNFLUMT_0_85,47049414_SXKPVCFE_LJNFLUMT_0,XIYHNSJREUDQ,0
47049414_SXKPVCFE_LJNFLUMT_0_86,47049414_SXKPVCFE_LJNFLUMT_0,CUNKYAQTRNJJ,47049414_SXKPVCFE_LJNFLUMT_0_86,47049414_SXKPVCFE_LJNFLUMT_0,XIYHNSJREUDQ,0
47049414_SXKPVCFE_LJNFLUMT_0_87,47049414_SXKPVCFE_LJNFLUMT_0,CUNKYAQTRNJJ,47049414_SXKPVCFE_LJNFLUMT_0_87,47049414_SXKPVCFE_LJNFLUMT_0,XIYHNSJREUDQ,0
47049414_SXKPVCFE_LJNFLUMT_0_88,47049414_SXKPVCFE_LJNFLUMT_0,CUNKYAQTRNJJ,47049414_SXKPVCFE_LJNFLUMT_0_88,47049414_SXKPVCFE_LJNFLUMT_0,XIYHNSJREUDQ,0
47049414_SXKPVCFE_LJNFLUMT_0_89,47049414_SXKPVCFE_LJNFLUMT_0,CUNKYAQTRNJJ,47049414_SXKPVCFE_LJNFLUMT_0_89,47049414_SXKPVCFE_LJNFLUMT_0,XIYHNSJREUDQ,0
47049414_SXKPVCFE_LJNFLUMT_0_90,47049414_SXKPVCFE_LJNFLUMT_0,CUNKYAQTRNJJ,47049414_SXKPVCFE_LJNFLUMT_0_90,47049414_SXKPVCFE_LJNFLUMT_0,XIYHNSJREUDQ,1
47049414_SXKPVCFE_LJNFLUMT_0_91,47049414_SXKPVCFE_LJNFLUMT_0,CUNKYAQTRNJJ,47049414_SXKPVCFE_LJNFLUMT_0_91,47049414_SXKPVCFE_LJNFLUMT_0,XIYHNSJREUDQ,0
47049414_SXKPVCFE_LJNFLUMT_0_92,47049414_SXKPVCFE_LJNFLUMT_0,CUNKYAQTRNJJ,47049414_SXKPVCFE_LJNFLUMT_0_92,47049414_SXKPVCFE_LJNFLUMT_0,XIYHNSJREUDQ,0
47049414_LJNFLUMT_SWIOJTSM_0_0,47049414_LJNFLUMT_SWIOJTSM_0,CUNKYAQTRNJJ,47049414_LJNFLUMT_SWIOJTSM_0_0,47049414_LJNFLUMT_SWIOJTSM_0,XIYHNSJREUDQ,0
47049414_LJNFLUMT_SWIOJTSM_0_1,47049414_LJNFLUMT_SWIOJTSM_0,CUNKYAQTRNJJ,47049414_LJNFLUMT_SWIOJTSM_0_1,47049414_LJNFLUMT_SWIOJTSM_0,XIYHNSJREUDQ,1
47049414_LJNFLUMT_SWIOJTSM_0_2,47049414_LJNFLUMT_SWIOJTSM_0,CUNKYAQTRNJJ,47049414_LJNFLUMT_SWIOJTSM_0_2,47049414_LJNFLUMT_SWIOJTSM_0,XIYHNSJREUDQ,1
47049414_LJNFLUMT_SWIOJTSM_0_3,47049414_LJNFLUMT_SWIOJTSM_0,CUNKYAQTRNJJ,47049414_LJNFLUMT_SWIOJTSM_0_3,47049414_LJNFLUMT_SWIOJTSM_0,XIYHNSJREUDQ,1
47049414_LJNFLUMT_SWIOJTSM_0_4,47049414_LJNFLUMT_SWIOJTSM_0,CUNKYAQTRNJJ,47049414_LJNFLUMT_SWIOJTSM_0_4,47049414_LJNFLUMT_SWIOJTSM_0,XIYHNSJREUDQ,1
47049414_LJNFLUMT_SWIOJTSM_0_5,47049414_LJNFLUMT_SWIOJTSM_0,CUNKYAQTRNJJ,47049414_LJNFLUMT_SWIOJTSM_0_5,47049414_LJNFLUMT_SWIOJTSM_0,XIYHNSJREUDQ,1
47049414_LJNFLUMT_SWIOJTSM_0_6,47049414_LJNFLUMT_SWIOJTSM_0,CUNKYAQTRNJJ,47049414_LJNFLUMT_SWIOJTSM_0_6,47049414_LJNFLUMT_SWIOJTSM_0,XIYHNSJREUDQ,1
47049414_LJNFLUMT_SWIOJTSM_0_7,47049414_LJNFLUMT_SWIOJTSM_0,CUNKYAQTRNJJ,47049414_LJNFLUMT_SWIOJTSM_0_7,47049414_LJNFLUMT_SWIOJTSM_0,XIYHNSJREUDQ,0
47049414_LJNFLUMT_SWIOJTSM_0_8,47049414_LJNFLUMT_SWIOJTSM_0,CUNKYAQTRNJJ,47049414_LJNFLUMT_SWIOJTSM_0_8,47049414_LJNFLUMT_SWIOJTSM_0,XIYHNSJREUDQ,0
47049414_LJNFLUMT_SWIOJTSM_0_9,47049414_LJNFLUMT_SWIOJTSM_0,CUNKYAQTRNJJ,47049414_LJNFLUMT_SWIOJTSM_0_9,47049414_LJNFLUMT_SWIOJTSM_0,XIYHNSJREUDQ,1
47049414_LJNFLUMT_SWIOJTSM_0_10,47049414_LJNFLUMT_SWIOJTSM_0,CUNKYAQTRNJJ,47049414_LJNFLUMT_SWIOJTSM_0_10,47049414_LJNFLUMT_SWIOJTSM_0,XIYHNSJREUDQ,1
47049414_LJNFLUMT_SWIOJTSM_0_11,47049414_LJNFLUMT_SWIOJTSM_0,CUNKYAQTRNJJ,47049414_LJNFLUMT_SWIOJTSM_0_11,47049414_LJNFLUMT_SWIOJTSM_0,XIYHNSJREUDQ,0
47049414_LJNFLUMT_SWIOJTSM_0_12,47049414_LJNFLUMT_SWIOJTSM_0,CUNKYAQTRNJJ,47049414_LJNFLUMT_SWIOJTSM_0_12,47049414_LJNFLUMT_SWIOJTSM_0,XIYHNSJREUDQ,0
47049414_LJNFLUMT_SWIOJTSM_0_13,47049414_LJNFLUMT_SWIOJTSM_0,CUNKYAQTRNJJ,47049414_LJNFLUMT_SWIOJTSM_0_13,47049414_LJNFLUMT_SWIOJTSM_0,XIYHNSJREUDQ,0
47049414_LJNFLUMT_SWIOJTSM_0_14,47049414_LJNFLUMT_SWIOJTSM_0,CUNKYAQTRNJJ,47049414_LJNFLUMT_SWIOJTSM_0_14,47049414_LJNFLUMT_SWIOJTSM_0,XIYHNSJREUDQ,1
47049414_LJNFLUMT_SWIOJTSM_0_15,47049414_LJNFLUMT_SWIOJTSM_0,CUNKYAQTRNJJ,47049414_LJNFLUMT_SWIOJTSM_0_15,47049414_LJNFLUMT_SWIOJTSM_0,XIYHNSJREUDQ,1
47049414_LJNFLUMT_SWIOJTSM_0_16,47049414_LJNFLUMT_SWIOJTSM_0,CUNKYAQTRNJJ,47049414_LJNFLUMT_SWIOJTSM_0_16,47049414_LJNFLUMT_SWIOJTSM_0,XIYHNSJREUDQ,0
47049414_LJNFLUMT_SWIOJTSM_0_17,47049414_LJNFLUMT_SWIOJTSM_0,CUNKYAQTRNJJ,47049414_LJNFLUMT_SWIOJTSM_0_17,47049414_LJNFLUMT_SWIOJTSM_0,XIYHNSJREUDQ,1
47049414_LJNFLUMT_SWIOJTSM_0_18,47049414_LJNFLUMT_SWIOJTSM_0,CUNKYAQTRNJJ,47049414_LJNFLUMT_SWIOJTSM_0_18,47049414_LJNFLUMT_SWIOJTSM_0,XIYHNSJREUDQ,1
47049414_LJNFLUMT_SWIOJTSM_0_19,47049414_LJNFLUMT_SWIOJTSM_0,CUNKYAQTRNJJ,47049414_LJNFLUMT_SWIOJTSM_0_19,47049414_LJNFLUMT_SWIOJTSM_0,XIYHNSJREUDQ,1
47049414_LJNFLUMT_SWIOJTSM_0_20,47049414_LJNFLUMT_SWIOJTSM_0,CUNKYAQTRNJJ,47049414_LJNFLUMT_SWIOJTSM_0_20,47049414_LJNFLUMT_SWIOJTSM_0,XIYHNSJREUDQ,1
47049414_LJNFLUMT_SWIOJTSM_0_21,47049414_LJNFLUMT_SWIOJTSM_0,CUNKYAQTRNJJ,47049414_LJNFLUMT_SWIOJTSM_0_21,47049414_LJNFLUMT_SWIOJTSM_0,XIYHNSJREUDQ,1
47049414_LJNFLUMT_SWIOJTSM_0_22,47049414_LJNFLUMT_SWIOJTSM_0,CUNKYAQTRNJJ,47049414_LJNFLUMT_SWIOJTSM_0_22,47049414_LJNFLUMT_SWIOJTSM_0,XIYHNSJREUDQ,1
47049414_LJNFLUMT_SWIOJTSM_0_23,47049414_LJNFLUMT_SWIOJTSM_0,CUNKYAQTRNJJ,47049414_LJNFLUMT_SWIOJTSM_0_23,47049414_LJNFLUMT_SWIOJTSM_0,XIYHNSJREUDQ,0
47049414_LJNFLUMT_SWIOJTSM_0_24,47049414_LJNFLUMT_SWIOJTSM_0,CUNKYAQTRNJJ,47049414_LJNFLUMT_SWIOJTSM_0_24,47049414_LJNFLUMT_SWIOJTSM_0,XIYHNSJREUDQ,0
47049414_LJNFLUMT_SWIOJTSM_0_25,47049414_LJNFLUMT_SWIOJTSM_0,CUNKYAQTRNJJ,47049414_LJNFLUMT_SWIOJTSM_0_25,47049414_LJNFLUMT_SWIOJTSM_0,XIYHNSJREUDQ,0
47049414_LJNFLUMT_SWIOJTSM_0_26,47049414_LJNFLUMT_SWIOJTSM_0,CUNKYAQTRNJJ,47049414_LJNFLUMT_SWIOJTSM_0_26,47049414_LJNFLUMT_SWIOJTSM_0,XIYHNSJREUDQ,0
47049414_LJNFLUMT_SWIOJTSM_0_27,47049414_LJNFLUMT_SWIOJTSM_0,CUNKYAQTRNJJ,47049414_LJNFLUMT_SWIOJTSM_0_27,47049414_LJNFLUMT_SWIOJTSM_0,XIYHNSJREUDQ,0
47049414_LJNFLUMT_SWIOJTSM_0_28,47049414_LJNFLUMT_SWIOJTSM_0,CUNKYAQTRNJJ,47049414_LJNFLUMT_SWIOJTSM_0_28,47049414_LJNFLUMT_SWIOJTSM_0,XIYHNSJREUDQ,1
47049414_LJNFLUMT_SWIOJTSM_0_29,47049414_LJNFLUMT_SWIOJTSM_0,CUNKYAQTRNJJ,47049414_LJNFLUMT_SWIOJTSM_0_29,47049414_LJNFLUMT_SWIOJTSM_0,XIYHNSJREUDQ,0
47049414_LJNFLUMT_SWIOJTSM_0_30,47049414_LJNFLUMT_SWIOJTSM_0,CUNKYAQTRNJJ,47049414_LJNFLUMT_SWIOJTSM_0_30,47049414_LJNFLUMT_SWIOJTSM_0,XIYHNSJREUDQ,0
47049414_LJNFLUMT_SWIOJTSM_0_31,47049414_LJNFLUMT_SWIOJTSM_0,CUNKYAQTRNJJ,47049414_LJNFLUMT_SWIOJTSM_0_31,47049414_LJNFLUMT_SWIOJTSM_0,XIYHNSJREUDQ,1
47049414_LJNFLUMT_SWIOJTSM_0_32,47049414_LJNFLUMT_SWIOJTSM_0,CUNKYAQTRNJJ,47049414_LJNFLUMT_SWIOJTSM_0_32,47049414_LJNFLUMT_SWIOJTSM_0,XIYHNSJREUDQ,1
47049414_LJNFLUMT_SWIOJTSM_0_33,47049414_LJNFLUMT_SWIOJTSM_0,CUNKYAQTRNJJ,47049414_LJNFLUMT_SWIOJTSM_0_33,47049414_LJNFLUMT_SWIOJTSM_0,XIYHNSJREUDQ,1
92492445_AEUFAHDD_QERHEQPZ_0_0,92492445_AEUFAHDD_QERHEQPZ_0,AKQLUHCGXNYI,92492445_AEUFAHDD_QERHEQPZ_0_0,92492445_AEUFAHDD_QERHEQPZ_0,HBDYGPXJWJPE,1
92492445_AEUFAHDD_QERHEQPZ_0_1,92492445_AEUFAHDD_QERHEQPZ_0,AKQLUHCGXNYI,92492445_AEUFAHDD_QERHEQPZ_0_1,92492445_AEUFAHDD_QERHEQPZ_0,HBDYGPXJWJPE,1
92492445_AEUFAHDD_QERHEQPZ_0_2,92492445_AEUFAHDD_QERHEQPZ_0,AKQLUHCGXNYI,92492445_AEUFAHDD_QERHEQPZ_0_2,92492445_AEUFAHDD_QERHEQPZ_0,HBDYGPXJWJPE,0
92492445_AEUFAHDD_QERHEQPZ_0_3,92492445_AEUFAHDD_QERHEQPZ_0,AKQLUHCGXNYI,92492445_AEUFAHDD_QERHEQPZ_0_3,92492445_AEUFAHDD_QERHEQPZ_0,HBDYGPXJWJPE,1
92492445_AEUFAHDD_QERHEQPZ_0_4,92492445_AEUFAHDD_QERHEQPZ_0,AKQLUHCGXNYI,92492445_AEUFAHDD_QERHEQPZ_0_4,92492445_AEUFAHDD_QERHEQPZ_0,HBDYGPXJWJPE,0
92492445_AEUFAHDD_QERHEQPZ_0_5,92492445_AEUFAHDD_QERHEQPZ_0,AKQLUHCGXNYI,92492445_AEUFAHDD_QERHEQPZ_0_5,92492445_AEUFAHDD_QERHEQPZ_0,HBDYGPXJWJPE,0
92492445_AEUFAHDD_QERHEQPZ_0_6,92492445_AEUFAHDD_QERHEQPZ_0,AKQLUHCGXNYI,92492445_AEUFAHDD_QERHEQPZ_0_6,92492445_AEUFAHDD_QERHEQPZ_0,HBDYGPXJWJPE,1
92492445_AEUFAHDD_QERHEQPZ_0_7,92492445_AEUFAHDD_QERHEQPZ_0,AKQLUHCGXNYI,92492445_AEUFAHDD_QERHEQPZ_0_7,92492445_AEUFAHDD_QERHEQPZ_0,HBDYGPXJWJPE,0
92492445_AEUFAHDD_QERHEQPZ_0_8,92492445_AEUFAHDD_QERHEQPZ_0,AKQLUHCGXNYI,92492445_AEUFAHDD_QERHEQPZ_0_8,92492445_AEUFAHDD_QERHEQPZ_0,HBDYGPXJWJPE,0
92492445_AEUFAHDD_QERHEQPZ_0_9,92492445_AEUFAHDD_QERHEQPZ_0,AKQLUHCGXNYI,92492445_AEUFAHDD_QERHEQPZ_0_9,92492445_AEUFAHDD_QERHEQPZ_0,HBDYGPXJWJPE,0
92492445_AEUFAHDD_QERHEQPZ_0_10,92492445_AEUFAHDD_QERHEQPZ_0,AKQLUHCGXNYI,92492445_AEUFAHDD_QERHEQPZ_0_10,92492445_AEUFAHDD_QERHEQPZ_0,HBDYGPXJWJPE,1
92492445_AEUFAHDD_QERHEQPZ_0_11,92492445_AEUFAHDD_QERHEQPZ_0,AKQLUHCGXNYI,92492445_AEUFAHDD_QERHEQPZ_0_11,92492445_AEUFAHDD_QERHEQPZ_0,HBDYGPXJWJPE,0
92492445_AEUFAHDD_QERHEQPZ_0_12,92492445_AEUFAHDD_QERHEQPZ_0,AKQLUHCGXNYI,92492445_AEUFAHDD_QERHEQPZ_0_12,92492445_AEUFAHDD_QERHEQPZ_0,HBDYGPXJWJPE,0
92492445_AEUFAHDD_QERHEQPZ_0_13,92492445_AEUFAHDD_QERHEQPZ_0,AKQLUHCGXNYI,92492445_AEUFAHDD_QERHEQPZ_0_13,92492445_AEUFAHDD_QERHEQPZ_0,HBDYGPXJWJPE,1
92492445_AEUFAHDD_QERHEQPZ_0_14,92492445_AEUFAHDD_QERHEQPZ_0,AKQLUHCGXNYI,92492445_AEUFAHDD_QERHEQPZ_0_14,92492445_AEUFAHDD_QERHEQPZ_0,HBDYGPXJWJPE,1
92492445_AEUFAHDD_QERHEQPZ_0_15,92492445_AEUFAHDD_QERHEQPZ_0,AKQLUHCGXNYI,92492445_AEUFAHDD_QERHEQPZ_0_15,92492445_AEUFAHDD_QERHEQPZ_0,HBDYGPXJWJPE,0
92492445_AEUFAHDD_QERHEQPZ_0_16,92492445_AEUFAHDD_QERHEQPZ_0,AKQLUHCGXNYI,92492445_AEUFAHDD_QERHEQPZ_0_16,92492445_AEUFAHDD_QERHEQPZ_0,HBDYGPXJWJPE,0
92492445_AEUFAHDD_QERHEQPZ_0_17,92492445_AEUFAHDD_QERHEQPZ_0,AKQLUHCGXNYI,92492445_AEUFAHDD_QERHEQPZ_0_17,92492445_AEUFAHDD_QERHEQPZ_0,HBDYGPXJWJPE,1
92492445_AEUFAHDD_QERHEQPZ_0_18,92492445_AEUFAHDD_QERHEQPZ_0,AKQLUHCGXNYI,92492445_AEUFAHDD_QERHEQPZ_0_18,92492445_AEUFAHDD_QERHEQPZ_0,HBDYGPXJWJPE,1
92492445_AEUFAHDD_QERHEQPZ_0_19,92492445_AEUFAHDD_QERHEQPZ_0,AKQLUHCGXNYI,92492445_AEUFAHDD_QERHEQPZ_0_19,92492445_AEUFAHDD_QERHEQPZ_0,HBDYGPXJWJPE,1
92492445_AEUFAHDD_QERHEQPZ_0_20,92492445_AEUFAHDD_QERHEQPZ_0,AKQLUHCGXNYI,92492445_AEUFAHDD_QERHEQPZ_0_20,92492445_AEUFAHDD_QERHEQPZ_0,HBDYGPXJWJPE,1
92492445_AEUFAHDD_QERHEQPZ_0_21,92492445_AEUFAHDD_QERHEQPZ_0,AKQLUHCGXNYI,92492445_AEUFAHDD_QERHEQPZ_0_21,92492445_AEUFAHDD_QERHEQPZ_0,HBDYGPXJWJPE,1
92492445_AEUFAHDD_QERHEQPZ_0_22,92492445_AEUFAHDD_QERHEQPZ_0,AKQLUHCGXNYI,92492445_AEUFAHDD_QERHEQPZ_0_22,92492445_AEUFAHDD_QERHEQPZ_0,HBDYGPXJWJPE,1
92492445_AEUFAHDD_QERHEQPZ_0_23,92492445_AEUFAHDD_QERHEQPZ_0,AKQLUHCGXNYI,92492445_AEUFAHDD_QERHEQPZ_0_23,92492445_AEUFAHDD_QERHEQPZ_0,HBDYGPXJWJPE,1
92492445_AEUFAHDD_QERHEQPZ_0_24,92492445_AEUFAHDD_QERHEQPZ_0,AKQLUHCGXNYI,92492445_AEUFAHDD_QERHEQPZ_0_24,92492445_AEUFAHDD_QERHEQPZ_0,HBDYGPXJWJPE,0
92492445_AEUFAHDD_QERHEQPZ_0_25,92492445_AEUFAHDD_QERHEQPZ_0,AKQLUHCGXNYI,92492445_AEUFAHDD_QERHEQPZ_0_25,92492445_AEUFAHDD_QERHEQPZ_0,HBDYGPXJWJPE,1
97170258_TLOSLTMS_SXKPVCFE_0_0,97170258_TLOSLTMS_SXKPVCFE_0,WNULLBBERPDP,97170258_TLOSLTMS_SXKPVCFE_0_0,97170258_TLOSLTMS_SXKPVCFE_0,CULCRXXRNHMP,0
97170258_TLOSLTMS_SXKPVCFE_0_1,97170258_TLOSLTMS_SXKPVCFE_0,WNULLBBERPDP,97170258_TLOSLTMS_SXKPVCFE_0_1,97170258_TLOSLTMS_SXKPVCFE_0,CULCRXXRNHMP,0
97170258_TLOSLTMS_SXKPVCFE_0_2,97170258_TLOSLTMS_SXKPVCFE_0,WNULLBBERPDP,97170258_TLOSLTMS_SXKPVCFE_0_2,97170258_TLOSLTMS_SXKPVCFE_0,CULCRXXRNHMP,0
97170258_TLOSLTMS_SXKPVCFE_0_3,97170258_TLOSLTMS_SXKPVCFE_0,WNULLBBERPDP,97170258_TLOSLTMS_SXKPVCFE_0_3,97170258_TLOSLTMS_SXKPVCFE_0,CULCRXXRNHMP,0
97170258_TLOSLTMS_SXKPVCFE_0_4,97170258_TLOSLTMS_SXKPVCFE_0,WNULLBBERPDP,97170258_TLOSLTMS_SXKPVCFE_0_4,97170258_TLOSLTMS_SXKPVCFE_0,CULCRXXRNHMP,0
97170258_TLOSLTMS_SXKPVCFE_0_5,97170258_TLOSLTMS_SXKPVCFE_0,WNULLBBERPDP,97170258_TLOSLTMS_SXKPVCFE_0_5,97170258_TLOSLTMS_SXKPVCFE_0,CULCRXXRNHMP,0
97170258_TLOSLTMS_SXKPVCFE_0_6,97170258_TLOSLTMS_SXKPVCFE_0,WNULLBBERPDP,97170258_TLOSLTMS_SXKPVCFE_0_6,97170258_TLOSLTMS_SXKPVCFE_0,CULCRXXRNHMP,0
97170258_TLOSLTMS_SXKPVCFE_0_7,97170258_TLOSLTMS_SXKPVCFE_0,WNULLBBERPDP,97170258_TLOSLTMS_SXKPVCFE_0_7,97170258_TLOSLTMS_SXKPVCFE_0,CULCRXXRNHMP,0
97170258_TLOSLTMS_SXKPVCFE_0_8,97170258_TLOSLTMS_SXKPVCFE_0,WNULLBBERPDP,97170258_TLOSLTMS_SXKPVCFE_0_8,97170258_TLOSLTMS_SXKPVCFE_0,CULCRXXRNHMP,0
97170258_TLOSLTMS_SXKPVCFE_0_9,97170258_TLOSLTMS_SXKPVCFE_0,WNULLBBERPDP,97170258_TLOSLTMS_SXKPVCFE_0_9,97170258_TLOSLTMS_SXKPVCFE_0,CULCRXXRNHMP,0
97170258_TLOSLTMS_SXKPVCFE_0_10,97170258_TLOSLTMS_SXKPVCFE_0,WNULLBBERPDP,97170258_TLOSLTMS_SXKPVCFE_0_10,97170258_TLOSLTMS_SXKPVCFE_0,CULCRXXRNHMP,0
97170258_TLOSLTMS_SXKPVCFE_0_11,97170258_TLOSLTMS_SXKPVCFE_0,WNULLBBERPDP,97170258_TLOSLTMS_SXKPVCFE_0_11,97170258_TLOSLTMS_SXKPVCFE_0,CULCRXXRNHMP,0
97170258_TLOSLTMS_SXKPVCFE_0_12,97170258_TLOSLTMS_SXKPVCFE_0,WNULLBBERPDP,97170258_TLOSLTMS_SXKPVCFE_0_12,97170258_TLOSLTMS_SXKPVCFE_0,CULCRXXRNHMP,0
97170258_TLOSLTMS_SXKPVCFE_0_13,97170258_TLOSLTMS_SXKPVCFE_0,WNULLBBERPDP,97170258_TLOSLTMS_SXKPVCFE_0_13,97170258_TLOSLTMS_SXKPVCFE_0,CULCRXXRNHMP,0
97170258_TLOSLTMS_SXKPVCFE_0_14,97170258_TLOSLTMS_SXKPVCFE_0,WNULLBBERPDP,97170258_TLOSLTMS_SXKPVCFE_0_14,97170258_TLOSLTMS_SXKPVCFE_0,CULCRXXRNHMP,0
97170258_TLOSLTMS_SXKPVCFE_0_15,97170258_TLOSLTMS_SXKPVCFE_0,WNULLBBERPDP,97170258_TLOSLTMS_SXKPVCFE_0_15,97170258_TLOSLTMS_SXKPVCFE_0,CULCRXXRNHMP,0
97170258_SXKPVCFE_BPORINGO_0_0,97170258_SXKPVCFE_BPORINGO_0,WNULLBBERPDP,97170258_SXKPVCFE_BPORINGO_0_0,97170258_SXKPVCFE_BPORINGO_0,CULCRXXRNHMP,0
97170258_SXKPVCFE_BPORINGO_0_1,97170258_SXKPVCFE_BPORINGO_0,WNULLBBERPDP,97170258_SXKPVCFE_BPORINGO_0_1,97170258_SXKPVCFE_BPORINGO_0,CULCRXXRNHMP,0
97170258_SXKPVCFE_BPORINGO_0_2,97170258_SXKPVCFE_BPORINGO_0,WNULLBBERPDP,97170258_SXKPVCFE_BPORINGO_0_2,97170258_SXKPVCFE_BPORINGO_0,CULCRXXRNHMP,0
97170258_SXKPVCFE_BPORINGO_0_3,97170258_SXKPVCFE_BPORINGO_0,WNULLBBERPDP,97170258_SXKPVCFE_BPORINGO_0_3,97170258_SXKPVCFE_BPORINGO_0,CULCRXXRNHMP,0
97170258_SXKPVCFE_BPORINGO_0_4,97170258_SXKPVCFE_BPORINGO_0,WNULLBBERPDP,97170258_SXKPVCFE_BPORINGO_0_4,97170258_SXKPVCFE_BPORINGO_0,CULCRXXRNHMP,0
97170258_SXKPVCFE_BPORINGO_0_5,97170258_SXKPVCFE_BPORINGO_0,WNULLBBERPDP,97170258_SXKPVCFE_BPORINGO_0_5,97170258_SXKPVCFE_BPORINGO_0,CULCRXXRNHMP,0
97170258_SXKPVCFE_BPORINGO_0_6,97170258_SXKPVCFE_BPORINGO_0,WNULLBBERPDP,97170258_SXKPVCFE_BPORINGO_0_6,97170258_SXKPVCFE_BPORINGO_0,CULCRXXRNHMP,0
97170258_SXKPVCFE_BPORINGO_0_7,97170258_SXKPVCFE_BPORINGO_0,WNULLBBERPDP,97170258_SXKPVCFE_BPORINGO_0_7,97170258_SXKPVCFE_BPORINGO_0,CULCRXXRNHMP,0
97170258_SXKPVCFE_BPORINGO_0_8,97170258_SXKPVCFE_BPORINGO_0,WNULLBBERPDP,97170258_SXKPVCFE_BPORINGO_0_8,97170258_SXKPVCFE_BPORINGO_0,CULCRXXRNHMP,0
97170258_SXKPVCFE_BPORINGO_0_9,97170258_SXKPVCFE_BPORINGO_0,WNULLBBERPDP,97170258_SXKPVCFE_BPORINGO_0_9,97170258_SXKPVCFE_BPORINGO_0,CULCRXXRNHMP,0
97170258_SXKPVCFE_BPORINGO_0_10,97170258_SXKPVCFE_BPORINGO_0,WNULLBBERPDP,97170258_SXKPVCFE_BPORINGO_0_10,97170258_SXKPVCFE_BPORINGO_0,CULCRXXRNHMP,0
97170258_SXKPVCFE_BPORINGO_0_11,97170258_SXKPVCFE_BPORINGO_0,WNULLBBERPDP,97170258_SXKPVCFE_BPORINGO_0_11,97170258_SXKPVCFE_BPORINGO_0,CULCRXXRNHMP,0
97170258_SXKPVCFE_BPORINGO_0_12,97170258_SXKPVCFE_BPORINGO_0,WNULLBBERPDP,97170258_SXKPVCFE_BPORINGO_0_12,97170258_SXKPVCFE_BPORINGO_0,CULCRXXRNHMP,0
97170258_SXKPVCFE_BPORINGO_0_13,97170258_SXKPVCFE_BPORINGO_0,WNULLBBERPDP,97170258_SXKPVCFE_BPORINGO_0_13,97170258_SXKPVCFE_BPORINGO_0,CULCRXXRNHMP,0
97170258_SXKPVCFE_BPORINGO_0_14,97170258_SXKPVCFE_BPORINGO_0,WNULLBBERPDP,97170258_SXKPVCFE_BPORINGO_0_14,97170258_SXKPVCFE_BPORINGO_0,CULCRXXRNHMP,0
97170258_SXKPVCFE_BPORINGO_0_15,97170258_SXKPVCFE_BPORINGO_0,WNULLBBERPDP,97170258_SXKPVCFE_BPORINGO_0_15,97170258_SXKPVCFE_BPORINGO_0,CULCRXXRNHMP,0
97170258_SXKPVCFE_BPORINGO_0_16,97170258_SXKPVCFE_BPORINGO_0,WNULLBBERPDP,97170258_SXKPVCFE_BPORINGO_0_16,97170258_SXKPVCFE_BPORINGO_0,CULCRXXRNHMP,0
97170258_SXKPVCFE_BPORINGO_0_17,97170258_SXKPVCFE_BPORINGO_0,WNULLBBERPDP,97170258_SXKPVCFE_BPORINGO_0_17,97170258_SXKPVCFE_BPORINGO_0,CULCRXXRNHMP,0
97170258_SXKPVCFE_BPORINGO_0_18,97170258_SXKPVCFE_BPORINGO_0,WNULLBBERPDP,97170258_SXKPVCFE_BPORINGO_0_18,97170258_SXKPVCFE_BPORINGO_0,CULCRXXRNHMP,0
97170258_SXKPVCFE_BPORINGO_0_19,97170258_SXKPVCFE_BPORINGO_0,WNULLBBERPDP,97170258_SXKPVCFE_BPORINGO_0_19,97170258_SXKPVCFE_BPORINGO_0,CULCRXXRNHMP,0
97170258_SXKPVCFE_BPORINGO_0_20,97170258_SXKPVCFE_BPORINGO_0,WNULLBBERPDP,97170258_SXKPVCFE_BPORINGO_0_20,97170258_SXKPVCFE_BPORINGO_0,CULCRXXRNHMP,0
97170258_SXKPVCFE_BPORINGO_0_21,97170258_SXKPVCFE_BPORINGO_0,WNULLBBERPDP,97170258_SXKPVCFE_BPORINGO_0_21,97170258_SXKPVCFE_BPORINGO_0,CULCRXXRNHMP,0
97170258_SXKPVCFE_BPORINGO_0_22,97170258_SXKPVCFE_BPORINGO_0,WNULLBBERPDP,97170258_SXKPVCFE_BPORINGO_0_22,97170258_SXKPVCFE_BPORINGO_0,CULCRXXRNHMP,0
97170258_SXKPVCFE_BPORINGO_0_23,97170258_SXKPVCFE_BPORINGO_0,WNULLBBERPDP,97170258_SXKPVCFE_BPORINGO_0_23,97170258_SXKPVCFE_BPORINGO_0,CULCRXXRNHMP,0
97170258_SXKPVCFE_BPORINGO_0_24,97170258_SXKPVCFE_BPORINGO_0,WNULLBBERPDP,97170258_SXKPVCFE_BPORINGO_0_24,97170258_SXKPVCFE_BPORINGO_0,CULCRXXRNHMP,0
97170258_SXKPVCFE_BPORINGO_0_25,97170258_SXKPVCFE_BPORINGO_0,WNULLBBERPDP,97170258_SXKPVCFE_BPORINGO_0_25,97170258_SXKPVCFE_BPORINGO_0,CULCRXXRNHMP,0
97170258_SXKPVCFE_BPORINGO_0_26,97170258_SXKPVCFE_BPORINGO_0,WNULLBBERPDP,97170258_SXKPVCFE_BPORINGO_0_26,97170258_SXKPVCFE_BPORINGO_0,CULCRXXRNHMP,0
97170258_SXKPVCFE_BPORINGO_0_27,97170258_SXKPVCFE_BPORINGO_0,WNULLBBERPDP,97170258_SXKPVCFE_BPORINGO_0_27,97170258_SXKPVCFE_BPORINGO_0,CULCRXXRNHMP,0
97170258_SXKPVCFE_BPORINGO_0_28,97170258_SXKPVCFE_BPORINGO_0,WNULLBBERPDP,97170258_SXKPVCFE_BPORINGO_0_28,97170258_SXKPVCFE_BPORINGO_0,CULCRXXRNHMP,0
97170258_SXKPVCFE_BPORINGO_0_29,97170258_SXKPVCFE_BPORINGO_0,WNULLBBERPDP,97170258_SXKPVCFE_BPORINGO_0_29,97170258_SXKPVCFE_BPORINGO_0,CULCRXXRNHMP,0
97170258_SXKPVCFE_BPORINGO_0_30,97170258_SXKPVCFE_BPORINGO_0,WNULLBBERPDP,97170258_SXKPVCFE_BPORINGO_0_30,97170258_SXKPVCFE_BPORINGO_0,CULCRXXRNHMP,0
97170258_SXKPVCFE_BPORINGO_0_31,97170258_SXKPVCFE_BPORINGO_0,WNULLBBERPDP,97170258_SXKPVCFE_BPORINGO_0_31,97170258_SXKPVCFE_BPORINGO_0,CULCRXXRNHMP,0
97170258_SXKPVCFE_BPORINGO_0_32,97170258_SXKPVCFE_BPORINGO_0,WNULLBBERPDP,97170258_SXKPVCFE_BPORINGO_0_32,97170258_SXKPVCFE_BPORINGO_0,CULCRXXRNHMP,0
97170258_SXKPVCFE_BPORINGO_0_33,97170258_SXKPVCFE_BPORINGO_0,WNULLBBERPDP,97170258_SXKPVCFE_BPORINGO_0_33,97170258_SXKPVCFE_BPORINGO_0,CULCRXXRNHMP,0
97170258_SXKPVCFE_BPORINGO_0_34,97170258_SXKPVCFE_BPORINGO_0,WNULLBBERPDP,97170258_SXKPVCFE_BPORINGO_0_34,97170258_SXKPVCFE_BPORINGO_0,CULCRXXRNHMP,0
97170258_SXKPVCFE_BPORINGO_0_35,97170258_SXKPVCFE_BPORINGO_0,WNULLBBERPDP,97170258_SXKPVCFE_BPORINGO_0_35,97170258_SXKPVCFE_BPORINGO_0,CULCRXXRNHMP,0
97170258_SXKPVCFE_BPORINGO_0_36,97170258_SXKPVCFE_BPORINGO_0,WNULLBBERPDP,97170258_SXKPVCFE_BPORINGO_0_36,97170258_SXKPVCFE_BPORINGO_0,CULCRXXRNHMP,0
97170258_SXKPVCFE_BPORINGO_0_37,97170258_SXKPVCFE_BPORINGO_0,WNULLBBERPDP,97170258_SXKPVCFE_BPORINGO_0_37,97170258_SXKPVCFE_BPORINGO_0,CULCRXXRNHMP,0
97170258_SXKPVCFE_BPORINGO_0_38,97170258_SXKPVCFE_BPORINGO_0,WNULLBBERPDP,97170258_SXKPVCFE_BPORINGO_0_38,97170258_SXKPVCFE_BPORINGO_0,CULCRXXRNHMP,0
97170258_SXKPVCFE_BPORINGO_0_39,97170258_SXKPVCFE_BPORINGO_0,WNULLBBERPDP,97170258_SXKPVCFE_BPORINGO_0_39,97170258_SXKPVCFE_BPORINGO_0,CULCRXXRNHMP,0
97170258_SXKPVCFE_BPORINGO_0_40,97170258_SXKPVCFE_BPORINGO_0,WNULLBBERPDP,97170258_SXKPVCFE_BPORINGO_0_40,97170258_SXKPVCFE_BPORINGO_0,CULCRXXRNHMP,0
97170258_SXKPVCFE_BPORINGO_0_41,97170258_SXKPVCFE_BPORINGO_0,WNULLBBERPDP,97170258_SXKPVCFE_BPORINGO_0_41,97170258_SXKPVCFE_BPORINGO_0,CULCRXXRNHMP,0
97170258_SXKPVCFE_BPORINGO_0_42,97170258_SXKPVCFE_BPORINGO_0,WNULLBBERPDP,97170258_SXKPVCFE_BPORINGO_0_42,97170258_SXKPVCFE_BPORINGO_0,CULCRXXRNHMP,0
97170258_SXKPVCFE_BPORINGO_0_43,97170258_SXKPVCFE_BPORINGO_0,WNULLBBERPDP,97170258_SXKPVCFE_BPORINGO_0_43,97170258_SXKPVCFE_BPORINGO_0,CULCRXXRNHMP,0
97170258_SXKPVCFE_BPORINGO_0_44,97170258_SXKPVCFE_BPORINGO_0,WNULLBBERPDP,97170258_SXKPVCFE_BPORINGO_0_44,97170258_SXKPVCFE_BPORINGO_0,CULCRXXRNHMP,0
97170258_SXKPVCFE_BPORINGO_0_45,97170258_SXKPVCFE_BPORINGO_0,WNULLBBERPDP,97170258_SXKPVCFE_BPORINGO_0_45,97170258_SXKPVCFE_BPORINGO_0,CULCRXXRNHMP,0
97170258_SXKPVCFE_BPORINGO_0_46,97170258_SXKPVCFE_BPORINGO_0,WNULLBBERPDP,97170258_SXKPVCFE_BPORINGO_0_46,97170258_SXKPVCFE_BPORINGO_0,CULCRXXRNHMP,0
97170258_SXKPVCFE_BPORINGO_0_47,97170258_SXKPVCFE_BPORINGO_0,WNULLBBERPDP,97170258_SXKPVCFE_BPORINGO_0_47,97170258_SXKPVCFE_BPORINGO_0,CULCRXXRNHMP,0
97170258_SXKPVCFE_BPORINGO_0_48,97170258_SXKPVCFE_BPORINGO_0,WNULLBBERPDP,97170258_SXKPVCFE_BPORINGO_0_48,97170258_SXKPVCFE_BPORINGO_0,CULCRXXRNHMP,0
97170258_SXKPVCFE_BPORINGO_0_49,97170258_SXKPVCFE_BPORINGO_0,WNULLBBERPDP,97170258_SXKPVCFE_BPORINGO_0_49,97170258_SXKPVCFE_BPORINGO_0,CULCRXXRNHMP,0
97170258_SXKPVCFE_BPORINGO_0_50,97170258_SXKPVCFE_BPORINGO_0,WNULLBBERPDP,97170258_SXKPVCFE_BPORINGO_0_50,97170258_SXKPVCFE_BPORINGO_0,CULCRXXRNHMP,0
97170258_SXKPVCFE_BPORINGO_0_51,97170258_SXKPVCFE_BPORINGO_0,WNULLBBERPDP,97170258_SXKPVCFE_BPORINGO_0_51,97170258_SXKPVCFE_BPORINGO_0,CULCRXXRNHMP,0
97170258_SXKPVCFE_BPORINGO_0_52,97170258_SXKPVCFE_BPORINGO_0,WNULLBBERPDP,97170258_SXKPVCFE_BPORINGO_0_52,97170258_SXKPVCFE_BPORINGO_0,CULCRXXRNHMP,0
97170258_SXKPVCFE_BPORINGO_0_53,97170258_SXKPVCFE_BPORINGO_0,WNULLBBERPDP,97170258_SXKPVCFE_BPORINGO_0_53,97170258_SXKPVCFE_BPORINGO_0,CULCRXXRNHMP,0
97170258_SXKPVCFE_BPORINGO_0_54,97170258_SXKPVCFE_BPORINGO_0,WNULLBBERPDP,97170258_SXKPVCFE_BPORINGO_0_54,97170258_SXKPVCFE_BPORINGO_0,CULCRXXRNHMP,0
97170258_SXKPVCFE_BPORINGO_0_55,97170258_SXKPVCFE_BPORINGO_0,WNULLBBERPDP,97170258_SXKPVCFE_BPORINGO_0_55,97170258_SXKPVCFE_BPORINGO_0,CULCRXXRNHMP,0
97170258_SXKPVCFE_BPORINGO_0_56,97170258_SXKPVCFE_BPORINGO_0,WNULLBBERPDP,97170258_SXKPVCFE_BPORINGO_0_56,97170258_SXKPVCFE_BPORINGO_0,CULCRXXRNHMP,0
97170258_SXKPVCFE_BPORINGO_0_57,97170258_SXKPVCFE_BPORINGO_0,WNULLBBERPDP,97170258_SXKPVCFE_BPORINGO_0_57,97170258_SXKPVCFE_BPORINGO_0,CULCRXXRNHMP,0
97170258_SXKPVCFE_BPORINGO_0_58,97170258_SXKPVCFE_BPORINGO_0,WNULLBBERPDP,97170258_SXKPVCFE_BPORINGO_0_58,97170258_SXKPVCFE_BPORINGO_0,CULCRXXRNHMP,0
97170258_SXKPVCFE_BPORINGO_0_59,97170258_SXKPVCFE_BPORINGO_0,WNULLBBERPDP,97170258_SXKPVCFE_BPORINGO_0_59,97170258_SXKPVCFE_BPORINGO_0,CULCRXXRNHMP,0
97170258_SXKPVCFE_BPORINGO_0_60,97170258_SXKPVCFE_BPORINGO_0,WNULLBBERPDP,97170258_SXKPVCFE_BPORINGO_0_60,97170258_SXKPVCFE_BPORINGO_0,CULCRXXRNHMP,0
97170258_SXKPVCFE_BPORINGO_0_61,97170258_SXKPVCFE_BPORINGO_0,WNULLBBERPDP,97170258_SXKPVCFE_BPORINGO_0_61,97170258_SXKPVCFE_BPORINGO_0,CULCRXXRNHMP,0
97170258_SXKPVCFE_BPORINGO_0_62,97170258_SXKPVCFE_BPORINGO_0,WNULLBBERPDP,97170258_SXKPVCFE_BPORINGO_0_62,97170258_SXKPVCFE_BPORINGO_0,CULCRXXRNHMP,0
97170258_SXKPVCFE_BPORINGO_0_63,97170258_SXKPVCFE_BPORINGO_0,WNULLBBERPDP,97170258_SXKPVCFE_BPORINGO_0_63,97170258_SXKPVCFE_BPORINGO_0,CULCRXXRNHMP,0
97170258_SXKPVCFE_BPORINGO_0_64,97170258_SXKPVCFE_BPORINGO_0,WNULLBBERPDP,97170258_SXKPVCFE_BPORINGO_0_64,97170258_SXKPVCFE_BPORINGO_0,CULCRXXRNHMP,0
97170258_SXKPVCFE_BPORINGO_0_65,97170258_SXKPVCFE_BPORINGO_0,WNULLBBERPDP,97170258_SXKPVCFE_BPORINGO_0_65,97170258_SXKPVCFE_BPORINGO_0,CULCRXXRNHMP,0
97170258_SXKPVCFE_BPORINGO_0_66,97170258_SXKPVCFE_BPORINGO_0,WNULLBBERPDP,97170258_SXKPVCFE_BPORINGO_0_66,97170258_SXKPVCFE_BPORINGO_0,CULCRXXRNHMP,0
97170258_SXKPVCFE_BPORINGO_0_67,97170258_SXKPVCFE_BPORINGO_0,WNULLBBERPDP,97170258_SXKPVCFE_BPORINGO_0_67,97170258_SXKPVCFE_BPORINGO_0,CULCRXXRNHMP,0
97170258_SXKPVCFE_BPORINGO_0_68,97170258_SXKPVCFE_BPORINGO_0,WNULLBBERPDP,97170258_SXKPVCFE_BPORINGO_0_68,97170258_SXKPVCFE_BPORINGO_0,CULCRXXRNHMP,0
97170258_BPORINGO_LJNFLUMT_0_0,97170258_BPORINGO_LJNFLUMT_0,WNULLBBERPDP,97170258_BPORINGO_LJNFLUMT_0_0,97170258_BPORINGO_LJNFLUMT_0,CULCRXXRNHMP,0
97170258_BPORINGO_LJNFLUMT_0_1,97170258_BPORINGO_LJNFLUMT_0,WNULLBBERPDP,97170258_BPORINGO_LJNFLUMT_0_1,97170258_BPORINGO_LJNFLUMT_0,CULCRXXRNHMP,0
97170258_BPORINGO_LJNFLUMT_0_2,97170258_BPORINGO_LJNFLUMT_0,WNULLBBERPDP,97170258_BPORINGO_LJNFLUMT_0_2,97170258_BPORINGO_LJNFLUMT_0,CULCRXXRNHMP,0
97170258_BPORINGO_LJNFLUMT_0_3,97170258_BPORINGO_LJNFLUMT_0,WNULLBBERPDP,97170258_BPORINGO_LJNFLUMT_0_3,97170258_BPORINGO_LJNFLUMT_0,CULCRXXRNHMP,0
97170258_BPORINGO_LJNFLUMT_0_4,97170258_BPORINGO_LJNFLUMT_0,WNULLBBERPDP,97170258_BPORINGO_LJNFLUMT_0_4,97170258_BPORINGO_LJNFLUMT_0,CULCRXXRNHMP,0
97170258_BPORINGO_LJNFLUMT_0_5,97170258_BPORINGO_LJNFLUMT_0,WNULLBBERPDP,97170258_BPORINGO_LJNFLUMT_0_5,97170258_BPORINGO_LJNFLUMT_0,CULCRXXRNHMP,0
97170258_BPORINGO_LJNFLUMT_0_6,97170258_BPORINGO_LJNFLUMT_0,WNULLBBERPDP,97170258_BPORINGO_LJNFLUMT_0_6,97170258_BPORINGO_LJNFLUMT_0,CULCRXXRNHMP,0
97170258_BPORINGO_LJNFLUMT_0_7,97170258_BPORINGO_LJNFLUMT_0,WNULLBBERPDP,97170258_BPORINGO_LJNFLUMT_0_7,97170258_BPORINGO_LJNFLUMT_0,CULCRXXRNHMP,0
97170258_BPORINGO_LJNFLUMT_0_8,97170258_BPORINGO_LJNFLUMT_0,WNULLBBERPDP,97170258_BPORINGO_LJNFLUMT_0_8,97170258_BPORINGO_LJNFLUMT_0,CULCRXXRNHMP,0
97170258_BPORINGO_LJNFLUMT_0_9,97170258_BPORINGO_LJNFLUMT_0,WNULLBBERPDP,97170258_BPORINGO_LJNFLUMT_0_9,97170258_BPORINGO_LJNFLUMT_0,CULCRXXRNHMP,0
97170258_BPORINGO_LJNFLUMT_0_10,97170258_BPORINGO_LJNFLUMT_0,WNULLBBERPDP,97170258_BPORINGO_LJNFLUMT_0_10,97170258_BPORINGO_LJNFLUMT_0,CULCRXXRNHMP,1
97170258_BPORINGO_LJNFLUMT_0_11,97170258_BPORINGO_LJNFLUMT_0,WNULLBBERPDP,97170258_BPORINGO_LJNFLUMT_0_11,97170258_BPORINGO_LJNFLUMT_0,CULCRXXRNHMP,0
97170258_BPORINGO_LJNFLUMT_0_12,97170258_BPORINGO_LJNFLUMT_0,WNULLBBERPDP,97170258_BPORINGO_LJNFLUMT_0_12,97170258_BPORINGO_LJNFLUMT_0,CULCRXXRNHMP,0
97170258_BPORINGO_LJNFLUMT_0_13,97170258_BPORINGO_LJNFLUMT_0,WNULLBBERPDP,97170258_BPORINGO_LJNFLUMT_0_13,97170258_BPORINGO_LJNFLUMT_0,CULCRXXRNHMP,0
97170258_BPORINGO_LJNFLUMT_0_14,97170258_BPORINGO_LJNFLUMT_0,WNULLBBERPDP,97170258_BPORINGO_LJNFLUMT_0_14,97170258_BPORINGO_LJNFLUMT_0,CULCRXXRNHMP,0
97170258_BPORINGO_LJNFLUMT_0_15,97170258_BPORINGO_LJNFLUMT_0,WNULLBBERPDP,97170258_BPORINGO_LJNFLUMT_0_15,97170258_BPORINGO_LJNFLUMT_0,CULCRXXRNHMP,0
97170258_BPORINGO_LJNFLUMT_0_16,97170258_BPORINGO_LJNFLUMT_0,WNULLBBERPDP,97170258_BPORINGO_LJNFLUMT_0_16,97170258_BPORINGO_LJNFLUMT_0,CULCRXXRNHMP,0
97170258_BPORINGO_LJNFLUMT_0_17,97170258_BPORINGO_LJNFLUMT_0,WNULLBBERPDP,97170258_BPORINGO_LJNFLUMT_0_17,97170258_BPORINGO_LJNFLUMT_0,CULCRXXRNHMP,0
97170258_BPORINGO_LJNFLUMT_0_18,97170258_BPORINGO_LJNFLUMT_0,WNULLBBERPDP,97170258_BPORINGO_LJNFLUMT_0_18,97170258_BPORINGO_LJNFLUMT_0,CULCRXXRNHMP,0
97170258_BPORINGO_LJNFLUMT_0_19,97170258_BPORINGO_LJNFLUMT_0,WNULLBBERPDP,97170258_BPORINGO_LJNFLUMT_0_19,97170258_BPORINGO_LJNFLUMT_0,CULCRXXRNHMP,0
97170258_BPORINGO_LJNFLUMT_0_20,97170258_BPORINGO_LJNFLUMT_0,WNULLBBERPDP,97170258_BPORINGO_LJNFLUMT_0_20,97170258_BPORINGO_LJNFLUMT_0,CULCRXXRNHMP,0
97170258_BPORINGO_LJNFLUMT_0_21,97170258_BPORINGO_LJNFLUMT_0,WNULLBBERPDP,97170258_BPORINGO_LJNFLUMT_0_21,97170258_BPORINGO_LJNFLUMT_0,CULCRXXRNHMP,0
97170258_BPORINGO_LJNFLUMT_0_22,97170258_BPORINGO_LJNFLUMT_0,WNULLBBERPDP,97170258_BPORINGO_LJNFLUMT_0_22,97170258_BPORINGO_LJNFLUMT_0,CULCRXXRNHMP,0
97170258_BPORINGO_LJNFLUMT_0_23,97170258_BPORINGO_LJNFLUMT_0,WNULLBBERPDP,97170258_BPORINGO_LJNFLUMT_0_23,97170258_BPORINGO_LJNFLUMT_0,CULCRXXRNHMP,0
97170258_BPORINGO_LJNFLUMT_0_24,97170258_BPORINGO_LJNFLUMT_0,WNULLBBERPDP,97170258_BPORINGO_LJNFLUMT_0_24,97170258_BPORINGO_LJNFLUMT_0,CULCRXXRNHMP,0
97170258_BPORINGO_LJNFLUMT_0_25,97170258_BPORINGO_LJNFLUMT_0,WNULLBBERPDP,97170258_BPORINGO_LJNFLUMT_0_25,97170258_BPORINGO_LJNFLUMT_0,CULCRXXRNHMP,0
97170258_BPORINGO_LJNFLUMT_0_26,97170258_BPORINGO_LJNFLUMT_0,WNULLBBERPDP,97170258_BPORINGO_LJNFLUMT_0_26,97170258_BPORINGO_LJNFLUMT_0,CULCRXXRNHMP,0
97170258_BPORINGO_LJNFLUMT_0_27,97170258_BPORINGO_LJNFLUMT_0,WNULLBBERPDP,97170258_BPORINGO_LJNFLUMT_0_27,97170258_BPORINGO_LJNFLUMT_0,CULCRXXRNHMP,0
97170258_BPORINGO_LJNFLUMT_0_28,97170258_BPORINGO_LJNFLUMT_0,WNULLBBERPDP,97170258_BPORINGO_LJNFLUMT_0_28,97170258_BPORINGO_LJNFLUMT_0,CULCRXXRNHMP,0
97170258_BPORINGO_LJNFLUMT_0_29,97170258_BPORINGO_LJNFLUMT_0,WNULLBBERPDP,97170258_BPORINGO_LJNFLUMT_0_29,97170258_BPORINGO_LJNFLUMT_0,CULCRXXRNHMP,0
97170258_BPORINGO_LJNFLUMT_0_30,97170258_BPORINGO_LJNFLUMT_0,WNULLBBERPDP,97170258_BPORINGO_LJNFLUMT_0_30,97170258_BPORINGO_LJNFLUMT_0,CULCRXXRNHMP,0
97170258_BPORINGO_LJNFLUMT_0_31,97170258_BPORINGO_LJNFLUMT_0,WNULLBBERPDP,97170258_BPORINGO_LJNFLUMT_0_31,97170258_BPORINGO_LJNFLUMT_0,CULCRXXRNHMP,0
97170258_BPORINGO_LJNFLUMT_0_32,97170258_BPORINGO_LJNFLUMT_0,WNULLBBERPDP,97170258_BPORINGO_LJNFLUMT_0_32,97170258_BPORINGO_LJNFLUMT_0,CULCRXXRNHMP,0
97170258_BPORINGO_LJNFLUMT_0_33,97170258_BPORINGO_LJNFLUMT_0,WNULLBBERPDP,97170258_BPORINGO_LJNFLUMT_0_33,97170258_BPORINGO_LJNFLUMT_0,CULCRXXRNHMP,0
97170258_BPORINGO_LJNFLUMT_0_34,97170258_BPORINGO_LJNFLUMT_0,WNULLBBERPDP,97170258_BPORINGO_LJNFLUMT_0_34,97170258_BPORINGO_LJNFLUMT_0,CULCRXXRNHMP,0
97170258_BPORINGO_LJNFLUMT_0_35,97170258_BPORINGO_LJNFLUMT_0,WNULLBBERPDP,97170258_BPORINGO_LJNFLUMT_0_35,97170258_BPORINGO_LJNFLUMT_0,CULCRXXRNHMP,0
97170258_BPORINGO_LJNFLUMT_0_36,97170258_BPORINGO_LJNFLUMT_0,WNULLBBERPDP,97170258_BPORINGO_LJNFLUMT_0_36,97170258_BPORINGO_LJNFLUMT_0,CULCRXXRNHMP,0
97170258_BPORINGO_LJNFLUMT_0_37,97170258_BPORINGO_LJNFLUMT_0,WNULLBBERPDP,97170258_BPORINGO_LJNFLUMT_0_37,97170258_BPORINGO_LJNFLUMT_0,CULCRXXRNHMP,0
97170258_BPORINGO_LJNFLUMT_0_38,97170258_BPORINGO_LJNFLUMT_0,WNULLBBERPDP,97170258_BPORINGO_LJNFLUMT_0_38,97170258_BPORINGO_LJNFLUMT_0,CULCRXXRNHMP,0
97170258_BPORINGO_LJNFLUMT_0_39,97170258_BPORINGO_LJNFLUMT_0,WNULLBBERPDP,97170258_BPORINGO_LJNFLUMT_0_39,97170258_BPORINGO_LJNFLUMT_0,CULCRXXRNHMP,0
97170258_BPORINGO_LJNFLUMT_0_40,97170258_BPORINGO_LJNFLUMT_0,WNULLBBERPDP,97170258_BPORINGO_LJNFLUMT_0_40,97170258_BPORINGO_LJNFLUMT_0,CULCRXXRNHMP,0
97170258_BPORINGO_LJNFLUMT_0_41,97170258_BPORINGO_LJNFLUMT_0,WNULLBBERPDP,97170258_BPORINGO_LJNFLUMT_0_41,97170258_BPORINGO_LJNFLUMT_0,CULCRXXRNHMP,0
97170258_BPORINGO_LJNFLUMT_0_42,97170258_BPORINGO_LJNFLUMT_0,WNULLBBERPDP,97170258_BPORINGO_LJNFLUMT_0_42,97170258_BPORINGO_LJNFLUMT_0,CULCRXXRNHMP,0
97170258_BPORINGO_LJNFLUMT_0_43,97170258_BPORINGO_LJNFLUMT_0,WNULLBBERPDP,97170258_BPORINGO_LJNFLUMT_0_43,97170258_BPORINGO_LJNFLUMT_0,CULCRXXRNHMP,0
97170258_BPORINGO_LJNFLUMT_0_44,97170258_BPORINGO_LJNFLUMT_0,WNULLBBERPDP,97170258_BPORINGO_LJNFLUMT_0_44,97170258_BPORINGO_LJNFLUMT_0,CULCRXXRNHMP,0
97170258_BPORINGO_LJNFLUMT_0_45,97170258_BPORINGO_LJNFLUMT_0,WNULLBBERPDP,97170258_BPORINGO_LJNFLUMT_0_45,97170258_BPORINGO_LJNFLUMT_0,CULCRXXRNHMP,0
97170258_BPORINGO_LJNFLUMT_0_46,97170258_BPORINGO_LJNFLUMT_0,WNULLBBERPDP,97170258_BPORINGO_LJNFLUMT_0_46,97170258_BPORINGO_LJNFLUMT_0,CULCRXXRNHMP,1
43967023_ZNJPNQCM_QJDNBWBE_0_0,43967023_ZNJPNQCM_QJDNBWBE_0,LXBPUVTMKSQN,43967023_ZNJPNQCM_QJDNBWBE_0_0,43967023_ZNJPNQCM_QJDNBWBE_0,CJPGJDYCBRIW,0
43967023_ZNJPNQCM_QJDNBWBE_0_1,43967023_ZNJPNQCM_QJDNBWBE_0,LXBPUVTMKSQN,43967023_ZNJPNQCM_QJDNBWBE_0_1,43967023_ZNJPNQCM_QJDNBWBE_0,CJPGJDYCBRIW,0
43967023_ZNJPNQCM_QJDNBWBE_0_2,43967023_ZNJPNQCM_QJDNBWBE_0,LXBPUVTMKSQN,43967023_ZNJPNQCM_QJDNBWBE_0_2,43967023_ZNJPNQCM_QJDNBWBE_0,CJPGJDYCBRIW,0
43967023_ZNJPNQCM_QJDNBWBE_0_3,43967023_ZNJPNQCM_QJDNBWBE_0,LXBPUVTMKSQN,43967023_ZNJPNQCM_QJDNBWBE_0_3,43967023_ZNJPNQCM_QJDNBWBE_0,CJPGJDYCBRIW,0
43967023_ZNJPNQCM_QJDNBWBE_0_4,43967023_ZNJPNQCM_QJDNBWBE_0,LXBPUVTMKSQN,43967023_ZNJPNQCM_QJDNBWBE_0_4,43967023_ZNJPNQCM_QJDNBWBE_0,CJPGJDYCBRIW,0
43967023_ZNJPNQCM_QJDNBWBE_0_5,43967023_ZNJPNQCM_QJDNBWBE_0,LXBPUVTMKSQN,43967023_ZNJPNQCM_QJDNBWBE_0_5,43967023_ZNJPNQCM_QJDNBWBE_0,CJPGJDYCBRIW,0
43967023_ZNJPNQCM_QJDNBWBE_0_6,43967023_ZNJPNQCM_QJDNBWBE_0,LXBPUVTMKSQN,43967023_ZNJPNQCM_QJDNBWBE_0_6,43967023_ZNJPNQCM_QJDNBWBE_0,CJPGJDYCBRIW,0
43967023_ZNJPNQCM_QJDNBWBE_0_7,43967023_ZNJPNQCM_QJDNBWBE_0,LXBPUVTMKSQN,43967023_ZNJPNQCM_QJDNBWBE_0_7,43967023_ZNJPNQCM_QJDNBWBE_0,CJPGJDYCBRIW,0
43967023_ZNJPNQCM_QJDNBWBE_0_8,43967023_ZNJPNQCM_QJDNBWBE_0,LXBPUVTMKSQN,43967023_ZNJPNQCM_QJDNBWBE_0_8,43967023_ZNJPNQCM_QJDNBWBE_0,CJPGJDYCBRIW,0
43967023_ZNJPNQCM_QJDNBWBE_0_9,43967023_ZNJPNQCM_QJDNBWBE_0,LXBPUVTMKSQN,43967023_ZNJPNQCM_QJDNBWBE_0_9,43967023_ZNJPNQCM_QJDNBWBE_0,CJPGJDYCBRIW,0
43967023_ZNJPNQCM_QJDNBWBE_0_10,43967023_ZNJPNQCM_QJDNBWBE_0,LXBPUVTMKSQN,43967023_ZNJPNQCM_QJDNBWBE_0_10,43967023_ZNJPNQCM_QJDNBWBE_0,CJPGJDYCBRIW,0
43967023_ZNJPNQCM_QJDNBWBE_0_11,43967023_ZNJPNQCM_QJDNBWBE_0,LXBPUVTMKSQN,43967023_ZNJPNQCM_QJDNBWBE_0_11,43967023_ZNJPNQ