id_A,segment_id_A,source_file_A,id_B,segment_id_B,source_file_B,prediction
13336473_SWIOJTSM_RVFWPMSK_0_0,13336473_SWIOJTSM_RVFWPMSK_0,JWRARGWSGJZN,13336473_SWIOJTSM_RVFWPMSK_0_0,13336473_SWIOJTSM_RVFWPMSK_0,ULWGIXVZAPFO,0
13336473_SWIOJTSM_RVFWPMSK_0_1,13336473_SWIOJTSM_RVFWPMSK_0,JWRARGWSGJZN,13336473_SWIOJTSM_RVFWPMSK_0_1,13336473_SWIOJTSM_RVFWPMSK_0,ULWGIXVZAPFO,0
13336473_SWIOJTSM_RVFWPMSK_0_2,13336473_SWIOJTSM_RVFWPMSK_0,JWRARGWSGJZN,13336473_SWIOJTSM_RVFWPMSK_0_2,13336473_SWIOJTSM_RVFWPMSK_0,ULWGIXVZAPFO,0
13336473_SWIOJTSM_RVFWPMSK_0_3,13336473_SWIOJTSM_RVFWPMSK_0,JWRARGWSGJZN,13336473_SWIOJTSM_RVFWPMSK_0_3,13336473_SWIOJTSM_RVFWPMSK_0,ULWGIXVZAPFO,0
13336473_SWIOJTSM_RVFWPMSK_0_4,13336473_SWIOJTSM_RVFWPMSK_0,JWRARGWSGJZN,13336473_SWIOJTSM_RVFWPMSK_0_4,13336473_SWIOJTSM_RVFWPMSK_0,ULWGIXVZAPFO,0
13336473_SWIOJTSM_RVFWPMSK_0_5,13336473_SWIOJTSM_RVFWPMSK_0,JWRARGWSGJZN,13336473_SWIOJTSM_RVFWPMSK_0_5,13336473_SWIOJTSM_RVFWPMSK_0,ULWGIXVZAPFO,0
13336473_SWIOJTSM_RVFWPMSK_0_6,13336473_SWIOJTSM_RVFWPMSK_0,JWRARGWSGJZN,13336473_SWIOJTSM_RVFWPMSK_0_6,13336473_SWIOJTSM_RVFWPMSK_0,ULWGIXVZAPFO,0
13336473_SWIOJTSM_RVFWPMSK_0_7,13336473_SWIOJTSM_RVFWPMSK_0,JWRARGWSGJZN,13336473_SWIOJTSM_RVFWPMSK_0_7,13336473_SWIOJTSM_RVFWPMSK_0,ULWGIXVZAPFO,0
13336473_SWIOJTSM_RVFWPMSK_0_8,13336473_SWIOJTSM_RVFWPMSK_0,JWRARGWSGJZN,13336473_SWIOJTSM_RVFWPMSK_0_8,13336473_SWIOJTSM_RVFWPMSK_0,ULWGIXVZAPFO,0
13336473_SWIOJTSM_RVFWPMSK_0_9,13336473_SWIOJTSM_RVFWPMSK_0,JWRARGWSGJZN,13336473_SWIOJTSM_RVFWPMSK_0_9,13336473_SWIOJTSM_RVFWPMSK_0,ULWGIXVZAPFO,0
13336473_SWIOJTSM_RVFWPMSK_0_10,13336473_SWIOJTSM_RVFWPMSK_0,JWRARGWSGJZN,13336473_SWIOJTSM_RVFWPMSK_0_10,13336473_SWIOJTSM_RVFWPMSK_0,ULWGIXVZAPFO,0
13336473_SWIOJTSM_RVFWPMSK_0_11,13336473_SWIOJTSM_RVFWPMSK_0,JWRARGWSGJZN,13336473_SWIOJTSM_RVFWPMSK_0_11,13336473_SWIOJTSM_RVFWPMSK_0,ULWGIXVZAPFO,0
13336473_SWIOJTSM_RVFWPMSK_0_12,13336473_SWIOJTSM_RVFWPMSK_0,JWRARGWSGJZN,13336473_SWIOJTSM_RVFWPMSK_0_12,13336473_SWIOJTSM_RVFWPMSK_0,ULWGIXVZAPFO,0
13336473_SWIOJTSM_RVFWPMSK_0_13,13336473_SWIOJTSM_RVFWPMSK_0,JWRARGWSGJZN,13336473_SWIOJTSM_RVFWPMSK_0_13,13336473_SWIOJTSM_RVFWPMSK_0,ULWGIXVZAPFO,0
13336473_SWIOJTSM_RVFWPMSK_0_14,13336473_SWIOJTSM_RVFWPMSK_0,JWRARGWSGJZN,13336473_SWIOJTSM_RVFWPMSK_0_14,13336473_SWIOJTSM_RVFWPMSK_0,ULWGIXVZAPFO,0
13336473_SWIOJTSM_RVFWPMSK_0_15,13336473_SWIOJTSM_RVFWPMSK_0,JWRARGWSGJZN,13336473_SWIOJTSM_RVFWPMSK_0_15,13336473_SWIOJTSM_RVFWPMSK_0,ULWGIXVZAPFO,0
13336473_SWIOJTSM_RVFWPMSK_0_16,13336473_SWIOJTSM_RVFWPMSK_0,JWRARGWSGJZN,13336473_SWIOJTSM_RVFWPMSK_0_16,13336473_SWIOJTSM_RVFWPMSK_0,ULWGIXVZAPFO,0
13336473_SWIOJTSM_RVFWPMSK_0_17,13336473_SWIOJTSM_RVFWPMSK_0,JWRARGWSGJZN,13336473_SWIOJTSM_RVFWPMSK_0_17,13336473_SWIOJTSM_RVFWPMSK_0,ULWGIXVZAPFO,0
13336473_SWIOJTSM_RVFWPMSK_0_18,13336473_SWIOJTSM_RVFWPMSK_0,JWRARGWSGJZN,13336473_SWIOJTSM_RVFWPMSK_0_18,13336473_SWIOJTSM_RVFWPMSK_0,ULWGIXVZAPFO,0
13336473_SWIOJTSM_RVFWPMSK_0_19,13336473_SWIOJTSM_RVFWPMSK_0,JWRARGWSGJZN,13336473_SWIOJTSM_RVFWPMSK_0_19,13336473_SWIOJTSM_RVFWPMSK_0,ULWGIXVZAPFO,0
13336473_SWIOJTSM_RVFWPMSK_0_20,13336473_SWIOJTSM_RVFWPMSK_0,JWRARGWSGJZN,13336473_SWIOJTSM_RVFWPMSK_0_20,13336473_SWIOJTSM_RVFWPMSK_0,ULWGIXVZAPFO,0
13336473_SWIOJTSM_RVFWPMSK_0_21,13336473_SWIOJTSM_RVFWPMSK_0,JWRARGWSGJZN,13336473_SWIOJTSM_RVFWPMSK_0_21,13336473_SWIOJTSM_RVFWPMSK_0,ULWGIXVZAPFO,0
13336473_SWIOJTSM_RVFWPMSK_0_22,13336473_SWIOJTSM_RVFWPMSK_0,JWRARGWSGJZN,13336473_SWIOJTSM_RVFWPMSK_0_22,13336473_SWIOJTSM_RVFWPMSK_0,ULWGIXVZAPFO,0
13336473_SWIOJTSM_RVFWPMSK_0_23,13336473_SWIOJTSM_RVFWPMSK_0,JWRARGWSGJZN,13336473_SWIOJTSM_RVFWPMSK_0_23,13336473_SWIOJTSM_RVFWPMSK_0,ULWGIXVZAPFO,0
13336473_SWIOJTSM_RVFWPMSK_0_24,13336473_SWIOJTSM_RVFWPMSK_0,JWRARGWSGJZN,13336473_SWIOJTSM_RVFWPMSK_0_24,13336473_SWIOJTSM_RVFWPMSK_0,ULWGIXVZAPFO,0
13336473_SWIOJTSM_RVFWPMSK_0_25,13336473_SWIOJTSM_RVFWPMSK_0,JWRARGWSGJZN,13336473_SWIOJTSM_RVFWPMSK_0_25,13336473_SWIOJTSM_RVFWPMSK_0,ULWGIXVZAPFO,0
13336473_SWIOJTSM_RVFWPMSK_0_26,13336473_SWIOJTSM_RVFWPMSK_0,JWRARGWSGJZN,13336473_SWIOJTSM_RVFWPMSK_0_26,13336473_SWIOJTSM_RVFWPMSK_0,ULWGIXVZAPFO,0
13336473_SWIOJTSM_RVFWPMSK_0_27,13336473_SWIOJTSM_RVFWPMSK_0,JWRARGWSGJZN,13336473_SWIOJTSM_RVFWPMSK_0_27,13336473_SWIOJTSM_RVFWPMSK_0,ULWGIXVZAPFO,0
13336473_SWIOJTSM_RVFWPMSK_0_28,13336473_SWIOJTSM_RVFWPMSK_0,JWRARGWSGJZN,13336473_SWIOJTSM_RVFWPMSK_0_28,13336473_SWIOJTSM_RVFWPMSK_0,ULWGIXVZAPFO,0
13336473_SWIOJTSM_RVFWPMSK_0_29,13336473_SWIOJTSM_RVFWPMSK_0,JWRARGWSGJZN,13336473_SWIOJTSM_RVFWPMSK_0_29,13336473_SWIOJTSM_RVFWPMSK_0,ULWGIXVZAPFO,0
13336473_SWIOJTSM_RVFWPMSK_0_30,13336473_SWIOJTSM_RVFWPMSK_0,JWRARGWSGJZN,13336473_SWIOJTSM_RVFWPMSK_0_30,13336473_SWIOJTSM_RVFWPMSK_0,ULWGIXVZAPFO,0
13336473_SWIOJTSM_RVFWPMSK_0_31,13336473_SWIOJTSM_RVFWPMSK_0,JWRARGWSGJZN,13336473_SWIOJTSM_RVFWPMSK_0_31,13336473_SWIOJTSM_RVFWPMSK_0,ULWGIXVZAPFO,0
13336473_SWIOJTSM_RVFWPMSK_0_32,13336473_SWIOJTSM_RVFWPMSK_0,JWRARGWSGJZN,13336473_SWIOJTSM_RVFWPMSK_0_32,13336473_SWIOJTSM_RVFWPMSK_0,ULWGIXVZAPFO,0
13336473_SWIOJTSM_RVFWPMSK_0_33,13336473_SWIOJTSM_RVFWPMSK_0,JWRARGWSGJZN,13336473_SWIOJTSM_RVFWPMSK_0_33,13336473_SWIOJTSM_RVFWPMSK_0,ULWGIXVZAPFO,0
13336473_SWIOJTSM_RVFWPMSK_0_34,13336473_SWIOJTSM_RVFWPMSK_0,JWRARGWSGJZN,13336473_SWIOJTSM_RVFWPMSK_0_34,13336473_SWIOJTSM_RVFWPMSK_0,ULWGIXVZAPFO,0
13336473_SWIOJTSM_RVFWPMSK_0_35,13336473_SWIOJTSM_RVFWPMSK_0,JWRARGWSGJZN,13336473_SWIOJTSM_RVFWPMSK_0_35,13336473_SWIOJTSM_RVFWPMSK_0,ULWGIXVZAPFO,0
13336473_SWIOJTSM_RVFWPMSK_0_36,13336473_SWIOJTSM_RVFWPMSK_0,JWRARGWSGJZN,13336473_SWIOJTSM_RVFWPMSK_0_36,13336473_SWIOJTSM_RVFWPMSK_0,ULWGIXVZAPFO,0
13336473_SWIOJTSM_RVFWPMSK_0_37,13336473_SWIOJTSM_RVFWPMSK_0,JWRARGWSGJZN,13336473_SWIOJTSM_RVFWPMSK_0_37,13336473_SWIOJTSM_RVFWPMSK_0,ULWGIXVZAPFO,0
44731344_SXKPVCFE_XLOLCGQM_0_0,44731344_SXKPVCFE_XLOLCGQM_0,FOPZUCAJROVY,44731344_SXKPVCFE_XLOLCGQM_0_0,44731344_SXKPVCFE_XLOLCGQM_0,LQQLRKCFNPPJ,0
44731344_SXKPVCFE_XLOLCGQM_0_0,44731344_SXKPVCFE_XLOLCGQM_0,FOPZUCAJROVY,44731344_SXKPVCFE_XLOLCGQM_0_0,44731344_SXKPVCFE_XLOLCGQM_0,CKMVQHUTCSSS,0
44731344_SXKPVCFE_XLOLCGQM_0_0,44731344_SXKPVCFE_XLOLCGQM_0,FOPZUCAJROVY,44731344_SXKPVCFE_XLOLCGQM_0_0,44731344_SXKPVCFE_XLOLCGQM_0,JOCUQRLPFDAQ,0
44731344_SXKPVCFE_XLOLCGQM_0_1,44731344_SXKPVCFE_XLOLCGQM_0,FOPZUCAJROVY,44731344_SXKPVCFE_XLOLCGQM_0_1,44731344_SXKPVCFE_XLOLCGQM_0,CKMVQHUTCSSS,0
44731344_SXKPVCFE_XLOLCGQM_0_1,44731344_SXKPVCFE_XLOLCGQM_0,FOPZUCAJROVY,44731344_SXKPVCFE_XLOLCGQM_0_1,44731344_SXKPVCFE_XLOLCGQM_0,JOCUQRLPFDAQ,0
44731344_SXKPVCFE_XLOLCGQM_0_2,44731344_SXKPVCFE_XLOLCGQM_0,FOPZUCAJROVY,44731344_SXKPVCFE_XLOLCGQM_0_2,44731344_SXKPVCFE_XLOLCGQM_0,LQQLRKCFNPPJ,0
44731344_SXKPVCFE_XLOLCGQM_0_2,44731344_SXKPVCFE_XLOLCGQM_0,FOPZUCAJROVY,44731344_SXKPVCFE_XLOLCGQM_0_2,44731344_SXKPVCFE_XLOLCGQM_0,CKMVQHUTCSSS,0
44731344_SXKPVCFE_XLOLCGQM_0_2,44731344_SXKPVCFE_XLOLCGQM_0,FOPZUCAJROVY,44731344_SXKPVCFE_XLOLCGQM_0_2,44731344_SXKPVCFE_XLOLCGQM_0,JOCUQRLPFDAQ,0
44731344_SXKPVCFE_XLOLCGQM_0_3,44731344_SXKPVCFE_XLOLCGQM_0,FOPZUCAJROVY,44731344_SXKPVCFE_XLOLCGQM_0_3,44731344_SXKPVCFE_XLOLCGQM_0,LQQLRKCFNPPJ,0
44731344_SXKPVCFE_XLOLCGQM_0_3,44731344_SXKPVCFE_XLOLCGQM_0,FOPZUCAJROVY,44731344_SXKPVCFE_XLOLCGQM_0_3,44731344_SXKPVCFE_XLOLCGQM_0,CKMVQHUTCSSS,0
44731344_SXKPVCFE_XLOLCGQM_0_3,44731344_SXKPVCFE_XLOLCGQM_0,FOPZUCAJROVY,44731344_SXKPVCFE_XLOLCGQM_0_3,44731344_SXKPVCFE_XLOLCGQM_0,JOCUQRLPFDAQ,0
44731344_SXKPVCFE_XLOLCGQM_0_4,44731344_SXKPVCFE_XLOLCGQM_0,FOPZUCAJROVY,44731344_SXKPVCFE_XLOLCGQM_0_4,44731344_SXKPVCFE_XLOLCGQM_0,LQQLRKCFNPPJ,0
44731344_SXKPVCFE_XLOLCGQM_0_4,44731344_SXKPVCFE_XLOLCGQM_0,FOPZUCAJROVY,44731344_SXKPVCFE_XLOLCGQM_0_4,44731344_SXKPVCFE_XLOLCGQM_0,CKMVQHUTCSSS,0
44731344_SXKPVCFE_XLOLCGQM_0_4,44731344_SXKPVCFE_XLOLCGQM_0,FOPZUCAJROVY,44731344_SXKPVCFE_XLOLCGQM_0_4,44731344_SXKPVCFE_XLOLCGQM_0,JOCUQRLPFDAQ,0
44731344_SXKPVCFE_XLOLCGQM_0_5,44731344_SXKPVCFE_XLOLCGQM_0,FOPZUCAJROVY,44731344_SXKPVCFE_XLOLCGQM_0_5,44731344_SXKPVCFE_XLOLCGQM_0,LQQLRKCFNPPJ,0
44731344_SXKPVCFE_XLOLCGQM_0_5,44731344_SXKPVCFE_XLOLCGQM_0,FOPZUCAJROVY,44731344_SXKPVCFE_XLOLCGQM_0_5,44731344_SXKPVCFE_XLOLCGQM_0,CKMVQHUTCSSS,0
44731344_SXKPVCFE_XLOLCGQM_0_5,44731344_SXKPVCFE_XLOLCGQM_0,FOPZUCAJROVY,44731344_SXKPVCFE_XLOLCGQM_0_5,44731344_SXKPVCFE_XLOLCGQM_0,JOCUQRLPFDAQ,0
44731344_SXKPVCFE_XLOLCGQM_0_0,44731344_SXKPVCFE_XLOLCGQM_0,LQQLRKCFNPPJ,44731344_SXKPVCFE_XLOLCGQM_0_0,44731344_SXKPVCFE_XLOLCGQM_0,CKMVQHUTCSSS,0
44731344_SXKPVCFE_XLOLCGQM_0_0,44731344_SXKPVCFE_XLOLCGQM_0,LQQLRKCFNPPJ,44731344_SXKPVCFE_XLOLCGQM_0_0,44731344_SXKPVCFE_XLOLCGQM_0,JOCUQRLPFDAQ,0
44731344_SXKPVCFE_XLOLCGQM_0_2,44731344_SXKPVCFE_XLOLCGQM_0,LQQLRKCFNPPJ,44731344_SXKPVCFE_XLOLCGQM_0_2,44731344_SXKPVCFE_XLOLCGQM_0,CKMVQHUTCSSS,0
44731344_SXKPVCFE_XLOLCGQM_0_2,44731344_SXKPVCFE_XLOLCGQM_0,LQQLRKCFNPPJ,44731344_SXKPVCFE_XLOLCGQM_0_2,44731344_SXKPVCFE_XLOLCGQM_0,JOCUQRLPFDAQ,0
44731344_SXKPVCFE_XLOLCGQM_0_3,44731344_SXKPVCFE_XLOLCGQM_0,LQQLRKCFNPPJ,44731344_SXKPVCFE_XLOLCGQM_0_3,44731344_SXKPVCFE_XLOLCGQM_0,CKMVQHUTCSSS,0
44731344_SXKPVCFE_XLOLCGQM_0_3,44731344_SXKPVCFE_XLOLCGQM_0,LQQLRKCFNPPJ,44731344_SXKPVCFE_XLOLCGQM_0_3,44731344_SXKPVCFE_XLOLCGQM_0,JOCUQRLPFDAQ,0
44731344_SXKPVCFE_XLOLCGQM_0_4,44731344_SXKPVCFE_XLOLCGQM_0,LQQLRKCFNPPJ,44731344_SXKPVCFE_XLOLCGQM_0_4,44731344_SXKPVCFE_XLOLCGQM_0,CKMVQHUTCSSS,0
44731344_SXKPVCFE_XLOLCGQM_0_4,44731344_SXKPVCFE_XLOLCGQM_0,LQQLRKCFNPPJ,44731344_SXKPVCFE_XLOLCGQM_0_4,44731344_SXKPVCFE_XLOLCGQM_0,JOCUQRLPFDAQ,0
44731344_SXKPVCFE_XLOLCGQM_0_5,44731344_SXKPVCFE_XLOLCGQM_0,LQQLRKCFNPPJ,44731344_SXKPVCFE_XLOLCGQM_0_5,44731344_SXKPVCFE_XLOLCGQM_0,CKMVQHUTCSSS,0
44731344_SXKPVCFE_XLOLCGQM_0_5,44731344_SXKPVCFE_XLOLCGQM_0,LQQLRKCFNPPJ,44731344_SXKPVCFE_XLOLCGQM_0_5,44731344_SXKPVCFE_XLOLCGQM_0,JOCUQRLPFDAQ,0
44731344_SXKPVCFE_XLOLCGQM_0_0,44731344_SXKPVCFE_XLOLCGQM_0,CKMVQHUTCSSS,44731344_SXKPVCFE_XLOLCGQM_0_0,44731344_SXKPVCFE_XLOLCGQM_0,JOCUQRLPFDAQ,0
44731344_SXKPVCFE_XLOLCGQM_0_1,44731344_SXKPVCFE_XLOLCGQM_0,CKMVQHUTCSSS,44731344_SXKPVCFE_XLOLCGQM_0_1,44731344_SXKPVCFE_XLOLCGQM_0,JOCUQRLPFDAQ,0
44731344_SXKPVCFE_XLOLCGQM_0_2,44731344_SXKPVCFE_XLOLCGQM_0,CKMVQHUTCSSS,44731344_SXKPVCFE_XLOLCGQM_0_2,44731344_SXKPVCFE_XLOLCGQM_0,JOCUQRLPFDAQ,0
44731344_SXKPVCFE_XLOLCGQM_0_3,44731344_SXKPVCFE_XLOLCGQM_0,CKMVQHUTCSSS,44731344_SXKPVCFE_XLOLCGQM_0_3,44731344_SXKPVCFE_XLOLCGQM_0,JOCUQRLPFDAQ,0
44731344_SXKPVCFE_XLOLCGQM_0_4,44731344_SXKPVCFE_XLOLCGQM_0,CKMVQHUTCSSS,44731344_SXKPVCFE_XLOLCGQM_0_4,44731344_SXKPVCFE_XLOLCGQM_0,JOCUQRLPFDAQ,0
44731344_SXKPVCFE_XLOLCGQM_0_5,44731344_SXKPVCFE_XLOLCGQM_0,CKMVQHUTCSSS,44731344_SXKPVCFE_XLOLCGQM_0_5,44731344_SXKPVCFE_XLOLCGQM_0,JOCUQRLPFDAQ,0
87821028_RWGIMNJG_DRXGSCTF_0_0,87821028_RWGIMNJG_DRXGSCTF_0,ZRNDTJVDRLTG,87821028_RWGIMNJG_DRXGSCTF_0_0,87821028_RWGIMNJG_DRXGSCTF_0,WTMKGTDPLTJV,0
87821028_RWGIMNJG_DRXGSCTF_0_1,87821028_RWGIMNJG_DRXGSCTF_0,ZRNDTJVDRLTG,87821028_RWGIMNJG_DRXGSCTF_0_1,87821028_RWGIMNJG_DRXGSCTF_0,WTMKGTDPLTJV,0
72908348_LJNFLUMT_SXKPVCFE_0_0,72908348_LJNFLUMT_SXKPVCFE_0,HALUZXCPXETW,72908348_LJNFLUMT_SXKPVCFE_0_0,72908348_LJNFLUMT_SXKPVCFE_0,ONLTDHRXPTIR,0
72908348_LJNFLUMT_SXKPVCFE_0_1,72908348_LJNFLUMT_SXKPVCFE_0,HALUZXCPXETW,72908348_LJNFLUMT_SXKPVCFE_0_1,72908348_LJNFLUMT_SXKPVCFE_0,ONLTDHRXPTIR,0
72908348_LJNFLUMT_SXKPVCFE_0_2,72908348_LJNFLUMT_SXKPVCFE_0,HALUZXCPXETW,72908348_LJNFLUMT_SXKPVCFE_0_2,72908348_LJNFLUMT_SXKPVCFE_0,ONLTDHRXPTIR,0
72908348_LJNFLUMT_SXKPVCFE_0_3,72908348_LJNFLUMT_SXKPVCFE_0,HALUZXCPXETW,72908348_LJNFLUMT_SXKPVCFE_0_3,72908348_LJNFLUMT_SXKPVCFE_0,ONLTDHRXPTIR,0
72908348_LJNFLUMT_SXKPVCFE_0_4,72908348_LJNFLUMT_SXKPVCFE_0,HALUZXCPXETW,72908348_LJNFLUMT_SXKPVCFE_0_4,72908348_LJNFLUMT_SXKPVCFE_0,ONLTDHRXPTIR,0
72908348_LJNFLUMT_SXKPVCFE_0_5,72908348_LJNFLUMT_SXKPVCFE_0,HALUZXCPXETW,72908348_LJNFLUMT_SXKPVCFE_0_5,72908348_LJNFLUMT_SXKPVCFE_0,ONLTDHRXPTIR,0
72908348_LJNFLUMT_SXKPVCFE_0_6,72908348_LJNFLUMT_SXKPVCFE_0,HALUZXCPXETW,72908348_LJNFLUMT_SXKPVCFE_0_6,72908348_LJNFLUMT_SXKPVCFE_0,ONLTDHRXPTIR,0
72908348_LJNFLUMT_SXKPVCFE_0_7,72908348_LJNFLUMT_SXKPVCFE_0,HALUZXCPXETW,72908348_LJNFLUMT_SXKPVCFE_0_7,72908348_LJNFLUMT_SXKPVCFE_0,ONLTDHRXPTIR,0
72908348_LJNFLUMT_SXKPVCFE_0_8,72908348_LJNFLUMT_SXKPVCFE_0,HALUZXCPXETW,72908348_LJNFLUMT_SXKPVCFE_0_8,72908348_LJNFLUMT_SXKPVCFE_0,ONLTDHRXPTIR,0
72908348_LJNFLUMT_SXKPVCFE_0_9,72908348_LJNFLUMT_SXKPVCFE_0,HALUZXCPXETW,72908348_LJNFLUMT_SXKPVCFE_0_9,72908348_LJNFLUMT_SXKPVCFE_0,ONLTDHRXPTIR,0
72908348_LJNFLUMT_SXKPVCFE_0_10,72908348_LJNFLUMT_SXKPVCFE_0,HALUZXCPXETW,72908348_LJNFLUMT_SXKPVCFE_0_10,72908348_LJNFLUMT_SXKPVCFE_0,ONLTDHRXPTIR,0
72908348_LJNFLUMT_SXKPVCFE_0_11,72908348_LJNFLUMT_SXKPVCFE_0,HALUZXCPXETW,72908348_LJNFLUMT_SXKPVCFE_0_11,72908348_LJNFLUMT_SXKPVCFE_0,ONLTDHRXPTIR,0
72908348_LJNFLUMT_SXKPVCFE_0_12,72908348_LJNFLUMT_SXKPVCFE_0,HALUZXCPXETW,72908348_LJNFLUMT_SXKPVCFE_0_12,72908348_LJNFLUMT_SXKPVCFE_0,ONLTDHRXPTIR,0
72908348_LJNFLUMT_SXKPVCFE_0_13,72908348_LJNFLUMT_SXKPVCFE_0,HALUZXCPXETW,72908348_LJNFLUMT_SXKPVCFE_0_13,72908348_LJNFLUMT_SXKPVCFE_0,ONLTDHRXPTIR,0
72908348_LJNFLUMT_SXKPVCFE_0_14,72908348_LJNFLUMT_SXKPVCFE_0,HALUZXCPXETW,72908348_LJNFLUMT_SXKPVCFE_0_14,72908348_LJNFLUMT_SXKPVCFE_0,ONLTDHRXPTIR,0
72908348_LJNFLUMT_SXKPVCFE_0_15,72908348_LJNFLUMT_SXKPVCFE_0,HALUZXCPXETW,72908348_LJNFLUMT_SXKPVCFE_0_15,72908348_LJNFLUMT_SXKPVCFE_0,ONLTDHRXPTIR,0
72908348_LJNFLUMT_SXKPVCFE_0_16,72908348_LJNFLUMT_SXKPVCFE_0,HALUZXCPXETW,72908348_LJNFLUMT_SXKPVCFE_0_16,72908348_LJNFLUMT_SXKPVCFE_0,ONLTDHRXPTIR,0
72908348_LJNFLUMT_SXKPVCFE_0_17,72908348_LJNFLUMT_SXKPVCFE_0,HALUZXCPXETW,72908348_LJNFLUMT_SXKPVCFE_0_17,72908348_LJNFLUMT_SXKPVCFE_0,ONLTDHRXPTIR,0
72908348_LJNFLUMT_SXKPVCFE_0_18,72908348_LJNFLUMT_SXKPVCFE_0,HALUZXCPXETW,72908348_LJNFLUMT_SXKPVCFE_0_18,72908348_LJNFLUMT_SXKPVCFE_0,ONLTDHRXPTIR,0
72908348_LJNFLUMT_SXKPVCFE_0_19,72908348_LJNFLUMT_SXKPVCFE_0,HALUZXCPXETW,72908348_LJNFLUMT_SXKPVCFE_0_19,72908348_LJNFLUMT_SXKPVCFE_0,ONLTDHRXPTIR,0
72908348_LJNFLUMT_SXKPVCFE_0_21,72908348_LJNFLUMT_SXKPVCFE_0,HALUZXCPXETW,72908348_LJNFLUMT_SXKPVCFE_0_21,72908348_LJNFLUMT_SXKPVCFE_0,ONLTDHRXPTIR,0
72908348_LJNFLUMT_SXKPVCFE_0_22,72908348_LJNFLUMT_SXKPVCFE_0,HALUZXCPXETW,72908348_LJNFLUMT_SXKPVCFE_0_22,72908348_LJNFLUMT_SXKPVCFE_0,ONLTDHRXPTIR,0
72908348_LJNFLUMT_SXKPVCFE_0_23,72908348_LJNFLUMT_SXKPVCFE_0,HALUZXCPXETW,72908348_LJNFLUMT_SXKPVCFE_0_23,72908348_LJNFLUMT_SXKPVCFE_0,ONLTDHRXPTIR,0
72908348_LJNFLUMT_SXKPVCFE_0_24,72908348_LJNFLUMT_SXKPVCFE_0,HALUZXCPXETW,72908348_LJNFLUMT_SXKPVCFE_0_24,72908348_LJNFLUMT_SXKPVCFE_0,ONLTDHRXPTIR,0
72908348_LJNFLUMT_SXKPVCFE_0_25,72908348_LJNFLUMT_SXKPVCFE_0,HALUZXCPXETW,72908348_LJNFLUMT_SXKPVCFE_0_25,72908348_LJNFLUMT_SXKPVCFE_0,ONLTDHRXPTIR,0
72908348_LJNFLUMT_SXKPVCFE_0_26,72908348_LJNFLUMT_SXKPVCFE_0,HALUZXCPXETW,72908348_LJNFLUMT_SXKPVCFE_0_26,72908348_LJNFLUMT_SXKPVCFE_0,ONLTDHRXPTIR,0
72908348_LJNFLUMT_SXKPVCFE_0_27,72908348_LJNFLUMT_SXKPVCFE_0,HALUZXCPXETW,72908348_LJNFLUMT_SXKPVCFE_0_27,72908348_LJNFLUMT_SXKPVCFE_0,ONLTDHRXPTIR,0
72908348_LJNFLUMT_SXKPVCFE_0_28,72908348_LJNFLUMT_SXKPVCFE_0,HALUZXCPXETW,72908348_LJNFLUMT_SXKPVCFE_0_28,72908348_LJNFLUMT_SXKPVCFE_0,ONLTDHRXPTIR,0
72908348_LJNFLUMT_SXKPVCFE_0_29,72908348_LJNFLUMT_SXKPVCFE_0,HALUZXCPXETW,72908348_LJNFLUMT_SXKPVCFE_0_29,72908348_LJNFLUMT_SXKPVCFE_0,ONLTDHRXPTIR,0
72908348_LJNFLUMT_SXKPVCFE_0_30,72908348_LJNFLUMT_SXKPVCFE_0,HALUZXCPXETW,72908348_LJNFLUMT_SXKPVCFE_0_30,72908348_LJNFLUMT_SXKPVCFE_0,ONLTDHRXPTIR,0
72908348_LJNFLUMT_SXKPVCFE_0_31,72908348_LJNFLUMT_SXKPVCFE_0,HALUZXCPXETW,72908348_LJNFLUMT_SXKPVCFE_0_31,72908348_LJNFLUMT_SXKPVCFE_0,ONLTDHRXPTIR,0
72908348_LJNFLUMT_SXKPVCFE_0_32,72908348_LJNFLUMT_SXKPVCFE_0,HALUZXCPXETW,72908348_LJNFLUMT_SXKPVCFE_0_32,72908348_LJNFLUMT_SXKPVCFE_0,ONLTDHRXPTIR,0
72908348_LJNFLUMT_SXKPVCFE_0_33,72908348_LJNFLUMT_SXKPVCFE_0,HALUZXCPXETW,72908348_LJNFLUMT_SXKPVCFE_0_33,72908348_LJNFLUMT_SXKPVCFE_0,ONLTDHRXPTIR,0
72908348_LJNFLUMT_SXKPVCFE_0_34,72908348_LJNFLUMT_SXKPVCFE_0,HALUZXCPXETW,72908348_LJNFLUMT_SXKPVCFE_0_34,72908348_LJNFLUMT_SXKPVCFE_0,ONLTDHRXPTIR,0
72908348_LJNFLUMT_SXKPVCFE_0_35,72908348_LJNFLUMT_SXKPVCFE_0,HALUZXCPXETW,72908348_LJNFLUMT_SXKPVCFE_0_35,72908348_LJNFLUMT_SXKPVCFE_0,ONLTDHRXPTIR,0
72908348_LJNFLUMT_SXKPVCFE_0_36,72908348_LJNFLUMT_SXKPVCFE_0,HALUZXCPXETW,72908348_LJNFLUMT_SXKPVCFE_0_36,72908348_LJNFLUMT_SXKPVCFE_0,ONLTDHRXPTIR,0
72908348_LJNFLUMT_SXKPVCFE_0_37,72908348_LJNFLUMT_SXKPVCFE_0,HALUZXCPXETW,72908348_LJNFLUMT_SXKPVCFE_0_37,72908348_LJNFLUMT_SXKPVCFE_0,ONLTDHRXPTIR,0
72908348_LJNFLUMT_SXKPVCFE_0_38,72908348_LJNFLUMT_SXKPVCFE_0,HALUZXCPXETW,72908348_LJNFLUMT_SXKPVCFE_0_38,72908348_LJNFLUMT_SXKPVCFE_0,ONLTDHRXPTIR,0
72908348_LJNFLUMT_SXKPVCFE_0_40,72908348_LJNFLUMT_SXKPVCFE_0,HALUZXCPXETW,72908348_LJNFLUMT_SXKPVCFE_0_40,72908348_LJNFLUMT_SXKPVCFE_0,ONLTDHRXPTIR,0
72908348_LJNFLUMT_SXKPVCFE_0_41,72908348_LJNFLUMT_SXKPVCFE_0,HALUZXCPXETW,72908348_LJNFLUMT_SXKPVCFE_0_41,72908348_LJNFLUMT_SXKPVCFE_0,ONLTDHRXPTIR,0
72908348_LJNFLUMT_SXKPVCFE_0_43,72908348_LJNFLUMT_SXKPVCFE_0,HALUZXCPXETW,72908348_LJNFLUMT_SXKPVCFE_0_43,72908348_LJNFLUMT_SXKPVCFE_0,ONLTDHRXPTIR,0
72908348_LJNFLUMT_SXKPVCFE_0_44,72908348_LJNFLUMT_SXKPVCFE_0,HALUZXCPXETW,72908348_LJNFLUMT_SXKPVCFE_0_44,72908348_LJNFLUMT_SXKPVCFE_0,ONLTDHRXPTIR,0
72908348_LJNFLUMT_SXKPVCFE_0_45,72908348_LJNFLUMT_SXKPVCFE_0,HALUZXCPXETW,72908348_LJNFLUMT_SXKPVCFE_0_45,72908348_LJNFLUMT_SXKPVCFE_0,ONLTDHRXPTIR,0
14866993_BUTRLQEX_KUHPVHRW_0_0,14866993_BUTRLQEX_KUHPVHRW_0,JXBWMMYOUCIK,14866993_BUTRLQEX_KUHPVHRW_0_0,14866993_BUTRLQEX_KUHPVHRW_0,DRSLLHUYAKQV,0
14866993_BUTRLQEX_KUHPVHRW_0_1,14866993_BUTRLQEX_KUHPVHRW_0,JXBWMMYOUCIK,14866993_BUTRLQEX_KUHPVHRW_0_1,14866993_BUTRLQEX_KUHPVHRW_0,DRSLLHUYAKQV,0
14866993_BUTRLQEX_KUHPVHRW_0_2,14866993_BUTRLQEX_KUHPVHRW_0,JXBWMMYOUCIK,14866993_BUTRLQEX_KUHPVHRW_0_2,14866993_BUTRLQEX_KUHPVHRW_0,DRSLLHUYAKQV,0
14866993_BUTRLQEX_KUHPVHRW_0_3,14866993_BUTRLQEX_KUHPVHRW_0,JXBWMMYOUCIK,14866993_BUTRLQEX_KUHPVHRW_0_3,14866993_BUTRLQEX_KUHPVHRW_0,DRSLLHUYAKQV,0
14866993_BUTRLQEX_KUHPVHRW_0_4,14866993_BUTRLQEX_KUHPVHRW_0,JXBWMMYOUCIK,14866993_BUTRLQEX_KUHPVHRW_0_4,14866993_BUTRLQEX_KUHPVHRW_0,DRSLLHUYAKQV,0
14866993_BUTRLQEX_KUHPVHRW_0_5,14866993_BUTRLQEX_KUHPVHRW_0,JXBWMMYOUCIK,14866993_BUTRLQEX_KUHPVHRW_0_5,14866993_BUTRLQEX_KUHPVHRW_0,DRSLLHUYAKQV,0
14866993_BUTRLQEX_KUHPVHRW_0_6,14866993_BUTRLQEX_KUHPVHRW_0,JXBWMMYOUCIK,14866993_BUTRLQEX_KUHPVHRW_0_6,14866993_BUTRLQEX_KUHPVHRW_0,DRSLLHUYAKQV,0
14866993_BUTRLQEX_KUHPVHRW_0_7,14866993_BUTRLQEX_KUHPVHRW_0,JXBWMMYOUCIK,14866993_BUTRLQEX_KUHPVHRW_0_7,14866993_BUTRLQEX_KUHPVHRW_0,DRSLLHUYAKQV,0
14866993_BUTRLQEX_KUHPVHRW_0_8,14866993_BUTRLQEX_KUHPVHRW_0,JXBWMMYOUCIK,14866993_BUTRLQEX_KUHPVHRW_0_8,14866993_BUTRLQEX_KUHPVHRW_0,DRSLLHUYAKQV,0
14866993_BUTRLQEX_KUHPVHRW_0_9,14866993_BUTRLQEX_KUHPVHRW_0,JXBWMMYOUCIK,14866993_BUTRLQEX_KUHPVHRW_0_9,14866993_BUTRLQEX_KUHPVHRW_0,DRSLLHUYAKQV,0
14866993_BUTRLQEX_KUHPVHRW_0_10,14866993_BUTRLQEX_KUHPVHRW_0,JXBWMMYOUCIK,14866993_BUTRLQEX_KUHPVHRW_0_10,14866993_BUTRLQEX_KUHPVHRW_0,DRSLLHUYAKQV,1
14866993_BUTRLQEX_KUHPVHRW_0_11,14866993_BUTRLQEX_KUHPVHRW_0,JXBWMMYOUCIK,14866993_BUTRLQEX_KUHPVHRW_0_11,14866993_BUTRLQEX_KUHPVHRW_0,DRSLLHUYAKQV,0
14866993_BUTRLQEX_KUHPVHRW_0_13,14866993_BUTRLQEX_KUHPVHRW_0,JXBWMMYOUCIK,14866993_BUTRLQEX_KUHPVHRW_0_13,14866993_BUTRLQEX_KUHPVHRW_0,DRSLLHUYAKQV,0
14866993_BUTRLQEX_KUHPVHRW_0_14,14866993_BUTRLQEX_KUHPVHRW_0,JXBWMMYOUCIK,14866993_BUTRLQEX_KUHPVHRW_0_14,14866993_BUTRLQEX_KUHPVHRW_0,DRSLLHUYAKQV,0
14866993_ERHJXOIL_MYHFUROV_0_0,14866993_ERHJXOIL_MYHFUROV_0,JXBWMMYOUCIK,14866993_ERHJXOIL_MYHFUROV_0_0,14866993_ERHJXOIL_MYHFUROV_0,DRSLLHUYAKQV,0
14866993_ERHJXOIL_MYHFUROV_0_1,14866993_ERHJXOIL_MYHFUROV_0,JXBWMMYOUCIK,14866993_ERHJXOIL_MYHFUROV_0_1,14866993_ERHJXOIL_MYHFUROV_0,DRSLLHUYAKQV,0
14866993_ERHJXOIL_MYHFUROV_0_2,14866993_ERHJXOIL_MYHFUROV_0,JXBWMMYOUCIK,14866993_ERHJXOIL_MYHFUROV_0_2,14866993_ERHJXOIL_MYHFUROV_0,DRSLLHUYAKQV,0
14866993_ERHJXOIL_MYHFUROV_0_3,14866993_ERHJXOIL_MYHFUROV_0,JXBWMMYOUCIK,14866993_ERHJXOIL_MYHFUROV_0_3,14866993_ERHJXOIL_MYHFUROV_0,DRSLLHUYAKQV,0
14866993_ERHJXOIL_MYHFUROV_0_4,14866993_ERHJXOIL_MYHFUROV_0,JXBWMMYOUCIK,14866993_ERHJXOIL_MYHFUROV_0_4,14866993_ERHJXOIL_MYHFUROV_0,DRSLLHUYAKQV,0
14866993_ERHJXOIL_MYHFUROV_0_5,14866993_ERHJXOIL_MYHFUROV_0,JXBWMMYOUCIK,14866993_ERHJXOIL_MYHFUROV_0_5,14866993_ERHJXOIL_MYHFUROV_0,DRSLLHUYAKQV,0
14866993_ERHJXOIL_MYHFUROV_0_6,14866993_ERHJXOIL_MYHFUROV_0,JXBWMMYOUCIK,14866993_ERHJXOIL_MYHFUROV_0_6,14866993_ERHJXOIL_MYHFUROV_0,DRSLLHUYAKQV,0
14866993_ERHJXOIL_MYHFUROV_0_7,14866993_ERHJXOIL_MYHFUROV_0,JXBWMMYOUCIK,14866993_ERHJXOIL_MYHFUROV_0_7,14866993_ERHJXOIL_MYHFUROV_0,DRSLLHUYAKQV,0
14866993_ERHJXOIL_MYHFUROV_0_8,14866993_ERHJXOIL_MYHFUROV_0,JXBWMMYOUCIK,14866993_ERHJXOIL_MYHFUROV_0_8,14866993_ERHJXOIL_MYHFUROV_0,DRSLLHUYAKQV,0
14866993_ERHJXOIL_MYHFUROV_0_9,14866993_ERHJXOIL_MYHFUROV_0,JXBWMMYOUCIK,14866993_ERHJXOIL_MYHFUROV_0_9,14866993_ERHJXOIL_MYHFUROV_0,DRSLLHUYAKQV,0
14866993_ERHJXOIL_MYHFUROV_0_10,14866993_ERHJXOIL_MYHFUROV_0,JXBWMMYOUCIK,14866993_ERHJXOIL_MYHFUROV_0_10,14866993_ERHJXOIL_MYHFUROV_0,DRSLLHUYAKQV,0
14866993_ERHJXOIL_MYHFUROV_0_11,14866993_ERHJXOIL_MYHFUROV_0,JXBWMMYOUCIK,14866993_ERHJXOIL_MYHFUROV_0_11,14866993_ERHJXOIL_MYHFUROV_0,DRSLLHUYAKQV,0
14866993_ERHJXOIL_MYHFUROV_0_12,14866993_ERHJXOIL_MYHFUROV_0,JXBWMMYOUCIK,14866993_ERHJXOIL_MYHFUROV_0_12,14866993_ERHJXOIL_MYHFUROV_0,DRSLLHUYAKQV,0
14866993_ERHJXOIL_MYHFUROV_0_13,14866993_ERHJXOIL_MYHFUROV_0,JXBWMMYOUCIK,14866993_ERHJXOIL_MYHFUROV_0_13,14866993_ERHJXOIL_MYHFUROV_0,DRSLLHUYAKQV,0
14866993_ERHJXOIL_MYHFUROV_0_14,14866993_ERHJXOIL_MYHFUROV_0,JXBWMMYOUCIK,14866993_ERHJXOIL_MYHFUROV_0_14,14866993_ERHJXOIL_MYHFUROV_0,DRSLLHUYAKQV,0
14866993_ERHJXOIL_MYHFUROV_0_15,14866993_ERHJXOIL_MYHFUROV_0,JXBWMMYOUCIK,14866993_ERHJXOIL_MYHFUROV_0_15,14866993_ERHJXOIL_MYHFUROV_0,DRSLLHUYAKQV,0
14866993_ERHJXOIL_MYHFUROV_0_16,14866993_ERHJXOIL_MYHFUROV_0,JXBWMMYOUCIK,14866993_ERHJXOIL_MYHFUROV_0_16,14866993_ERHJXOIL_MYHFUROV_0,DRSLLHUYAKQV,0
14866993_ERHJXOIL_MYHFUROV_0_17,14866993_ERHJXOIL_MYHFUROV_0,JXBWMMYOUCIK,14866993_ERHJXOIL_MYHFUROV_0_17,14866993_ERHJXOIL_MYHFUROV_0,DRSLLHUYAKQV,0
14866993_ERHJXOIL_MYHFUROV_0_18,14866993_ERHJXOIL_MYHFUROV_0,JXBWMMYOUCIK,14866993_ERHJXOIL_MYHFUROV_0_18,14866993_ERHJXOIL_MYHFUROV_0,DRSLLHUYAKQV,0
14866993_ERHJXOIL_MYHFUROV_0_19,14866993_ERHJXOIL_MYHFUROV_0,JXBWMMYOUCIK,14866993_ERHJXOIL_MYHFUROV_0_19,14866993_ERHJXOIL_MYHFUROV_0,DRSLLHUYAKQV,0
14866993_ERHJXOIL_MYHFUROV_0_20,14866993_ERHJXOIL_MYHFUROV_0,JXBWMMYOUCIK,14866993_ERHJXOIL_MYHFUROV_0_20,14866993_ERHJXOIL_MYHFUROV_0,DRSLLHUYAKQV,0
14866993_ERHJXOIL_MYHFUROV_0_21,14866993_ERHJXOIL_MYHFUROV_0,JXBWMMYOUCIK,14866993_ERHJXOIL_MYHFUROV_0_21,14866993_ERHJXOIL_MYHFUROV_0,DRSLLHUYAKQV,0
14866993_ERHJXOIL_MYHFUROV_0_22,14866993_ERHJXOIL_MYHFUROV_0,JXBWMMYOUCIK,14866993_ERHJXOIL_MYHFUROV_0_22,14866993_ERHJXOIL_MYHFUROV_0,DRSLLHUYAKQV,0
14866993_ERHJXOIL_MYHFUROV_0_23,14866993_ERHJXOIL_MYHFUROV_0,JXBWMMYOUCIK,14866993_ERHJXOIL_MYHFUROV_0_23,14866993_ERHJXOIL_MYHFUROV_0,DRSLLHUYAKQV,0
14866993_ACGWBSOA_ISUHMPLZ_0_0,14866993_ACGWBSOA_ISUHMPLZ_0,JXBWMMYOUCIK,14866993_ACGWBSOA_ISUHMPLZ_0_0,14866993_ACGWBSOA_ISUHMPLZ_0,DRSLLHUYAKQV,0
14866993_ACGWBSOA_ISUHMPLZ_0_1,14866993_ACGWBSOA_ISUHMPLZ_0,JXBWMMYOUCIK,14866993_ACGWBSOA_ISUHMPLZ_0_1,14866993_ACGWBSOA_ISUHMPLZ_0,DRSLLHUYAKQV,0
14866993_ACGWBSOA_ISUHMPLZ_0_2,14866993_ACGWBSOA_ISUHMPLZ_0,JXBWMMYOUCIK,14866993_ACGWBSOA_ISUHMPLZ_0_2,14866993_ACGWBSOA_ISUHMPLZ_0,DRSLLHUYAKQV,0
14866993_ACGWBSOA_ISUHMPLZ_0_3,14866993_ACGWBSOA_ISUHMPLZ_0,JXBWMMYOUCIK,14866993_ACGWBSOA_ISUHMPLZ_0_3,14866993_ACGWBSOA_ISUHMPLZ_0,DRSLLHUYAKQV,0
14866993_ACGWBSOA_ISUHMPLZ_0_4,14866993_ACGWBSOA_ISUHMPLZ_0,JXBWMMYOUCIK,14866993_ACGWBSOA_ISUHMPLZ_0_4,14866993_ACGWBSOA_ISUHMPLZ_0,DRSLLHUYAKQV,1
58777643_DATFQLJO_MYHFUROV_0_0,58777643_DATFQLJO_MYHFUROV_0,BKWXOKMTVCCX,58777643_DATFQLJO_MYHFUROV_0_0,58777643_DATFQLJO_MYHFUROV_0,JDYHOIIWXZDD,0
58777643_DATFQLJO_MYHFUROV_0_1,58777643_DATFQLJO_MYHFUROV_0,BKWXOKMTVCCX,58777643_DATFQLJO_MYHFUROV_0_1,58777643_DATFQLJO_MYHFUROV_0,JDYHOIIWXZDD,0
58777643_DATFQLJO_MYHFUROV_0_2,58777643_DATFQLJO_MYHFUROV_0,BKWXOKMTVCCX,58777643_DATFQLJO_MYHFUROV_0_2,58777643_DATFQLJO_MYHFUROV_0,JDYHOIIWXZDD,0
58777643_DATFQLJO_MYHFUROV_0_3,58777643_DATFQLJO_MYHFUROV_0,BKWXOKMTVCCX,58777643_DATFQLJO_MYHFUROV_0_3,58777643_DATFQLJO_MYHFUROV_0,JDYHOIIWXZDD,0
58777643_DATFQLJO_MYHFUROV_0_4,58777643_DATFQLJO_MYHFUROV_0,BKWXOKMTVCCX,58777643_DATFQLJO_MYHFUROV_0_4,58777643_DATFQLJO_MYHFUROV_0,JDYHOIIWXZDD,0
58777643_DATFQLJO_MYHFUROV_0_5,58777643_DATFQLJO_MYHFUROV_0,BKWXOKMTVCCX,58777643_DATFQLJO_MYHFUROV_0_5,58777643_DATFQLJO_MYHFUROV_0,JDYHOIIWXZDD,0
58777643_DATFQLJO_MYHFUROV_0_6,58777643_DATFQLJO_MYHFUROV_0,BKWXOKMTVCCX,58777643_DATFQLJO_MYHFUROV_0_6,58777643_DATFQLJO_MYHFUROV_0,JDYHOIIWXZDD,0
58777643_DATFQLJO_MYHFUROV_0_7,58777643_DATFQLJO_MYHFUROV_0,BKWXOKMTVCCX,58777643_DATFQLJO_MYHFUROV_0_7,58777643_DATFQLJO_MYHFUROV_0,JDYHOIIWXZDD,0
58777643_DATFQLJO_MYHFUROV_0_8,58777643_DATFQLJO_MYHFUROV_0,BKWXOKMTVCCX,58777643_DATFQLJO_MYHFUROV_0_8,58777643_DATFQLJO_MYHFUROV_0,JDYHOIIWXZDD,0
58777643_DATFQLJO_MYHFUROV_0_9,58777643_DATFQLJO_MYHFUROV_0,BKWXOKMTVCCX,58777643_DATFQLJO_MYHFUROV_0_9,58777643_DATFQLJO_MYHFUROV_0,JDYHOIIWXZDD,0
58777643_DATFQLJO_MYHFUROV_0_10,58777643_DATFQLJO_MYHFUROV_0,BKWXOKMTVCCX,58777643_DATFQLJO_MYHFUROV_0_10,58777643_DATFQLJO_MYHFUROV_0,JDYHOIIWXZDD,0
58777643_DATFQLJO_MYHFUROV_0_11,58777643_DATFQLJO_MYHFUROV_0,BKWXOKMTVCCX,58777643_DATFQLJO_MYHFUROV_0_11,58777643_DATFQLJO_MYHFUROV_0,JDYHOIIWXZDD,0
58777643_DATFQLJO_MYHFUROV_0_12,58777643_DATFQLJO_MYHFUROV_0,BKWXOKMTVCCX,58777643_DATFQLJO_MYHFUROV_0_12,58777643_DATFQLJO_MYHFUROV_0,JDYHOIIWXZDD,0
58777643_DATFQLJO_MYHFUROV_0_13,58777643_DATFQLJO_MYHFUROV_0,BKWXOKMTVCCX,58777643_DATFQLJO_MYHFUROV_0_13,58777643_DATFQLJO_MYHFUROV_0,JDYHOIIWXZDD,0
58777643_DATFQLJO_MYHFUROV_0_14,58777643_DATFQLJO_MYHFUROV_0,BKWXOKMTVCCX,58777643_DATFQLJO_MYHFUROV_0_14,58777643_DATFQLJO_MYHFUROV_0,JDYHOIIWXZDD,0
58777643_DATFQLJO_MYHFUROV_0_16,58777643_DATFQLJO_MYHFUROV_0,BKWXOKMTVCCX,58777643_DATFQLJO_MYHFUROV_0_16,58777643_DATFQLJO_MYHFUROV_0,JDYHOIIWXZDD,0
58777643_DATFQLJO_MYHFUROV_0_17,58777643_DATFQLJO_MYHFUROV_0,BKWXOKMTVCCX,58777643_DATFQLJO_MYHFUROV_0_17,58777643_DATFQLJO_MYHFUROV_0,JDYHOIIWXZDD,0
58777643_DATFQLJO_MYHFUROV_0_18,58777643_DATFQLJO_MYHFUROV_0,BKWXOKMTVCCX,58777643_DATFQLJO_MYHFUROV_0_18,58777643_DATFQLJO_MYHFUROV_0,JDYHOIIWXZDD,0
58777643_DATFQLJO_MYHFUROV_0_19,58777643_DATFQLJO_MYHFUROV_0,BKWXOKMTVCCX,58777643_DATFQLJO_MYHFUROV_0_19,58777643_DATFQLJO_MYHFUROV_0,JDYHOIIWXZDD,0
58777643_DATFQLJO_MYHFUROV_0_20,58777643_DATFQLJO_MYHFUROV_0,BKWXOKMTVCCX,58777643_DATFQLJO_MYHFUROV_0_20,58777643_DATFQLJO_MYHFUROV_0,JDYHOIIWXZDD,1
58777643_DATFQLJO_MYHFUROV_0_21,58777643_DATFQLJO_MYHFUROV_0,BKWXOKMTVCCX,58777643_DATFQLJO_MYHFUROV_0_21,58777643_DATFQLJO_MYHFUROV_0,JDYHOIIWXZDD,0
58777643_DATFQLJO_MYHFUROV_0_22,58777643_DATFQLJO_MYHFUROV_0,BKWXOKMTVCCX,58777643_DATFQLJO_MYHFUROV_0_22,58777643_DATFQLJO_MYHFUROV_0,JDYHOIIWXZDD,0
58777643_DATFQLJO_MYHFUROV_0_23,58777643_DATFQLJO_MYHFUROV_0,BKWXOKMTVCCX,58777643_DATFQLJO_MYHFUROV_0_23,58777643_DATFQLJO_MYHFUROV_0,JDYHOIIWXZDD,0
58777643_DATFQLJO_MYHFUROV_0_24,58777643_DATFQLJO_MYHFUROV_0,BKWXOKMTVCCX,58777643_DATFQLJO_MYHFUROV_0_24,58777643_DATFQLJO_MYHFUROV_0,JDYHOIIWXZDD,0
58777643_DATFQLJO_MYHFUROV_0_25,58777643_DATFQLJO_MYHFUROV_0,BKWXOKMTVCCX,58777643_DATFQLJO_MYHFUROV_0_25,58777643_DATFQLJO_MYHFUROV_0,JDYHOIIWXZDD,0
58777643_DATFQLJO_MYHFUROV_0_26,58777643_DATFQLJO_MYHFUROV_0,BKWXOKMTVCCX,58777643_DATFQLJO_MYHFUROV_0_26,58777643_DATFQLJO_MYHFUROV_0,JDYHOIIWXZDD,0
58777643_DATFQLJO_MYHFUROV_0_27,58777643_DATFQLJO_MYHFUROV_0,BKWXOKMTVCCX,58777643_DATFQLJO_MYHFUROV_0_27,58777643_DATFQLJO_MYHFUROV_0,JDYHOIIWXZDD,0
58777643_DATFQLJO_MYHFUROV_0_29,58777643_DATFQLJO_MYHFUROV_0,BKWXOKMTVCCX,58777643_DATFQLJO_MYHFUROV_0_29,58777643_DATFQLJO_MYHFUROV_0,JDYHOIIWXZDD,0
58777643_DATFQLJO_MYHFUROV_0_31,58777643_DATFQLJO_MYHFUROV_0,BKWXOKMTVCCX,58777643_DATFQLJO_MYHFUROV_0_31,58777643_DATFQLJO_MYHFUROV_0,JDYHOIIWXZDD,0
58777643_DATFQLJO_MYHFUROV_0_32,58777643_DATFQLJO_MYHFUROV_0,BKWXOKMTVCCX,58777643_DATFQLJO_MYHFUROV_0_32,58777643_DATFQLJO_MYHFUROV_0,JDYHOIIWXZDD,0
58777643_DATFQLJO_MYHFUROV_0_33,58777643_DATFQLJO_MYHFUROV_0,BKWXOKMTVCCX,58777643_DATFQLJO_MYHFUROV_0_33,58777643_DATFQLJO_MYHFUROV_0,JDYHOIIWXZDD,0
58777643_DATFQLJO_MYHFUROV_0_34,58777643_DATFQLJO_MYHFUROV_0,BKWXOKMTVCCX,58777643_DATFQLJO_MYHFUROV_0_34,58777643_DATFQLJO_MYHFUROV_0,JDYHOIIWXZDD,0
58777643_DATFQLJO_MYHFUROV_0_35,58777643_DATFQLJO_MYHFUROV_0,BKWXOKMTVCCX,58777643_DATFQLJO_MYHFUROV_0_35,58777643_DATFQLJO_MYHFUROV_0,JDYHOIIWXZDD,0
58777643_DATFQLJO_MYHFUROV_0_36,58777643_DATFQLJO_MYHFUROV_0,BKWXOKMTVCCX,58777643_DATFQLJO_MYHFUROV_0_36,58777643_DATFQLJO_MYHFUROV_0,JDYHOIIWXZDD,0
58777643_DATFQLJO_MYHFUROV_0_37,58777643_DATFQLJO_MYHFUROV_0,BKWXOKMTVCCX,58777643_DATFQLJO_MYHFUROV_0_37,58777643_DATFQLJO_MYHFUROV_0,JDYHOIIWXZDD,0
58777643_DATFQLJO_MYHFUROV_0_38,58777643_DATFQLJO_MYHFUROV_0,BKWXOKMTVCCX,58777643_DATFQLJO_MYHFUROV_0_38,58777643_DATFQLJO_MYHFUROV_0,JDYHOIIWXZDD,0
58777643_MYHFUROV_ANJWABCD_0_0,58777643_MYHFUROV_ANJWABCD_0,BKWXOKMTVCCX,58777643_MYHFUROV_ANJWABCD_0_0,58777643_MYHFUROV_ANJWABCD_0,JDYHOIIWXZDD,0
58777643_MYHFUROV_ANJWABCD_0_1,58777643_MYHFUROV_ANJWABCD_0,BKWXOKMTVCCX,58777643_MYHFUROV_ANJWABCD_0_1,58777643_MYHFUROV_ANJWABCD_0,JDYHOIIWXZDD,0
58777643_MYHFUROV_ANJWABCD_0_2,58777643_MYHFUROV_ANJWABCD_0,BKWXOKMTVCCX,58777643_MYHFUROV_ANJWABCD_0_2,58777643_MYHFUROV_ANJWABCD_0,JDYHOIIWXZDD,0
58777643_MYHFUROV_ANJWABCD_0_3,58777643_MYHFUROV_ANJWABCD_0,BKWXOKMTVCCX,58777643_MYHFUROV_ANJWABCD_0_3,58777643_MYHFUROV_ANJWABCD_0,JDYHOIIWXZDD,1
58777643_MYHFUROV_ANJWABCD_0_4,58777643_MYHFUROV_ANJWABCD_0,BKWXOKMTVCCX,58777643_MYHFUROV_ANJWABCD_0_4,58777643_MYHFUROV_ANJWABCD_0,JDYHOIIWXZDD,0
58777643_MYHFUROV_ANJWABCD_0_5,58777643_MYHFUROV_ANJWABCD_0,BKWXOKMTVCCX,58777643_MYHFUROV_ANJWABCD_0_5,58777643_MYHFUROV_ANJWABCD_0,JDYHOIIWXZDD,0
58777643_MYHFUROV_ANJWABCD_0_6,58777643_MYHFUROV_ANJWABCD_0,BKWXOKMTVCCX,58777643_MYHFUROV_ANJWABCD_0_6,58777643_MYHFUROV_ANJWABCD_0,JDYHOIIWXZDD,0
58777643_MYHFUROV_ANJWABCD_0_7,58777643_MYHFUROV_ANJWABCD_0,BKWXOKMTVCCX,58777643_MYHFUROV_ANJWABCD_0_7,58777643_MYHFUROV_ANJWABCD_0,JDYHOIIWXZDD,0
58777643_MYHFUROV_ANJWABCD_0_8,58777643_MYHFUROV_ANJWABCD_0,BKWXOKMTVCCX,58777643_MYHFUROV_ANJWABCD_0_8,58777643_MYHFUROV_ANJWABCD_0,JDYHOIIWXZDD,1
58777643_MYHFUROV_ANJWABCD_0_9,58777643_MYHFUROV_ANJWABCD_0,BKWXOKMTVCCX,58777643_MYHFUROV_ANJWABCD_0_9,58777643_MYHFUROV_ANJWABCD_0,JDYHOIIWXZDD,0
58777643_MYHFUROV_ANJWABCD_0_10,58777643_MYHFUROV_ANJWABCD_0,BKWXOKMTVCCX,58777643_MYHFUROV_ANJWABCD_0_10,58777643_MYHFUROV_ANJWABCD_0,JDYHOIIWXZDD,0
58777643_MYHFUROV_ANJWABCD_0_11,58777643_MYHFUROV_ANJWABCD_0,BKWXOKMTVCCX,58777643_MYHFUROV_ANJWABCD_0_11,58777643_MYHFUROV_ANJWABCD_0,JDYHOIIWXZDD,0
58777643_MYHFUROV_ANJWABCD_0_12,58777643_MYHFUROV_ANJWABCD_0,BKWXOKMTVCCX,58777643_MYHFUROV_ANJWABCD_0_12,58777643_MYHFUROV_ANJWABCD_0,JDYHOIIWXZDD,0
58777643_MYHFUROV_ANJWABCD_0_13,58777643_MYHFUROV_ANJWABCD_0,BKWXOKMTVCCX,58777643_MYHFUROV_ANJWABCD_0_13,58777643_MYHFUROV_ANJWABCD_0,JDYHOIIWXZDD,0
58777643_MYHFUROV_ANJWABCD_0_14,58777643_MYHFUROV_ANJWABCD_0,BKWXOKMTVCCX,58777643_MYHFUROV_ANJWABCD_0_14,58777643_MYHFUROV_ANJWABCD_0,JDYHOIIWXZDD,0
58777643_MYHFUROV_ANJWABCD_0_15,58777643_MYHFUROV_ANJWABCD_0,BKWXOKMTVCCX,58777643_MYHFUROV_ANJWABCD_0_15,58777643_MYHFUROV_ANJWABCD_0,JDYHOIIWXZDD,0
58777643_MYHFUROV_ANJWABCD_0_16,58777643_MYHFUROV_ANJWABCD_0,BKWXOKMTVCCX,58777643_MYHFUROV_ANJWABCD_0_16,58777643_MYHFUROV_ANJWABCD_0,JDYHOIIWXZDD,0
58777643_YBGKQNGI_BUTRLQEX_0_0,58777643_YBGKQNGI_BUTRLQEX_0,BKWXOKMTVCCX,58777643_YBGKQNGI_BUTRLQEX_0_0,58777643_YBGKQNGI_BUTRLQEX_0,JDYHOIIWXZDD,0
58777643_YBGKQNGI_BUTRLQEX_0_1,58777643_YBGKQNGI_BUTRLQEX_0,BKWXOKMTVCCX,58777643_YBGKQNGI_BUTRLQEX_0_1,58777643_YBGKQNGI_BUTRLQEX_0,JDYHOIIWXZDD,0
58777643_YBGKQNGI_BUTRLQEX_0_2,58777643_YBGKQNGI_BUTRLQEX_0,BKWXOKMTVCCX,58777643_YBGKQNGI_BUTRLQEX_0_2,58777643_YBGKQNGI_BUTRLQEX_0,JDYHOIIWXZDD,0
58777643_YBGKQNGI_BUTRLQEX_0_3,58777643_YBGKQNGI_BUTRLQEX_0,BKWXOKMTVCCX,58777643_YBGKQNGI_BUTRLQEX_0_3,58777643_YBGKQNGI_BUTRLQEX_0,JDYHOIIWXZDD,0
58777643_YBGKQNGI_BUTRLQEX_0_4,58777643_YBGKQNGI_BUTRLQEX_0,BKWXOKMTVCCX,58777643_YBGKQNGI_BUTRLQEX_0_4,58777643_YBGKQNGI_BUTRLQEX_0,JDYHOIIWXZDD,0
58777643_YBGKQNGI_BUTRLQEX_0_5,58777643_YBGKQNGI_BUTRLQEX_0,BKWXOKMTVCCX,58777643_YBGKQNGI_BUTRLQEX_0_5,58777643_YBGKQNGI_BUTRLQEX_0,JDYHOIIWXZDD,0
58777643_YBGKQNGI_BUTRLQEX_0_6,58777643_YBGKQNGI_BUTRLQEX_0,BKWXOKMTVCCX,58777643_YBGKQNGI_BUTRLQEX_0_6,58777643_YBGKQNGI_BUTRLQEX_0,JDYHOIIWXZDD,1
58777643_YBGKQNGI_BUTRLQEX_0_7,58777643_YBGKQNGI_BUTRLQEX_0,BKWXOKMTVCCX,58777643_YBGKQNGI_BUTRLQEX_0_7,58777643_YBGKQNGI_BUTRLQEX_0,JDYHOIIWXZDD,0
58777643_YBGKQNGI_BUTRLQEX_0_8,58777643_YBGKQNGI_BUTRLQEX_0,BKWXOKMTVCCX,58777643_YBGKQNGI_BUTRLQEX_0_8,58777643_YBGKQNGI_BUTRLQEX_0,JDYHOIIWXZDD,0
58777643_YBGKQNGI_BUTRLQEX_0_9,58777643_YBGKQNGI_BUTRLQEX_0,BKWXOKMTVCCX,58777643_YBGKQNGI_BUTRLQEX_0_9,58777643_YBGKQNGI_BUTRLQEX_0,JDYHOIIWXZDD,0
58777643_YBGKQNGI_BUTRLQEX_0_10,58777643_YBGKQNGI_BUTRLQEX_0,BKWXOKMTVCCX,58777643_YBGKQNGI_BUTRLQEX_0_10,58777643_YBGKQNGI_BUTRLQEX_0,JDYHOIIWXZDD,0
62591433_SXKPVCFE_TLOSLTMS_0_0,62591433_SXKPVCFE_TLOSLTMS_0,QCIXJGYIIJDP,62591433_SXKPVCFE_TLOSLTMS_0_0,62591433_SXKPVCFE_TLOSLTMS_0,NKMWALUKREUN,0
62591433_SXKPVCFE_TLOSLTMS_0_1,62591433_SXKPVCFE_TLOSLTMS_0,QCIXJGYIIJDP,62591433_SXKPVCFE_TLOSLTMS_0_1,62591433_SXKPVCFE_TLOSLTMS_0,NKMWALUKREUN,0
62591433_SXKPVCFE_TLOSLTMS_0_2,62591433_SXKPVCFE_TLOSLTMS_0,QCIXJGYIIJDP,62591433_SXKPVCFE_TLOSLTMS_0_2,62591433_SXKPVCFE_TLOSLTMS_0,NKMWALUKREUN,0
62591433_SXKPVCFE_TLOSLTMS_0_3,62591433_SXKPVCFE_TLOSLTMS_0,QCIXJGYIIJDP,62591433_SXKPVCFE_TLOSLTMS_0_3,62591433_SXKPVCFE_TLOSLTMS_0,NKMWALUKREUN,0
62591433_SXKPVCFE_TLOSLTMS_0_4,62591433_SXKPVCFE_TLOSLTMS_0,QCIXJGYIIJDP,62591433_SXKPVCFE_TLOSLTMS_0_4,62591433_SXKPVCFE_TLOSLTMS_0,NKMWALUKREUN,0
62591433_SXKPVCFE_TLOSLTMS_0_5,62591433_SXKPVCFE_TLOSLTMS_0,QCIXJGYIIJDP,62591433_SXKPVCFE_TLOSLTMS_0_5,62591433_SXKPVCFE_TLOSLTMS_0,NKMWALUKREUN,0
62591433_SXKPVCFE_TLOSLTMS_0_6,62591433_SXKPVCFE_TLOSLTMS_0,QCIXJGYIIJDP,62591433_SXKPVCFE_TLOSLTMS_0_6,62591433_SXKPVCFE_TLOSLTMS_0,NKMWALUKREUN,0
62591433_SXKPVCFE_TLOSLTMS_0_7,62591433_SXKPVCFE_TLOSLTMS_0,QCIXJGYIIJDP,62591433_SXKPVCFE_TLOSLTMS_0_7,62591433_SXKPVCFE_TLOSLTMS_0,NKMWALUKREUN,0
62591433_SXKPVCFE_TLOSLTMS_0_8,62591433_SXKPVCFE_TLOSLTMS_0,QCIXJGYIIJDP,62591433_SXKPVCFE_TLOSLTMS_0_8,62591433_SXKPVCFE_TLOSLTMS_0,NKMWALUKREUN,0
62591433_SXKPVCFE_TLOSLTMS_0_9,62591433_SXKPVCFE_TLOSLTMS_0,QCIXJGYIIJDP,62591433_SXKPVCFE_TLOSLTMS_0_9,62591433_SXKPVCFE_TLOSLTMS_0,NKMWALUKREUN,0
62591433_SXKPVCFE_TLOSLTMS_0_10,62591433_SXKPVCFE_TLOSLTMS_0,QCIXJGYIIJDP,62591433_SXKPVCFE_TLOSLTMS_0_10,62591433_SXKPVCFE_TLOSLTMS_0,NKMWALUKREUN,0
62591433_SXKPVCFE_TLOSLTMS_0_11,62591433_SXKPVCFE_TLOSLTMS_0,QCIXJGYIIJDP,62591433_SXKPVCFE_TLOSLTMS_0_11,62591433_SXKPVCFE_TLOSLTMS_0,NKMWALUKREUN,0
87880809_LJNFLUMT_SWIOJTSM_0_0,87880809_LJNFLUMT_SWIOJTSM_0,AEXXGGJVBCJX,87880809_LJNFLUMT_SWIOJTSM_0_0,87880809_LJNFLUMT_SWIOJTSM_0,AXIUDYJEBFTJ,0
87880809_LJNFLUMT_SWIOJTSM_0_1,87880809_LJNFLUMT_SWIOJTSM_0,AEXXGGJVBCJX,87880809_LJNFLUMT_SWIOJTSM_0_1,87880809_LJNFLUMT_SWIOJTSM_0,AXIUDYJEBFTJ,0
87880809_LJNFLUMT_SWIOJTSM_0_2,87880809_LJNFLUMT_SWIOJTSM_0,AEXXGGJVBCJX,87880809_LJNFLUMT_SWIOJTSM_0_2,87880809_LJNFLUMT_SWIOJTSM_0,AXIUDYJEBFTJ,0
87880809_LJNFLUMT_SWIOJTSM_0_3,87880809_LJNFLUMT_SWIOJTSM_0,AEXXGGJVBCJX,87880809_LJNFLUMT_SWIOJTSM_0_3,87880809_LJNFLUMT_SWIOJTSM_0,AXIUDYJEBFTJ,0
87880809_LJNFLUMT_SWIOJTSM_0_4,87880809_LJNFLUMT_SWIOJTSM_0,AEXXGGJVBCJX,87880809_LJNFLUMT_SWIOJTSM_0_4,87880809_LJNFLUMT_SWIOJTSM_0,AXIUDYJEBFTJ,0
87880809_LJNFLUMT_SWIOJTSM_0_5,87880809_LJNFLUMT_SWIOJTSM_0,AEXXGGJVBCJX,87880809_LJNFLUMT_SWIOJTSM_0_5,87880809_LJNFLUMT_SWIOJTSM_0,AXIUDYJEBFTJ,0
87880809_LJNFLUMT_SWIOJTSM_0_6,87880809_LJNFLUMT_SWIOJTSM_0,AEXXGGJVBCJX,87880809_LJNFLUMT_SWIOJTSM_0_6,87880809_LJNFLUMT_SWIOJTSM_0,AXIUDYJEBFTJ,0
87880809_LJNFLUMT_SWIOJTSM_0_7,87880809_LJNFLUMT_SWIOJTSM_0,AEXXGGJVBCJX,87880809_LJNFLUMT_SWIOJTSM_0_7,87880809_LJNFLUMT_SWIOJTSM_0,AXIUDYJEBFTJ,0
87880809_LJNFLUMT_SWIOJTSM_0_8,87880809_LJNFLUMT_SWIOJTSM_0,AEXXGGJVBCJX,87880809_LJNFLUMT_SWIOJTSM_0_8,87880809_LJNFLUMT_SWIOJTSM_0,AXIUDYJEBFTJ,0
87880809_LJNFLUMT_SWIOJTSM_0_9,87880809_LJNFLUMT_SWIOJTSM_0,AEXXGGJVBCJX,87880809_LJNFLUMT_SWIOJTSM_0_9,87880809_LJNFLUMT_SWIOJTSM_0,AXIUDYJEBFTJ,0
87880809_LJNFLUMT_SWIOJTSM_0_10,87880809_LJNFLUMT_SWIOJTSM_0,AEXXGGJVBCJX,87880809_LJNFLUMT_SWIOJTSM_0_10,87880809_LJNFLUMT_SWIOJTSM_0,AXIUDYJEBFTJ,0
87880809_LJNFLUMT_SWIOJTSM_0_11,87880809_LJNFLUMT_SWIOJTSM_0,AEXXGGJVBCJX,87880809_LJNFLUMT_SWIOJTSM_0_11,87880809_LJNFLUMT_SWIOJTSM_0,AXIUDYJEBFTJ,0
87880809_LJNFLUMT_SWIOJTSM_0_12,87880809_LJNFLUMT_SWIOJTSM_0,AEXXGGJVBCJX,87880809_LJNFLUMT_SWIOJTSM_0_12,87880809_LJNFLUMT_SWIOJTSM_0,AXIUDYJEBFTJ,0
87880809_LJNFLUMT_SWIOJTSM_0_13,87880809_LJNFLUMT_SWIOJTSM_0,AEXXGGJVBCJX,87880809_LJNFLUMT_SWIOJTSM_0_13,87880809_LJNFLUMT_SWIOJTSM_0,AXIUDYJEBFTJ,0
87880809_LJNFLUMT_SWIOJTSM_0_14,87880809_LJNFLUMT_SWIOJTSM_0,AEXXGGJVBCJX,87880809_LJNFLUMT_SWIOJTSM_0_14,87880809_LJNFLUMT_SWIOJTSM_0,AXIUDYJEBFTJ,0
87880809_LJNFLUMT_SWIOJTSM_0_15,87880809_LJNFLUMT_SWIOJTSM_0,AEXXGGJVBCJX,87880809_LJNFLUMT_SWIOJTSM_0_15,87880809_LJNFLUMT_SWIOJTSM_0,AXIUDYJEBFTJ,0
87880809_LJNFLUMT_SWIOJTSM_0_16,87880809_LJNFLUMT_SWIOJTSM_0,AEXXGGJVBCJX,87880809_LJNFLUMT_SWIOJTSM_0_16,87880809_LJNFLUMT_SWIOJTSM_0,AXIUDYJEBFTJ,0
82375114_BPORINGO_SXKPVCFE_0_0,82375114_BPORINGO_SXKPVCFE_0,TRGRJTNEAIEO,82375114_BPORINGO_SXKPVCFE_0_0,82375114_BPORINGO_SXKPVCFE_0,ZSGCCATIPCUH,0
82375114_BPORINGO_SXKPVCFE_0_1,82375114_BPORINGO_SXKPVCFE_0,TRGRJTNEAIEO,82375114_BPORINGO_SXKPVCFE_0_1,82375114_BPORINGO_SXKPVCFE_0,ZSGCCATIPCUH,0
82375114_BPORINGO_SXKPVCFE_0_2,82375114_BPORINGO_SXKPVCFE_0,TRGRJTNEAIEO,82375114_BPORINGO_SXKPVCFE_0_2,82375114_BPORINGO_SXKPVCFE_0,ZSGCCATIPCUH,0
82375114_BPORINGO_SXKPVCFE_0_3,82375114_BPORINGO_SXKPVCFE_0,TRGRJTNEAIEO,82375114_BPORINGO_SXKPVCFE_0_3,82375114_BPORINGO_SXKPVCFE_0,ZSGCCATIPCUH,0
82375114_BPORINGO_SXKPVCFE_0_4,82375114_BPORINGO_SXKPVCFE_0,TRGRJTNEAIEO,82375114_BPORINGO_SXKPVCFE_0_4,82375114_BPORINGO_SXKPVCFE_0,ZSGCCATIPCUH,0
82375114_BPORINGO_SXKPVCFE_0_5,82375114_BPORINGO_SXKPVCFE_0,TRGRJTNEAIEO,82375114_BPORINGO_SXKPVCFE_0_5,82375114_BPORINGO_SXKPVCFE_0,ZSGCCATIPCUH,0
82375114_BPORINGO_SXKPVCFE_0_6,82375114_BPORINGO_SXKPVCFE_0,TRGRJTNEAIEO,82375114_BPORINGO_SXKPVCFE_0_6,82375114_BPORINGO_SXKPVCFE_0,ZSGCCATIPCUH,0
82375114_BPORINGO_SXKPVCFE_0_7,82375114_BPORINGO_SXKPVCFE_0,TRGRJTNEAIEO,82375114_BPORINGO_SXKPVCFE_0_7,82375114_BPORINGO_SXKPVCFE_0,ZSGCCATIPCUH,0
82375114_BPORINGO_SXKPVCFE_0_8,82375114_BPORINGO_SXKPVCFE_0,TRGRJTNEAIEO,82375114_BPORINGO_SXKPVCFE_0_8,82375114_BPORINGO_SXKPVCFE_0,ZSGCCATIPCUH,0
82375114_BPORINGO_SXKPVCFE_0_9,82375114_BPORINGO_SXKPVCFE_0,TRGRJTNEAIEO,82375114_BPORINGO_SXKPVCFE_0_9,82375114_BPORINGO_SXKPVCFE_0,ZSGCCATIPCUH,0
82375114_BPORINGO_SXKPVCFE_0_10,82375114_BPORINGO_SXKPVCFE_0,TRGRJTNEAIEO,82375114_BPORINGO_SXKPVCFE_0_10,82375114_BPORINGO_SXKPVCFE_0,ZSGCCATIPCUH,0
82375114_BPORINGO_SXKPVCFE_0_11,82375114_BPORINGO_SXKPVCFE_0,TRGRJTNEAIEO,82375114_BPORINGO_SXKPVCFE_0_11,82375114_BPORINGO_SXKPVCFE_0,ZSGCCATIPCUH,0
82375114_BPORINGO_SXKPVCFE_0_12,82375114_BPORINGO_SXKPVCFE_0,TRGRJTNEAIEO,82375114_BPORINGO_SXKPVCFE_0_12,82375114_BPORINGO_SXKPVCFE_0,ZSGCCATIPCUH,0
82375114_BPORINGO_SXKPVCFE_0_13,82375114_BPORINGO_SXKPVCFE_0,TRGRJTNEAIEO,82375114_BPORINGO_SXKPVCFE_0_13,82375114_BPORINGO_SXKPVCFE_0,ZSGCCATIPCUH,0
82375114_BPORINGO_SXKPVCFE_0_14,82375114_BPORINGO_SXKPVCFE_0,TRGRJTNEAIEO,82375114_BPORINGO_SXKPVCFE_0_14,82375114_BPORINGO_SXKPVCFE_0,ZSGCCATIPCUH,0
82375114_BPORINGO_SXKPVCFE_0_15,82375114_BPORINGO_SXKPVCFE_0,TRGRJTNEAIEO,82375114_BPORINGO_SXKPVCFE_0_15,82375114_BPORINGO_SXKPVCFE_0,ZSGCCATIPCUH,0
82375114_BPORINGO_SXKPVCFE_0_16,82375114_BPORINGO_SXKPVCFE_0,TRGRJTNEAIEO,82375114_BPORINGO_SXKPVCFE_0_16,82375114_BPORINGO_SXKPVCFE_0,ZSGCCATIPCUH,0
82375114_BPORINGO_SXKPVCFE_0_17,82375114_BPORINGO_SXKPVCFE_0,TRGRJTNEAIEO,82375114_BPORINGO_SXKPVCFE_0_17,82375114_BPORINGO_SXKPVCFE_0,ZSGCCATIPCUH,0
82375114_BPORINGO_SXKPVCFE_0_18,82375114_BPORINGO_SXKPVCFE_0,TRGRJTNEAIEO,82375114_BPORINGO_SXKPVCFE_0_18,82375114_BPORINGO_SXKPVCFE_0,ZSGCCATIPCUH,0
82375114_BPORINGO_SXKPVCFE_0_19,82375114_BPORINGO_SXKPVCFE_0,TRGRJTNEAIEO,82375114_BPORINGO_SXKPVCFE_0_19,82375114_BPORINGO_SXKPVCFE_0,ZSGCCATIPCUH,0
82375114_BPORINGO_SXKPVCFE_0_20,82375114_BPORINGO_SXKPVCFE_0,TRGRJTNEAIEO,82375114_BPORINGO_SXKPVCFE_0_20,82375114_BPORINGO_SXKPVCFE_0,ZSGCCATIPCUH,0
82375114_BPORINGO_SXKPVCFE_0_21,82375114_BPORINGO_SXKPVCFE_0,TRGRJTNEAIEO,82375114_BPORINGO_SXKPVCFE_0_21,82375114_BPORINGO_SXKPVCFE_0,ZSGCCATIPCUH,0
82375114_BPORINGO_SXKPVCFE_0_22,82375114_BPORINGO_SXKPVCFE_0,TRGRJTNEAIEO,82375114_BPORINGO_SXKPVCFE_0_22,82375114_BPORINGO_SXKPVCFE_0,ZSGCCATIPCUH,0
82375114_BPORINGO_SXKPVCFE_0_23,82375114_BPORINGO_SXKPVCFE_0,TRGRJTNEAIEO,82375114_BPORINGO_SXKPVCFE_0_23,82375114_BPORINGO_SXKPVCFE_0,ZSGCCATIPCUH,0
82375114_BPORINGO_SXKPVCFE_0_24,82375114_BPORINGO_SXKPVCFE_0,TRGRJTNEAIEO,82375114_BPORINGO_SXKPVCFE_0_24,82375114_BPORINGO_SXKPVCFE_0,ZSGCCATIPCUH,0
82375114_BPORINGO_SXKPVCFE_0_25,82375114_BPORINGO_SXKPVCFE_0,TRGRJTNEAIEO,82375114_BPORINGO_SXKPVCFE_0_25,82375114_BPORINGO_SXKPVCFE_0,ZSGCCATIPCUH,0
82375114_BPORINGO_SXKPVCFE_0_26,82375114_BPORINGO_SXKPVCFE_0,TRGRJTNEAIEO,82375114_BPORINGO_SXKPVCFE_0_26,82375114_BPORINGO_SXKPVCFE_0,ZSGCCATIPCUH,0
82375114_BPORINGO_SXKPVCFE_0_27,82375114_BPORINGO_SXKPVCFE_0,TRGRJTNEAIEO,82375114_BPORINGO_SXKPVCFE_0_27,82375114_BPORINGO_SXKPVCFE_0,ZSGCCATIPCUH,0
26715580_DRXGSCTF_IQIICCGV_0_0,26715580_DRXGSCTF_IQIICCGV_0,EZOAIVNKIBFL,26715580_DRXGSCTF_IQIICCGV_0_0,26715580_DRXGSCTF_IQIICCGV_0,RFOGWHUUFHES,0
26715580_DRXGSCTF_IQIICCGV_0_1,26715580_DRXGSCTF_IQIICCGV_0,EZOAIVNKIBFL,26715580_DRXGSCTF_IQIICCGV_0_1,26715580_DRXGSCTF_IQIICCGV_0,RFOGWHUUFHES,0
37437623_SWIOJTSM_IQIICCGV_0_0,37437623_SWIOJTSM_IQIICCGV_0,NXGMNLYRIQVW,37437623_SWIOJTSM_IQIICCGV_0_0,37437623_SWIOJTSM_IQIICCGV_0,XNDNAMANQAUV,0
37437623_SWIOJTSM_IQIICCGV_0_1,37437623_SWIOJTSM_IQIICCGV_0,NXGMNLYRIQVW,37437623_SWIOJTSM_IQIICCGV_0_1,37437623_SWIOJTSM_IQIICCGV_0,XNDNAMANQAUV,0
37437623_SWIOJTSM_IQIICCGV_0_2,37437623_SWIOJTSM_IQIICCGV_0,NXGMNLYRIQVW,37437623_SWIOJTSM_IQIICCGV_0_2,37437623_SWIOJTSM_IQIICCGV_0,XNDNAMANQAUV,0
37437623_SWIOJTSM_IQIICCGV_0_3,37437623_SWIOJTSM_IQIICCGV_0,NXGMNLYRIQVW,37437623_SWIOJTSM_IQIICCGV_0_3,37437623_SWIOJTSM_IQIICCGV_0,XNDNAMANQAUV,0
37437623_SWIOJTSM_IQIICCGV_0_4,37437623_SWIOJTSM_IQIICCGV_0,NXGMNLYRIQVW,37437623_SWIOJTSM_IQIICCGV_0_4,37437623_SWIOJTSM_IQIICCGV_0,XNDNAMANQAUV,0
37437623_SWIOJTSM_IQIICCGV_0_5,37437623_SWIOJTSM_IQIICCGV_0,NXGMNLYRIQVW,37437623_SWIOJTSM_IQIICCGV_0_5,37437623_SWIOJTSM_IQIICCGV_0,XNDNAMANQAUV,0
37437623_SWIOJTSM_IQIICCGV_0_6,37437623_SWIOJTSM_IQIICCGV_0,NXGMNLYRIQVW,37437623_SWIOJTSM_IQIICCGV_0_6,37437623_SWIOJTSM_IQIICCGV_0,XNDNAMANQAUV,0
37437623_SWIOJTSM_IQIICCGV_0_7,37437623_SWIOJTSM_IQIICCGV_0,NXGMNLYRIQVW,37437623_SWIOJTSM_IQIICCGV_0_7,37437623_SWIOJTSM_IQIICCGV_0,XNDNAMANQAUV,0
37437623_SWIOJTSM_IQIICCGV_0_8,37437623_SWIOJTSM_IQIICCGV_0,NXGMNLYRIQVW,37437623_SWIOJTSM_IQIICCGV_0_8,37437623_SWIOJTSM_IQIICCGV_0,XNDNAMANQAUV,0
37437623_IQIICCGV_DRXGSCTF_0_0,37437623_IQIICCGV_DRXGSCTF_0,NXGMNLYRIQVW,37437623_IQIICCGV_DRXGSCTF_0_0,37437623_IQIICCGV_DRXGSCTF_0,XNDNAMANQAUV,0
93406121_DRXGSCTF_IQIICCGV_0_0,93406121_DRXGSCTF_IQIICCGV_0,PCNWRAPTSPEE,93406121_DRXGSCTF_IQIICCGV_0_0,93406121_DRXGSCTF_IQIICCGV_0,CBTLAJAQTQRW,1
93406121_DRXGSCTF_IQIICCGV_0_1,93406121_DRXGSCTF_IQIICCGV_0,PCNWRAPTSPEE,93406121_DRXGSCTF_IQIICCGV_0_1,93406121_DRXGSCTF_IQIICCGV_0,CBTLAJAQTQRW,1
12339577_IQIICCGV_DRXGSCTF_0_0,12339577_IQIICCGV_DRXGSCTF_0,TBLAQSLPIYUR,12339577_IQIICCGV_DRXGSCTF_0_0,12339577_IQIICCGV_DRXGSCTF_0,MZDBZRZSDTSH,0
12339577_IQIICCGV_DRXGSCTF_0_1,12339577_IQIICCGV_DRXGSCTF_0,TBLAQSLPIYUR,12339577_IQIICCGV_DRXGSCTF_0_1,12339577_IQIICCGV_DRXGSCTF_0,MZDBZRZSDTSH,0
12339577_DRXGSCTF_RWGIMNJG_0_0,12339577_DRXGSCTF_RWGIMNJG_0,TBLAQSLPIYUR,12339577_DRXGSCTF_RWGIMNJG_0_0,12339577_DRXGSCTF_RWGIMNJG_0,MZDBZRZSDTSH,0
12339577_DRXGSCTF_RWGIMNJG_0_1,12339577_DRXGSCTF_RWGIMNJG_0,TBLAQSLPIYUR,12339577_DRXGSCTF_RWGIMNJG_0_1,12339577_DRXGSCTF_RWGIMNJG_0,MZDBZRZSDTSH,0
12339577_DRXGSCTF_RWGIMNJG_0_2,12339577_DRXGSCTF_RWGIMNJG_0,TBLAQSLPIYUR,12339577_DRXGSCTF_RWGIMNJG_0_2,12339577_DRXGSCTF_RWGIMNJG_0,MZDBZRZSDTSH,0
12339577_DRXGSCTF_RWGIMNJG_0_3,12339577_DRXGSCTF_RWGIMNJG_0,TBLAQSLPIYUR,12339577_DRXGSCTF_RWGIMNJG_0_3,12339577_DRXGSCTF_RWGIMNJG_0,MZDBZRZSDTSH,0
67167616_PQAQMNEW_NZKIUDON_0_0,67167616_PQAQMNEW_NZKIUDON_0,HFATHXAJGNQN,67167616_PQAQMNEW_NZKIUDON_0_0,67167616_PQAQMNEW_NZKIUDON_0,FDPVJIPSROKA,0
67167616_PQAQMNEW_NZKIUDON_0_1,67167616_PQAQMNEW_NZKIUDON_0,HFATHXAJGNQN,67167616_PQAQMNEW_NZKIUDON_0_1,67167616_PQAQMNEW_NZKIUDON_0,FDPVJIPSROKA,0
67167616_PQAQMNEW_NZKIUDON_0_2,67167616_PQAQMNEW_NZKIUDON_0,HFATHXAJGNQN,67167616_PQAQMNEW_NZKIUDON_0_2,67167616_PQAQMNEW_NZKIUDON_0,FDPVJIPSROKA,0
67167616_PQAQMNEW_NZKIUDON_0_3,67167616_PQAQMNEW_NZKIUDON_0,HFATHXAJGNQN,67167616_PQAQMNEW_NZKIUDON_0_3,67167616_PQAQMNEW_NZKIUDON_0,FDPVJIPSROKA,0
67167616_PQAQMNEW_NZKIUDON_0_4,67167616_PQAQMNEW_NZKIUDON_0,HFATHXAJGNQN,67167616_PQAQMNEW_NZKIUDON_0_4,67167616_PQAQMNEW_NZKIUDON_0,FDPVJIPSROKA,0
67167616_PQAQMNEW_NZKIUDON_0_5,67167616_PQAQMNEW_NZKIUDON_0,HFATHXAJGNQN,67167616_PQAQMNEW_NZKIUDON_0_5,67167616_PQAQMNEW_NZKIUDON_0,FDPVJIPSROKA,0
67167616_PQAQMNEW_NZKIUDON_0_6,67167616_PQAQMNEW_NZKIUDON_0,HFATHXAJGNQN,67167616_PQAQMNEW_NZKIUDON_0_6,67167616_PQAQMNEW_NZKIUDON_0,FDPVJIPSROKA,0
67167616_PQAQMNEW_NZKIUDON_0_7,67167616_PQAQMNEW_NZKIUDON_0,HFATHXAJGNQN,67167616_PQAQMNEW_NZKIUDON_0_7,67167616_PQAQMNEW_NZKIUDON_0,FDPVJIPSROKA,0
67167616_PQAQMNEW_NZKIUDON_0_8,67167616_PQAQMNEW_NZKIUDON_0,HFATHXAJGNQN,67167616_PQAQMNEW_NZKIUDON_0_8,67167616_PQAQMNEW_NZKIUDON_0,FDPVJIPSROKA,0
67167616_PQAQMNEW_NZKIUDON_0_9,67167616_PQAQMNEW_NZKIUDON_0,HFATHXAJGNQN,67167616_PQAQMNEW_NZKIUDON_0_9,67167616_PQAQMNEW_NZKIUDON_0,FDPVJIPSROKA,0
67167616_PQAQMNEW_NZKIUDON_0_10,67167616_PQAQMNEW_NZKIUDON_0,HFATHXAJGNQN,67167616_PQAQMNEW_NZKIUDON_0_10,67167616_PQAQMNEW_NZKIUDON_0,FDPVJIPSROKA,0
67167616_PQAQMNEW_NZKIUDON_0_11,67167616_PQAQMNEW_NZKIUDON_0,HFATHXAJGNQN,67167616_PQAQMNEW_NZKIUDON_0_11,67167616_PQAQMNEW_NZKIUDON_0,FDPVJIPSROKA,0
67167616_PQAQMNEW_NZKIUDON_0_12,67167616_PQAQMNEW_NZKIUDON_0,HFATHXAJGNQN,67167616_PQAQMNEW_NZKIUDON_0_12,67167616_PQAQMNEW_NZKIUDON_0,FDPVJIPSROKA,0
67167616_PQAQMNEW_NZKIUDON_0_13,67167616_PQAQMNEW_NZKIUDON_0,HFATHXAJGNQN,67167616_PQAQMNEW_NZKIUDON_0_13,67167616_PQAQMNEW_NZKIUDON_0,FDPVJIPSROKA,0
67167616_PQAQMNEW_NZKIUDON_0_14,67167616_PQAQMNEW_NZKIUDON_0,HFATHXAJGNQN,67167616_PQAQMNEW_NZKIUDON_0_14,67167616_PQAQMNEW_NZKIUDON_0,FDPVJIPSROKA,0
67167616_PQAQMNEW_NZKIUDON_0_15,67167616_PQAQMNEW_NZKIUDON_0,HFATHXAJGNQN,67167616_PQAQMNEW_NZKIUDON_0_15,67167616_PQAQMNEW_NZKIUDON_0,FDPVJIPSROKA,0
67167616_PQAQMNEW_NZKIUDON_0_16,67167616_PQAQMNEW_NZKIUDON_0,HFATHXAJGNQN,67167616_PQAQMNEW_NZKIUDON_0_16,67167616_PQAQMNEW_NZKIUDON_0,FDPVJIPSROKA,0
67167616_PQAQMNEW_NZKIUDON_0_17,67167616_PQAQMNEW_NZKIUDON_0,HFATHXAJGNQN,67167616_PQAQMNEW_NZKIUDON_0_17,67167616_PQAQMNEW_NZKIUDON_0,FDPVJIPSROKA,0
67167616_PQAQMNEW_NZKIUDON_0_18,67167616_PQAQMNEW_NZKIUDON_0,HFATHXAJGNQN,67167616_PQAQMNEW_NZKIUDON_0_18,67167616_PQAQMNEW_NZKIUDON_0,FDPVJIPSROKA,0
67167616_PQAQMNEW_NZKIUDON_0_19,67167616_PQAQMNEW_NZKIUDON_0,HFATHXAJGNQN,67167616_PQAQMNEW_NZKIUDON_0_19,67167616_PQAQMNEW_NZKIUDON_0,FDPVJIPSROKA,0
67167616_PQAQMNEW_NZKIUDON_0_20,67167616_PQAQMNEW_NZKIUDON_0,HFATHXAJGNQN,67167616_PQAQMNEW_NZKIUDON_0_20,67167616_PQAQMNEW_NZKIUDON_0,FDPVJIPSROKA,0
67167616_PQAQMNEW_NZKIUDON_0_21,67167616_PQAQMNEW_NZKIUDON_0,HFATHXAJGNQN,67167616_PQAQMNEW_NZKIUDON_0_21,67167616_PQAQMNEW_NZKIUDON_0,FDPVJIPSROKA,0
67167616_PQAQMNEW_NZKIUDON_0_22,67167616_PQAQMNEW_NZKIUDON_0,HFATHXAJGNQN,67167616_PQAQMNEW_NZKIUDON_0_22,67167616_PQAQMNEW_NZKIUDON_0,FDPVJIPSROKA,0
67167616_PQAQMNEW_NZKIUDON_0_23,67167616_PQAQMNEW_NZKIUDON_0,HFATHXAJGNQN,67167616_PQAQMNEW_NZKIUDON_0_23,67167616_PQAQMNEW_NZKIUDON_0,FDPVJIPSROKA,0
67167616_PQAQMNEW_NZKIUDON_0_24,67167616_PQAQMNEW_NZKIUDON_0,HFATHXAJGNQN,67167616_PQAQMNEW_NZKIUDON_0_24,67167616_PQAQMNEW_NZKIUDON_0,FDPVJIPSROKA,0
67167616_PQAQMNEW_NZKIUDON_0_25,67167616_PQAQMNEW_NZKIUDON_0,HFATHXAJGNQN,67167616_PQAQMNEW_NZKIUDON_0_25,67167616_PQAQMNEW_NZKIUDON_0,FDPVJIPSROKA,0
67167616_PQAQMNEW_NZKIUDON_0_26,67167616_PQAQMNEW_NZKIUDON_0,HFATHXAJGNQN,67167616_PQAQMNEW_NZKIUDON_0_26,67167616_PQAQMNEW_NZKIUDON_0,FDPVJIPSROKA,0
67167616_PQAQMNEW_NZKIUDON_0_27,67167616_PQAQMNEW_NZKIUDON_0,HFATHXAJGNQN,67167616_PQAQMNEW_NZKIUDON_0_27,67167616_PQAQMNEW_NZKIUDON_0,FDPVJIPSROKA,0
67167616_PQAQMNEW_NZKIUDON_0_28,67167616_PQAQMNEW_NZKIUDON_0,HFATHXAJGNQN,67167616_PQAQMNEW_NZKIUDON_0_28,67167616_PQAQMNEW_NZKIUDON_0,FDPVJIPSROKA,0
67167616_PQAQMNEW_NZKIUDON_0_29,67167616_PQAQMNEW_NZKIUDON_0,HFATHXAJGNQN,67167616_PQAQMNEW_NZKIUDON_0_29,67167616_PQAQMNEW_NZKIUDON_0,FDPVJIPSROKA,0
67167616_PQAQMNEW_NZKIUDON_0_30,67167616_PQAQMNEW_NZKIUDON_0,HFATHXAJGNQN,67167616_PQAQMNEW_NZKIUDON_0_30,67167616_PQAQMNEW_NZKIUDON_0,FDPVJIPSROKA,0
67167616_PQAQMNEW_NZKIUDON_0_31,67167616_PQAQMNEW_NZKIUDON_0,HFATHXAJGNQN,67167616_PQAQMNEW_NZKIUDON_0_31,67167616_PQAQMNEW_NZKIUDON_0,FDPVJIPSROKA,0
67167616_PQAQMNEW_NZKIUDON_0_32,67167616_PQAQMNEW_NZKIUDON_0,HFATHXAJGNQN,67167616_PQAQMNEW_NZKIUDON_0_32,67167616_PQAQMNEW_NZKIUDON_0,FDPVJIPSROKA,0
67167616_PQAQMNEW_NZKIUDON_0_33,67167616_PQAQMNEW_NZKIUDON_0,HFATHXAJGNQN,67167616_PQAQMNEW_NZKIUDON_0_33,67167616_PQAQMNEW_NZKIUDON_0,FDPVJIPSROKA,0
67167616_PQAQMNEW_NZKIUDON_0_34,67167616_PQAQMNEW_NZKIUDON_0,HFATHXAJGNQN,67167616_PQAQMNEW_NZKIUDON_0_34,67167616_PQAQMNEW_NZKIUDON_0,FDPVJIPSROKA,0
67167616_PQAQMNEW_NZKIUDON_0_35,67167616_PQAQMNEW_NZKIUDON_0,HFATHXAJGNQN,67167616_PQAQMNEW_NZKIUDON_0_35,67167616_PQAQMNEW_NZKIUDON_0,FDPVJIPSROKA,0
67167616_PQAQMNEW_NZKIUDON_0_36,67167616_PQAQMNEW_NZKIUDON_0,HFATHXAJGNQN,67167616_PQAQMNEW_NZKIUDON_0_36,67167616_PQAQMNEW_NZKIUDON_0,FDPVJIPSROKA,0
67167616_PQAQMNEW_NZKIUDON_0_37,67167616_PQAQMNEW_NZKIUDON_0,HFATHXAJGNQN,67167616_PQAQMNEW_NZKIUDON_0_37,67167616_PQAQMNEW_NZKIUDON_0,FDPVJIPSROKA,0
67167616_PQAQMNEW_NZKIUDON_0_38,67167616_PQAQMNEW_NZKIUDON_0,HFATHXAJGNQN,67167616_PQAQMNEW_NZKIUDON_0_38,67167616_PQAQMNEW_NZKIUDON_0,FDPVJIPSROKA,0
67167616_PQAQMNEW_NZKIUDON_0_39,67167616_PQAQMNEW_NZKIUDON_0,HFATHXAJGNQN,67167616_PQAQMNEW_NZKIUDON_0_39,67167616_PQAQMNEW_NZKIUDON_0,FDPVJIPSROKA,0
67167616_PQAQMNEW_NZKIUDON_0_40,67167616_PQAQMNEW_NZKIUDON_0,HFATHXAJGNQN,67167616_PQAQMNEW_NZKIUDON_0_40,67167616_PQAQMNEW_NZKIUDON_0,FDPVJIPSROKA,0
67167616_LDKENJOR_MNTWRQWX_0_0,67167616_LDKENJOR_MNTWRQWX_0,HFATHXAJGNQN,67167616_LDKENJOR_MNTWRQWX_0_0,67167616_LDKENJOR_MNTWRQWX_0,FDPVJIPSROKA,0
67167616_LDKENJOR_MNTWRQWX_0_1,67167616_LDKENJOR_MNTWRQWX_0,HFATHXAJGNQN,67167616_LDKENJOR_MNTWRQWX_0_1,67167616_LDKENJOR_MNTWRQWX_0,FDPVJIPSROKA,0
67167616_LDKENJOR_MNTWRQWX_0_3,67167616_LDKENJOR_MNTWRQWX_0,HFATHXAJGNQN,67167616_LDKENJOR_MNTWRQWX_0_3,67167616_LDKENJOR_MNTWRQWX_0,FDPVJIPSROKA,0
67167616_LDKENJOR_MNTWRQWX_0_4,67167616_LDKENJOR_MNTWRQWX_0,HFATHXAJGNQN,67167616_LDKENJOR_MNTWRQWX_0_4,67167616_LDKENJOR_MNTWRQWX_0,FDPVJIPSROKA,0
67167616_LDKENJOR_MNTWRQWX_0_5,67167616_LDKENJOR_MNTWRQWX_0,HFATHXAJGNQN,67167616_LDKENJOR_MNTWRQWX_0_5,67167616_LDKENJOR_MNTWRQWX_0,FDPVJIPSROKA,0
67167616_LDKENJOR_MNTWRQWX_0_6,67167616_LDKENJOR_MNTWRQWX_0,HFATHXAJGNQN,67167616_LDKENJOR_MNTWRQWX_0_6,67167616_LDKENJOR_MNTWRQWX_0,FDPVJIPSROKA,0
67167616_LDKENJOR_MNTWRQWX_0_7,67167616_LDKENJOR_MNTWRQWX_0,HFATHXAJGNQN,67167616_LDKENJOR_MNTWRQWX_0_7,67167616_LDKENJOR_MNTWRQWX_0,FDPVJIPSROKA,0
67167616_LDKENJOR_MNTWRQWX_0_8,67167616_LDKENJOR_MNTWRQWX_0,HFATHXAJGNQN,67167616_LDKENJOR_MNTWRQWX_0_8,67167616_LDKENJOR_MNTWRQWX_0,FDPVJIPSROKA,0
67167616_LDKENJOR_MNTWRQWX_0_9,67167616_LDKENJOR_MNTWRQWX_0,HFATHXAJGNQN,67167616_LDKENJOR_MNTWRQWX_0_9,67167616_LDKENJOR_MNTWRQWX_0,FDPVJIPSROKA,0
67167616_LDKENJOR_MNTWRQWX_0_10,67167616_LDKENJOR_MNTWRQWX_0,HFATHXAJGNQN,67167616_LDKENJOR_MNTWRQWX_0_10,67167616_LDKENJOR_MNTWRQWX_0,FDPVJIPSROKA,0
67167616_LDKENJOR_MNTWRQWX_0_11,67167616_LDKENJOR_MNTWRQWX_0,HFATHXAJGNQN,67167616_LDKENJOR_MNTWRQWX_0_11,67167616_LDKENJOR_MNTWRQWX_0,FDPVJIPSROKA,0
67167616_LDKENJOR_MNTWRQWX_0_12,67167616_LDKENJOR_MNTWRQWX_0,HFATHXAJGNQN,67167616_LDKENJOR_MNTWRQWX_0_12,67167616_LDKENJOR_MNTWRQWX_0,FDPVJIPSROKA,0
67167616_LDKENJOR_MNTWRQWX_0_13,67167616_LDKENJOR_MNTWRQWX_0,HFATHXAJGNQN,67167616_LDKENJOR_MNTWRQWX_0_13,67167616_LDKENJOR_MNTWRQWX_0,FDPVJIPSROKA,0
67167616_LDKENJOR_MNTWRQWX_0_14,67167616_LDKENJOR_MNTWRQWX_0,HFATHXAJGNQN,67167616_LDKENJOR_MNTWRQWX_0_14,67167616_LDKENJOR_MNTWRQWX_0,FDPVJIPSROKA,0
67167616_LDKENJOR_MNTWRQWX_0_15,67167616_LDKENJOR_MNTWRQWX_0,HFATHXAJGNQN,67167616_LDKENJOR_MNTWRQWX_0_15,67167616_LDKENJOR_MNTWRQWX_0,FDPVJIPSROKA,0
67167616_LDKENJOR_MNTWRQWX_0_16,67167616_LDKENJOR_MNTWRQWX_0,HFATHXAJGNQN,67167616_LDKENJOR_MNTWRQWX_0_16,67167616_LDKENJOR_MNTWRQWX_0,FDPVJIPSROKA,0
67167616_LDKENJOR_MNTWRQWX_0_17,67167616_LDKENJOR_MNTWRQWX_0,HFATHXAJGNQN,67167616_LDKENJOR_MNTWRQWX_0_17,67167616_LDKENJOR_MNTWRQWX_0,FDPVJIPSROKA,0
67167616_LDKENJOR_MNTWRQWX_0_18,67167616_LDKENJOR_MNTWRQWX_0,HFATHXAJGNQN,67167616_LDKENJOR_MNTWRQWX_0_18,67167616_LDKENJOR_MNTWRQWX_0,FDPVJIPSROKA,0
67167616_LDKENJOR_MNTWRQWX_0_19,67167616_LDKENJOR_MNTWRQWX_0,HFATHXAJGNQN,67167616_LDKENJOR_MNTWRQWX_0_19,67167616_LDKENJOR_MNTWRQWX_0,FDPVJIPSROKA,0
67167616_LDKENJOR_MNTWRQWX_0_20,67167616_LDKENJOR_MNTWRQWX_0,HFATHXAJGNQN,67167616_LDKENJOR_MNTWRQWX_0_20,67167616_LDKENJOR_MNTWRQWX_0,FDPVJIPSROKA,0
67167616_LDKENJOR_MNTWRQWX_0_22,67167616_LDKENJOR_MNTWRQWX_0,HFATHXAJGNQN,67167616_LDKENJOR_MNTWRQWX_0_22,67167616_LDKENJOR_MNTWRQWX_0,FDPVJIPSROKA,0
67167616_LDKENJOR_MNTWRQWX_0_23,67167616_LDKENJOR_MNTWRQWX_0,HFATHXAJGNQN,67167616_LDKENJOR_MNTWRQWX_0_23,67167616_LDKENJOR_MNTWRQWX_0,FDPVJIPSROKA,0
67167616_LDKENJOR_MNTWRQWX_0_24,67167616_LDKENJOR_MNTWRQWX_0,HFATHXAJGNQN,67167616_LDKENJOR_MNTWRQWX_0_24,67167616_LDKENJOR_MNTWRQWX_0,FDPVJIPSROKA,0
67167616_LDKENJOR_MNTWRQWX_0_25,67167616_LDKENJOR_MNTWRQWX_0,HFATHXAJGNQN,67167616_LDKENJOR_MNTWRQWX_0_25,67167616_LDKENJOR_MNTWRQWX_0,FDPVJIPSROKA,0
67167616_LDKENJOR_MNTWRQWX_0_26,67167616_LDKENJOR_MNTWRQWX_0,HFATHXAJGNQN,67167616_LDKENJOR_MNTWRQWX_0_26,67167616_LDKENJOR_MNTWRQWX_0,FDPVJIPSROKA,0
67167616_LDKENJOR_MNTWRQWX_0_27,67167616_LDKENJOR_MNTWRQWX_0,HFATHXAJGNQN,67167616_LDKENJOR_MNTWRQWX_0_27,67167616_LDKENJOR_MNTWRQWX_0,FDPVJIPSROKA,0
67167616_LDKENJOR_MNTWRQWX_0_28,67167616_LDKENJOR_MNTWRQWX_0,HFATHXAJGNQN,67167616_LDKENJOR_MNTWRQWX_0_28,67167616_LDKENJOR_MNTWRQWX_0,FDPVJIPSROKA,1
67167616_LDKENJOR_MNTWRQWX_0_29,67167616_LDKENJOR_MNTWRQWX_0,HFATHXAJGNQN,67167616_LDKENJOR_MNTWRQWX_0_29,67167616_LDKENJOR_MNTWRQWX_0,FDPVJIPSROKA,1
67167616_LDKENJOR_MNTWRQWX_0_30,67167616_LDKENJOR_MNTWRQWX_0,HFATHXAJGNQN,67167616_LDKENJOR_MNTWRQWX_0_30,67167616_LDKENJOR_MNTWRQWX_0,FDPVJIPSROKA,0
67167616_LDKENJOR_MNTWRQWX_0_31,67167616_LDKENJOR_MNTWRQWX_0,HFATHXAJGNQN,67167616_LDKENJOR_MNTWRQWX_0_31,67167616_LDKENJOR_MNTWRQWX_0,FDPVJIPSROKA,1
67167616_LDKENJOR_MNTWRQWX_0_32,67167616_LDKENJOR_MNTWRQWX_0,HFATHXAJGNQN,67167616_LDKENJOR_MNTWRQWX_0_32,67167616_LDKENJOR_MNTWRQWX_0,FDPVJIPSROKA,0
67167616_LDKENJOR_MNTWRQWX_0_34,67167616_LDKENJOR_MNTWRQWX_0,HFATHXAJGNQN,67167616_LDKENJOR_MNTWRQWX_0_34,67167616_LDKENJOR_MNTWRQWX_0,FDPVJIPSROKA,1
67167616_LDKENJOR_MNTWRQWX_0_35,67167616_LDKENJOR_MNTWRQWX_0,HFATHXAJGNQN,67167616_LDKENJOR_MNTWRQWX_0_35,67167616_LDKENJOR_MNTWRQWX_0,FDPVJIPSROKA,0
67167616_LDKENJOR_MNTWRQWX_0_36,67167616_LDKENJOR_MNTWRQWX_0,HFATHXAJGNQN,67167616_LDKENJOR_MNTWRQWX_0_36,67167616_LDKENJOR_MNTWRQWX_0,FDPVJIPSROKA,0
67167616_LDKENJOR_MNTWRQWX_0_37,67167616_LDKENJOR_MNTWRQWX_0,HFATHXAJGNQN,67167616_LDKENJOR_MNTWRQWX_0_37,67167616_LDKENJOR_MNTWRQWX_0,FDPVJIPSROKA,0
60010347_QSUJMCHL_NPTIINNC_0_0,60010347_QSUJMCHL_NPTIINNC_0,HFATHXAJGNQN,60010347_QSUJMCHL_NPTIINNC_0_0,60010347_QSUJMCHL_NPTIINNC_0,HWNTKYKHYJKM,0
60010347_QSUJMCHL_NPTIINNC_0_1,60010347_QSUJMCHL_NPTIINNC_0,HFATHXAJGNQN,60010347_QSUJMCHL_NPTIINNC_0_1,60010347_QSUJMCHL_NPTIINNC_0,HWNTKYKHYJKM,0
60010347_QSUJMCHL_NPTIINNC_0_2,60010347_QSUJMCHL_NPTIINNC_0,HFATHXAJGNQN,60010347_QSUJMCHL_NPTIINNC_0_2,60010347_QSUJMCHL_NPTIINNC_0,HWNTKYKHYJKM,0
60010347_QSUJMCHL_NPTIINNC_0_3,60010347_QSUJMCHL_NPTIINNC_0,HFATHXAJGNQN,60010347_QSUJMCHL_NPTIINNC_0_3,60010347_QSUJMCHL_NPTIINNC_0,HWNTKYKHYJKM,0
60010347_QSUJMCHL_NPTIINNC_0_4,60010347_QSUJMCHL_NPTIINNC_0,HFATHXAJGNQN,60010347_QSUJMCHL_NPTIINNC_0_4,60010347_QSUJMCHL_NPTIINNC_0,HWNTKYKHYJKM,0
60010347_QSUJMCHL_NPTIINNC_0_5,60010347_QSUJMCHL_NPTIINNC_0,HFATHXAJGNQN,60010347_QSUJMCHL_NPTIINNC_0_5,60010347_QSUJMCHL_NPTIINNC_0,HWNTKYKHYJKM,0
60010347_QSUJMCHL_NPTIINNC_0_7,60010347_QSUJMCHL_NPTIINNC_0,HFATHXAJGNQN,60010347_QSUJMCHL_NPTIINNC_0_7,60010347_QSUJMCHL_NPTIINNC_0,HWNTKYKHYJKM,0
60010347_QSUJMCHL_NPTIINNC_0_8,60010347_QSUJMCHL_NPTIINNC_0,HFATHXAJGNQN,60010347_QSUJMCHL_NPTIINNC_0_8,60010347_QSUJMCHL_NPTIINNC_0,HWNTKYKHYJKM,0
60010347_QSUJMCHL_NPTIINNC_0_9,60010347_QSUJMCHL_NPTIINNC_0,HFATHXAJGNQN,60010347_QSUJMCHL_NPTIINNC_0_9,60010347_QSUJMCHL_NPTIINNC_0,HWNTKYKHYJKM,0
60010347_QSUJMCHL_NPTIINNC_0_10,60010347_QSUJMCHL_NPTIINNC_0,HFATHXAJGNQN,60010347_QSUJMCHL_NPTIINNC_0_10,60010347_QSUJMCHL_NPTIINNC_0,HWNTKYKHYJKM,0
60010347_QSUJMCHL_NPTIINNC_0_11,60010347_QSUJMCHL_NPTIINNC_0,HFATHXAJGNQN,60010347_QSUJMCHL_NPTIINNC_0_11,60010347_QSUJMCHL_NPTIINNC_0,HWNTKYKHYJKM,0
60010347_QSUJMCHL_NPTIINNC_0_12,60010347_QSUJMCHL_NPTIINNC_0,HFATHXAJGNQN,60010347_QSUJMCHL_NPTIINNC_0_12,60010347_QSUJMCHL_NPTIINNC_0,HWNTKYKHYJKM,0
60010347_QSUJMCHL_NPTIINNC_0_13,60010347_QSUJMCHL_NPTIINNC_0,HFATHXAJGNQN,60010347_QSUJMCHL_NPTIINNC_0_13,60010347_QSUJMCHL_NPTIINNC_0,HWNTKYKHYJKM,0
60010347_QSUJMCHL_NPTIINNC_0_14,60010347_QSUJMCHL_NPTIINNC_0,HFATHXAJGNQN,60010347_QSUJMCHL_NPTIINNC_0_14,60010347_QSUJMCHL_NPTIINNC_0,HWNTKYKHYJKM,0
60010347_QSUJMCHL_NPTIINNC_0_15,60010347_QSUJMCHL_NPTIINNC_0,HFATHXAJGNQN,60010347_QSUJMCHL_NPTIINNC_0_15,60010347_QSUJMCHL_NPTIINNC_0,HWNTKYKHYJKM,0
60010347_QSUJMCHL_NPTIINNC_0_16,60010347_QSUJMCHL_NPTIINNC_0,HFATHXAJGNQN,60010347_QSUJMCHL_NPTIINNC_0_16,60010347_QSUJMCHL_NPTIINNC_0,HWNTKYKHYJKM,0
60010347_QSUJMCHL_NPTIINNC_0_17,60010347_QSUJMCHL_NPTIINNC_0,HFATHXAJGNQN,60010347_QSUJMCHL_NPTIINNC_0_17,60010347_QSUJMCHL_NPTIINNC_0,HWNTKYKHYJKM,0
60010347_QSUJMCHL_NPTIINNC_0_18,60010347_QSUJMCHL_NPTIINNC_0,HFATHXAJGNQN,60010347_QSUJMCHL_NPTIINNC_0_18,60010347_QSUJMCHL_NPTIINNC_0,HWNTKYKHYJKM,0
60010347_QSUJMCHL_NPTIINNC_0_19,60010347_QSUJMCHL_NPTIINNC_0,HFATHXAJGNQN,60010347_QSUJMCHL_NPTIINNC_0_19,60010347_QSUJMCHL_NPTIINNC_0,HWNTKYKHYJKM,1
60010347_QSUJMCHL_NPTIINNC_0_20,60010347_QSUJMCHL_NPTIINNC_0,HFATHXAJGNQN,60010347_QSUJMCHL_NPTIINNC_0_20,60010347_QSUJMCHL_NPTIINNC_0,HWNTKYKHYJKM,1
60010347_QSUJMCHL_NPTIINNC_0_21,60010347_QSUJMCHL_NPTIINNC_0,HFATHXAJGNQN,60010347_QSUJMCHL_NPTIINNC_0_21,60010347_QSUJMCHL_NPTIINNC_0,HWNTKYKHYJKM,1
60010347_QSUJMCHL_NPTIINNC_0_22,60010347_QSUJMCHL_NPTIINNC_0,HFATHXAJGNQN,60010347_QSUJMCHL_NPTIINNC_0_22,60010347_QSUJMCHL_NPTIINNC_0,HWNTKYKHYJKM,0
60010347_QSUJMCHL_NPTIINNC_0_23,60010347_QSUJMCHL_NPTIINNC_0,HFATHXAJGNQN,60010347_QSUJMCHL_NPTIINNC_0_23,60010347_QSUJMCHL_NPTIINNC_0,HWNTKYKHYJKM,0
60010347_QSUJMCHL_NPTIINNC_0_24,60010347_QSUJMCHL_NPTIINNC_0,HFATHXAJGNQN,60010347_QSUJMCHL_NPTIINNC_0_24,60010347_QSUJMCHL_NPTIINNC_0,HWNTKYKHYJKM,0
60010347_QSUJMCHL_NPTIINNC_0_25,60010347_QSUJMCHL_NPTIINNC_0,HFATHXAJGNQN,60010347_QSUJMCHL_NPTIINNC_0_25,60010347_QSUJMCHL_NPTIINNC_0,HWNTKYKHYJKM,0
60010347_ZNLTTCSQ_MGBOQXLW_0_0,60010347_ZNLTTCSQ_MGBOQXLW_0,HFATHXAJGNQN,60010347_ZNLTTCSQ_MGBOQXLW_0_0,60010347_ZNLTTCSQ_MGBOQXLW_0,HWNTKYKHYJKM,0
60010347_ZNLTTCSQ_MGBOQXLW_0_2,60010347_ZNLTTCSQ_MGBOQXLW_0,HFATHXAJGNQN,60010347_ZNLTTCSQ_MGBOQXLW_0_2,60010347_ZNLTTCSQ_MGBOQXLW_0,HWNTKYKHYJKM,0
60010347_ZNLTTCSQ_MGBOQXLW_0_3,60010347_ZNLTTCSQ_MGBOQXLW_0,HFATHXAJGNQN,60010347_ZNLTTCSQ_MGBOQXLW_0_3,60010347_ZNLTTCSQ_MGBOQXLW_0,HWNTKYKHYJKM,0
72546607_ZIOBTBVM_PQCFTXTN_0_0,72546607_ZIOBTBVM_PQCFTXTN_0,HFATHXAJGNQN,72546607_ZIOBTBVM_PQCFTXTN_0_0,72546607_ZIOBTBVM_PQCFTXTN_0,HWNTKYKHYJKM,0
72546607_ZIOBTBVM_PQCFTXTN_0_1,72546607_ZIOBTBVM_PQCFTXTN_0,HFATHXAJGNQN,72546607_ZIOBTBVM_PQCFTXTN_0_1,72546607_ZIOBTBVM_PQCFTXTN_0,HWNTKYKHYJKM,0
85814277_NHDZLYZM_DAENTZYJ_0_0,85814277_NHDZLYZM_DAENTZYJ_0,HFATHXAJGNQN,85814277_NHDZLYZM_DAENTZYJ_0_0,85814277_NHDZLYZM_DAENTZYJ_0,HWNTKYKHYJKM,0
85814277_DAENTZYJ_HHXZCCFW_0_0,85814277_DAENTZYJ_HHXZCCFW_0,HFATHXAJGNQN,85814277_DAENTZYJ_HHXZCCFW_0_0,85814277_DAENTZYJ_HHXZCCFW_0,HWNTKYKHYJKM,0
60938775_ETJQFTYM_DQQSIFLV_0_0,60938775_ETJQFTYM_DQQSIFLV_0,VITMDUWQIKWY,60938775_ETJQFTYM_DQQSIFLV_0_0,60938775_ETJQFTYM_DQQSIFLV_0,WZVQDQUWWPAZ,0
60938775_ETJQFTYM_DQQSIFLV_0_1,60938775_ETJQFTYM_DQQSIFLV_0,VITMDUWQIKWY,60938775_ETJQFTYM_DQQSIFLV_0_1,60938775_ETJQFTYM_DQQSIFLV_0,WZVQDQUWWPAZ,0
60938775_ETJQFTYM_DQQSIFLV_0_2,60938775_ETJQFTYM_DQQSIFLV_0,VITMDUWQIKWY,60938775_ETJQFTYM_DQQSIFLV_0_2,60938775_ETJQFTYM_DQQSIFLV_0,WZVQDQUWWPAZ,1
60938775_ETJQFTYM_DQQSIFLV_0_3,60938775_ETJQFTYM_DQQSIFLV_0,VITMDUWQIKWY,60938775_ETJQFTYM_DQQSIFLV_0_3,60938775_ETJQFTYM_DQQSIFLV_0,WZVQDQUWWPAZ,0
60938775_ETJQFTYM_DQQSIFLV_0_4,60938775_ETJQFTYM_DQQSIFLV_0,VITMDUWQIKWY,60938775_ETJQFTYM_DQQSIFLV_0_4,60938775_ETJQFTYM_DQQSIFLV_0,WZVQDQUWWPAZ,0
19982376_BPORINGO_LJNFLUMT_0_0,19982376_BPORINGO_LJNFLUMT_0,KSZXEALHVBFX,19982376_BPORINGO_LJNFLUMT_0_0,19982376_BPORINGO_LJNFLUMT_0,PYAZGREHCDNG,0
19982376_BPORINGO_LJNFLUMT_0_1,19982376_BPORINGO_LJNFLUMT_0,KSZXEALHVBFX,19982376_BPORINGO_LJNFLUMT_0_1,19982376_BPORINGO_LJNFLUMT_0,PYAZGREHCDNG,0
19982376_BPORINGO_LJNFLUMT_0_2,19982376_BPORINGO_LJNFLUMT_0,KSZXEALHVBFX,19982376_BPORINGO_LJNFLUMT_0_2,19982376_BPORINGO_LJNFLUMT_0,PYAZGREHCDNG,0
19982376_BPORINGO_LJNFLUMT_0_3,19982376_BPORINGO_LJNFLUMT_0,KSZXEALHVBFX,19982376_BPORINGO_LJNFLUMT_0_3,19982376_BPORINGO_LJNFLUMT_0,PYAZGREHCDNG,0
19982376_BPORINGO_LJNFLUMT_0_4,19982376_BPORINGO_LJNFLUMT_0,KSZXEALHVBFX,19982376_BPORINGO_LJNFLUMT_0_4,19982376_BPORINGO_LJNFLUMT_0,PYAZGREHCDNG,0
19982376_BPORINGO_LJNFLUMT_0_5,19982376_BPORINGO_LJNFLUMT_0,KSZXEALHVBFX,19982376_BPORINGO_LJNFLUMT_0_5,19982376_BPORINGO_LJNFLUMT_0,PYAZGREHCDNG,0
19982376_BPORINGO_LJNFLUMT_0_6,19982376_BPORINGO_LJNFLUMT_0,KSZXEALHVBFX,19982376_BPORINGO_LJNFLUMT_0_6,19982376_BPORINGO_LJNFLUMT_0,PYAZGREHCDNG,0
19982376_BPORINGO_LJNFLUMT_0_7,19982376_BPORINGO_LJNFLUMT_0,KSZXEALHVBFX,19982376_BPORINGO_LJNFLUMT_0_7,19982376_BPORINGO_LJNFLUMT_0,PYAZGREHCDNG,0
19982376_BPORINGO_LJNFLUMT_0_8,19982376_BPORINGO_LJNFLUMT_0,KSZXEALHVBFX,19982376_BPORINGO_LJNFLUMT_0_8,19982376_BPORINGO_LJNFLUMT_0,PYAZGREHCDNG,0
19982376_BPORINGO_LJNFLUMT_0_9,19982376_BPORINGO_LJNFLUMT_0,KSZXEALHVBFX,19982376_BPORINGO_LJNFLUMT_0_9,19982376_BPORINGO_LJNFLUMT_0,PYAZGREHCDNG,0
19982376_BPORINGO_LJNFLUMT_0_10,19982376_BPORINGO_LJNFLUMT_0,KSZXEALHVBFX,19982376_BPORINGO_LJNFLUMT_0_10,19982376_BPORINGO_LJNFLUMT_0,PYAZGREHCDNG,0
19982376_BPORINGO_LJNFLUMT_0_11,19982376_BPORINGO_LJNFLUMT_0,KSZXEALHVBFX,19982376_BPORINGO_LJNFLUMT_0_11,19982376_BPORINGO_LJNFLUMT_0,PYAZGREHCDNG,0
19982376_BPORINGO_LJNFLUMT_0_12,19982376_BPORINGO_LJNFLUMT_0,KSZXEALHVBFX,19982376_BPORINGO_LJNFLUMT_0_12,19982376_BPORINGO_LJNFLUMT_0,PYAZGREHCDNG,0
19982376_BPORINGO_LJNFLUMT_0_13,19982376_BPORINGO_LJNFLUMT_0,KSZXEALHVBFX,19982376_BPORINGO_LJNFLUMT_0_13,19982376_BPORINGO_LJNFLUMT_0,PYAZGREHCDNG,0
19982376_BPORINGO_LJNFLUMT_0_14,19982376_BPORINGO_LJNFLUMT_0,KSZXEALHVBFX,19982376_BPORINGO_LJNFLUMT_0_14,19982376_BPORINGO_LJNFLUMT_0,PYAZGREHCDNG,0
19982376_BPORINGO_LJNFLUMT_0_15,19982376_BPORINGO_LJNFLUMT_0,KSZXEALHVBFX,19982376_BPORINGO_LJNFLUMT_0_15,19982376_BPORINGO_LJNFLUMT_0,PYAZGREHCDNG,0
19982376_BPORINGO_LJNFLUMT_0_16,19982376_BPORINGO_LJNFLUMT_0,KSZXEALHVBFX,19982376_BPORINGO_LJNFLUMT_0_16,19982376_BPORINGO_LJNFLUMT_0,PYAZGREHCDNG,0
19982376_BPORINGO_LJNFLUMT_0_17,19982376_BPORINGO_LJNFLUMT_0,KSZXEALHVBFX,19982376_BPORINGO_LJNFLUMT_0_17,19982376_BPORINGO_LJNFLUMT_0,PYAZGREHCDNG,0
19982376_BPORINGO_LJNFLUMT_0_18,19982376_BPORINGO_LJNFLUMT_0,KSZXEALHVBFX,19982376_BPORINGO_LJNFLUMT_0_18,19982376_BPORINGO_LJNFLUMT_0,PYAZGREHCDNG,0
19982376_BPORINGO_LJNFLUMT_0_19,19982376_BPORINGO_LJNFLUMT_0,KSZXEALHVBFX,19982376_BPORINGO_LJNFLUMT_0_19,19982376_BPORINGO_LJNFLUMT_0,PYAZGREHCDNG,0
19982376_BPORINGO_LJNFLUMT_0_20,19982376_BPORINGO_LJNFLUMT_0,KSZXEALHVBFX,19982376_BPORINGO_LJNFLUMT_0_20,19982376_BPORINGO_LJNFLUMT_0,PYAZGREHCDNG,0
19982376_BPORINGO_LJNFLUMT_0_21,19982376_BPORINGO_LJNFLUMT_0,KSZXEALHVBFX,19982376_BPORINGO_LJNFLUMT_0_21,19982376_BPORINGO_LJNFLUMT_0,PYAZGREHCDNG,0
19982376_BPORINGO_LJNFLUMT_0_22,19982376_BPORINGO_LJNFLUMT_0,KSZXEALHVBFX,19982376_BPORINGO_LJNFLUMT_0_22,19982376_BPORINGO_LJNFLUMT_0,PYAZGREHCDNG,0
19982376_BPORINGO_LJNFLUMT_0_23,19982376_BPORINGO_LJNFLUMT_0,KSZXEALHVBFX,19982376_BPORINGO_LJNFLUMT_0_23,19982376_BPORINGO_LJNFLUMT_0,PYAZGREHCDNG,0
19982376_BPORINGO_LJNFLUMT_0_24,19982376_BPORINGO_LJNFLUMT_0,KSZXEALHVBFX,19982376_BPORINGO_LJNFLUMT_0_24,19982376_BPORINGO_LJNFLUMT_0,PYAZGREHCDNG,0
19982376_BPORINGO_LJNFLUMT_0_25,19982376_BPORINGO_LJNFLUMT_0,KSZXEALHVBFX,19982376_BPORINGO_LJNFLUMT_0_25,19982376_BPORINGO_LJNFLUMT_0,PYAZGREHCDNG,0
28118620_TLOSLTMS_SXKPVCFE_0_0,28118620_TLOSLTMS_SXKPVCFE_0,JANJWFVZAOQH,28118620_TLOSLTMS_SXKPVCFE_0_0,28118620_TLOSLTMS_SXKPVCFE_0,DCWHCCHVQUGL,0
28118620_TLOSLTMS_SXKPVCFE_0_1,28118620_TLOSLTMS_SXKPVCFE_0,JANJWFVZAOQH,28118620_TLOSLTMS_SXKPVCFE_0_1,28118620_TLOSLTMS_SXKPVCFE_0,DCWHCCHVQUGL,0
28118620_TLOSLTMS_SXKPVCFE_0_2,28118620_TLOSLTMS_SXKPVCFE_0,JANJWFVZAOQH,28118620_TLOSLTMS_SXKPVCFE_0_2,28118620_TLOSLTMS_SXKPVCFE_0,DCWHCCHVQUGL,0
28118620_TLOSLTMS_SXKPVCFE_0_3,28118620_TLOSLTMS_SXKPVCFE_0,JANJWFVZAOQH,28118620_TLOSLTMS_SXKPVCFE_0_3,28118620_TLOSLTMS_SXKPVCFE_0,DCWHCCHVQUGL,0
28118620_TLOSLTMS_SXKPVCFE_0_4,28118620_TLOSLTMS_SXKPVCFE_0,JANJWFVZAOQH,28118620_TLOSLTMS_SXKPVCFE_0_4,28118620_TLOSLTMS_SXKPVCFE_0,DCWHCCHVQUGL,0
28118620_TLOSLTMS_SXKPVCFE_0_5,28118620_TLOSLTMS_SXKPVCFE_0,JANJWFVZAOQH,28118620_TLOSLTMS_SXKPVCFE_0_5,28118620_TLOSLTMS_SXKPVCFE_0,DCWHCCHVQUGL,0
28118620_TLOSLTMS_SXKPVCFE_0_6,28118620_TLOSLTMS_SXKPVCFE_0,JANJWFVZAOQH,28118620_TLOSLTMS_SXKPVCFE_0_6,28118620_TLOSLTMS_SXKPVCFE_0,DCWHCCHVQUGL,0
28118620_TLOSLTMS_SXKPVCFE_0_7,28118620_TLOSLTMS_SXKPVCFE_0,JANJWFVZAOQH,28118620_TLOSLTMS_SXKPVCFE_0_7,28118620_TLOSLTMS_SXKPVCFE_0,DCWHCCHVQUGL,0
28118620_TLOSLTMS_SXKPVCFE_0_8,28118620_TLOSLTMS_SXKPVCFE_0,JANJWFVZAOQH,28118620_TLOSLTMS_SXKPVCFE_0_8,28118620_TLOSLTMS_SXKPVCFE_0,DCWHCCHVQUGL,0
28118620_TLOSLTMS_SXKPVCFE_0_9,28118620_TLOSLTMS_SXKPVCFE_0,JANJWFVZAOQH,28118620_TLOSLTMS_SXKPVCFE_0_9,28118620_TLOSLTMS_SXKPVCFE_0,DCWHCCHVQUGL,0
28118620_BPORINGO_LJNFLUMT_0_0,28118620_BPORINGO_LJNFLUMT_0,JANJWFVZAOQH,28118620_BPORINGO_LJNFLUMT_0_0,28118620_BPORINGO_LJNFLUMT_0,DCWHCCHVQUGL,0
28118620_BPORINGO_LJNFLUMT_0_1,28118620_BPORINGO_LJNFLUMT_0,JANJWFVZAOQH,28118620_BPORINGO_LJNFLUMT_0_1,28118620_BPORINGO_LJNFLUMT_0,DCWHCCHVQUGL,0
28118620_BPORINGO_LJNFLUMT_0_2,28118620_BPORINGO_LJNFLUMT_0,JANJWFVZAOQH,28118620_BPORINGO_LJNFLUMT_0_2,28118620_BPORINGO_LJNFLUMT_0,DCWHCCHVQUGL,0
28118620_BPORINGO_LJNFLUMT_0_3,28118620_BPORINGO_LJNFLUMT_0,JANJWFVZAOQH,28118620_BPORINGO_LJNFLUMT_0_3,28118620_BPORINGO_LJNFLUMT_0,DCWHCCHVQUGL,0
28118620_BPORINGO_LJNFLUMT_0_4,28118620_BPORINGO_LJNFLUMT_0,JANJWFVZAOQH,28118620_BPORINGO_LJNFLUMT_0_4,28118620_BPORINGO_LJNFLUMT_0,DCWHCCHVQUGL,0
28118620_BPORINGO_LJNFLUMT_0_5,28118620_BPORINGO_LJNFLUMT_0,JANJWFVZAOQH,28118620_BPORINGO_LJNFLUMT_0_5,28118620_BPORINGO_LJNFLUMT_0,DCWHCCHVQUGL,0
28118620_BPORINGO_LJNFLUMT_0_6,28118620_BPORINGO_LJNFLUMT_0,JANJWFVZAOQH,28118620_BPORINGO_LJNFLUMT_0_6,28118620_BPORINGO_LJNFLUMT_0,DCWHCCHVQUGL,0
28118620_BPORINGO_LJNFLUMT_0_7,28118620_BPORINGO_LJNFLUMT_0,JANJWFVZAOQH,28118620_BPORINGO_LJNFLUMT_0_7,28118620_BPORINGO_LJNFLUMT_0,DCWHCCHVQUGL,0
28118620_BPORINGO_LJNFLUMT_0_8,28118620_BPORINGO_LJNFLUMT_0,JANJWFVZAOQH,28118620_BPORINGO_LJNFLUMT_0_8,28118620_BPORINGO_LJNFLUMT_0,DCWHCCHVQUGL,0
28118620_BPORINGO_LJNFLUMT_0_9,28118620_BPORINGO_LJNFLUMT_0,JANJWFVZAOQH,28118620_BPORINGO_LJNFLUMT_0_9,28118620_BPORINGO_LJNFLUMT_0,DCWHCCHVQUGL,0
28118620_BPORINGO_LJNFLUMT_0_10,28118620_BPORINGO_LJNFLUMT_0,JANJWFVZAOQH,28118620_BPORINGO_LJNFLUMT_0_10,28118620_BPORINGO_LJNFLUMT_0,DCWHCCHVQUGL,0
28118620_BPORINGO_LJNFLUMT_0_11,28118620_BPORINGO_LJNFLUMT_0,JANJWFVZAOQH,28118620_BPORINGO_LJNFLUMT_0_11,28118620_BPORINGO_LJNFLUMT_0,DCWHCCHVQUGL,0
28118620_BPORINGO_LJNFLUMT_0_12,28118620_BPORINGO_LJNFLUMT_0,JANJWFVZAOQH,28118620_BPORINGO_LJNFLUMT_0_12,28118620_BPORINGO_LJNFLUMT_0,DCWHCCHVQUGL,0
28118620_BPORINGO_LJNFLUMT_0_13,28118620_BPORINGO_LJNFLUMT_0,JANJWFVZAOQH,28118620_BPORINGO_LJNFLUMT_0_13,28118620_BPORINGO_LJNFLUMT_0,DCWHCCHVQUGL,0
28118620_BPORINGO_LJNFLUMT_0_14,28118620_BPORINGO_LJNFLUMT_0,JANJWFVZAOQH,28118620_BPORINGO_LJNFLUMT_0_14,28118620_BPORINGO_LJNFLUMT_0,DCWHCCHVQUGL,0
28118620_BPORINGO_LJNFLUMT_0_15,28118620_BPORINGO_LJNFLUMT_0,JANJWFVZAOQH,28118620_BPORINGO_LJNFLUMT_0_15,28118620_BPORINGO_LJNFLUMT_0,DCWHCCHVQUGL,0
28118620_BPORINGO_LJNFLUMT_0_16,28118620_BPORINGO_LJNFLUMT_0,JANJWFVZAOQH,28118620_BPORINGO_LJNFLUMT_0_16,28118620_BPORINGO_LJNFLUMT_0,DCWHCCHVQUGL,0
28118620_BPORINGO_LJNFLUMT_0_17,28118620_BPORINGO_LJNFLUMT_0,JANJWFVZAOQH,28118620_BPORINGO_LJNFLUMT_0_17,28118620_BPORINGO_LJNFLUMT_0,DCWHCCHVQUGL,0
28118620_BPORINGO_LJNFLUMT_0_19,28118620_BPORINGO_LJNFLUMT_0,JANJWFVZAOQH,28118620_BPORINGO_LJNFLUMT_0_19,28118620_BPORINGO_LJNFLUMT_0,DCWHCCHVQUGL,0
28118620_BPORINGO_LJNFLUMT_0_20,28118620_BPORINGO_LJNFLUMT_0,JANJWFVZAOQH,28118620_BPORINGO_LJNFLUMT_0_20,28118620_BPORINGO_LJNFLUMT_0,DCWHCCHVQUGL,0
28118620_BPORINGO_LJNFLUMT_0_21,28118620_BPORINGO_LJNFLUMT_0,JANJWFVZAOQH,28118620_BPORINGO_LJNFLUMT_0_21,28118620_BPORINGO_LJNFLUMT_0,DCWHCCHVQUGL,0
28118620_BPORINGO_LJNFLUMT_0_22,28118620_BPORINGO_LJNFLUMT_0,JANJWFVZAOQH,28118620_BPORINGO_LJNFLUMT_0_22,28118620_BPORINGO_LJNFLUMT_0,DCWHCCHVQUGL,0
28118620_BPORINGO_LJNFLUMT_0_23,28118620_BPORINGO_LJNFLUMT_0,JANJWFVZAOQH,28118620_BPORINGO_LJNFLUMT_0_23,28118620_BPORINGO_LJNFLUMT_0,DCWHCCHVQUGL,0
31475130_SXKPVCFE_TLOSLTMS_0_0,31475130_SXKPVCFE_TLOSLTMS_0,FDSJQNQDBFQL,31475130_SXKPVCFE_TLOSLTMS_0_0,31475130_SXKPVCFE_TLOSLTMS_0,NJJBGHVUHXIZ,0
31475130_SXKPVCFE_TLOSLTMS_0_1,31475130_SXKPVCFE_TLOSLTMS_0,FDSJQNQDBFQL,31475130_SXKPVCFE_TLOSLTMS_0_1,31475130_SXKPVCFE_TLOSLTMS_0,NJJBGHVUHXIZ,0
31475130_SXKPVCFE_TLOSLTMS_0_2,31475130_SXKPVCFE_TLOSLTMS_0,FDSJQNQDBFQL,31475130_SXKPVCFE_TLOSLTMS_0_2,31475130_SXKPVCFE_TLOSLTMS_0,NJJBGHVUHXIZ,0
31475130_SXKPVCFE_TLOSLTMS_0_3,31475130_SXKPVCFE_TLOSLTMS_0,FDSJQNQDBFQL,31475130_SXKPVCFE_TLOSLTMS_0_3,31475130_SXKPVCFE_TLOSLTMS_0,NJJBGHVUHXIZ,0
31475130_SXKPVCFE_TLOSLTMS_0_4,31475130_SXKPVCFE_TLOSLTMS_0,FDSJQNQDBFQL,31475130_SXKPVCFE_TLOSLTMS_0_4,31475130_SXKPVCFE_TLOSLTMS_0,NJJBGHVUHXIZ,0
31475130_SXKPVCFE_TLOSLTMS_0_5,31475130_SXKPVCFE_TLOSLTMS_0,FDSJQNQDBFQL,31475130_SXKPVCFE_TLOSLTMS_0_5,31475130_SXKPVCFE_TLOSLTMS_0,NJJBGHVUHXIZ,0
31475130_SXKPVCFE_TLOSLTMS_0_6,31475130_SXKPVCFE_TLOSLTMS_0,FDSJQNQDBFQL,31475130_SXKPVCFE_TLOSLTMS_0_6,31475130_SXKPVCFE_TLOSLTMS_0,NJJBGHVUHXIZ,0
31475130_SXKPVCFE_TLOSLTMS_0_7,31475130_SXKPVCFE_TLOSLTMS_0,FDSJQNQDBFQL,31475130_SXKPVCFE_TLOSLTMS_0_7,31475130_SXKPVCFE_TLOSLTMS_0,NJJBGHVUHXIZ,0
31475130_SXKPVCFE_TLOSLTMS_0_8,31475130_SXKPVCFE_TLOSLTMS_0,FDSJQNQDBFQL,31475130_SXKPVCFE_TLOSLTMS_0_8,31475130_SXKPVCFE_TLOSLTMS_0,NJJBGHVUHXIZ,0
31475130_SXKPVCFE_TLOSLTMS_0_9,31475130_SXKPVCFE_TLOSLTMS_0,FDSJQNQDBFQL,31475130_SXKPVCFE_TLOSLTMS_0_9,31475130_SXKPVCFE_TLOSLTMS_0,NJJBGHVUHXIZ,0
31475130_SXKPVCFE_TLOSLTMS_0_11,31475130_SXKPVCFE_TLOSLTMS_0,FDSJQNQDBFQL,31475130_SXKPVCFE_TLOSLTMS_0_11,31475130_SXKPVCFE_TLOSLTMS_0,NJJBGHVUHXIZ,0
31475130_SXKPVCFE_TLOSLTMS_0_12,31475130_SXKPVCFE_TLOSLTMS_0,FDSJQNQDBFQL,31475130_SXKPVCFE_TLOSLTMS_0_12,31475130_SXKPVCFE_TLOSLTMS_0,NJJBGHVUHXIZ,0
80876517_TLOSLTMS_SXKPVCFE_0_0,80876517_TLOSLTMS_SXKPVCFE_0,NSGBQNEWABFX,80876517_TLOSLTMS_SXKPVCFE_0_0,80876517_TLOSLTMS_SXKPVCFE_0,FMXOSEFLSKPA,0
80876517_TLOSLTMS_SXKPVCFE_0_2,80876517_TLOSLTMS_SXKPVCFE_0,NSGBQNEWABFX,80876517_TLOSLTMS_SXKPVCFE_0_2,80876517_TLOSLTMS_SXKPVCFE_0,FMXOSEFLSKPA,0
80876517_TLOSLTMS_SXKPVCFE_0_3,80876517_TLOSLTMS_SXKPVCFE_0,NSGBQNEWABFX,80876517_TLOSLTMS_SXKPVCFE_0_3,80876517_TLOSLTMS_SXKPVCFE_0,FMXOSEFLSKPA,0
80876517_TLOSLTMS_SXKPVCFE_0_4,80876517_TLOSLTMS_SXKPVCFE_0,NSGBQNEWABFX,80876517_TLOSLTMS_SXKPVCFE_0_4,80876517_TLOSLTMS_SXKPVCFE_0,FMXOSEFLSKPA,0
80876517_TLOSLTMS_SXKPVCFE_0_5,80876517_TLOSLTMS_SXKPVCFE_0,NSGBQNEWABFX,80876517_TLOSLTMS_SXKPVCFE_0_5,80876517_TLOSLTMS_SXKPVCFE_0,FMXOSEFLSKPA,0
80876517_TLOSLTMS_SXKPVCFE_0_6,80876517_TLOSLTMS_SXKPVCFE_0,NSGBQNEWABFX,80876517_TLOSLTMS_SXKPVCFE_0_6,80876517_TLOSLTMS_SXKPVCFE_0,FMXOSEFLSKPA,0
80876517_TLOSLTMS_SXKPVCFE_0_7,80876517_TLOSLTMS_SXKPVCFE_0,NSGBQNEWABFX,80876517_TLOSLTMS_SXKPVCFE_0_7,80876517_TLOSLTMS_SXKPVCFE_0,FMXOSEFLSKPA,0
80876517_SXKPVCFE_BPORINGO_0_0,80876517_SXKPVCFE_BPORINGO_0,NSGBQNEWABFX,80876517_SXKPVCFE_BPORINGO_0_0,80876517_SXKPVCFE_BPORINGO_0,FMXOSEFLSKPA,0
80876517_SXKPVCFE_BPORINGO_0_1,80876517_SXKPVCFE_BPORINGO_0,NSGBQNEWABFX,80876517_SXKPVCFE_BPORINGO_0_1,80876517_SXKPVCFE_BPORINGO_0,FMXOSEFLSKPA,0
80876517_SXKPVCFE_BPORINGO_0_2,80876517_SXKPVCFE_BPORINGO_0,NSGBQNEWABFX,80876517_SXKPVCFE_BPORINGO_0_2,80876517_SXKPVCFE_BPORINGO_0,FMXOSEFLSKPA,0
80876517_SXKPVCFE_BPORINGO_0_3,80876517_SXKPVCFE_BPORINGO_0,NSGBQNEWABFX,80876517_SXKPVCFE_BPORINGO_0_3,80876517_SXKPVCFE_BPORINGO_0,FMXOSEFLSKPA,0
80876517_SXKPVCFE_BPORINGO_0_4,80876517_SXKPVCFE_BPORINGO_0,NSGBQNEWABFX,80876517_SXKPVCFE_BPORINGO_0_4,80876517_SXKPVCFE_BPORINGO_0,FMXOSEFLSKPA,0
80876517_SXKPVCFE_BPORINGO_0_5,80876517_SXKPVCFE_BPORINGO_0,NSGBQNEWABFX,80876517_SXKPVCFE_BPORINGO_0_5,80876517_SXKPVCFE_BPORINGO_0,FMXOSEFLSKPA,0
80876517_SXKPVCFE_BPORINGO_0_6,80876517_SXKPVCFE_BPORINGO_0,NSGBQNEWABFX,80876517_SXKPVCFE_BPORINGO_0_6,80876517_SXKPVCFE_BPORINGO_0,FMXOSEFLSKPA,0
80876517_SXKPVCFE_BPORINGO_0_7,80876517_SXKPVCFE_BPORINGO_0,NSGBQNEWABFX,80876517_SXKPVCFE_BPORINGO_0_7,80876517_SXKPVCFE_BPORINGO_0,FMXOSEFLSKPA,0
80876517_SXKPVCFE_BPORINGO_0_8,80876517_SXKPVCFE_BPORINGO_0,NSGBQNEWABFX,80876517_SXKPVCFE_BPORINGO_0_8,80876517_SXKPVCFE_BPORINGO_0,FMXOSEFLSKPA,0
80876517_SXKPVCFE_BPORINGO_0_9,80876517_SXKPVCFE_BPORINGO_0,NSGBQNEWABFX,80876517_SXKPVCFE_BPORINGO_0_9,80876517_SXKPVCFE_BPORINGO_0,FMXOSEFLSKPA,0
80876517_SXKPVCFE_BPORINGO_0_11,80876517_SXKPVCFE_BPORINGO_0,NSGBQNEWABFX,80876517_SXKPVCFE_BPORINGO_0_11,80876517_SXKPVCFE_BPORINGO_0,FMXOSEFLSKPA,0
80876517_SXKPVCFE_BPORINGO_0_12,80876517_SXKPVCFE_BPORINGO_0,NSGBQNEWABFX,80876517_SXKPVCFE_BPORINGO_0_12,80876517_SXKPVCFE_BPORINGO_0,FMXOSEFLSKPA,0
80876517_SXKPVCFE_BPORINGO_0_13,80876517_SXKPVCFE_BPORINGO_0,NSGBQNEWABFX,80876517_SXKPVCFE_BPORINGO_0_13,80876517_SXKPVCFE_BPORINGO_0,FMXOSEFLSKPA,0
80876517_SXKPVCFE_BPORINGO_0_14,80876517_SXKPVCFE_BPORINGO_0,NSGBQNEWABFX,80876517_SXKPVCFE_BPORINGO_0_14,80876517_SXKPVCFE_BPORINGO_0,FMXOSEFLSKPA,0
80876517_SXKPVCFE_BPORINGO_0_15,80876517_SXKPVCFE_BPORINGO_0,NSGBQNEWABFX,80876517_SXKPVCFE_BPORINGO_0_15,80876517_SXKPVCFE_BPORINGO_0,FMXOSEFLSKPA,0
80876517_SXKPVCFE_BPORINGO_0_16,80876517_SXKPVCFE_BPORINGO_0,NSGBQNEWABFX,80876517_SXKPVCFE_BPORINGO_0_16,80876517_SXKPVCFE_BPORINGO_0,FMXOSEFLSKPA,0
80876517_SXKPVCFE_BPORINGO_0_17,80876517_SXKPVCFE_BPORINGO_0,NSGBQNEWABFX,80876517_SXKPVCFE_BPORINGO_0_17,80876517_SXKPVCFE_BPORINGO_0,FMXOSEFLSKPA,0
80876517_SXKPVCFE_BPORINGO_0_18,80876517_SXKPVCFE_BPORINGO_0,NSGBQNEWABFX,80876517_SXKPVCFE_BPORINGO_0_18,80876517_SXKPVCFE_BPORINGO_0,FMXOSEFLSKPA,0
80876517_SXKPVCFE_BPORINGO_0_19,80876517_SXKPVCFE_BPORINGO_0,NSGBQNEWABFX,80876517_SXKPVCFE_BPORINGO_0_19,80876517_SXKPVCFE_BPORINGO_0,FMXOSEFLSKPA,0
80876517_SXKPVCFE_BPORINGO_0_20,80876517_SXKPVCFE_BPORINGO_0,NSGBQNEWABFX,80876517_SXKPVCFE_BPORINGO_0_20,80876517_SXKPVCFE_BPORINGO_0,FMXOSEFLSKPA,0
80876517_SXKPVCFE_BPORINGO_0_21,80876517_SXKPVCFE_BPORINGO_0,NSGBQNEWABFX,80876517_SXKPVCFE_BPORINGO_0_21,80876517_SXKPVCFE_BPORINGO_0,FMXOSEFLSKPA,0
80876517_SXKPVCFE_BPORINGO_0_22,80876517_SXKPVCFE_BPORINGO_0,NSGBQNEWABFX,80876517_SXKPVCFE_BPORINGO_0_22,80876517_SXKPVCFE_BPORINGO_0,FMXOSEFLSKPA,0
80876517_SXKPVCFE_BPORINGO_0_23,80876517_SXKPVCFE_BPORINGO_0,NSGBQNEWABFX,80876517_SXKPVCFE_BPORINGO_0_23,80876517_SXKPVCFE_BPORINGO_0,FMXOSEFLSKPA,0
80876517_SXKPVCFE_BPORINGO_0_24,80876517_SXKPVCFE_BPORINGO_0,NSGBQNEWABFX,80876517_SXKPVCFE_BPORINGO_0_24,80876517_SXKPVCFE_BPORINGO_0,FMXOSEFLSKPA,0
80876517_SXKPVCFE_BPORINGO_0_25,80876517_SXKPVCFE_BPORINGO_0,NSGBQNEWABFX,80876517_SXKPVCFE_BPORINGO_0_25,80876517_SXKPVCFE_BPORINGO_0,FMXOSEFLSKPA,0
80876517_SXKPVCFE_BPORINGO_0_26,80876517_SXKPVCFE_BPORINGO_0,NSGBQNEWABFX,80876517_SXKPVCFE_BPORINGO_0_26,80876517_SXKPVCFE_BPORINGO_0,FMXOSEFLSKPA,0
80876517_SXKPVCFE_BPORINGO_0_27,80876517_SXKPVCFE_BPORINGO_0,NSGBQNEWABFX,80876517_SXKPVCFE_BPORINGO_0_27,80876517_SXKPVCFE_BPORINGO_0,FMXOSEFLSKPA,0
80876517_SXKPVCFE_BPORINGO_0_28,80876517_SXKPVCFE_BPORINGO_0,NSGBQNEWABFX,80876517_SXKPVCFE_BPORINGO_0_28,80876517_SXKPVCFE_BPORINGO_0,FMXOSEFLSKPA,0
80876517_SXKPVCFE_BPORINGO_0_29,80876517_SXKPVCFE_BPORINGO_0,NSGBQNEWABFX,80876517_SXKPVCFE_BPORINGO_0_29,80876517_SXKPVCFE_BPORINGO_0,FMXOSEFLSKPA,0
80876517_SXKPVCFE_BPORINGO_0_30,80876517_SXKPVCFE_BPORINGO_0,NSGBQNEWABFX,80876517_SXKPVCFE_BPORINGO_0_30,80876517_SXKPVCFE_BPORINGO_0,FMXOSEFLSKPA,0
80876517_SXKPVCFE_BPORINGO_0_32,80876517_SXKPVCFE_BPORINGO_0,NSGBQNEWABFX,80876517_SXKPVCFE_BPORINGO_0_32,80876517_SXKPVCFE_BPORINGO_0,FMXOSEFLSKPA,0
80876517_SXKPVCFE_BPORINGO_0_33,80876517_SXKPVCFE_BPORINGO_0,NSGBQNEWABFX,80876517_SXKPVCFE_BPORINGO_0_33,80876517_SXKPVCFE_BPORINGO_0,FMXOSEFLSKPA,1
80876517_BPORINGO_LJNFLUMT_0_0,80876517_BPORINGO_LJNFLUMT_0,NSGBQNEWABFX,80876517_BPORINGO_LJNFLUMT_0_0,80876517_BPORINGO_LJNFLUMT_0,FMXOSEFLSKPA,0
80876517_BPORINGO_LJNFLUMT_0_1,80876517_BPORINGO_LJNFLUMT_0,NSGBQNEWABFX,80876517_BPORINGO_LJNFLUMT_0_1,80876517_BPORINGO_LJNFLUMT_0,FMXOSEFLSKPA,0
80876517_BPORINGO_LJNFLUMT_0_2,80876517_BPORINGO_LJNFLUMT_0,NSGBQNEWABFX,80876517_BPORINGO_LJNFLUMT_0_2,80876517_BPORINGO_LJNFLUMT_0,FMXOSEFLSKPA,0
80876517_BPORINGO_LJNFLUMT_0_3,80876517_BPORINGO_LJNFLUMT_0,NSGBQNEWABFX,80876517_BPORINGO_LJNFLUMT_0_3,80876517_BPORINGO_LJNFLUMT_0,FMXOSEFLSKPA,0
80876517_BPORINGO_LJNFLUMT_0_4,80876517_BPORINGO_LJNFLUMT_0,NSGBQNEWABFX,80876517_BPORINGO_LJNFLUMT_0_4,80876517_BPORINGO_LJNFLUMT_0,FMXOSEFLSKPA,0
80876517_BPORINGO_LJNFLUMT_0_5,80876517_BPORINGO_LJNFLUMT_0,NSGBQNEWABFX,80876517_BPORINGO_LJNFLUMT_0_5,80876517_BPORINGO_LJNFLUMT_0,FMXOSEFLSKPA,0
80876517_BPORINGO_LJNFLUMT_0_6,80876517_BPORINGO_LJNFLUMT_0,NSGBQNEWABFX,80876517_BPORINGO_LJNFLUMT_0_6,80876517_BPORINGO_LJNFLUMT_0,FMXOSEFLSKPA,0
80876517_BPORINGO_LJNFLUMT_0_7,80876517_BPORINGO_LJNFLUMT_0,NSGBQNEWABFX,80876517_BPORINGO_LJNFLUMT_0_7,80876517_BPORINGO_LJNFLUMT_0,FMXOSEFLSKPA,0
80876517_BPORINGO_LJNFLUMT_0_8,80876517_BPORINGO_LJNFLUMT_0,NSGBQNEWABFX,80876517_BPORINGO_LJNFLUMT_0_8,80876517_BPORINGO_LJNFLUMT_0,FMXOSEFLSKPA,0
80876517_BPORINGO_LJNFLUMT_0_9,80876517_BPORINGO_LJNFLUMT_0,NSGBQNEWABFX,80876517_BPORINGO_LJNFLUMT_0_9,80876517_BPORINGO_LJNFLUMT_0,FMXOSEFLSKPA,0
80876517_BPORINGO_LJNFLUMT_0_10,80876517_BPORINGO_LJNFLUMT_0,NSGBQNEWABFX,80876517_BPORINGO_LJNFLUMT_0_10,80876517_BPORINGO_LJNFLUMT_0,FMXOSEFLSKPA,0
80876517_BPORINGO_LJNFLUMT_0_12,80876517_BPORINGO_LJNFLUMT_0,NSGBQNEWABFX,80876517_BPORINGO_LJNFLUMT_0_12,80876517_BPORINGO_LJNFLUMT_0,FMXOSEFLSKPA,0
80876517_BPORINGO_LJNFLUMT_0_13,80876517_BPORINGO_LJNFLUMT_0,NSGBQNEWABFX,80876517_BPORINGO_LJNFLUMT_0_13,80876517_BPORINGO_LJNFLUMT_0,FMXOSEFLSKPA,0
80876517_BPORINGO_LJNFLUMT_0_14,80876517_BPORINGO_LJNFLUMT_0,NSGBQNEWABFX,80876517_BPORINGO_LJNFLUMT_0_14,80876517_BPORINGO_LJNFLUMT_0,FMXOSEFLSKPA,0
80876517_BPORINGO_LJNFLUMT_0_15,80876517_BPORINGO_LJNFLUMT_0,NSGBQNEWABFX,80876517_BPORINGO_LJNFLUMT_0_15,80876517_BPORINGO_LJNFLUMT_0,FMXOSEFLSKPA,0
80876517_BPORINGO_LJNFLUMT_0_16,80876517_BPORINGO_LJNFLUMT_0,NSGBQNEWABFX,80876517_BPORINGO_LJNFLUMT_0_16,80876517_BPORINGO_LJNFLUMT_0,FMXOSEFLSKPA,0
80876517_BPORINGO_LJNFLUMT_0_17,80876517_BPORINGO_LJNFLUMT_0,NSGBQNEWABFX,80876517_BPORINGO_LJNFLUMT_0_17,80876517_BPORINGO_LJNFLUMT_0,FMXOSEFLSKPA,0
80876517_BPORINGO_LJNFLUMT_0_18,80876517_BPORINGO_LJNFLUMT_0,NSGBQNEWABFX,80876517_BPORINGO_LJNFLUMT_0_18,80876517_BPORINGO_LJNFLUMT_0,FMXOSEFLSKPA,0
80876517_BPORINGO_LJNFLUMT_0_19,80876517_BPORINGO_LJNFLUMT_0,NSGBQNEWABFX,80876517_BPORINGO_LJNFLUMT_0_19,80876517_BPORINGO_LJNFLUMT_0,FMXOSEFLSKPA,0
80876517_BPORINGO_LJNFLUMT_0_20,80876517_BPORINGO_LJNFLUMT_0,NSGBQNEWABFX,80876517_BPORINGO_LJNFLUMT_0_20,80876517_BPORINGO_LJNFLUMT_0,FMXOSEFLSKPA,1
80876517_BPORINGO_LJNFLUMT_0_21,80876517_BPORINGO_LJNFLUMT_0,NSGBQNEWABFX,80876517_BPORINGO_LJNFLUMT_0_21,80876517_BPORINGO_LJNFLUMT_0,FMXOSEFLSKPA,0
80876517_BPORINGO_LJNFLUMT_0_22,80876517_BPORINGO_LJNFLUMT_0,NSGBQNEWABFX,80876517_BPORINGO_LJNFLUMT_0_22,80876517_BPORINGO_LJNFLUMT_0,FMXOSEFLSKPA,0
80876517_BPORINGO_LJNFLUMT_0_23,80876517_BPORINGO_LJNFLUMT_0,NSGBQNEWABFX,80876517_BPORINGO_LJNFLUMT_0_23,80876517_BPORINGO_LJNFLUMT_0,FMXOSEFLSKPA,0
80876517_BPORINGO_LJNFLUMT_0_24,80876517_BPORINGO_LJNFLUMT_0,NSGBQNEWABFX,80876517_BPORINGO_LJNFLUMT_0_24,80876517_BPORINGO_LJNFLUMT_0,FMXOSEFLSKPA,0
80876517_BPORINGO_LJNFLUMT_0_25,80876517_BPORINGO_LJNFLUMT_0,NSGBQNEWABFX,80876517_BPORINGO_LJNFLUMT_0_25,80876517_BPORINGO_LJNFLUMT_0,FMXOSEFLSKPA,0
80876517_BPORINGO_LJNFLUMT_0_26,80876517_BPORINGO_LJNFLUMT_0,NSGBQNEWABFX,80876517_BPORINGO_LJNFLUMT_0_26,80876517_BPORINGO_LJNFLUMT_0,FMXOSEFLSKPA,0
80876517_BPORINGO_LJNFLUMT_0_27,80876517_BPORINGO_LJNFLUMT_0,NSGBQNEWABFX,80876517_BPORINGO_LJNFLUMT_0_27,80876517_BPORINGO_LJNFLUMT_0,FMXOSEFLSKPA,0
80876517_BPORINGO_LJNFLUMT_0_28,80876517_BPORINGO_LJNFLUMT_0,NSGBQNEWABFX,80876517_BPORINGO_LJNFLUMT_0_28,80876517_BPORINGO_LJNFLUMT_0,FMXOSEFLSKPA,0
80876517_BPORINGO_LJNFLUMT_0_29,80876517_BPORINGO_LJNFLUMT_0,NSGBQNEWABFX,80876517_BPORINGO_LJNFLUMT_0_29,80876517_BPORINGO_LJNFLUMT_0,FMXOSEFLSKPA,0
80876517_BPORINGO_LJNFLUMT_0_30,80876517_BPORINGO_LJNFLUMT_0,NSGBQNEWABFX,80876517_BPORINGO_LJNFLUMT_0_30,80876517_BPORINGO_LJNFLUMT_0,FMXOSEFLSKPA,0
74194408_IQIICCGV_SWIOJTSM_0_0,74194408_IQIICCGV_SWIOJTSM_0,POJNFFCGIOEZ,74194408_IQIICCGV_SWIOJTSM_0_0,74194408_IQIICCGV_SWIOJTSM_0,AYNYANBAAYOE,0
74194408_IQIICCGV_SWIOJTSM_0_1,74194408_IQIICCGV_SWIOJTSM_0,POJNFFCGIOEZ,74194408_IQIICCGV_SWIOJTSM_0_1,74194408_IQIICCGV_SWIOJTSM_0,AYNYANBAAYOE,0
74194408_IQIICCGV_SWIOJTSM_0_2,74194408_IQIICCGV_SWIOJTSM_0,POJNFFCGIOEZ,74194408_IQIICCGV_SWIOJTSM_0_2,74194408_IQIICCGV_SWIOJTSM_0,AYNYANBAAYOE,0
74194408_IQIICCGV_SWIOJTSM_0_3,74194408_IQIICCGV_SWIOJTSM_0,POJNFFCGIOEZ,74194408_IQIICCGV_SWIOJTSM_0_3,74194408_IQIICCGV_SWIOJTSM_0,AYNYANBAAYOE,0
74194408_IQIICCGV_SWIOJTSM_0_5,74194408_IQIICCGV_SWIOJTSM_0,POJNFFCGIOEZ,74194408_IQIICCGV_SWIOJTSM_0_5,74194408_IQIICCGV_SWIOJTSM_0,AYNYANBAAYOE,0
74194408_IQIICCGV_SWIOJTSM_0_6,74194408_IQIICCGV_SWIOJTSM_0,POJNFFCGIOEZ,74194408_IQIICCGV_SWIOJTSM_0_6,74194408_IQIICCGV_SWIOJTSM_0,AYNYANBAAYOE,0
74194408_IQIICCGV_SWIOJTSM_0_7,74194408_IQIICCGV_SWIOJTSM_0,POJNFFCGIOEZ,74194408_IQIICCGV_SWIOJTSM_0_7,74194408_IQIICCGV_SWIOJTSM_0,AYNYANBAAYOE,0
74194408_IQIICCGV_SWIOJTSM_0_8,74194408_IQIICCGV_SWIOJTSM_0,POJNFFCGIOEZ,74194408_IQIICCGV_SWIOJTSM_0_8,74194408_IQIICCGV_SWIOJTSM_0,AYNYANBAAYOE,0
99780282_SXKPVCFE_TLOSLTMS_0_0,99780282_SXKPVCFE_TLOSLTMS_0,EFUXNPIXFZIX,99780282_SXKPVCFE_TLOSLTMS_0_0,99780282_SXKPVCFE_TLOSLTMS_0,WGOHDRTYHYMW,0
99780282_SXKPVCFE_TLOSLTMS_0_1,99780282_SXKPVCFE_TLOSLTMS_0,EFUXNPIXFZIX,99780282_SXKPVCFE_TLOSLTMS_0_1,99780282_SXKPVCFE_TLOSLTMS_0,WGOHDRTYHYMW,0
99780282_SXKPVCFE_TLOSLTMS_0_2,99780282_SXKPVCFE_TLOSLTMS_0,EFUXNPIXFZIX,99780282_SXKPVCFE_TLOSLTMS_0_2,99780282_SXKPVCFE_TLOSLTMS_0,WGOHDRTYHYMW,0
99780282_SXKPVCFE_TLOSLTMS_0_3,99780282_SXKPVCFE_TLOSLTMS_0,EFUXNPIXFZIX,99780282_SXKPVCFE_TLOSLTMS_0_3,99780282_SXKPVCFE_TLOSLTMS_0,WGOHDRTYHYMW,0
99780282_SXKPVCFE_TLOSLTMS_0_4,99780282_SXKPVCFE_TLOSLTMS_0,EFUXNPIXFZIX,99780282_SXKPVCFE_TLOSLTMS_0_4,99780282_SXKPVCFE_TLOSLTMS_0,WGOHDRTYHYMW,0
99780282_SXKPVCFE_TLOSLTMS_0_5,99780282_SXKPVCFE_TLOSLTMS_0,EFUXNPIXFZIX,99780282_SXKPVCFE_TLOSLTMS_0_5,99780282_SXKPVCFE_TLOSLTMS_0,WGOHDRTYHYMW,0
99780282_SXKPVCFE_TLOSLTMS_0_6,99780282_SXKPVCFE_TLOSLTMS_0,EFUXNPIXFZIX,99780282_SXKPVCFE_TLOSLTMS_0_6,99780282_SXKPVCFE_TLOSLTMS_0,WGOHDRTYHYMW,0
99780282_SXKPVCFE_TLOSLTMS_0_7,99780282_SXKPVCFE_TLOSLTMS_0,EFUXNPIXFZIX,99780282_SXKPVCFE_TLOSLTMS_0_7,99780282_SXKPVCFE_TLOSLTMS_0,WGOHDRTYHYMW,0
99780282_SXKPVCFE_TLOSLTMS_0_8,99780282_SXKPVCFE_TLOSLTMS_0,EFUXNPIXFZIX,99780282_SXKPVCFE_TLOSLTMS_0_8,99780282_SXKPVCFE_TLOSLTMS_0,WGOHDRTYHYMW,0
99780282_SXKPVCFE_TLOSLTMS_0_9,99780282_SXKPVCFE_TLOSLTMS_0,EFUXNPIXFZIX,99780282_SXKPVCFE_TLOSLTMS_0_9,99780282_SXKPVCFE_TLOSLTMS_0,WGOHDRTYHYMW,0
99780282_SXKPVCFE_TLOSLTMS_0_10,99780282_SXKPVCFE_TLOSLTMS_0,EFUXNPIXFZIX,99780282_SXKPVCFE_TLOSLTMS_0_10,99780282_SXKPVCFE_TLOSLTMS_0,WGOHDRTYHYMW,0
99780282_SXKPVCFE_TLOSLTMS_0_11,99780282_SXKPVCFE_TLOSLTMS_0,EFUXNPIXFZIX,99780282_SXKPVCFE_TLOSLTMS_0_11,99780282_SXKPVCFE_TLOSLTMS_0,WGOHDRTYHYMW,0
99780282_SXKPVCFE_TLOSLTMS_0_12,99780282_SXKPVCFE_TLOSLTMS_0,EFUXNPIXFZIX,99780282_SXKPVCFE_TLOSLTMS_0_12,99780282_SXKPVCFE_TLOSLTMS_0,WGOHDRTYHYMW,0
99780282_SXKPVCFE_TLOSLTMS_0_13,99780282_SXKPVCFE_TLOSLTMS_0,EFUXNPIXFZIX,99780282_SXKPVCFE_TLOSLTMS_0_13,99780282_SXKPVCFE_TLOSLTMS_0,WGOHDRTYHYMW,0
46792552_BPORINGO_LJNFLUMT_0_0,46792552_BPORINGO_LJNFLUMT_0,JBUVDICGDNQJ,46792552_BPORINGO_LJNFLUMT_0_0,46792552_BPORINGO_LJNFLUMT_0,GLQDJMZWTXNC,0
46792552_BPORINGO_LJNFLUMT_0_1,46792552_BPORINGO_LJNFLUMT_0,JBUVDICGDNQJ,46792552_BPORINGO_LJNFLUMT_0_1,46792552_BPORINGO_LJNFLUMT_0,GLQDJMZWTXNC,0
46792552_BPORINGO_LJNFLUMT_0_2,46792552_BPORINGO_LJNFLUMT_0,JBUVDICGDNQJ,46792552_BPORINGO_LJNFLUMT_0_2,46792552_BPORINGO_LJNFLUMT_0,GLQDJMZWTXNC,0
46792552_BPORINGO_LJNFLUMT_0_3,46792552_BPORINGO_LJNFLUMT_0,JBUVDICGDNQJ,46792552_BPORINGO_LJNFLUMT_0_3,46792552_BPORINGO_LJNFLUMT_0,GLQDJMZWTXNC,0
46792552_BPORINGO_LJNFLUMT_0_4,46792552_BPORINGO_LJNFLUMT_0,JBUVDICGDNQJ,46792552_BPORINGO_LJNFLUMT_0_4,46792552_BPORINGO_LJNFLUMT_0,GLQDJMZWTXNC,0
46792552_BPORINGO_LJNFLUMT_0_5,46792552_BPORINGO_LJNFLUMT_0,JBUVDICGDNQJ,46792552_BPORINGO_LJNFLUMT_0_5,46792552_BPORINGO_LJNFLUMT_0,GLQDJMZWTXNC,0
46792552_BPORINGO_LJNFLUMT_0_6,46792552_BPORINGO_LJNFLUMT_0,JBUVDICGDNQJ,46792552_BPORINGO_LJNFLUMT_0_6,46792552_BPORINGO_LJNFLUMT_0,GLQDJMZWTXNC,0
46792552_BPORINGO_LJNFLUMT_0_7,46792552_BPORINGO_LJNFLUMT_0,JBUVDICGDNQJ,46792552_BPORINGO_LJNFLUMT_0_7,46792552_BPORINGO_LJNFLUMT_0,GLQDJMZWTXNC,0
46792552_BPORINGO_LJNFLUMT_0_9,46792552_BPORINGO_LJNFLUMT_0,JBUVDICGDNQJ,46792552_BPORINGO_LJNFLUMT_0_9,46792552_BPORINGO_LJNFLUMT_0,GLQDJMZWTXNC,0
46792552_BPORINGO_LJNFLUMT_0_10,46792552_BPORINGO_LJNFLUMT_0,JBUVDICGDNQJ,46792552_BPORINGO_LJNFLUMT_0_10,46792552_BPORINGO_LJNFLUMT_0,GLQDJMZWTXNC,0
46792552_BPORINGO_LJNFLUMT_0_11,46792552_BPORINGO_LJNFLUMT_0,JBUVDICGDNQJ,46792552_BPORINGO_LJNFLUMT_0_11,46792552_BPORINGO_LJNFLUMT_0,GLQDJMZWTXNC,0
46792552_BPORINGO_LJNFLUMT_0_12,46792552_BPORINGO_LJNFLUMT_0,JBUVDICGDNQJ,46792552_BPORINGO_LJNFLUMT_0_12,46792552_BPORINGO_LJNFLUMT_0,GLQDJMZWTXNC,0
46792552_BPORINGO_LJNFLUMT_0_13,46792552_BPORINGO_LJNFLUMT_0,JBUVDICGDNQJ,46792552_BPORINGO_LJNFLUMT_0_13,46792552_BPORINGO_LJNFLUMT_0,GLQDJMZWTXNC,0
46792552_BPORINGO_LJNFLUMT_0_14,46792552_BPORINGO_LJNFLUMT_0,JBUVDICGDNQJ,46792552_BPORINGO_LJNFLUMT_0_14,46792552_BPORINGO_LJNFLUMT_0,GLQDJMZWTXNC,0
46792552_BPORINGO_LJNFLUMT_0_15,46792552_BPORINGO_LJNFLUMT_0,JBUVDICGDNQJ,46792552_BPORINGO_LJNFLUMT_0_15,46792552_BPORINGO_LJNFLUMT_0,GLQDJMZWTXNC,0
46792552_BPORINGO_LJNFLUMT_0_16,46792552_BPORINGO_LJNFLUMT_0,JBUVDICGDNQJ,46792552_BPORINGO_LJNFLUMT_0_16,46792552_BPORINGO_LJNFLUMT_0,GLQDJMZWTXNC,0
46792552_BPORINGO_LJNFLUMT_0_17,46792552_BPORINGO_LJNFLUMT_0,JBUVDICGDNQJ,46792552_BPORINGO_LJNFLUMT_0_17,46792552_BPORINGO_LJNFLUMT_0,GLQDJMZWTXNC,0
46792552_BPORINGO_LJNFLUMT_0_18,46792552_BPORINGO_LJNFLUMT_0,JBUVDICGDNQJ,46792552_BPORINGO_LJNFLUMT_0_18,46792552_BPORINGO_LJNFLUMT_0,GLQDJMZWTXNC,0
46792552_BPORINGO_LJNFLUMT_0_19,46792552_BPORINGO_LJNFLUMT_0,JBUVDICGDNQJ,46792552_BPORINGO_LJNFLUMT_0_19,46792552_BPORINGO_LJNFLUMT_0,GLQDJMZWTXNC,0
46792552_BPORINGO_LJNFLUMT_0_20,46792552_BPORINGO_LJNFLUMT_0,JBUVDICGDNQJ,46792552_BPORINGO_LJNFLUMT_0_20,46792552_BPORINGO_LJNFLUMT_0,GLQDJMZWTXNC,0
46792552_BPORINGO_LJNFLUMT_0_21,46792552_BPORINGO_LJNFLUMT_0,JBUVDICGDNQJ,46792552_BPORINGO_LJNFLUMT_0_21,46792552_BPORINGO_LJNFLUMT_0,GLQDJMZWTXNC,0
47049414_LJNFLUMT_SWIOJTSM_0_0,47049414_LJNFLUMT_SWIOJTSM_0,CUNKYAQTRNJJ,47049414_LJNFLUMT_SWIOJTSM_0_0,47049414_LJNFLUMT_SWIOJTSM_0,XIYHNSJREUDQ,0
47049414_LJNFLUMT_SWIOJTSM_0_1,47049414_LJNFLUMT_SWIOJTSM_0,CUNKYAQTRNJJ,47049414_LJNFLUMT_SWIOJTSM_0_1,47049414_LJNFLUMT_SWIOJTSM_0,XIYHNSJREUDQ,0
47049414_LJNFLUMT_SWIOJTSM_0_2,47049414_LJNFLUMT_SWIOJTSM_0,CUNKYAQTRNJJ,47049414_LJNFLUMT_SWIOJTSM_0_2,47049414_LJNFLUMT_SWIOJTSM_0,XIYHNSJREUDQ,0
47049414_LJNFLUMT_SWIOJTSM_0_3,47049414_LJNFLUMT_SWIOJTSM_0,CUNKYAQTRNJJ,47049414_LJNFLUMT_SWIOJTSM_0_3,47049414_LJNFLUMT_SWIOJTSM_0,XIYHNSJREUDQ,0
47049414_LJNFLUMT_SWIOJTSM_0_4,47049414_LJNFLUMT_SWIOJTSM_0,CUNKYAQTRNJJ,47049414_LJNFLUMT_SWIOJTSM_0_4,47049414_LJNFLUMT_SWIOJTSM_0,XIYHNSJREUDQ,0
47049414_LJNFLUMT_SWIOJTSM_0_5,47049414_LJNFLUMT_SWIOJTSM_0,CUNKYAQTRNJJ,47049414_LJNFLUMT_SWIOJTSM_0_5,47049414_LJNFLUMT_SWIOJTSM_0,XIYHNSJREUDQ,0
47049414_LJNFLUMT_SWIOJTSM_0_6,47049414_LJNFLUMT_SWIOJTSM_0,CUNKYAQTRNJJ,47049414_LJNFLUMT_SWIOJTSM_0_6,47049414_LJNFLUMT_SWIOJTSM_0,XIYHNSJREUDQ,0
47049414_LJNFLUMT_SWIOJTSM_0_7,47049414_LJNFLUMT_SWIOJTSM_0,CUNKYAQTRNJJ,47049414_LJNFLUMT_SWIOJTSM_0_7,47049414_LJNFLUMT_SWIOJTSM_0,XIYHNSJREUDQ,0
47049414_LJNFLUMT_SWIOJTSM_0_8,47049414_LJNFLUMT_SWIOJTSM_0,CUNKYAQTRNJJ,47049414_LJNFLUMT_SWIOJTSM_0_8,47049414_LJNFLUMT_SWIOJTSM_0,XIYHNSJREUDQ,0
47049414_LJNFLUMT_SWIOJTSM_0_9,47049414_LJNFLUMT_SWIOJTSM_0,CUNKYAQTRNJJ,47049414_LJNFLUMT_SWIOJTSM_0_9,47049414_LJNFLUMT_SWIOJTSM_0,XIYHNSJREUDQ,0
47049414_LJNFLUMT_SWIOJTSM_0_10,47049414_LJNFLUMT_SWIOJTSM_0,CUNKYAQTRNJJ,47049414_LJNFLUMT_SWIOJTSM_0_10,47049414_LJNFLUMT_SWIOJTSM_0,XIYHNSJREUDQ,0
47049414_LJNFLUMT_SWIOJTSM_0_11,47049414_LJNFLUMT_SWIOJTSM_0,CUNKYAQTRNJJ,47049414_LJNFLUMT_SWIOJTSM_0_11,47049414_LJNFLUMT_SWIOJTSM_0,XIYHNSJREUDQ,0
47049414_LJNFLUMT_SWIOJTSM_0_12,47049414_LJNFLUMT_SWIOJTSM_0,CUNKYAQTRNJJ,47049414_LJNFLUMT_SWIOJTSM_0_12,47049414_LJNFLUMT_SWIOJTSM_0,XIYHNSJREUDQ,0
47049414_LJNFLUMT_SWIOJTSM_0_13,47049414_LJNFLUMT_SWIOJTSM_0,CUNKYAQTRNJJ,47049414_LJNFLUMT_SWIOJTSM_0_13,47049414_LJNFLUMT_SWIOJTSM_0,XIYHNSJREUDQ,0
47049414_LJNFLUMT_SWIOJTSM_0_15,47049414_LJNFLUMT_SWIOJTSM_0,CUNKYAQTRNJJ,47049414_LJNFLUMT_SWIOJTSM_0_15,47049414_LJNFLUMT_SWIOJTSM_0,XIYHNSJREUDQ,1
33819292_TLOSLTMS_SXKPVCFE_0_0,33819292_TLOSLTMS_SXKPVCFE_0,WSWLHJGLBGFU,33819292_TLOSLTMS_SXKPVCFE_0_0,33819292_TLOSLTMS_SXKPVCFE_0,HFPHVBJXFIBL,0
33819292_TLOSLTMS_SXKPVCFE_0_1,33819292_TLOSLTMS_SXKPVCFE_0,WSWLHJGLBGFU,33819292_TLOSLTMS_SXKPVCFE_0_1,33819292_TLOSLTMS_SXKPVCFE_0,HFPHVBJXFIBL,0
33819292_TLOSLTMS_SXKPVCFE_0_2,33819292_TLOSLTMS_SXKPVCFE_0,WSWLHJGLBGFU,33819292_TLOSLTMS_SXKPVCFE_0_2,33819292_TLOSLTMS_SXKPVCFE_0,HFPHVBJXFIBL,0
33819292_TLOSLTMS_SXKPVCFE_0_3,33819292_TLOSLTMS_SXKPVCFE_0,WSWLHJGLBGFU,33819292_TLOSLTMS_SXKPVCFE_0_3,33819292_TLOSLTMS_SXKPVCFE_0,HFPHVBJXFIBL,0
33819292_TLOSLTMS_SXKPVCFE_0_4,33819292_TLOSLTMS_SXKPVCFE_0,WSWLHJGLBGFU,33819292_TLOSLTMS_SXKPVCFE_0_4,33819292_TLOSLTMS_SXKPVCFE_0,HFPHVBJXFIBL,0
33819292_TLOSLTMS_SXKPVCFE_0_5,33819292_TLOSLTMS_SXKPVCFE_0,WSWLHJGLBGFU,33819292_TLOSLTMS_SXKPVCFE_0_5,33819292_TLOSLTMS_SXKPVCFE_0,HFPHVBJXFIBL,0
33819292_TLOSLTMS_SXKPVCFE_0_6,33819292_TLOSLTMS_SXKPVCFE_0,WSWLHJGLBGFU,33819292_TLOSLTMS_SXKPVCFE_0_6,33819292_TLOSLTMS_SXKPVCFE_0,HFPHVBJXFIBL,0
33819292_TLOSLTMS_SXKPVCFE_0_7,33819292_TLOSLTMS_SXKPVCFE_0,WSWLHJGLBGFU,33819292_TLOSLTMS_SXKPVCFE_0_7,33819292_TLOSLTMS_SXKPVCFE_0,HFPHVBJXFIBL,0
33819292_TLOSLTMS_SXKPVCFE_0_8,33819292_TLOSLTMS_SXKPVCFE_0,WSWLHJGLBGFU,33819292_TLOSLTMS_SXKPVCFE_0_8,33819292_TLOSLTMS_SXKPVCFE_0,HFPHVBJXFIBL,0
33819292_TLOSLTMS_SXKPVCFE_0_9,33819292_TLOSLTMS_SXKPVCFE_0,WSWLHJGLBGFU,33819292_TLOSLTMS_SXKPVCFE_0_9,33819292_TLOSLTMS_SXKPVCFE_0,HFPHVBJXFIBL,0
33819292_TLOSLTMS_SXKPVCFE_0_10,33819292_TLOSLTMS_SXKPVCFE_0,WSWLHJGLBGFU,33819292_TLOSLTMS_SXKPVCFE_0_10,33819292_TLOSLTMS_SXKPVCFE_0,HFPHVBJXFIBL,0
92492445_AEUFAHDD_QERHEQPZ_0_0,92492445_AEUFAHDD_QERHEQPZ_0,AKQLUHCGXNYI,92492445_AEUFAHDD_QERHEQPZ_0_0,92492445_AEUFAHDD_QERHEQPZ_0,HBDYGPXJWJPE,0
92492445_AEUFAHDD_QERHEQPZ_0_1,92492445_AEUFAHDD_QERHEQPZ_0,AKQLUHCGXNYI,92492445_AEUFAHDD_QERHEQPZ_0_1,92492445_AEUFAHDD_QERHEQPZ_0,HBDYGPXJWJPE,0
92492445_AEUFAHDD_QERHEQPZ_0_2,92492445_AEUFAHDD_QERHEQPZ_0,AKQLUHCGXNYI,92492445_AEUFAHDD_QERHEQPZ_0_2,92492445_AEUFAHDD_QERHEQPZ_0,HBDYGPXJWJPE,0
92492445_AEUFAHDD_QERHEQPZ_0_3,92492445_AEUFAHDD_QERHEQPZ_0,AKQLUHCGXNYI,92492445_AEUFAHDD_QERHEQPZ_0_3,92492445_AEUFAHDD_QERHEQPZ_0,HBDYGPXJWJPE,0
92492445_AEUFAHDD_QERHEQPZ_0_4,92492445_AEUFAHDD_QERHEQPZ_0,AKQLUHCGXNYI,92492445_AEUFAHDD_QERHEQPZ_0_4,92492445_AEUFAHDD_QERHEQPZ_0,HBDYGPXJWJPE,0
92492445_AEUFAHDD_QERHEQPZ_0_5,92492445_AEUFAHDD_QERHEQPZ_0,AKQLUHCGXNYI,92492445_AEUFAHDD_QERHEQPZ_0_5,92492445_AEUFAHDD_QERHEQPZ_0,HBDYGPXJWJPE,0
92492445_AEUFAHDD_QERHEQPZ_0_7,92492445_AEUFAHDD_QERHEQPZ_0,AKQLUHCGXNYI,92492445_AEUFAHDD_QERHEQPZ_0_7,92492445_AEUFAHDD_QERHEQPZ_0,HBDYGPXJWJPE,0
92492445_AEUFAHDD_QERHEQPZ_0_8,92492445_AEUFAHDD_QERHEQPZ_0,AKQLUHCGXNYI,92492445_AEUFAHDD_QERHEQPZ_0_8,92492445_AEUFAHDD_QERHEQPZ_0,HBDYGPXJWJPE,0
92492445_AEUFAHDD_QERHEQPZ_0_9,92492445_AEUFAHDD_QERHEQPZ_0,AKQLUHCGXNYI,92492445_AEUFAHDD_QERHEQPZ_0_9,92492445_AEUFAHDD_QERHEQPZ_0,HBDYGPXJWJPE,0
92492445_AEUFAHDD_QERHEQPZ_0_10,92492445_AEUFAHDD_QERHEQPZ_0,AKQLUHCGXNYI,92492445_AEUFAHDD_QERHEQPZ_0_10,92492445_AEUFAHDD_QERHEQPZ_0,HBDYGPXJWJPE,0
92492445_AEUFAHDD_QERHEQPZ_0_12,92492445_AEUFAHDD_QERHEQPZ_0,AKQLUHCGXNYI,92492445_AEUFAHDD_QERHEQPZ_0_12,92492445_AEUFAHDD_QERHEQPZ_0,HBDYGPXJWJPE,0
62717390_SWIOJTSM_LJNFLUMT_0_0,62717390_SWIOJTSM_LJNFLUMT_0,SKBPZUDVQCVR,62717390_SWIOJTSM_LJNFLUMT_0_0,62717390_SWIOJTSM_LJNFLUMT_0,NTGTEFCXPJOO,0
62717390_SWIOJTSM_LJNFLUMT_0_1,62717390_SWIOJTSM_LJNFLUMT_0,SKBPZUDVQCVR,62717390_SWIOJTSM_LJNFLUMT_0_1,62717390_SWIOJTSM_LJNFLUMT_0,NTGTEFCXPJOO,0
62717390_SWIOJTSM_LJNFLUMT_0_2,62717390_SWIOJTSM_LJNFLUMT_0,SKBPZUDVQCVR,62717390_SWIOJTSM_LJNFLUMT_0_2,62717390_SWIOJTSM_LJNFLUMT_0,NTGTEFCXPJOO,0
62717390_SWIOJTSM_LJNFLUMT_0_3,62717390_SWIOJTSM_LJNFLUMT_0,SKBPZUDVQCVR,62717390_SWIOJTSM_LJNFLUMT_0_3,62717390_SWIOJTSM_LJNFLUMT_0,NTGTEFCXPJOO,0
62717390_SWIOJTSM_LJNFLUMT_0_4,62717390_SWIOJTSM_LJNFLUMT_0,SKBPZUDVQCVR,62717390_SWIOJTSM_LJNFLUMT_0_4,62717390_SWIOJTSM_LJNFLUMT_0,NTGTEFCXPJOO,0
62717390_SWIOJTSM_LJNFLUMT_0_5,62717390_SWIOJTSM_LJNFLUMT_0,SKBPZUDVQCVR,62717390_SWIOJTSM_LJNFLUMT_0_5,62717390_SWIOJTSM_LJNFLUMT_0,NTGTEFCXPJOO,0
62717390_SWIOJTSM_LJNFLUMT_0_6,62717390_SWIOJTSM_LJNFLUMT_0,SKBPZUDVQCVR,62717390_SWIOJTSM_LJNFLUMT_0_6,62717390_SWIOJTSM_LJNFLUMT_0,NTGTEFCXPJOO,0
62717390_SWIOJTSM_LJNFLUMT_0_8,62717390_SWIOJTSM_LJNFLUMT_0,SKBPZUDVQCVR,62717390_SWIOJTSM_LJNFLUMT_0_8,62717390_SWIOJTSM_LJNFLUMT_0,NTGTEFCXPJOO,0
62717390_SWIOJTSM_LJNFLUMT_0_9,62717390_SWIOJTSM_LJNFLUMT_0,SKBPZUDVQCVR,62717390_SWIOJTSM_LJNFLUMT_0_9,62717390_SWIOJTSM_LJNFLUMT_0,NTGTEFCXPJOO,0
62717390_SWIOJTSM_LJNFLUMT_0_10,62717390_SWIOJTSM_LJNFLUMT_0,SKBPZUDVQCVR,62717390_SWIOJTSM_LJNFLUMT_0_10,62717390_SWIOJTSM_LJNFLUMT_0,NTGTEFCXPJOO,0
62717390_SWIOJTSM_LJNFLUMT_0_11,62717390_SWIOJTSM_LJNFLUMT_0,SKBPZUDVQCVR,62717390_SWIOJTSM_LJNFLUMT_0_11,62717390_SWIOJTSM_LJNFLUMT_0,NTGTEFCXPJOO,0
62717390_SWIOJTSM_LJNFLUMT_0_12,62717390_SWIOJTSM_LJNFLUMT_0,SKBPZUDVQCVR,62717390_SWIOJTSM_LJNFLUMT_0_12,62717390_SWIOJTSM_LJNFLUMT_0,NTGTEFCXPJOO,0
62717390_SWIOJTSM_LJNFLUMT_0_13,62717390_SWIOJTSM_LJNFLUMT_0,SKBPZUDVQCVR,62717390_SWIOJTSM_LJNFLUMT_0_13,62717390_SWIOJTSM_LJNFLUMT_0,NTGTEFCXPJOO,0
62717390_SWIOJTSM_LJNFLUMT_0_14,62717390_SWIOJTSM_LJNFLUMT_0,SKBPZUDVQCVR,62717390_SWIOJTSM_LJNFLUMT_0_14,62717390_SWIOJTSM_LJNFLUMT_0,NTGTEFCXPJOO,0
62717390_SWIOJTSM_LJNFLUMT_0_15,62717390_SWIOJTSM_LJNFLUMT_0,SKBPZUDVQCVR,62717390_SWIOJTSM_LJNFLUMT_0_15,62717390_SWIOJTSM_LJNFLUMT_0,NTGTEFCXPJOO,0
97170258_BPORINGO_LJNFLUMT_0_0,97170258_BPORINGO_LJNFLUMT_0,WNULLBBERPDP,97170258_BPORINGO_LJNFLUMT_0_0,97170258_BPORINGO_LJNFLUMT_0,CULCRXXRNHMP,0
97170258_BPORINGO_LJNFLUMT_0_1,97170258_BPORINGO_LJNFLUMT_0,WNULLBBERPDP,97170258_BPORINGO_LJNFLUMT_0_1,97170258_BPORINGO_LJNFLUMT_0,CULCRXXRNHMP,0
97170258_BPORINGO_LJNFLUMT_0_2,97170258_BPORINGO_LJNFLUMT_0,WNULLBBERPDP,97170258_BPORINGO_LJNFLUMT_0_2,97170258_BPORINGO_LJNFLUMT_0,CULCRXXRNHMP,0
97170258_BPORINGO_LJNFLUMT_0_3,97170258_BPORINGO_LJNFLUMT_0,WNULLBBERPDP,97170258_BPORINGO_LJNFLUMT_0_3,97170258_BPORINGO_LJNFLUMT_0,CULCRXXRNHMP,0
97170258_BPORINGO_LJNFLUMT_0_4,97170258_BPORINGO_LJNFLUMT_0,WNULLBBERPDP,97170258_BPORINGO_LJNFLUMT_0_4,97170258_BPORINGO_LJNFLUMT_0,CULCRXXRNHMP,0
97170258_BPORINGO_LJNFLUMT_0_5,97170258_BPORINGO_LJNFLUMT_0,WNULLBBERPDP,97170258_BPORINGO_LJNFLUMT_0_5,97170258_BPORINGO_LJNFLUMT_0,CULCRXXRNHMP,0
97170258_BPORINGO_LJNFLUMT_0_6,97170258_BPORINGO_LJNFLUMT_0,WNULLBBERPDP,97170258_BPORINGO_LJNFLUMT_0_6,97170258_BPORINGO_LJNFLUMT_0,CULCRXXRNHMP,0
97170258_BPORINGO_LJNFLUMT_0_7,97170258_BPORINGO_LJNFLUMT_0,WNULLBBERPDP,97170258_BPORINGO_LJNFLUMT_0_7,97170258_BPORINGO_LJNFLUMT_0,CULCRXXRNHMP,0
97170258_BPORINGO_LJNFLUMT_0_8,97170258_BPORINGO_LJNFLUMT_0,WNULLBBERPDP,97170258_BPORINGO_LJNFLUMT_0_8,97170258_BPORINGO_LJNFLUMT_0,CULCRXXRNHMP,0
97170258_BPORINGO_LJNFLUMT_0_9,97170258_BPORINGO_LJNFLUMT_0,WNULLBBERPDP,97170258_BPORINGO_LJNFLUMT_0_9,97170258_BPORINGO_LJNFLUMT_0,CULCRXXRNHMP,0
97170258_BPORINGO_LJNFLUMT_0_10,97170258_BPORINGO_LJNFLUMT_0,WNULLBBERPDP,97170258_BPORINGO_LJNFLUMT_0_10,97170258_BPORINGO_LJNFLUMT_0,CULCRXXRNHMP,0
97170258_BPORINGO_LJNFLUMT_0_11,97170258_BPORINGO_LJNFLUMT_0,WNULLBBERPDP,97170258_BPORINGO_LJNFLUMT_0_11,97170258_BPORINGO_LJNFLUMT_0,CULCRXXRNHMP,0
97170258_BPORINGO_LJNFLUMT_0_12,97170258_BPORINGO_LJNFLUMT_0,WNULLBBERPDP,97170258_BPORINGO_LJNFLUMT_0_12,97170258_BPORINGO_LJNFLUMT_0,CULCRXXRNHMP,0
97170258_BPORINGO_LJNFLUMT_0_14,97170258_BPORINGO_LJNFLUMT_0,WNULLBBERPDP,97170258_BPORINGO_LJNFLUMT_0_14,97170258_BPORINGO_LJNFLUMT_0,CULCRXXRNHMP,0
97170258_BPORINGO_LJNFLUMT_0_15,97170258_BPORINGO_LJNFLUMT_0,WNULLBBERPDP,97170258_BPORINGO_LJNFLUMT_0_15,97170258_BPORINGO_LJNFLUMT_0,CULCRXXRNHMP,0
97170258_BPORINGO_LJNFLUMT_0_16,97170258_BPORINGO_LJNFLUMT_0,WNULLBBERPDP,97170258_BPORINGO_LJNFLUMT_0_16,97170258_BPORINGO_LJNFLUMT_0,CULCRXXRNHMP,0
97170258_BPORINGO_LJNFLUMT_0_17,97170258_BPORINGO_LJNFLUMT_0,WNULLBBERPDP,97170258_BPORINGO_LJNFLUMT_0_17,97170258_BPORINGO_LJNFLUMT_0,CULCRXXRNHMP,0
97170258_BPORINGO_LJNFLUMT_0_18,97170258_BPORINGO_LJNFLUMT_0,WNULLBBERPDP,97170258_BPORINGO_LJNFLUMT_0_18,97170258_BPORINGO_LJNFLUMT_0,CULCRXXRNHMP,0
97170258_BPORINGO_LJNFLUMT_0_19,97170258_BPORINGO_LJNFLUMT_0,WNULLBBERPDP,97170258_BPORINGO_LJNFLUMT_0_19,97170258_BPORINGO_LJNFLUMT_0,CULCRXXRNHMP,0
97170258_BPORINGO_LJNFLUMT_0_20,97170258_BPORINGO_LJNFLUMT_0,WNULLBBERPDP,97170258_BPORINGO_LJNFLUMT_0_20,97170258_BPORINGO_LJNFLUMT_0,CULCRXXRNHMP,0
97170258_BPORINGO_LJNFLUMT_0_21,97170258_BPORINGO_LJNFLUMT_0,WNULLBBERPDP,97170258_BPORINGO_LJNFLUMT_0_21,97170258_BPORINGO_LJNFLUMT_0,CULCRXXRNHMP,0
97170258_BPORINGO_LJNFLUMT_0_22,97170258_BPORINGO_LJNFLUMT_0,WNULLBBERPDP,97170258_BPORINGO_LJNFLUMT_0_22,97170258_BPORINGO_LJNFLUMT_0,CULCRXXRNHMP,0
73218779_TLOSLTMS_SXKPVCFE_0_0,73218779_TLOSLTMS_SXKPVCFE_0,LXBPUVTMKSQN,73218779_TLOSLTMS_SXKPVCFE_0_0,73218779_TLOSLTMS_SXKPVCFE_0,CJPGJDYCBRIW,0
73218779_TLOSLTMS_SXKPVCFE_0_1,73218779_TLOSLTMS_SXKPVCFE_0,LXBPUVTMKSQN,73218779_TLOSLTMS_SXKPVCFE_0_1,73218779_TLOSLTMS_SXKPVCFE_0,CJPGJDYCBRIW,0
73218779_TLOSLTMS_SXKPVCFE_0_2,73218779_TLOSLTMS_SXKPVCFE_0,LXBPUVTMKSQN,73218779_TLOSLTMS_SXKPVCFE_0_2,73218779_TLOSLTMS_SXKPVCFE_0,CJPGJDYCBRIW,0
73218779_TLOSLTMS_SXKPVCFE_0_3,73218779_TLOSLTMS_SXKPVCFE_0,LXBPUVTMKSQN,73218779_TLOSLTMS_SXKPVCFE_0_3,73218779_TLOSLTMS_SXKPVCFE_0,CJPGJDYCBRIW,0
73218779_TLOSLTMS_SXKPVCFE_0_4,73218779_TLOSLTMS_SXKPVCFE_0,LXBPUVTMKSQN,73218779_TLOSLTMS_SXKPVCFE_0_4,73218779_TLOSLTMS_SXKPVCFE_0,CJPGJDYCBRIW,0
73218779_TLOSLTMS_SXKPVCFE_0_5,73218779_TLOSLTMS_SXKPVCFE_0,LXBPUVTMKSQN,73218779_TLOSLTMS_SXKPVCFE_0_5,73218779_TLOSLTMS_SXKPVCFE_0,CJPGJDYCBRIW,0
73218779_TLOSLTMS_SXKPVCFE_0_6,73218779_TLOSLTMS_SXKPVCFE_0,LXBPUVTMKSQN,73218779_TLOSLTMS_SXKPVCFE_0_6,73218779_TLOSLTMS_SXKPVCFE_0,CJPGJDYCBRIW,0
73218779_TLOSLTMS_SXKPVCFE_0_7,73218779_TLOSLTMS_SXKPVCFE_0,LXBPUVTMKSQN,73218779_TLOSLTMS_SXKPVCFE_0_7,73218779_TLOSLTMS_SXKPVCFE_0,CJPGJDYCBRIW,0
73218779_TLOSLTMS_SXKPVCFE_0_8,73218779_TLOSLTMS_SXKPVCFE_0,LXBPUVTMKSQN,73218779_TLOSLTMS_SXKPVCFE_0_8,73218779_TLOSLTMS_SXKPVCFE_0,CJPGJDYCBRIW,0
61864123_SWIOJTSM_LJNFLUMT_0_0,61864123_SWIOJTSM_LJNFLUMT_0,YAJETFELIJEZ,61864123_SWIOJTSM_LJNFLUMT_0_0,61864123_SWIOJTSM_LJNFLUMT_0,MOBIRQJBBECM,0
61864123_SWIOJTSM_LJNFLUMT_0_1,61864123_SWIOJTSM_LJNFLUMT_0,YAJETFELIJEZ,61864123_SWIOJTSM_LJNFLUMT_0_1,61864123_SWIOJTSM_LJNFLUMT_0,MOBIRQJBBECM,0
61864123_SWIOJTSM_LJNFLUMT_0_2,61864123_SWIOJTSM_LJNFLUMT_0,YAJETFELIJEZ,61864123_SWIOJTSM_LJNFLUMT_0_2,61864123_SWIOJTSM_LJNFLUMT_0,MOBIRQJBBECM,0
61864123_SWIOJTSM_LJNFLUMT_0_3,61864123_SWIOJTSM_LJNFLUMT_0,YAJETFELIJEZ,61864123_SWIOJTSM_LJNFLUMT_0_3,61864123_SWIOJTSM_LJNFLUMT_0,MOBIRQJBBECM,0
61864123_SWIOJTSM_LJNFLUMT_0_4,61864123_SWIOJTSM_LJNFLUMT_0,YAJETFELIJEZ,61864123_SWIOJTSM_LJNFLUMT_0_4,61864123_SWIOJTSM_LJNFLUMT_0,MOBIRQJBBECM,0
61864123_SWIOJTSM_LJNFLUMT_0_5,61864123_SWIOJTSM_LJNFLUMT_0,YAJETFELIJEZ,61864123_SWIOJTSM_LJNFLUMT_0_5,61864123_SWIOJTSM_LJNFLUMT_0,MOBIRQJBBECM,0
61864123_SWIOJTSM_LJNFLUMT_0_6,61864123_SWIOJTSM_LJNFLUMT_0,YAJETFELIJEZ,61864123_SWIOJTSM_LJNFLUMT_0_6,61864123_SWIOJTSM_LJNFLUMT_0,MOBIRQJBBECM,0
61864123_SWIOJTSM_LJNFLUMT_0_7,61864123_SWIOJTSM_LJNFLUMT_0,YAJETFELIJEZ,61864123_SWIOJTSM_LJNFLUMT_0_7,61864123_SWIOJTSM_LJNFLUMT_0,MOBIRQJBBECM,0
61864123_SWIOJTSM_LJNFLUMT_0_8,61864123_SWIOJTSM_LJNFLUMT_0,YAJETFELIJEZ,61864123_SWIOJTSM_LJNFLUMT_0_8,61864123_SWIOJTSM_LJNFLUMT_0,MOBIRQJBBECM,0
61864123_SWIOJTSM_LJNFLUMT_0_9,61864123_SWIOJTSM_LJNFLUMT_0,YAJETFELIJEZ,61864123_SWIOJTSM_LJNFLUMT_0_9,61864123_SWIOJTSM_LJNFLUMT_0,MOBIRQJBBECM,0
61864123_SWIOJTSM_LJNFLUMT_0_10,61864123_SWIOJTSM_LJNFLUMT_0,YAJETFELIJEZ,61864123_SWIOJTSM_LJNFLUMT_0_10,61864123_SWIOJTSM_LJNFLUMT_0,MOBIRQJBBECM,0
61864123_SWIOJTSM_LJNFLUMT_0_12,61864123_SWIOJTSM_LJNFLUMT_0,YAJETFELIJEZ,61864123_SWIOJTSM_LJNFLUMT_0_12,61864123_SWIOJTSM_LJNFLUMT_0,MOBIRQJBBECM,0
61864123_SWIOJTSM_LJNFLUMT_0_14,61864123_SWIOJTSM_LJNFLUMT_0,YAJETFELIJEZ,61864123_SWIOJTSM_LJNFLUMT_0_14,61864123_SWIOJTSM_LJNFLUMT_0,MOBIRQJBBECM,0
61864123_SWIOJTSM_LJNFLUMT_0_15,61864123_SWIOJTSM_LJNFLUMT_0,YAJETFELIJEZ,61864123_SWIOJTSM_LJNFLUMT_0_15,61864123_SWIOJTSM_LJNFLUMT_0,MOBIRQJBBECM,0
43967023_QJDNBWBE_SWIOJTSM_0_0,43967023_QJDNBWBE_SWIOJTSM_0,LXBPUVTMKSQN,43967023_QJDNBWBE_SWIOJTSM_0_0,43967023_QJDNBWBE_SWIOJTSM_0,CJPGJDYCBRIW,0
43967023_QJDNBWBE_SWIOJTSM_0_1,43967023_QJDNBWBE_SWIOJTSM_0,LXBPUVTMKSQN,43967023_QJDNBWBE_SWIOJTSM_0_1,43967023_QJDNBWBE_SWIOJTSM_0,CJPGJDYCBRIW,0
43967023_QJDNBWBE_SWIOJTSM_0_2,43967023_QJDNBWBE_SWIOJTSM_0,LXBPUVTMKSQN,43967023_QJDNBWBE_SWIOJTSM_0_2,43967023_QJDNBWBE_SWIOJTSM_0,CJPGJDYCBRIW,0
43967023_QJDNBWBE_SWIOJTSM_0_3,43967023_QJDNBWBE_SWIOJTSM_0,LXBPUVTMKSQN,43967023_QJDNBWBE_SWIOJTSM_0_3,43967023_QJDNBWBE_SWIOJTSM_0,CJPGJDYCBRIW,0
21676057_SWIOJTSM_IQIICCGV_0_0,21676057_SWIOJTSM_IQIICCGV_0,NPHFIGBOEGFP,21676057_SWIOJTSM_IQIICCGV_0_0,21676057_SWIOJTSM_IQIICCGV_0,RSWQWEVIUAQO,0
21676057_SWIOJTSM_IQIICCGV_0_1,21676057_SWIOJTSM_IQIICCGV_0,NPHFIGBOEGFP,21676057_SWIOJTSM_IQIICCGV_0_1,21676057_SWIOJTSM_IQIICCGV_0,RSWQWEVIUAQO,0
21676057_SWIOJTSM_IQIICCGV_0_2,21676057_SWIOJTSM_IQIICCGV_0,NPHFIGBOEGFP,21676057_SWIOJTSM_IQIICCGV_0_2,21676057_SWIOJTSM_IQIICCGV_0,RSWQWEVIUAQO,0
21676057_SWIOJTSM_IQIICCGV_0_3,21676057_SWIOJTSM_IQIICCGV_0,NPHFIGBOEGFP,21676057_SWIOJTSM_IQIICCGV_0_3,21676057_SWIOJTSM_IQIICCGV_0,RSWQWEVIUAQO,0
21676057_SWIOJTSM_IQIICCGV_0_4,21676057_SWIOJTSM_IQIICCGV_0,NPHFIGBOEGFP,21676057_SWIOJTSM_IQIICCGV_0_4,21676057_SWIOJTSM_IQIICCGV_0,RSWQWEVIUAQO,0
21676057_SWIOJTSM_IQIICCGV_0_6,21676057_SWIOJTSM_IQIICCGV_0,NPHFIGBOEGFP,21676057_SWIOJTSM_IQIICCGV_0_6,21676057_SWIOJTSM_IQIICCGV_0,RSWQWEVIUAQO,0
21676057_SWIOJTSM_IQIICCGV_0_7,21676057_SWIOJTSM_IQIICCGV_0,NPHFIGBOEGFP,21676057_SWIOJTSM_IQIICCGV_0_7,21676057_SWIOJTSM_IQIICCGV_0,RSWQWEVIUAQO,0
21676057_SWIOJTSM_IQIICCGV_0_8,21676057_SWIOJTSM_IQIICCGV_0,NPHFIGBOEGFP,21676057_SWIOJTSM_IQIICCGV_0_8,21676057_SWIOJTSM_IQIICCGV_0,RSWQWEVIUAQO,0
21676057_IQIICCGV_DRXGSCTF_0_0,21676057_IQIICCGV_DRXGSCTF_0,NPHFIGBOEGFP,21676057_IQIICCGV_DRXGSCTF_0_0,21676057_IQIICCGV_DRXGSCTF_0,RSWQWEVIUAQO,0
21676057_IQIICCGV_DRXGSCTF_0_1,21676057_IQIICCGV_DRXGSCTF_0,NPHFIGBOEGFP,21676057_IQIICCGV_DRXGSCTF_0_1,21676057_IQIICCGV_DRXGSCTF_0,RSWQWEVIUAQO,0
98951195_LJNFLUMT_SXKPVCFE_0_0,98951195_LJNFLUMT_SXKPVCFE_0,GGTDHFLEMRCU,98951195_LJNFLUMT_SXKPVCFE_0_0,98951195_LJNFLUMT_SXKPVCFE_0,LANKCSGKOCVZ,0
98951195_LJNFLUMT_SXKPVCFE_0_0,98951195_LJNFLUMT_SXKPVCFE_0,GGTDHFLEMRCU,98951195_LJNFLUMT_SXKPVCFE_0_0,98951195_LJNFLUMT_SXKPVCFE_0,AIJLQJUUVQWI,0
98951195_LJNFLUMT_SXKPVCFE_0_1,98951195_LJNFLUMT_SXKPVCFE_0,GGTDHFLEMRCU,98951195_LJNFLUMT_SXKPVCFE_0_1,98951195_LJNFLUMT_SXKPVCFE_0,LANKCSGKOCVZ,0
98951195_LJNFLUMT_SXKPVCFE_0_1,98951195_LJNFLUMT_SXKPVCFE_0,GGTDHFLEMRCU,98951195_LJNFLUMT_SXKPVCFE_0_1,98951195_LJNFLUMT_SXKPVCFE_0,AIJLQJUUVQWI,0
98951195_LJNFLUMT_SXKPVCFE_0_2,98951195_LJNFLUMT_SXKPVCFE_0,GGTDHFLEMRCU,98951195_LJNFLUMT_SXKPVCFE_0_2,98951195_LJNFLUMT_SXKPVCFE_0,LANKCSGKOCVZ,0
98951195_LJNFLUMT_SXKPVCFE_0_2,98951195_LJNFLUMT_SXKPVCFE_0,GGTDHFLEMRCU,98951195_LJNFLUMT_SXKPVCFE_0_2,98951195_LJNFLUMT_SXKPVCFE_0,AIJLQJUUVQWI,0
98951195_LJNFLUMT_SXKPVCFE_0_3,98951195_LJNFLUMT_SXKPVCFE_0,GGTDHFLEMRCU,98951195_LJNFLUMT_SXKPVCFE_0_3,98951195_LJNFLUMT_SXKPVCFE_0,LANKCSGKOCVZ,1
98951195_LJNFLUMT_SXKPVCFE_0_4,98951195_LJNFLUMT_SXKPVCFE_0,GGTDHFLEMRCU,98951195_LJNFLUMT_SXKPVCFE_0_4,98951195_LJNFLUMT_SXKPVCFE_0,LANKCSGKOCVZ,1
98951195_LJNFLUMT_SXKPVCFE_0_4,98951195_LJNFLUMT_SXKPVCFE_0,GGTDHFLEMRCU,98951195_LJNFLUMT_SXKPVCFE_0_4,98951195_LJNFLUMT_SXKPVCFE_0,AIJLQJUUVQWI,0
98951195_LJNFLUMT_SXKPVCFE_0_5,98951195_LJNFLUMT_SXKPVCFE_0,GGTDHFLEMRCU,98951195_LJNFLUMT_SXKPVCFE_0_5,98951195_LJNFLUMT_SXKPVCFE_0,LANKCSGKOCVZ,0
98951195_LJNFLUMT_SXKPVCFE_0_6,98951195_LJNFLUMT_SXKPVCFE_0,GGTDHFLEMRCU,98951195_LJNFLUMT_SXKPVCFE_0_6,98951195_LJNFLUMT_SXKPVCFE_0,LANKCSGKOCVZ,0
98951195_LJNFLUMT_SXKPVCFE_0_6,98951195_LJNFLUMT_SXKPVCFE_0,GGTDHFLEMRCU,98951195_LJNFLUMT_SXKPVCFE_0_6,98951195_LJNFLUMT_SXKPVCFE_0,AIJLQJUUVQWI,0
98951195_LJNFLUMT_SXKPVCFE_0_7,98951195_LJNFLUMT_SXKPVCFE_0,GGTDHFLEMRCU,98951195_LJNFLUMT_SXKPVCFE_0_7,98951195_LJNFLUMT_SXKPVCFE_0,LANKCSGKOCVZ,0
98951195_LJNFLUMT_SXKPVCFE_0_7,98951195_LJNFLUMT_SXKPVCFE_0,GGTDHFLEMRCU,98951195_LJNFLUMT_SXKPVCFE_0_7,98951195_LJNFLUMT_SXKPVCFE_0,AIJLQJUUVQWI,0
98951195_LJNFLUMT_SXKPVCFE_0_8,98951195_LJNFLUMT_SXKPVCFE_0,GGTDHFLEMRCU,98951195_LJNFLUMT_SXKPVCFE_0_8,98951195_LJNFLUMT_SXKPVCFE_0,LANKCSGKOCVZ,0
98951195_LJNFLUMT_SXKPVCFE_0_8,98951195_LJNFLUMT_SXKPVCFE_0,GGTDHFLEMRCU,98951195_LJNFLUMT_SXKPVCFE_0_8,98951195_LJNFLUMT_SXKPVCFE_0,AIJLQJUUVQWI,0
98951195_LJNFLUMT_SXKPVCFE_0_9,98951195_LJNFLUMT_SXKPVCFE_0,GGTDHFLEMRCU,98951195_LJNFLUMT_SXKPVCFE_0_9,98951195_LJNFLUMT_SXKPVCFE_0,LANKCSGKOCVZ,0
98951195_LJNFLUMT_SXKPVCFE_0_9,98951195_LJNFLUMT_SXKPVCFE_0,GGTDHFLEMRCU,98951195_LJNFLUMT_SXKPVCFE_0_9,98951195_LJNFLUMT_SXKPVCFE_0,AIJLQJUUVQWI,0
98951195_LJNFLUMT_SXKPVCFE_0_10,98951195_LJNFLUMT_SXKPVCFE_0,GGTDHFLEMRCU,98951195_LJNFLUMT_SXKPVCFE_0_10,98951195_LJNFLUMT_SXKPVCFE_0,LANKCSGKOCVZ,0
98951195_LJNFLUMT_SXKPVCFE_0_10,98951195_LJNFLUMT_SXKPVCFE_0,GGTDHFLEMRCU,98951195_LJNFLUMT_SXKPVCFE_0_10,98951195_LJNFLUMT_SXKPVCFE_0,AIJLQJUUVQWI,0
98951195_LJNFLUMT_SXKPVCFE_0_11,98951195_LJNFLUMT_SXKPVCFE_0,GGTDHFLEMRCU,98951195_LJNFLUMT_SXKPVCFE_0_11,98951195_LJNFLUMT_SXKPVCFE_0,LANKCSGKOCVZ,0
98951195_LJNFLUMT_SXKPVCFE_0_11,98951195_LJNFLUMT_SXKPVCFE_0,GGTDHFLEMRCU,98951195_LJNFLUMT_SXKPVCFE_0_11,98951195_LJNFLUMT_SXKPVCFE_0,AIJLQJUUVQWI,0
98951195_LJNFLUMT_SXKPVCFE_0_12,98951195_LJNFLUMT_SXKPVCFE_0,GGTDHFLEMRCU,98951195_LJNFLUMT_SXKPVCFE_0_12,98951195_LJNFLUMT_SXKPVCFE_0,LANKCSGKOCVZ,0
98951195_LJNFLUMT_SXKPVCFE_0_12,98951195_LJNFLUMT_SXKPVCFE_0,GGTDHFLEMRCU,98951195_LJNFLUMT_SXKPVCFE_0_12,98951195_LJNFLUMT_SXKPVCFE_0,AIJLQJUUVQWI,0
98951195_LJNFLUMT_SXKPVCFE_0_13,98951195_LJNFLUMT_SXKPVCFE_0,GGTDHFLEMRCU,98951195_LJNFLUMT_SXKPVCFE_0_13,98951195_LJNFLUMT_SXKPVCFE_0,LANKCSGKOCVZ,0
98951195_LJNFLUMT_SXKPVCFE_0_13,98951195_LJNFLUMT_SXKPVCFE_0,GGTDHFLEMRCU,98951195_LJNFLUMT_SXKPVCFE_0_13,98951195_LJNFLUMT_SXKPVCFE_0,AIJLQJUUVQWI,0
98951195_LJNFLUMT_SXKPVCFE_0_14,98951195_LJNFLUMT_SXKPVCFE_0,GGTDHFLEMRCU,98951195_LJNFLUMT_SXKPVCFE_0_14,98951195_LJNFLUMT_SXKPVCFE_0,LANKCSGKOCVZ,0
98951195_LJNFLUMT_SXKPVCFE_0_14,98951195_LJNFLUMT_SXKPVCFE_0,GGTDHFLEMRCU,98951195_LJNFLUMT_SXKPVCFE_0_14,98951195_LJNFLUMT_SXKPVCFE_0,AIJLQJUUVQWI,0
98951195_LJNFLUMT_SXKPVCFE_0_15,98951195_LJNFLUMT_SXKPVCFE_0,GGTDHFLEMRCU,98951195_LJNFLUMT_SXKPVCFE_0_15,98951195_LJNFLUMT_SXKPVCFE_0,LANKCSGKOCVZ,0
98951195_LJNFLUMT_SXKPVCFE_0_15,98951195_LJNFLUMT_SXKPVCFE_0,GGTDHFLEMRCU,98951195_LJNFLUMT_SXKPVCFE_0_15,98951195_LJNFLUMT_SXKPVCFE_0,AIJLQJUUVQWI,0
98951195_LJNFLUMT_SXKPVCFE_0_16,98951195_LJNFLUMT_SXKPVCFE_0,GGTDHFLEMRCU,98951195_LJNFLUMT_SXKPVCFE_0_16,98951195_LJNFLUMT_SXKPVCFE_0,LANKCSGKOCVZ,0
98951195_LJNFLUMT_SXKPVCFE_0_16,98951195_LJNFLUMT_SXKPVCFE_0,GGTDHFLEMRCU,98951195_LJNFLUMT_SXKPVCFE_0_16,98951195_LJNFLUMT_SXKPVCFE_0,AIJLQJUUVQWI,0
98951195_LJNFLUMT_SXKPVCFE_0_17,98951195_LJNFLUMT_SXKPVCFE_0,GGTDHFLEMRCU,98951195_LJNFLUMT_SXKPVCFE_0_17,98951195_LJNFLUMT_SXKPVCFE_0,LANKCSGKOCVZ,0
98951195_LJNFLUMT_SXKPVCFE_0_17,98951195_LJNFLUMT_SXKPVCFE_0,GGTDHFLEMRCU,98951195_LJNFLUMT_SXKPVCFE_0_17,98951195_LJNFLUMT_SXKPVCFE_0,AIJLQJUUVQWI,0
98951195_LJNFLUMT_SXKPVCFE_0_18,98951195_LJNFLUMT_SXKPVCFE_0,GGTDHFLEMRCU,98951195_LJNFLUMT_SXKPVCFE_0_18,98951195_LJNFLUMT_SXKPVCFE_0,LANKCSGKOCVZ,0
98951195_LJNFLUMT_SXKPVCFE_0_18,98951195_LJNFLUMT_SXKPVCFE_0,GGTDHFLEMRCU,98951195_LJNFLUMT_SXKPVCFE_0_18,98951195_LJNFLUMT_SXKPVCFE_0,AIJLQJUUVQWI,0
98951195_LJNFLUMT_SXKPVCFE_0_20,98951195_LJNFLUMT_SXKPVCFE_0,GGTDHFLEMRCU,98951195_LJNFLUMT_SXKPVCFE_0_20,98951195_LJNFLUMT_SXKPVCFE_0,LANKCSGKOCVZ,0
98951195_LJNFLUMT_SXKPVCFE_0_20,98951195_LJNFLUMT_SXKPVCFE_0,GGTDHFLEMRCU,98951195_LJNFLUMT_SXKPVCFE_0_20,98951195_LJNFLUMT_SXKPVCFE_0,AIJLQJUUVQWI,1
98951195_LJNFLUMT_SXKPVCFE_0_21,98951195_LJNFLUMT_SXKPVCFE_0,GGTDHFLEMRCU,98951195_LJNFLUMT_SXKPVCFE_0_21,98951195_LJNFLUMT_SXKPVCFE_0,LANKCSGKOCVZ,0
98951195_LJNFLUMT_SXKPVCFE_0_22,98951195_LJNFLUMT_SXKPVCFE_0,GGTDHFLEMRCU,98951195_LJNFLUMT_SXKPVCFE_0_22,98951195_LJNFLUMT_SXKPVCFE_0,LANKCSGKOCVZ,0
98951195_LJNFLUMT_SXKPVCFE_0_22,98951195_LJNFLUMT_SXKPVCFE_0,GGTDHFLEMRCU,98951195_LJNFLUMT_SXKPVCFE_0_22,98951195_LJNFLUMT_SXKPVCFE_0,AIJLQJUUVQWI,0
98951195_LJNFLUMT_SXKPVCFE_0_23,98951195_LJNFLUMT_SXKPVCFE_0,GGTDHFLEMRCU,98951195_LJNFLUMT_SXKPVCFE_0_23,98951195_LJNFLUMT_SXKPVCFE_0,LANKCSGKOCVZ,0
98951195_LJNFLUMT_SXKPVCFE_0_23,98951195_LJNFLUMT_SXKPVCFE_0,GGTDHFLEMRCU,98951195_LJNFLUMT_SXKPVCFE_0_23,98951195_LJNFLUMT_SXKPVCFE_0,AIJLQJUUVQWI,0
98951195_LJNFLUMT_SXKPVCFE_0_24,98951195_LJNFLUMT_SXKPVCFE_0,GGTDHFLEMRCU,98951195_LJNFLUMT_SXKPVCFE_0_24,98951195_LJNFLUMT_SXKPVCFE_0,LANKCSGKOCVZ,0
98951195_LJNFLUMT_SXKPVCFE_0_24,98951195_LJNFLUMT_SXKPVCFE_0,GGTDHFLEMRCU,98951195_LJNFLUMT_SXKPVCFE_0_24,98951195_LJNFLUMT_SXKPVCFE_0,AIJLQJUUVQWI,0
98951195_LJNFLUMT_SXKPVCFE_0_25,98951195_LJNFLUMT_SXKPVCFE_0,GGTDHFLEMRCU,98951195_LJNFLUMT_SXKPVCFE_0_25,98951195_LJNFLUMT_SXKPVCFE_0,LANKCSGKOCVZ,0
98951195_LJNFLUMT_SXKPVCFE_0_25,98951195_LJNFLUMT_SXKPVCFE_0,GGTDHFLEMRCU,98951195_LJNFLUMT_SXKPVCFE_0_25,98951195_LJNFLUMT_SXKPVCFE_0,AIJLQJUUVQWI,0
98951195_LJNFLUMT_SXKPVCFE_0_26,98951195_LJNFLUMT_SXKPVCFE_0,GGTDHFLEMRCU,98951195_LJNFLUMT_SXKPVCFE_0_26,98951195_LJNFLUMT_SXKPVCFE_0,LANKCSGKOCVZ,0
98951195_LJNFLUMT_SXKPVCFE_0_26,98951195_LJNFLUMT_SXKPVCFE_0,GGTDHFLEMRCU,98951195_LJNFLUMT_SXKPVCFE_0_26,98951195_LJNFLUMT_SXKPVCFE_0,AIJLQJUUVQWI,0
98951195_LJNFLUMT_SXKPVCFE_0_27,98951195_LJNFLUMT_SXKPVCFE_0,GGTDHFLEMRCU,98951195_LJNFLUMT_SXKPVCFE_0_27,98951195_LJNFLUMT_SXKPVCFE_0,LANKCSGKOCVZ,0
98951195_LJNFLUMT_SXKPVCFE_0_27,98951195_LJNFLUMT_SXKPVCFE_0,GGTDHFLEMRCU,98951195_LJNFLUMT_SXKPVCFE_0_27,98951195_LJNFLUMT_SXKPVCFE_0,AIJLQJUUVQWI,0
98951195_LJNFLUMT_SXKPVCFE_0_28,98951195_LJNFLUMT_SXKPVCFE_0,GGTDHFLEMRCU,98951195_LJNFLUMT_SXKPVCFE_0_28,98951195_LJNFLUMT_SXKPVCFE_0,LANKCSGKOCVZ,0
98951195_LJNFLUMT_SXKPVCFE_0_28,98951195_LJNFLUMT_SXKPVCFE_0,GGTDHFLEMRCU,98951195_LJNFLUMT_SXKPVCFE_0_28,98951195_LJNFLUMT_SXKPVCFE_0,AIJLQJUUVQWI,0
98951195_LJNFLUMT_SXKPVCFE_0_29,98951195_LJNFLUMT_SXKPVCFE_0,GGTDHFLEMRCU,98951195_LJNFLUMT_SXKPVCFE_0_29,98951195_LJNFLUMT_SXKPVCFE_0,LANKCSGKOCVZ,0
98951195_LJNFLUMT_SXKPVCFE_0_29,98951195_LJNFLUMT_SXKPVCFE_0,GGTDHFLEMRCU,98951195_LJNFLUMT_SXKPVCFE_0_29,98951195_LJNFLUMT_SXKPVCFE_0,AIJLQJUUVQWI,0
98951195_LJNFLUMT_SXKPVCFE_0_31,98951195_LJNFLUMT_SXKPVCFE_0,GGTDHFLEMRCU,98951195_LJNFLUMT_SXKPVCFE_0_31,98951195_LJNFLUMT_SXKPVCFE_0,LANKCSGKOCVZ,0
98951195_LJNFLUMT_SXKPVCFE_0_32,98951195_LJNFLUMT_SXKPVCFE_0,GGTDHFLEMRCU,98951195_LJNFLUMT_SXKPVCFE_0_32,98951195_LJNFLUMT_SXKPVCFE_0,LANKCSGKOCVZ,0
98951195_LJNFLUMT_SXKPVCFE_0_32,98951195_LJNFLUMT_SXKPVCFE_0,GGTDHFLEMRCU,98951195_LJNFLUMT_SXKPVCFE_0_32,98951195_LJNFLUMT_SXKPVCFE_0,AIJLQJUUVQWI,0
98951195_LJNFLUMT_SXKPVCFE_0_33,98951195_LJNFLUMT_SXKPVCFE_0,GGTDHFLEMRCU,98951195_LJNFLUMT_SXKPVCFE_0_33,98951195_LJNFLUMT_SXKPVCFE_0,LANKCSGKOCVZ,0
98951195_LJNFLUMT_SXKPVCFE_0_33,98951195_LJNFLUMT_SXKPVCFE_0,GGTDHFLEMRCU,98951195_LJNFLUMT_SXKPVCFE_0_33,98951195_LJNFLUMT_SXKPVCFE_0,AIJLQJUUVQWI,0
98951195_LJNFLUMT_SXKPVCFE_0_34,98951195_LJNFLUMT_SXKPVCFE_0,GGTDHFLEMRCU,98951195_LJNFLUMT_SXKPVCFE_0_34,98951195_LJNFLUMT_SXKPVCFE_0,LANKCSGKOCVZ,0
98951195_LJNFLUMT_SXKPVCFE_0_34,98951195_LJNFLUMT_SXKPVCFE_0,GGTDHFLEMRCU,98951195_LJNFLUMT_SXKPVCFE_0_34,98951195_LJNFLUMT_SXKPVCFE_0,AIJLQJUUVQWI,0
98951195_LJNFLUMT_SXKPVCFE_0_35,98951195_LJNFLUMT_SXKPVCFE_0,GGTDHFLEMRCU,98951195_LJNFLUMT_SXKPVCFE_0_35,98951195_LJNFLUMT_SXKPVCFE_0,LANKCSGKOCVZ,0
98951195_LJNFLUMT_SXKPVCFE_0_36,98951195_LJNFLUMT_SXKPVCFE_0,GGTDHFLEMRCU,98951195_LJNFLUMT_SXKPVCFE_0_36,98951195_LJNFLUMT_SXKPVCFE_0,LANKCSGKOCVZ,0
98951195_LJNFLUMT_SXKPVCFE_0_36,98951195_LJNFLUMT_SXKPVCFE_0,GGTDHFLEMRCU,98951195_LJNFLUMT_SXKPVCFE_0_36,98951195_LJNFLUMT_SXKPVCFE_0,AIJLQJUUVQWI,0
98951195_LJNFLUMT_SXKPVCFE_0_37,98951195_LJNFLUMT_SXKPVCFE_0,GGTDHFLEMRCU,98951195_LJNFLUMT_SXKPVCFE_0_37,98951195_LJNFLUMT_SXKPVCFE_0,AIJLQJUUVQWI,0
98951195_LJNFLUMT_SXKPVCFE_0_38,98951195_LJNFLUMT_SXKPVCFE_0,GGTDHFLEMRCU,98951195_LJNFLUMT_SXKPVCFE_0_38,98951195_LJNFLUMT_SXKPVCFE_0,LANKCSGKOCVZ,0
98951195_LJNFLUMT_SXKPVCFE_0_38,98951195_LJNFLUMT_SXKPVCFE_0,GGTDHFLEMRCU,98951195_LJNFLUMT_SXKPVCFE_0_38,98951195_LJNFLUMT_SXKPVCFE_0,AIJLQJUUVQWI,0
98951195_LJNFLUMT_SXKPVCFE_0_39,98951195_LJNFLUMT_SXKPVCFE_0,GGTDHFLEMRCU,98951195_LJNFLUMT_SXKPVCFE_0_39,98951195_LJNFLUMT_SXKPVCFE_0,LANKCSGKOCVZ,0
98951195_LJNFLUMT_SXKPVCFE_0_39,98951195_LJNFLUMT_SXKPVCFE_0,GGTDHFLEMRCU,98951195_LJNFLUMT_SXKPVCFE_0_39,98951195_LJNFLUMT_SXKPVCFE_0,AIJLQJUUVQWI,0
98951195_LJNFLUMT_SXKPVCFE_0_40,98951195_LJNFLUMT_SXKPVCFE_0,GGTDHFLEMRCU,98951195_LJNFLUMT_SXKPVCFE_0_40,98951195_LJNFLUMT_SXKPVCFE_0,LANKCSGKOCVZ,1
98951195_LJNFLUMT_SXKPVCFE_0_40,98951195_LJNFLUMT_SXKPVCFE_0,GGTDHFLEMRCU,98951195_LJNFLUMT_SXKPVCFE_0_40,98951195_LJNFLUMT_SXKPVCFE_0,AIJLQJUUVQWI,0
98951195_LJNFLUMT_SXKPVCFE_0_42,98951195_LJNFLUMT_SXKPVCFE_0,GGTDHFLEMRCU,98951195_LJNFLUMT_SXKPVCFE_0_42,98951195_LJNFLUMT_SXKPVCFE_0,LANKCSGKOCVZ,0
98951195_LJNFLUMT_SXKPVCFE_0_42,98951195_LJNFLUMT_SXKPVCFE_0,GGTDHFLEMRCU,98951195_LJNFLUMT_SXKPVCFE_0_42,98951195_LJNFLUMT_SXKPVCFE_0,AIJLQJUUVQWI,0
98951195_LJNFLUMT_SXKPVCFE_0_43,98951195_LJNFLUMT_SXKPVCFE_0,GGTDHFLEMRCU,98951195_LJNFLUMT_SXKPVCFE_0_43,98951195_LJNFLUMT_SXKPVCFE_0,LANKCSGKOCVZ,0
98951195_LJNFLUMT_SXKPVCFE_0_43,98951195_LJNFLUMT_SXKPVCFE_0,GGTDHFLEMRCU,98951195_LJNFLUMT_SXKPVCFE_0_43,98951195_LJNFLUMT_SXKPVCFE_0,AIJLQJUUVQWI,0
98951195_LJNFLUMT_SXKPVCFE_0_44,98951195_LJNFLUMT_SXKPVCFE_0,GGTDHFLEMRCU,98951195_LJNFLUMT_SXKPVCFE_0_44,98951195_LJNFLUMT_SXKPVCFE_0,LANKCSGKOCVZ,0
98951195_LJNFLUMT_SXKPVCFE_0_44,98951195_LJNFLUMT_SXKPVCFE_0,GGTDHFLEMRCU,98951195_LJNFLUMT_SXKPVCFE_0_44,98951195_LJNFLUMT_SXKPVCFE_0,AIJLQJUUVQWI,0
98951195_LJNFLUMT_SXKPVCFE_0_45,98951195_LJNFLUMT_SXKPVCFE_0,GGTDHFLEMRCU,98951195_LJNFLUMT_SXKPVCFE_0_45,98951195_LJNFLUMT_SXKPVCFE_0,LANKCSGKOCVZ,0
98951195_LJNFLUMT_SXKPVCFE_0_45,98951195_LJNFLUMT_SXKPVCFE_0,GGTDHFLEMRCU,98951195_LJNFLUMT_SXKPVCFE_0_45,98951195_LJNFLUMT_SXKPVCFE_0,AIJLQJUUVQWI,0
98951195_LJNFLUMT_SXKPVCFE_0_47,98951195_LJNFLUMT_SXKPVCFE_0,GGTDHFLEMRCU,98951195_LJNFLUMT_SXKPVCFE_0_47,98951195_LJNFLUMT_SXKPVCFE_0,LANKCSGKOCVZ,0
98951195_LJNFLUMT_SXKPVCFE_0_47,98951195_LJNFLUMT_SXKPVCFE_0,GGTDHFLEMRCU,98951195_LJNFLUMT_SXKPVCFE_0_47,98951195_LJNFLUMT_SXKPVCFE_0,AIJLQJUUVQWI,0
98951195_LJNFLUMT_SXKPVCFE_0_48,98951195_LJNFLUMT_SXKPVCFE_0,GGTDHFLEMRCU,98951195_LJNFLUMT_SXKPVCFE_0_48,98951195_LJNFLUMT_SXKPVCFE_0,LANKCSGKOCVZ,0
98951195_LJNFLUMT_SXKPVCFE_0_48,98951195_LJNFLUMT_SXKPVCFE_0,GGTDHFLEMRCU,98951195_LJNFLUMT_SXKPVCFE_0_48,98951195_LJNFLUMT_SXKPVCFE_0,AIJLQJUUVQWI,0
98951195_LJNFLUMT_SXKPVCFE_0_49,98951195_LJNFLUMT_SXKPVCFE_0,GGTDHFLEMRCU,98951195_LJNFLUMT_SXKPVCFE_0_49,98951195_LJNFLUMT_SXKPVCFE_0,LANKCSGKOCVZ,0
98951195_LJNFLUMT_SXKPVCFE_0_49,98951195_LJNFLUMT_SXKPVCFE_0,GGTDHFLEMRCU,98951195_LJNFLUMT_SXKPVCFE_0_49,98951195_LJNFLUMT_SXKPVCFE_0,AIJLQJUUVQWI,0
98951195_LJNFLUMT_SXKPVCFE_0_50,98951195_LJNFLUMT_SXKPVCFE_0,GGTDHFLEMRCU,98951195_LJNFLUMT_SXKPVCFE_0_50,98951195_LJNFLUMT_SXKPVCFE_0,LANKCSGKOCVZ,0
98951195_LJNFLUMT_SXKPVCFE_0_50,98951195_LJNFLUMT_SXKPVCFE_0,GGTDHFLEMRCU,98951195_LJNFLUMT_SXKPVCFE_0_50,98951195_LJNFLUMT_SXKPVCFE_0,AIJLQJUUVQWI,0
98951195_LJNFLUMT_SXKPVCFE_0_51,98951195_LJNFLUMT_SXKPVCFE_0,GGTDHFLEMRCU,98951195_LJNFLUMT_SXKPVCFE_0_51,98951195_LJNFLUMT_SXKPVCFE_0,LANKCSGKOCVZ,0
98951195_LJNFLUMT_SXKPVCFE_0_52,98951195_LJNFLUMT_SXKPVCFE_0,GGTDHFLEMRCU,98951195_LJNFLUMT_SXKPVCFE_0_52,98951195_LJNFLUMT_SXKPVCFE_0,LANKCSGKOCVZ,0
98951195_LJNFLUMT_SXKPVCFE_0_53,98951195_LJNFLUMT_SXKPVCFE_0,GGTDHFLEMRCU,98951195_LJNFLUMT_SXKPVCFE_0_53,98951195_LJNFLUMT_SXKPVCFE_0,LANKCSGKOCVZ,0
98951195_LJNFLUMT_SXKPVCFE_0_53,98951195_LJNFLUMT_SXKPVCFE_0,GGTDHFLEMRCU,98951195_LJNFLUMT_SXKPVCFE_0_53,98951195_LJNFLUMT_SXKPVCFE_0,AIJLQJUUVQWI,0
98951195_LJNFLUMT_SXKPVCFE_0_54,98951195_LJNFLUMT_SXKPVCFE_0,GGTDHFLEMRCU,98951195_LJNFLUMT_SXKPVCFE_0_54,98951195_LJNFLUMT_SXKPVCFE_0,LANKCSGKOCVZ,0
98951195_LJNFLUMT_SXKPVCFE_0_54,98951195_LJNFLUMT_SXKPVCFE_0,GGTDHFLEMRCU,98951195_LJNFLUMT_SXKPVCFE_0_54,98951195_LJNFLUMT_SXKPVCFE_0,AIJLQJUUVQWI,0
98951195_LJNFLUMT_SXKPVCFE_0_55,98951195_LJNFLUMT_SXKPVCFE_0,GGTDHFLEMRCU,98951195_LJNFLUMT_SXKPVCFE_0_55,98951195_LJNFLUMT_SXKPVCFE_0,LANKCSGKOCVZ,0
98951195_LJNFLUMT_SXKPVCFE_0_0,98951195_LJNFLUMT_SXKPVCFE_0,LANKCSGKOCVZ,98951195_LJNFLUMT_SXKPVCFE_0_0,98951195_LJNFLUMT_SXKPVCFE_0,AIJLQJUUVQWI,0
98951195_LJNFLUMT_SXKPVCFE_0_1,98951195_LJNFLUMT_SXKPVCFE_0,LANKCSGKOCVZ,98951195_LJNFLUMT_SXKPVCFE_0_1,98951195_LJNFLUMT_SXKPVCFE_0,AIJLQJUUVQWI,0
98951195_LJNFLUMT_SXKPVCFE_0_2,98951195_LJNFLUMT_SXKPVCFE_0,LANKCSGKOCVZ,98951195_LJNFLUMT_SXKPVCFE_0_2,98951195_LJNFLUMT_SXKPVCFE_0,AIJLQJUUVQWI,0
98951195_LJNFLUMT_SXKPVCFE_0_4,98951195_LJNFLUMT_SXKPVCFE_0,LANKCSGKOCVZ,98951195_LJNFLUMT_SXKPVCFE_0_4,98951195_LJNFLUMT_SXKPVCFE_0,AIJLQJUUVQWI,0
98951195_LJNFLUMT_SXKPVCFE_0_6,98951195_LJNFLUMT_SXKPVCFE_0,LANKCSGKOCVZ,98951195_LJNFLUMT_SXKPVCFE_0_6,98951195_LJNFLUMT_SXKPVCFE_0,AIJLQJUUVQWI,0
98951195_LJNFLUMT_SXKPVCFE_0_7,98951195_LJNFLUMT_SXKPVCFE_0,LANKCSGKOCVZ,98951195_LJNFLUMT_SXKPVCFE_0_7,98951195_LJNFLUMT_SXKPVCFE_0,AIJLQJUUVQWI,0
98951195_LJNFLUMT_SXKPVCFE_0_8,98951195_LJNFLUMT_SXKPVCFE_0,LANKCSGKOCVZ,98951195_LJNFLUMT_SXKPVCFE_0_8,98951195_LJNFLUMT_SXKPVCFE_0,AIJLQJUUVQWI,0
98951195_LJNFLUMT_SXKPVCFE_0_9,98951195_LJNFLUMT_SXKPVCFE_0,LANKCSGKOCVZ,98951195_LJNFLUMT_SXKPVCFE_0_9,98951195_LJNFLUMT_SXKPVCFE_0,AIJLQJUUVQWI,0
98951195_LJNFLUMT_SXKPVCFE_0_10,98951195_LJNFLUMT_SXKPVCFE_0,LANKCSGKOCVZ,98951195_LJNFLUMT_SXKPVCFE_0_10,98951195_LJNFLUMT_SXKPVCFE_0,AIJLQJUUVQWI,0
98951195_LJNFLUMT_SXKPVCFE_0_11,98951195_LJNFLUMT_SXKPVCFE_0,LANKCSGKOCVZ,98951195_LJNFLUMT_SXKPVCFE_0_11,98951195_LJNFLUMT_SXKPVCFE_0,AIJLQJUUVQWI,1
98951195_LJNFLUMT_SXKPVCFE_0_12,98951195_LJNFLUMT_SXKPVCFE_0,LANKCSGKOCVZ,98951195_LJNFLUMT_SXKPVCFE_0_12,98951195_LJNFLUMT_SXKPVCFE_0,AIJLQJUUVQWI,0
98951195_LJNFLUMT_SXKPVCFE_0_13,98951195_LJNFLUMT_SXKPVCFE_0,LANKCSGKOCVZ,98951195_LJNFLUMT_SXKPVCFE_0_13,98951195_LJNFLUMT_SXKPVCFE_0,AIJLQJUUVQWI,0
98951195_LJNFLUMT_SXKPVCFE_0_14,98951195_LJNFLUMT_SXKPVCFE_0,LANKCSGKOCVZ,98951195_LJNFLUMT_SXKPVCFE_0_14,98951195_LJNFLUMT_SXKPVCFE_0,AIJLQJUUVQWI,0
98951195_LJNFLUMT_SXKPVCFE_0_15,98951195_LJNFLUMT_SXKPVCFE_0,LANKCSGKOCVZ,98951195_LJNFLUMT_SXKPVCFE_0_15,98951195_LJNFLUMT_SXKPVCFE_0,AIJLQJUUVQWI,0
98951195_LJNFLUMT_SXKPVCFE_0_16,98951195_LJNFLUMT_SXKPVCFE_0,LANKCSGKOCVZ,98951195_LJNFLUMT_SXKPVCFE_0_16,98951195_LJNFLUMT_SXKPVCFE_0,AIJLQJUUVQWI,0
98951195_LJNFLUMT_SXKPVCFE_0_17,98951195_LJNFLUMT_SXKPVCFE_0,LANKCSGKOCVZ,98951195_LJNFLUMT_SXKPVCFE_0_17,98951195_LJNFLUMT_SXKPVCFE_0,AIJLQJUUVQWI,0
98951195_LJNFLUMT_SXKPVCFE_0_18,98951195_LJNFLUMT_SXKPVCFE_0,LANKCSGKOCVZ,98951195_LJNFLUMT_SXKPVCFE_0_18,98951195_LJNFLUMT_SXKPVCFE_0,AIJLQJUUVQWI,0
98951195_LJNFLUMT_SXKPVCFE_0_20,98951195_LJNFLUMT_SXKPVCFE_0,LANKCSGKOCVZ,98951195_LJNFLUMT_SXKPVCFE_0_20,98951195_LJNFLUMT_SXKPVCFE_0,AIJLQJUUVQWI,0
98951195_LJNFLUMT_SXKPVCFE_0_22,98951195_LJNFLUMT_SXKPVCFE_0,LANKCSGKOCVZ,98951195_LJNFLUMT_SXKPVCFE_0_22,98951195_LJNFLUMT_SXKPVCFE_0,AIJLQJUUVQWI,0
98951195_LJNFLUMT_SXKPVCFE_0_23,98951195_LJNFLUMT_SXKPVCFE_0,LANKCSGKOCVZ,98951195_LJNFLUMT_SXKPVCFE_0_23,98951195_LJNFLUMT_SXKPVCFE_0,AIJLQJUUVQWI,0
98951195_LJNFLUMT_SXKPVCFE_0_24,98951195_LJNFLUMT_SXKPVCFE_0,LANKCSGKOCVZ,98951195_LJNFLUMT_SXKPVCFE_0_24,98951195_LJNFLUMT_SXKPVCFE_0,AIJLQJUUVQWI,0
98951195_LJNFLUMT_SXKPVCFE_0_25,98951195_LJNFLUMT_SXKPVCFE_0,LANKCSGKOCVZ,98951195_LJNFLUMT_SXKPVCFE_0_25,98951195_LJNFLUMT_SXKPVCFE_0,AIJLQJUUVQWI,0
98951195_LJNFLUMT_SXKPVCFE_0_26,98951195_LJNFLUMT_SXKPVCFE_0,LANKCSGKOCVZ,98951195_LJNFLUMT_SXKPVCFE_0_26,98951195_LJNFLUMT_SXKPVCFE_0,AIJLQJUUVQWI,0
98951195_LJNFLUMT_SXKPVCFE_0_27,98951195_LJNFLUMT_SXKPVCFE_0,LANKCSGKOCVZ,98951195_LJNFLUMT_SXKPVCFE_0_27,98951195_LJNFLUMT_SXKPVCFE_0,AIJLQJUUVQWI,0
98951195_LJNFLUMT_SXKPVCFE_0_28,98951195_LJNFLUMT_SXKPVCFE_0,LANKCSGKOCVZ,98951195_LJNFLUMT_SXKPVCFE_0_28,98951195_LJNFLUMT_SXKPVCFE_0,AIJLQJUUVQWI,0
98951195_LJNFLUMT_SXKPVCFE_0_29,98951195_LJNFLUMT_SXKPVCFE_0,LANKCSGKOCVZ,98951195_LJNFLUMT_SXKPVCFE_0_29,98951195_LJNFLUMT_SXKPVCFE_0,AIJLQJUUVQWI,0
98951195_LJNFLUMT_SXKPVCFE_0_30,98951195_LJNFLUMT_SXKPVCFE_0,LANKCSGKOCVZ,98951195_LJNFLUMT_SXKPVCFE_0_30,98951195_LJNFLUMT_SXKPVCFE_0,AIJLQJUUVQWI,0
98951195_LJNFLUMT_SXKPVCFE_0_32,98951195_LJNFLUMT_SXKPVCFE_0,LANKCSGKOCVZ,98951195_LJNFLUMT_SXKPVCFE_0_32,98951195_LJNFLUMT_SXKPVCFE_0,AIJLQJUUVQWI,0
98951195_LJNFLUMT_SXKPVCFE_0_33,98951195_LJNFLUMT_SXKPVCFE_0,LANKCSGKOCVZ,98951195_LJNFLUMT_SXKPVCFE_0_33,98951195_LJNFLUMT_SXKPVCFE_0,AIJLQJUUVQWI,0
98951195_LJNFLUMT_SXKPVCFE_0_34,98951195_LJNFLUMT_SXKPVCFE_0,LANKCSGKOCVZ,98951195_LJNFLUMT_SXKPVCFE_0_34,98951195_LJNFLUMT_SXKPVCFE_0,AIJLQJUUVQWI,0
98951195_LJNFLUMT_SXKPVCFE_0_36,98951195_LJNFLUMT_SXKPVCFE_0,LANKCSGKOCVZ,98951195_LJNFLUMT_SXKPVCFE_0_36,98951195_LJNFLUMT_SXKPVCFE_0,AIJLQJUUVQWI,0
98951195_LJNFLUMT_SXKPVCFE_0_38,98951195_LJNFLUMT_SXKPVCFE_0,LANKCSGKOCVZ,98951195_LJNFLUMT_SXKPVCFE_0_38,98951195_LJNFLUMT_SXKPVCFE_0,AIJLQJUUVQWI,0
98951195_LJNFLUMT_SXKPVCFE_0_39,98951195_LJNFLUMT_SXKPVCFE_0,LANKCSGKOCVZ,98951195_LJNFLUMT_SXKPVCFE_0_39,98951195_LJNFLUMT_SXKPVCFE_0,AIJLQJUUVQWI,0
98951195_LJNFLUMT_SXKPVCFE_0_40,98951195_LJNFLUMT_SXKPVCFE_0,LANKCSGKOCVZ,98951195_LJNFLUMT_SXKPVCFE_0_40,98951195_LJNFLUMT_SXKPVCFE_0,AIJLQJUUVQWI,0
98951195_LJNFLUMT_SXKPVCFE_0_41,98951195_LJNFLUMT_SXKPVCFE_0,LANKCSGKOCVZ,98951195_LJNFLUMT_SXKPVCFE_0_41,98951195_LJNFLUMT_SXKPVCFE_0,AIJLQJUUVQWI,0
98951195_LJNFLUMT_SXKPVCFE_0_42,98951195_LJNFLUMT_SXKPVCFE_0,LANKCSGKOCVZ,98951195_LJNFLUMT_SXKPVCFE_0_42,98951195_LJNFLUMT_SXKPVCFE_0,AIJLQJUUVQWI,0
98951195_LJNFLUMT_SXKPVCFE_0_43,98951195_LJNFLUMT_SXKPVCFE_0,LANKCSGKOCVZ,98951195_LJNFLUMT_SXKPVCFE_0_43,98951195_LJNFLUMT_SXKPVCFE_0,AIJLQJUUVQWI,0
98951195_LJNFLUMT_SXKPVCFE_0_44,98951195_LJNFLUMT_SXKPVCFE_0,LANKCSGKOCVZ,98951195_LJNFLUMT_SXKPVCFE_0_44,98951195_LJNFLUMT_SXKPVCFE_0,AIJLQJUUVQWI,0
98951195_LJNFLUMT_SXKPVCFE_0_45,98951195_LJNFLUMT_SXKPVCFE_0,LANKCSGKOCVZ,98951195_LJNFLUMT_SXKPVCFE_0_45,98951195_LJNFLUMT_SXKPVCFE_0,AIJLQJUUVQWI,0
98951195_LJNFLUMT_SXKPVCFE_0_46,98951195_LJNFLUMT_SXKPVCFE_0,LANKCSGKOCVZ,98951195_LJNFLUMT_SXKPVCFE_0_46,98951195_LJNFLUMT_SXKPVCFE_0,AIJLQJUUVQWI,0
98951195_LJNFLUMT_SXKPVCFE_0_47,98951195_LJNFLUMT_SXKPVCFE_0,LANKCSGKOCVZ,98951195_LJNFLUMT_SXKPVCFE_0_47,98951195_LJNFLUMT_SXKPVCFE_0,AIJLQJUUVQWI,0
98951195_LJNFLUMT_SXKPVCFE_0_48,98951195_LJNFLUMT_SXKPVCFE_0,LANKCSGKOCVZ,98951195_LJNFLUMT_SXKPVCFE_0_48,98951195_LJNFLUMT_SXKPVCFE_0,AIJLQJUUVQWI,0
98951195_LJNFLUMT_SXKPVCFE_0_49,98951195_LJNFLUMT_SXKPVCFE_0,LANKCSGKOCVZ,98951195_LJNFLUMT_SXKPVCFE_0_49,98951195_LJNFLUMT_SXKPVCFE_0,AIJLQJUUVQWI,0
98951195_LJNFLUMT_SXKPVCFE_0_50,98951195_LJNFLUMT_SXKPVCFE_0,LANKCSGKOCVZ,98951195_LJNFLUMT_SXKPVCFE_0_50,98951195_LJNFLUMT_SXKPVCFE_0,AIJLQJUUVQWI,0
98951195_LJNFLUMT_SXKPVCFE_0_53,98951195_LJNFLUMT_SXKPVCFE_0,LANKCSGKOCVZ,98951195_LJNFLUMT_SXKPVCFE_0_53,98951195_LJNFLUMT_SXKPVCFE_0,AIJLQJUUVQWI,1
98951195_LJNFLUMT_SXKPVCFE_0_54,98951195_LJNFLUMT_SXKPVCFE_0,LANKCSGKOCVZ,98951195_LJNFLUMT_SXKPVCFE_0_54,98951195_LJNFLUMT_SXKPVCFE_0,AIJLQJUUVQWI,0
13481585_TLOSLTMS_SXKPVCFE_0_0,13481585_TLOSLTMS_SXKPVCFE_0,INVZBQGYJSAI,13481585_TLOSLTMS_SXKPVCFE_0_0,13481585_TLOSLTMS_SXKPVCFE_0,SKZWDJWPNTTK,0
13481585_TLOSLTMS_SXKPVCFE_0_1,13481585_TLOSLTMS_SXKPVCFE_0,INVZBQGYJSAI,13481585_TLOSLTMS_SXKPVCFE_0_1,13481585_TLOSLTMS_SXKPVCFE_0,SKZWDJWPNTTK,0
13481585_TLOSLTMS_SXKPVCFE_0_2,13481585_TLOSLTMS_SXKPVCFE_0,INVZBQGYJSAI,13481585_TLOSLTMS_SXKPVCFE_0_2,13481585_TLOSLTMS_SXKPVCFE_0,SKZWDJWPNTTK,0
13481585_TLOSLTMS_SXKPVCFE_0_3,13481585_TLOSLTMS_SXKPVCFE_0,INVZBQGYJSAI,13481585_TLOSLTMS_SXKPVCFE_0_3,13481585_TLOSLTMS_SXKPVCFE_0,SKZWDJWPNTTK,0
13481585_TLOSLTMS_SXKPVCFE_0_4,13481585_TLOSLTMS_SXKPVCFE_0,INVZBQGYJSAI,13481585_TLOSLTMS_SXKPVCFE_0_4,13481585_TLOSLTMS_SXKPVCFE_0,SKZWDJWPNTTK,0
13481585_TLOSLTMS_SXKPVCFE_0_5,13481585_TLOSLTMS_SXKPVCFE_0,INVZBQGYJSAI,13481585_TLOSLTMS_SXKPVCFE_0_5,13481585_TLOSLTMS_SXKPVCFE_0,SKZWDJWPNTTK,0
13481585_TLOSLTMS_SXKPVCFE_0_6,13481585_TLOSLTMS_SXKPVCFE_0,INVZBQGYJSAI,13481585_TLOSLTMS_SXKPVCFE_0_6,13481585_TLOSLTMS_SXKPVCFE_0,SKZWDJWPNTTK,0
13481585_TLOSLTMS_SXKPVCFE_0_7,13481585_TLOSLTMS_SXKPVCFE_0,INVZBQGYJSAI,13481585_TLOSLTMS_SXKPVCFE_0_7,13481585_TLOSLTMS_SXKPVCFE_0,SKZWDJWPNTTK,0
13481585_TLOSLTMS_SXKPVCFE_0_8,13481585_TLOSLTMS_SXKPVCFE_0,INVZBQGYJSAI,13481585_TLOSLTMS_SXKPVCFE_0_8,13481585_TLOSLTMS_SXKPVCFE_0,SKZWDJWPNTTK,0
13481585_TLOSLTMS_SXKPVCFE_0_9,13481585_TLOSLTMS_SXKPVCFE_0,INVZBQGYJSAI,13481585_TLOSLTMS_SXKPVCFE_0_9,13481585_TLOSLTMS_SXKPVCFE_0,SKZWDJWPNTTK,0
13481585_TLOSLTMS_SXKPVCFE_0_10,13481585_TLOSLTMS_SXKPVCFE_0,INVZBQGYJSAI,13481585_TLOSLTMS_SXKPVCFE_0_10,13481585_TLOSLTMS_SXKPVCFE_0,SKZWDJWPNTTK,0
13481585_LJNFLUMT_SWIOJTSM_0_0,13481585_LJNFLUMT_SWIOJTSM_0,INVZBQGYJSAI,13481585_LJNFLUMT_SWIOJTSM_0_0,13481585_LJNFLUMT_SWIOJTSM_0,SKZWDJWPNTTK,1
13481585_LJNFLUMT_SWIOJTSM_0_1,13481585_LJNFLUMT_SWIOJTSM_0,INVZBQGYJSAI,13481585_LJNFLUMT_SWIOJTSM_0_1,13481585_LJNFLUMT_SWIOJTSM_0,SKZWDJWPNTTK,0
13481585_LJNFLUMT_SWIOJTSM_0_2,13481585_LJNFLUMT_SWIOJTSM_0,INVZBQGYJSAI,13481585_LJNFLUMT_SWIOJTSM_0_2,13481585_LJNFLUMT_SWIOJTSM_0,SKZWDJWPNTTK,0
13481585_LJNFLUMT_SWIOJTSM_0_3,13481585_LJNFLUMT_SWIOJTSM_0,INVZBQGYJSAI,13481585_LJNFLUMT_SWIOJTSM_0_3,13481585_LJNFLUMT_SWIOJTSM_0,SKZWDJWPNTTK,0
13481585_LJNFLUMT_SWIOJTSM_0_4,13481585_LJNFLUMT_SWIOJTSM_0,INVZBQGYJSAI,13481585_LJNFLUMT_SWIOJTSM_0_4,13481585_LJNFLUMT_SWIOJTSM_0,SKZWDJWPNTTK,0
13481585_LJNFLUMT_SWIOJTSM_0_5,13481585_LJNFLUMT_SWIOJTSM_0,INVZBQGYJSAI,13481585_LJNFLUMT_SWIOJTSM_0_5,13481585_LJNFLUMT_SWIOJTSM_0,SKZWDJWPNTTK,0
13481585_LJNFLUMT_SWIOJTSM_0_6,13481585_LJNFLUMT_SWIOJTSM_0,INVZBQGYJSAI,13481585_LJNFLUMT_SWIOJTSM_0_6,13481585_LJNFLUMT_SWIOJTSM_0,SKZWDJWPNTTK,0
13481585_LJNFLUMT_SWIOJTSM_0_7,13481585_LJNFLUMT_SWIOJTSM_0,INVZBQGYJSAI,13481585_LJNFLUMT_SWIOJTSM_0_7,13481585_LJNFLUMT_SWIOJTSM_0,SKZWDJWPNTTK,0
13481585_LJNFLUMT_SWIOJTSM_0_8,13481585_LJNFLUMT_SWIOJTSM_0,INVZBQGYJSAI,13481585_LJNFLUMT_SWIOJTSM_0_8,13481585_LJNFLUMT_SWIOJTSM_0,SKZWDJWPNTTK,0
13481585_LJNFLUMT_SWIOJTSM_0_9,13481585_LJNFLUMT_SWIOJTSM_0,INVZBQGYJSAI,13481585_LJNFLUMT_SWIOJTSM_0_9,13481585_LJNFLUMT_SWIOJTSM_0,SKZWDJWPNTTK,0
13481585_LJNFLUMT_SWIOJTSM_0_10,13481585_LJNFLUMT_SWIOJTSM_0,INVZBQGYJSAI,13481585_LJNFLUMT_SWIOJTSM_0_10,13481585_LJNFLUMT_SWIOJTSM_0,SKZWDJWPNTTK,0
13481585_LJNFLUMT_SWIOJTSM_0_11,13481585_LJNFLUMT_SWIOJTSM_0,INVZBQGYJSAI,13481585_LJNFLUMT_SWIOJTSM_0_11,13481585_LJNFLUMT_SWIOJTSM_0,SKZWDJWPNTTK,0
13481585_LJNFLUMT_SWIOJTSM_0_12,13481585_LJNFLUMT_SWIOJTSM_0,INVZBQGYJSAI,13481585_LJNFLUMT_SWIOJTSM_0_12,13481585_LJNFLUMT_SWIOJTSM_0,SKZWDJWPNTTK,1
13481585_LJNFLUMT_SWIOJTSM_0_13,13481585_LJNFLUMT_SWIOJTSM_0,INVZBQGYJSAI,13481585_LJNFLUMT_SWIOJTSM_0_13,13481585_LJNFLUMT_SWIOJTSM_0,SKZWDJWPNTTK,0
13481585_LJNFLUMT_SWIOJTSM_0_14,13481585_LJNFLUMT_SWIOJTSM_0,INVZBQGYJSAI,13481585_LJNFLUMT_SWIOJTSM_0_14,13481585_LJNFLUMT_SWIOJTSM_0,SKZWDJWPNTTK,1
22270177_SXKPVCFE_DHQXQYBI_0_0,22270177_SXKPVCFE_DHQXQYBI_0,GGTDHFLEMRCU,22270177_SXKPVCFE_DHQXQYBI_0_0,22270177_SXKPVCFE_DHQXQYBI_0,LANKCSGKOCVZ,0
22270177_SXKPVCFE_DHQXQYBI_0_0,22270177_SXKPVCFE_DHQXQYBI_0,GGTDHFLEMRCU,22270177_SXKPVCFE_DHQXQYBI_0_0,22270177_SXKPVCFE_DHQXQYBI_0,AIJLQJUUVQWI,0
22270177_SXKPVCFE_DHQXQYBI_0_1,22270177_SXKPVCFE_DHQXQYBI_0,GGTDHFLEMRCU,22270177_SXKPVCFE_DHQXQYBI_0_1,22270177_SXKPVCFE_DHQXQYBI_0,LANKCSGKOCVZ,1
22270177_SXKPVCFE_DHQXQYBI_0_2,22270177_SXKPVCFE_DHQXQYBI_0,GGTDHFLEMRCU,22270177_SXKPVCFE_DHQXQYBI_0_2,22270177_SXKPVCFE_DHQXQYBI_0,LANKCSGKOCVZ,1
22270177_SXKPVCFE_DHQXQYBI_0_2,22270177_SXKPVCFE_DHQXQYBI_0,GGTDHFLEMRCU,22270177_SXKPVCFE_DHQXQYBI_0_2,22270177_SXKPVCFE_DHQXQYBI_0,AIJLQJUUVQWI,0
22270177_SXKPVCFE_DHQXQYBI_0_3,22270177_SXKPVCFE_DHQXQYBI_0,GGTDHFLEMRCU,22270177_SXKPVCFE_DHQXQYBI_0_3,22270177_SXKPVCFE_DHQXQYBI_0,LANKCSGKOCVZ,1
22270177_SXKPVCFE_DHQXQYBI_0_3,22270177_SXKPVCFE_DHQXQYBI_0,GGTDHFLEMRCU,22270177_SXKPVCFE_DHQXQYBI_0_3,22270177_SXKPVCFE_DHQXQYBI_0,AIJLQJUUVQWI,0
22270177_SXKPVCFE_DHQXQYBI_0_4,22270177_SXKPVCFE_DHQXQYBI_0,GGTDHFLEMRCU,22270177_SXKPVCFE_DHQXQYBI_0_4,22270177_SXKPVCFE_DHQXQYBI_0,LANKCSGKOCVZ,0
22270177_SXKPVCFE_DHQXQYBI_0_4,22270177_SXKPVCFE_DHQXQYBI_0,GGTDHFLEMRCU,22270177_SXKPVCFE_DHQXQYBI_0_4,22270177_SXKPVCFE_DHQXQYBI_0,AIJLQJUUVQWI,0
22270177_SXKPVCFE_DHQXQYBI_0_5,22270177_SXKPVCFE_DHQXQYBI_0,GGTDHFLEMRCU,22270177_SXKPVCFE_DHQXQYBI_0_5,22270177_SXKPVCFE_DHQXQYBI_0,LANKCSGKOCVZ,0
22270177_SXKPVCFE_DHQXQYBI_0_5,22270177_SXKPVCFE_DHQXQYBI_0,GGTDHFLEMRCU,22270177_SXKPVCFE_DHQXQYBI_0_5,22270177_SXKPVCFE_DHQXQYBI_0,AIJLQJUUVQWI,0
22270177_SXKPVCFE_DHQXQYBI_0_6,22270177_SXKPVCFE_DHQXQYBI_0,GGTDHFLEMRCU,22270177_SXKPVCFE_DHQXQYBI_0_6,22270177_SXKPVCFE_DHQXQYBI_0,LANKCSGKOCVZ,0
22270177_SXKPVCFE_DHQXQYBI_0_6,22270177_SXKPVCFE_DHQXQYBI_0,GGTDHFLEMRCU,22270177_SXKPVCFE_DHQXQYBI_0_6,22270177_SXKPVCFE_DHQXQYBI_0,AIJLQJUUVQWI,0
22270177_SXKPVCFE_DHQXQYBI_0_7,22270177_SXKPVCFE_DHQXQYBI_0,GGTDHFLEMRCU,22270177_SXKPVCFE_DHQXQYBI_0_7,22270177_SXKPVCFE_DHQXQYBI_0,LANKCSGKOCVZ,0
22270177_SXKPVCFE_DHQXQYBI_0_7,22270177_SXKPVCFE_DHQXQYBI_0,GGTDHFLEMRCU,22270177_SXKPVCFE_DHQXQYBI_0_7,22270177_SXKPVCFE_DHQXQYBI_0,AIJLQJUUVQWI,0
22270177_SXKPVCFE_DHQXQYBI_0_0,22270177_SXKPVCFE_DHQXQYBI_0,LANKCSGKOCVZ,22270177_SXKPVCFE_DHQXQYBI_0_0,22270177_SXKPVCFE_DHQXQYBI_0,AIJLQJUUVQWI,0
22270177_SXKPVCFE_DHQXQYBI_0_2,22270177_SXKPVCFE_DHQXQYBI_0,LANKCSGKOCVZ,22270177_SXKPVCFE_DHQXQYBI_0_2,22270177_SXKPVCFE_DHQXQYBI_0,AIJLQJUUVQWI,0
22270177_SXKPVCFE_DHQXQYBI_0_3,22270177_SXKPVCFE_DHQXQYBI_0,LANKCSGKOCVZ,22270177_SXKPVCFE_DHQXQYBI_0_3,22270177_SXKPVCFE_DHQXQYBI_0,AIJLQJUUVQWI,0
22270177_SXKPVCFE_DHQXQYBI_0_4,22270177_SXKPVCFE_DHQXQYBI_0,LANKCSGKOCVZ,22270177_SXKPVCFE_DHQXQYBI_0_4,22270177_SXKPVCFE_DHQXQYBI_0,AIJLQJUUVQWI,0
22270177_SXKPVCFE_DHQXQYBI_0_5,22270177_SXKPVCFE_DHQXQYBI_0,LANKCSGKOCVZ,22270177_SXKPVCFE_DHQXQYBI_0_5,22270177_SXKPVCFE_DHQXQYBI_0,AIJLQJUUVQWI,0
22270177_SXKPVCFE_DHQXQYBI_0_6,22270177_SXKPVCFE_DHQXQYBI_0,LANKCSGKOCVZ,22270177_SXKPVCFE_DHQXQYBI_0_6,22270177_SXKPVCFE_DHQXQYBI_0,AIJLQJUUVQWI,0
22270177_SXKPVCFE_DHQXQYBI_0_7,22270177_SXKPVCFE_DHQXQYBI_0,LANKCSGKOCVZ,22270177_SXKPVCFE_DHQXQYBI_0_7,22270177_SXKPVCFE_DHQXQYBI_0,AIJLQJUUVQWI,0
33015512_LJNFLUMT_SXKPVCFE_0_0,33015512_LJNFLUMT_SXKPVCFE_0,UCFZSLBBPNXY,33015512_LJNFLUMT_SXKPVCFE_0_0,33015512_LJNFLUMT_SXKPVCFE_0,JREYSKMHUMQV,0
33015512_LJNFLUMT_SXKPVCFE_0_0,33015512_LJNFLUMT_SXKPVCFE_0,UCFZSLBBPNXY,33015512_LJNFLUMT_SXKPVCFE_0_0,33015512_LJNFLUMT_SXKPVCFE_0,PXOCJXOGYMSJ,0
33015512_LJNFLUMT_SXKPVCFE_0_1,33015512_LJNFLUMT_SXKPVCFE_0,UCFZSLBBPNXY,33015512_LJNFLUMT_SXKPVCFE_0_1,33015512_LJNFLUMT_SXKPVCFE_0,JREYSKMHUMQV,0
33015512_LJNFLUMT_SXKPVCFE_0_1,33015512_LJNFLUMT_SXKPVCFE_0,UCFZSLBBPNXY,33015512_LJNFLUMT_SXKPVCFE_0_1,33015512_LJNFLUMT_SXKPVCFE_0,PXOCJXOGYMSJ,0
33015512_LJNFLUMT_SXKPVCFE_0_2,33015512_LJNFLUMT_SXKPVCFE_0,UCFZSLBBPNXY,33015512_LJNFLUMT_SXKPVCFE_0_2,33015512_LJNFLUMT_SXKPVCFE_0,JREYSKMHUMQV,0
33015512_LJNFLUMT_SXKPVCFE_0_2,33015512_LJNFLUMT_SXKPVCFE_0,UCFZSLBBPNXY,33015512_LJNFLUMT_SXKPVCFE_0_2,33015512_LJNFLUMT_SXKPVCFE_0,PXOCJXOGYMSJ,0
33015512_LJNFLUMT_SXKPVCFE_0_3,33015512_LJNFLUMT_SXKPVCFE_0,UCFZSLBBPNXY,33015512_LJNFLUMT_SXKPVCFE_0_3,33015512_LJNFLUMT_SXKPVCFE_0,JREYSKMHUMQV,0
33015512_LJNFLUMT_SXKPVCFE_0_3,33015512_LJNFLUMT_SXKPVCFE_0,UCFZSLBBPNXY,33015512_LJNFLUMT_SXKPVCFE_0_3,33015512_LJNFLUMT_SXKPVCFE_0,PXOCJXOGYMSJ,0
33015512_LJNFLUMT_SXKPVCFE_0_4,33015512_LJNFLUMT_SXKPVCFE_0,UCFZSLBBPNXY,33015512_LJNFLUMT_SXKPVCFE_0_4,33015512_LJNFLUMT_SXKPVCFE_0,JREYSKMHUMQV,0
33015512_LJNFLUMT_SXKPVCFE_0_4,33015512_LJNFLUMT_SXKPVCFE_0,UCFZSLBBPNXY,33015512_LJNFLUMT_SXKPVCFE_0_4,33015512_LJNFLUMT_SXKPVCFE_0,PXOCJXOGYMSJ,0
33015512_LJNFLUMT_SXKPVCFE_0_5,33015512_LJNFLUMT_SXKPVCFE_0,UCFZSLBBPNXY,33015512_LJNFLUMT_SXKPVCFE_0_5,33015512_LJNFLUMT_SXKPVCFE_0,JREYSKMHUMQV,0
33015512_LJNFLUMT_SXKPVCFE_0_5,33015512_LJNFLUMT_SXKPVCFE_0,UCFZSLBBPNXY,33015512_LJNFLUMT_SXKPVCFE_0_5,33015512_LJNFLUMT_SXKPVCFE_0,PXOCJXOGYMSJ,0
33015512_LJNFLUMT_SXKPVCFE_0_7,33015512_LJNFLUMT_SXKPVCFE_0,UCFZSLBBPNXY,33015512_LJNFLUMT_SXKPVCFE_0_7,33015512_LJNFLUMT_SXKPVCFE_0,JREYSKMHUMQV,0
33015512_LJNFLUMT_SXKPVCFE_0_7,33015512_LJNFLUMT_SXKPVCFE_0,UCFZSLBBPNXY,33015512_LJNFLUMT_SXKPVCFE_0_7,33015512_LJNFLUMT_SXKPVCFE_0,PXOCJXOGYMSJ,0
33015512_LJNFLUMT_SXKPVCFE_0_8,33015512_LJNFLUMT_SXKPVCFE_0,UCFZSLBBPNXY,33015512_LJNFLUMT_SXKPVCFE_0_8,33015512_LJNFLUMT_SXKPVCFE_0,JREYSKMHUMQV,0
33015512_LJNFLUMT_SXKPVCFE_0_8,33015512_LJNFLUMT_SXKPVCFE_0,UCFZSLBBPNXY,33015512_LJNFLUMT_SXKPVCFE_0_8,33015512_LJNFLUMT_SXKPVCFE_0,PXOCJXOGYMSJ,0
33015512_LJNFLUMT_SXKPVCFE_0_9,33015512_LJNFLUMT_SXKPVCFE_0,UCFZSLBBPNXY,33015512_LJNFLUMT_SXKPVCFE_0_9,33015512_LJNFLUMT_SXKPVCFE_0,JREYSKMHUMQV,0
33015512_LJNFLUMT_SXKPVCFE_0_9,33015512_LJNFLUMT_SXKPVCFE_0,UCFZSLBBPNXY,33015512_LJNFLUMT_SXKPVCFE_0_9,33015512_LJNFLUMT_SXKPVCFE_0,PXOCJXOGYMSJ,0
33015512_LJNFLUMT_SXKPVCFE_0_10,33015512_LJNFLUMT_SXKPVCFE_0,UCFZSLBBPNXY,33015512_LJNFLUMT_SXKPVCFE_0_10,33015512_LJNFLUMT_SXKPVCFE_0,JREYSKMHUMQV,0
33015512_LJNFLUMT_SXKPVCFE_0_10,33015512_LJNFLUMT_SXKPVCFE_0,UCFZSLBBPNXY,33015512_LJNFLUMT_SXKPVCFE_0_10,33015512_LJNFLUMT_SXKPVCFE_0,PXOCJXOGYMSJ,0
33015512_LJNFLUMT_SXKPVCFE_0_11,33015512_LJNFLUMT_SXKPVCFE_0,UCFZSLBBPNXY,33015512_LJNFLUMT_SXKPVCFE_0_11,33015512_LJNFLUMT_SXKPVCFE_0,JREYSKMHUMQV,0
33015512_LJNFLUMT_SXKPVCFE_0_11,33015512_LJNFLUMT_SXKPVCFE_0,UCFZSLBBPNXY,33015512_LJNFLUMT_SXKPVCFE_0_11,33015512_LJNFLUMT_SXKPVCFE_0,PXOCJXOGYMSJ,0
33015512_LJNFLUMT_SXKPVCFE_0_12,33015512_LJNFLUMT_SXKPVCFE_0,UCFZSLBBPNXY,33015512_LJNFLUMT_SXKPVCFE_0_12,33015512_LJNFLUMT_SXKPVCFE_0,JREYSKMHUMQV,0
33015512_LJNFLUMT_SXKPVCFE_0_12,33015512_LJNFLUMT_SXKPVCFE_0,UCFZSLBBPNXY,33015512_LJNFLUMT_SXKPVCFE_0_12,33015512_LJNFLUMT_SXKPVCFE_0,PXOCJXOGYMSJ,0
33015512_LJNFLUMT_SXKPVCFE_0_13,33015512_LJNFLUMT_SXKPVCFE_0,UCFZSLBBPNXY,33015512_LJNFLUMT_SXKPVCFE_0_13,33015512_LJNFLUMT_SXKPVCFE_0,JREYSKMHUMQV,0
33015512_LJNFLUMT_SXKPVCFE_0_13,33015512_LJNFLUMT_SXKPVCFE_0,UCFZSLBBPNXY,33015512_LJNFLUMT_SXKPVCFE_0_13,33015512_LJNFLUMT_SXKPVCFE_0,PXOCJXOGYMSJ,0
33015512_LJNFLUMT_SXKPVCFE_0_14,33015512_LJNFLUMT_SXKPVCFE_0,UCFZSLBBPNXY,33015512_LJNFLUMT_SXKPVCFE_0_14,33015512_LJNFLUMT_SXKPVCFE_0,JREYSKMHUMQV,0
33015512_LJNFLUMT_SXKPVCFE_0_15,33015512_LJNFLUMT_SXKPVCFE_0,UCFZSLBBPNXY,33015512_LJNFLUMT_SXKPVCFE_0_15,33015512_LJNFLUMT_SXKPVCFE_0,JREYSKMHUMQV,0
33015512_LJNFLUMT_SXKPVCFE_0_15,33015512_LJNFLUMT_SXKPVCFE_0,UCFZSLBBPNXY,33015512_LJNFLUMT_SXKPVCFE_0_15,33015512_LJNFLUMT_SXKPVCFE_0,PXOCJXOGYMSJ,0
33015512_LJNFLUMT_SXKPVCFE_0_16,33015512_LJNFLUMT_SXKPVCFE_0,UCFZSLBBPNXY,33015512_LJNFLUMT_SXKPVCFE_0_16,33015512_LJNFLUMT_SXKPVCFE_0,JREYSKMHUMQV,0
33015512_LJNFLUMT_SXKPVCFE_0_16,33015512_LJNFLUMT_SXKPVCFE_0,UCFZSLBBPNXY,33015512_LJNFLUMT_SXKPVCFE_0_16,33015512_LJNFLUMT_SXKPVCFE_0,PXOCJXOGYMSJ,0
33015512_LJNFLUMT_SXKPVCFE_0_17,33015512_LJNFLUMT_SXKPVCFE_0,UCFZSLBBPNXY,33015512_LJNFLUMT_SXKPVCFE_0_17,33015512_LJNFLUMT_SXKPVCFE_0,JREYSKMHUMQV,0
33015512_LJNFLUMT_SXKPVCFE_0_17,33015512_LJNFLUMT_SXKPVCFE_0,UCFZSLBBPNXY,33015512_LJNFLUMT_SXKPVCFE_0_17,33015512_LJNFLUMT_SXKPVCFE_0,PXOCJXOGYMSJ,0
33015512_LJNFLUMT_SXKPVCFE_0_18,33015512_LJNFLUMT_SXKPVCFE_0,UCFZSLBBPNXY,33015512_LJNFLUMT_SXKPVCFE_0_18,33015512_LJNFLUMT_SXKPVCFE_0,JREYSKMHUMQV,0
33015512_LJNFLUMT_SXKPVCFE_0_18,33015512_LJNFLUMT_SXKPVCFE_0,UCFZSLBBPNXY,33015512_LJNFLUMT_SXKPVCFE_0_18,33015512_LJNFLUMT_SXKPVCFE_0,PXOCJXOGYMSJ,0
33015512_LJNFLUMT_SXKPVCFE_0_19,33015512_LJNFLUMT_SXKPVCFE_0,UCFZSLBBPNXY,33015512_LJNFLUMT_SXKPVCFE_0_19,33015512_LJNFLUMT_SXKPVCFE_0,JREYSKMHUMQV,0
33015512_LJNFLUMT_SXKPVCFE_0_19,33015512_LJNFLUMT_SXKPVCFE_0,UCFZSLBBPNXY,33015512_LJNFLUMT_SXKPVCFE_0_19,33015512_LJNFLUMT_SXKPVCFE_0,PXOCJXOGYMSJ,0
33015512_LJNFLUMT_SXKPVCFE_0_20,33015512_LJNFLUMT_SXKPVCFE_0,UCFZSLBBPNXY,33015512_LJNFLUMT_SXKPVCFE_0_20,33015512_LJNFLUMT_SXKPVCFE_0,JREYSKMHUMQV,0
33015512_LJNFLUMT_SXKPVCFE_0_20,33015512_LJNFLUMT_SXKPVCFE_0,UCFZSLBBPNXY,33015512_LJNFLUMT_SXKPVCFE_0_20,33015512_LJNFLUMT_SXKPVCFE_0,PXOCJXOGYMSJ,0
33015512_LJNFLUMT_SXKPVCFE_0_21,33015512_LJNFLUMT_SXKPVCFE_0,UCFZSLBBPNXY,33015512_LJNFLUMT_SXKPVCFE_0_21,33015512_LJNFLUMT_SXKPVCFE_0,JREYSKMHUMQV,0
33015512_LJNFLUMT_SXKPVCFE_0_21,33015512_LJNFLUMT_SXKPVCFE_0,UCFZSLBBPNXY,33015512_LJNFLUMT_SXKPVCFE_0_21,33015512_LJNFLUMT_SXKPVCFE_0,PXOCJXOGYMSJ,0
33015512_LJNFLUMT_SXKPVCFE_0_22,33015512_LJNFLUMT_SXKPVCFE_0,UCFZSLBBPNXY,33015512_LJNFLUMT_SXKPVCFE_0_22,33015512_LJNFLUMT_SXKPVCFE_0,JREYSKMHUMQV,0
33015512_LJNFLUMT_SXKPVCFE_0_23,33015512_LJNFLUMT_SXKPVCFE_0,UCFZSLBBPNXY,33015512_LJNFLUMT_SXKPVCFE_0_23,33015512_LJNFLUMT_SXKPVCFE_0,JREYSKMHUMQV,0
33015512_LJNFLUMT_SXKPVCFE_0_23,33015512_LJNFLUMT_SXKPVCFE_0,UCFZSLBBPNXY,33015512_LJNFLUMT_SXKPVCFE_0_23,33015512_LJNFLUMT_SXKPVCFE_0,PXOCJXOGYMSJ,0
33015512_LJNFLUMT_SXKPVCFE_0_24,33015512_LJNFLUMT_SXKPVCFE_0,UCFZSLBBPNXY,33015512_LJNFLUMT_SXKPVCFE_0_24,33015512_LJNFLUMT_SXKPVCFE_0,JREYSKMHUMQV,0
33015512_LJNFLUMT_SXKPVCFE_0_24,33015512_LJNFLUMT_SXKPVCFE_0,UCFZSLBBPNXY,33015512_LJNFLUMT_SXKPVCFE_0_24,33015512_LJNFLUMT_SXKPVCFE_0,PXOCJXOGYMSJ,0
33015512_LJNFLUMT_SXKPVCFE_0_25,33015512_LJNFLUMT_SXKPVCFE_0,UCFZSLBBPNXY,33015512_LJNFLUMT_SXKPVCFE_0_25,33015512_LJNFLUMT_SXKPVCFE_0,JREYSKMHUMQV,0
33015512_LJNFLUMT_SXKPVCFE_0_25,33015512_LJNFLUMT_SXKPVCFE_0,UCFZSLBBPNXY,33015512_LJNFLUMT_SXKPVCFE_0_25,33015512_LJNFLUMT_SXKPVCFE_0,PXOCJXOGYMSJ,0
33015512_LJNFLUMT_SXKPVCFE_0_26,33015512_LJNFLUMT_SXKPVCFE_0,UCFZSLBBPNXY,33015512_LJNFLUMT_SXKPVCFE_0_26,33015512_LJNFLUMT_SXKPVCFE_0,JREYSKMHUMQV,0
33015512_LJNFLUMT_SXKPVCFE_0_26,33015512_LJNFLUMT_SXKPVCFE_0,UCFZSLBBPNXY,33015512_LJNFLUMT_SXKPVCFE_0_26,33015512_LJNFLUMT_SXKPVCFE_0,PXOCJXOGYMSJ,0
33015512_LJNFLUMT_SXKPVCFE_0_27,33015512_LJNFLUMT_SXKPVCFE_0,UCFZSLBBPNXY,33015512_LJNFLUMT_SXKPVCFE_0_27,33015512_LJNFLUMT_SXKPVCFE_0,JREYSKMHUMQV,0
33015512_LJNFLUMT_SXKPVCFE_0_27,33015512_LJNFLUMT_SXKPVCFE_0,UCFZSLBBPNXY,33015512_LJNFLUMT_SXKPVCFE_0_27,33015512_LJNFLUMT_SXKPVCFE_0,PXOCJXOGYMSJ,0
33015512_LJNFLUMT_SXKPVCFE_0_29,33015512_LJNFLUMT_SXKPVCFE_0,UCFZSLBBPNXY,33015512_LJNFLUMT_SXKPVCFE_0_29,33015512_LJNFLUMT_SXKPVCFE_0,JREYSKMHUMQV,0
33015512_LJNFLUMT_SXKPVCFE_0_29,33015512_LJNFLUMT_SXKPVCFE_0,UCFZSLBBPNXY,33015512_LJNFLUMT_SXKPVCFE_0_29,33015512_LJNFLUMT_SXKPVCFE_0,PXOCJXOGYMSJ,0
33015512_LJNFLUMT_SXKPVCFE_0_30,33015512_LJNFLUMT_SXKPVCFE_0,UCFZSLBBPNXY,33015512_LJNFLUMT_SXKPVCFE_0_30,33015512_LJNFLUMT_SXKPVCFE_0,JREYSKMHUMQV,0
33015512_LJNFLUMT_SXKPVCFE_0_30,33015512_LJNFLUMT_SXKPVCFE_0,UCFZSLBBPNXY,33015512_LJNFLUMT_SXKPVCFE_0_30,33015512_LJNFLUMT_SXKPVCFE_0,PXOCJXOGYMSJ,0
33015512_LJNFLUMT_SXKPVCFE_0_31,33015512_LJNFLUMT_SXKPVCFE_0,UCFZSLBBPNXY,33015512_LJNFLUMT_SXKPVCFE_0_31,33015512_LJNFLUMT_SXKPVCFE_0,JREYSKMHUMQV,0
33015512_LJNFLUMT_SXKPVCFE_0_31,33015512_LJNFLUMT_SXKPVCFE_0,UCFZSLBBPNXY,33015512_LJNFLUMT_SXKPVCFE_0_31,33015512_LJNFLUMT_SXKPVCFE_0,PXOCJXOGYMSJ,0
33015512_LJNFLUMT_SXKPVCFE_0_32,33015512_LJNFLUMT_SXKPVCFE_0,UCFZSLBBPNXY,33015512_LJNFLUMT_SXKPVCFE_0_32,33015512_LJNFLUMT_SXKPVCFE_0,JREYSKMHUMQV,0
33015512_LJNFLUMT_SXKPVCFE_0_32,33015512_LJNFLUMT_SXKPVCFE_0,UCFZSLBBPNXY,33015512_LJNFLUMT_SXKPVCFE_0_32,33015512_LJNFLUMT_SXKPVCFE_0,PXOCJXOGYMSJ,0
33015512_LJNFLUMT_SXKPVCFE_0_33,33015512_LJNFLUMT_SXKPVCFE_0,UCFZSLBBPNXY,33015512_LJNFLUMT_SXKPVCFE_0_33,33015512_LJNFLUMT_SXKPVCFE_0,JREYSKMHUMQV,0
33015512_LJNFLUMT_SXKPVCFE_0_33,33015512_LJNFLUMT_SXKPVCFE_0,UCFZSLBBPNXY,33015512_LJNFLUMT_SXKPVCFE_0_33,33015512_LJNFLUMT_SXKPVCFE_0,PXOCJXOGYMSJ,0
33015512_LJNFLUMT_SXKPVCFE_0_34,33015512_LJNFLUMT_SXKPVCFE_0,UCFZSLBBPNXY,33015512_LJNFLUMT_SXKPVCFE_0_34,33015512_LJNFLUMT_SXKPVCFE_0,JREYSKMHUMQV,0
33015512_LJNFLUMT_SXKPVCFE_0_34,33015512_LJNFLUMT_SXKPVCFE_0,UCFZSLBBPNXY,33015512_LJNFLUMT_SXKPVCFE_0_34,33015512_LJNFLUMT_SXKPVCFE_0,PXOCJXOGYMSJ,0
33015512_LJNFLUMT_SXKPVCFE_0_35,33015512_LJNFLUMT_SXKPVCFE_0,UCFZSLBBPNXY,33015512_LJNFLUMT_SXKPVCFE_0_35,33015512_LJNFLUMT_SXKPVCFE_0,JREYSKMHUMQV,0
33015512_LJNFLUMT_SXKPVCFE_0_35,33015512_LJNFLUMT_SXKPVCFE_0,UCFZSLBBPNXY,33015512_LJNFLUMT_SXKPVCFE_0_35,33015512_LJNFLUMT_SXKPVCFE_0,PXOCJXOGYMSJ,0
33015512_LJNFLUMT_SXKPVCFE_0_36,33015512_LJNFLUMT_SXKPVCFE_0,UCFZSLBBPNXY,33015512_LJNFLUMT_SXKPVCFE_0_36,33015512_LJNFLUMT_SXKPVCFE_0,JREYSKMHUMQV,0
33015512_LJNFLUMT_SXKPVCFE_0_37,33015512_LJNFLUMT_SXKPVCFE_0,UCFZSLBBPNXY,33015512_LJNFLUMT_SXKPVCFE_0_37,33015512_LJNFLUMT_SXKPVCFE_0,JREYSKMHUMQV,0
33015512_LJNFLUMT_SXKPVCFE_0_37,33015512_LJNFLUMT_SXKPVCFE_0,UCFZSLBBPNXY,33015512_LJNFLUMT_SXKPVCFE_0_37,33015512_LJNFLUMT_SXKPVCFE_0,PXOCJXOGYMSJ,0
33015512_LJNFLUMT_SXKPVCFE_0_38,33015512_LJNFLUMT_SXKPVCFE_0,UCFZSLBBPNXY,33015512_LJNFLUMT_SXKPVCFE_0_38,33015512_LJNFLUMT_SXKPVCFE_0,JREYSKMHUMQV,0
33015512_LJNFLUMT_SXKPVCFE_0_38,33015512_LJNFLUMT_SXKPVCFE_0,UCFZSLBBPNXY,33015512_LJNFLUMT_SXKPVCFE_0_38,33015512_LJNFLUMT_SXKPVCFE_0,PXOCJXOGYMSJ,0
33015512_LJNFLUMT_SXKPVCFE_0_39,33015512_LJNFLUMT_SXKPVCFE_0,UCFZSLBBPNXY,33015512_LJNFLUMT_SXKPVCFE_0_39,33015512_LJNFLUMT_SXKPVCFE_0,JREYSKMHUMQV,0
33015512_LJNFLUMT_SXKPVCFE_0_39,33015512_LJNFLUMT_SXKPVCFE_0,UCFZSLBBPNXY,33015512_LJNFLUMT_SXKPVCFE_0_39,33015512_LJNFLUMT_SXKPVCFE_0,PXOCJXOGYMSJ,0
33015512_LJNFLUMT_SXKPVCFE_0_40,33015512_LJNFLUMT_SXKPVCFE_0,UCFZSLBBPNXY,33015512_LJNFLUMT_SXKPVCFE_0_40,33015512_LJNFLUMT_SXKPVCFE_0,JREYSKMHUMQV,0
33015512_LJNFLUMT_SXKPVCFE_0_40,33015512_LJNFLUMT_SXKPVCFE_0,UCFZSLBBPNXY,33015512_LJNFLUMT_SXKPVCFE_0_40,33015512_LJNFLUMT_SXKPVCFE_0,PXOCJXOGYMSJ,0
33015512_LJNFLUMT_SXKPVCFE_0_41,33015512_LJNFLUMT_SXKPVCFE_0,UCFZSLBBPNXY,33015512_LJNFLUMT_SXKPVCFE_0_41,33015512_LJNFLUMT_SXKPVCFE_0,JREYSKMHUMQV,0
33015512_LJNFLUMT_SXKPVCFE_0_41,33015512_LJNFLUMT_SXKPVCFE_0,UCFZSLBBPNXY,33015512_LJNFLUMT_SXKPVCFE_0_41,33015512_LJNFLUMT_SXKPVCFE_0,PXOCJXOGYMSJ,0
33015512_LJNFLUMT_SXKPVCFE_0_42,33015512_LJNFLUMT_SXKPVCFE_0,UCFZSLBBPNXY,33015512_LJNFLUMT_SXKPVCFE_0_42,33015512_LJNFLUMT_SXKPVCFE_0,JREYSKMHUMQV,0
33015512_LJNFLUMT_SXKPVCFE_0_42,33015512_LJNFLUMT_SXKPVCFE_0,UCFZSLBBPNXY,33015512_LJNFLUMT_SXKPVCFE_0_42,33015512_LJNFLUMT_SXKPVCFE_0,PXOCJXOGYMSJ,0
33015512_LJNFLUMT_SXKPVCFE_0_43,33015512_LJNFLUMT_SXKPVCFE_0,UCFZSLBBPNXY,33015512_LJNFLUMT_SXKPVCFE_0_43,33015512_LJNFLUMT_SXKPVCFE_0,JREYSKMHUMQV,0
33015512_LJNFLUMT_SXKPVCFE_0_43,33015512_LJNFLUMT_SXKPVCFE_0,UCFZSLBBPNXY,33015512_LJNFLUMT_SXKPVCFE_0_43,33015512_LJNFLUMT_SXKPVCFE_0,PXOCJXOGYMSJ,0
33015512_LJNFLUMT_SXKPVCFE_0_44,33015512_LJNFLUMT_SXKPVCFE_0,UCFZSLBBPNXY,33015512_LJNFLUMT_SXKPVCFE_0_44,33015512_LJNFLUMT_SXKPVCFE_0,JREYSKMHUMQV,0
33015512_LJNFLUMT_SXKPVCFE_0_44,33015512_LJNFLUMT_SXKPVCFE_0,UCFZSLBBPNXY,33015512_LJNFLUMT_SXKPVCFE_0_44,33015512_LJNFLUMT_SXKPVCFE_0,PXOCJXOGYMSJ,0
33015512_LJNFLUMT_SXKPVCFE_0_45,33015512_LJNFLUMT_SXKPVCFE_0,UCFZSLBBPNXY,33015512_LJNFLUMT_SXKPVCFE_0_45,33015512_LJNFLUMT_SXKPVCFE_0,JREYSKMHUMQV,0
33015512_LJNFLUMT_SXKPVCFE_0_45,33015512_LJNFLUMT_SXKPVCFE_0,UCFZSLBBPNXY,33015512_LJNFLUMT_SXKPVCFE_0_45,33015512_LJNFLUMT_SXKPVCFE_0,PXOCJXOGYMSJ,0
33015512_LJNFLUMT_SXKPVCFE_0_46,33015512_LJNFLUMT_SXKPVCFE_0,UCFZSLBBPNXY,33015512_LJNFLUMT_SXKPVCFE_0_46,33015512_LJNFLUMT_SXKPVCFE_0,JREYSKMHUMQV,0
33015512_LJNFLUMT_SXKPVCFE_0_46,33015512_LJNFLUMT_SXKPVCFE_0,UCFZSLBBPNXY,33015512_LJNFLUMT_SXKPVCFE_0_46,33015512_LJNFLUMT_SXKPVCFE_0,PXOCJXOGYMSJ,0
33015512_LJNFLUMT_SXKPVCFE_0_47,33015512_LJNFLUMT_SXKPVCFE_0,UCFZSLBBPNXY,33015512_LJNFLUMT_SXKPVCFE_0_47,33015512_LJNFLUMT_SXKPVCFE_0,JREYSKMHUMQV,0
33015512_LJNFLUMT_SXKPVCFE_0_47,33015512_LJNFLUMT_SXKPVCFE_0,UCFZSLBBPNXY,33015512_LJNFLUMT_SXKPVCFE_0_47,33015512_LJNFLUMT_SXKPVCFE_0,PXOCJXOGYMSJ,0
33015512_LJNFLUMT_SXKPVCFE_0_48,33015512_LJNFLUMT_SXKPVCFE_0,UCFZSLBBPNXY,33015512_LJNFLUMT_SXKPVCFE_0_48,33015512_LJNFLUMT_SXKPVCFE_0,JREYSKMHUMQV,0
33015512_LJNFLUMT_SXKPVCFE_0_48,33015512_LJNFLUMT_SXKPVCFE_0,UCFZSLBBPNXY,33015512_LJNFLUMT_SXKPVCFE_0_48,33015512_LJNFLUMT_SXKPVCFE_0,PXOCJXOGYMSJ,0
33015512_LJNFLUMT_SXKPVCFE_0_49,33015512_LJNFLUMT_SXKPVCFE_0,UCFZSLBBPNXY,33015512_LJNFLUMT_SXKPVCFE_0_49,33015512_LJNFLUMT_SXKPVCFE_0,JREYSKMHUMQV,0
33015512_LJNFLUMT_SXKPVCFE_0_49,33015512_LJNFLUMT_SXKPVCFE_0,UCFZSLBBPNXY,33015512_LJNFLUMT_SXKPVCFE_0_49,33015512_LJNFLUMT_SXKPVCFE_0,PXOCJXOGYMSJ,0
33015512_LJNFLUMT_SXKPVCFE_0_50,33015512_LJNFLUMT_SXKPVCFE_0,UCFZSLBBPNXY,33015512_LJNFLUMT_SXKPVCFE_0_50,33015512_LJNFLUMT_SXKPVCFE_0,JREYSKMHUMQV,0
33015512_LJNFLUMT_SXKPVCFE_0_50,33015512_LJNFLUMT_SXKPVCFE_0,UCFZSLBBPNXY,33015512_LJNFLUMT_SXKPVCFE_0_50,33015512_LJNFLUMT_SXKPVCFE_0,PXOCJXOGYMSJ,0
33015512_LJNFLUMT_SXKPVCFE_0_51,33015512_LJNFLUMT_SXKPVCFE_0,UCFZSLBBPNXY,33015512_LJNFLUMT_SXKPVCFE_0_51,33015512_LJNFLUMT_SXKPVCFE_0,JREYSKMHUMQV,0
33015512_LJNFLUMT_SXKPVCFE_0_51,33015512_LJNFLUMT_SXKPVCFE_0,UCFZSLBBPNXY,33015512_LJNFLUMT_SXKPVCFE_0_51,33015512_LJNFLUMT_SXKPVCFE_0,PXOCJXOGYMSJ,0
33015512_LJNFLUMT_SXKPVCFE_0_52,33015512_LJNFLUMT_SXKPVCFE_0,UCFZSLBBPNXY,33015512_LJNFLUMT_SXKPVCFE_0_52,33015512_LJNFLUMT_SXKPVCFE_0,JREYSKMHUMQV,0
33015512_LJNFLUMT_SXKPVCFE_0_52,33015512_LJNFLUMT_SXKPVCFE_0,UCFZSLBBPNXY,33015512_LJNFLUMT_SXKPVCFE_0_52,33015512_LJNFLUMT_SXKPVCFE_0,PXOCJXOGYMSJ,0
33015512_LJNFLUMT_SXKPVCFE_0_54,33015512_LJNFLUMT_SXKPVCFE_0,UCFZSLBBPNXY,33015512_LJNFLUMT_SXKPVCFE_0_54,33015512_LJNFLUMT_SXKPVCFE_0,JREYSKMHUMQV,0
33015512_LJNFLUMT_SXKPVCFE_0_54,33015512_LJNFLUMT_SXKPVCFE_0,UCFZSLBBPNXY,33015512_LJNFLUMT_SXKPVCFE_0_54,33015512_LJNFLUMT_SXKPVCFE_0,PXOCJXOGYMSJ,0
33015512_LJNFLUMT_SXKPVCFE_0_55,33015512_LJNFLUMT_SXKPVCFE_0,UCFZSLBBPNXY,33015512_LJNFLUMT_SXKPVCFE_0_55,33015512_LJNFLUMT_SXKPVCFE_0,JREYSKMHUMQV,0
33015512_LJNFLUMT_SXKPVCFE_0_55,33015512_LJNFLUMT_SXKPVCFE_0,UCFZSLBBPNXY,33015512_LJNFLUMT_SXKPVCFE_0_55,33015512_LJNFLUMT_SXKPVCFE_0,PXOCJXOGYMSJ,0
33015512_LJNFLUMT_SXKPVCFE_0_56,33015512_LJNFLUMT_SXKPVCFE_0,UCFZSLBBPNXY,33015512_LJNFLUMT_SXKPVCFE_0_56,33015512_LJNFLUMT_SXKPVCFE_0,JREYSKMHUMQV,0
33015512_LJNFLUMT_SXKPVCFE_0_56,33015512_LJNFLUMT_SXKPVCFE_0,UCFZSLBBPNXY,33015512_LJNFLUMT_SXKPVCFE_0_56,33015512_LJNFLUMT_SXKPVCFE_0,PXOCJXOGYMSJ,0
33015512_LJNFLUMT_SXKPVCFE_0_57,33015512_LJNFLUMT_SXKPVCFE_0,UCFZSLBBPNXY,33015512_LJNFLUMT_SXKPVCFE_0_57,33015512_LJNFLUMT_SXKPVCFE_0,JREYSKMHUMQV,0
33015512_LJNFLUMT_SXKPVCFE_0_57,33015512_LJNFLUMT_SXKPVCFE_0,UCFZSLBBPNXY,33015512_LJNFLUMT_SXKPVCFE_0_57,33015512_LJNFLUMT_SXKPVCFE_0,PXOCJXOGYMSJ,0
33015512_LJNFLUMT_SXKPVCFE_0_58,33015512_LJNFLUMT_SXKPVCFE_0,UCFZSLBBPNXY,33015512_LJNFLUMT_SXKPVCFE_0_58,33015512_LJNFLUMT_SXKPVCFE_0,JREYSKMHUMQV,0
33015512_LJNFLUMT_SXKPVCFE_0_58,33015512_LJNFLUMT_SXKPVCFE_0,UCFZSLBBPNXY,33015512_LJNFLUMT_SXKPVCFE_0_58,33015512_LJNFLUMT_SXKPVCFE_0,PXOCJXOGYMSJ,0
33015512_LJNFLUMT_SXKPVCFE_0_59,33015512_LJNFLUMT_SXKPVCFE_0,UCFZSLBBPNXY,33015512_LJNFLUMT_SXKPVCFE_0_59,33015512_LJNFLUMT_SXKPVCFE_0,JREYSKMHUMQV,0
33015512_LJNFLUMT_SXKPVCFE_0_59,33015512_LJNFLUMT_SXKPVCFE_0,UCFZSLBBPNXY,33015512_LJNFLUMT_SXKPVCFE_0_59,33015512_LJNFLUMT_SXKPVCFE_0,PXOCJXOGYMSJ,0
33015512_LJNFLUMT_SXKPVCFE_0_60,33015512_LJNFLUMT_SXKPVCFE_0,UCFZSLBBPNXY,33015512_LJNFLUMT_SXKPVCFE_0_60,33015512_LJNFLUMT_SXKPVCFE_0,JREYSKMHUMQV,0
33015512_LJNFLUMT_SXKPVCFE_0_60,33015512_LJNFLUMT_SXKPVCFE_0,UCFZSLBBPNXY,33015512_LJNFLUMT_SXKPVCFE_0_60,33015512_LJNFLUMT_SXKPVCFE_0,PXOCJXOGYMSJ,0
33015512_LJNFLUMT_SXKPVCFE_0_0,33015512_LJNFLUMT_SXKPVCFE_0,JREYSKMHUMQV,33015512_LJNFLUMT_SXKPVCFE_0_0,33015512_LJNFLUMT_SXKPVCFE_0,PXOCJXOGYMSJ,0
33015512_LJNFLUMT_SXKPVCFE_0_1,33015512_LJNFLUMT_SXKPVCFE_0,JREYSKMHUMQV,33015512_LJNFLUMT_SXKPVCFE_0_1,33015512_LJNFLUMT_SXKPVCFE_0,PXOCJXOGYMSJ,0
33015512_LJNFLUMT_SXKPVCFE_0_2,33015512_LJNFLUMT_SXKPVCFE_0,JREYSKMHUMQV,33015512_LJNFLUMT_SXKPVCFE_0_2,33015512_LJNFLUMT_SXKPVCFE_0,PXOCJXOGYMSJ,0
33015512_LJNFLUMT_SXKPVCFE_0_3,33015512_LJNFLUMT_SXKPVCFE_0,JREYSKMHUMQV,33015512_LJNFLUMT_SXKPVCFE_0_3,33015512_LJNFLUMT_SXKPVCFE_0,PXOCJXOGYMSJ,0
33015512_LJNFLUMT_SXKPVCFE_0_4,33015512_LJNFLUMT_SXKPVCFE_0,JREYSKMHUMQV,33015512_LJNFLUMT_SXKPVCFE_0_4,33015512_LJNFLUMT_SXKPVCFE_0,PXOCJXOGYMSJ,0
33015512_LJNFLUMT_SXKPVCFE_0_5,33015512_LJNFLUMT_SXKPVCFE_0,JREYSKMHUMQV,33015512_LJNFLUMT_SXKPVCFE_0_5,33015512_LJNFLUMT_SXKPVCFE_0,PXOCJXOGYMSJ,0
33015512_LJNFLUMT_SXKPVCFE_0_6,33015512_LJNFLUMT_SXKPVCFE_0,JREYSKMHUMQV,33015512_LJNFLUMT_SXKPVCFE_0_6,33015512_LJNFLUMT_SXKPVCFE_0,PXOCJXOGYMSJ,0
33015512_LJNFLUMT_SXKPVCFE_0_7,33015512_LJNFLUMT_SXKPVCFE_0,JREYSKMHUMQV,33015512_LJNFLUMT_SXKPVCFE_0_7,33015512_LJNFLUMT_SXKPVCFE_0,PXOCJXOGYMSJ,0
33015512_LJNFLUMT_SXKPVCFE_0_8,33015512_LJNFLUMT_SXKPVCFE_0,JREYSKMHUMQV,33015512_LJNFLUMT_SXKPVCFE_0_8,33015512_LJNFLUMT_SXKPVCFE_0,PXOCJXOGYMSJ,0
33015512_LJNFLUMT_SXKPVCFE_0_9,33015512_LJNFLUMT_SXKPVCFE_0,JREYSKMHUMQV,33015512_LJNFLUMT_SXKPVCFE_0_9,33015512_LJNFLUMT_SXKPVCFE_0,PXOCJXOGYMSJ,0
33015512_LJNFLUMT_SXKPVCFE_0_10,33015512_LJNFLUMT_SXKPVCFE_0,JREYSKMHUMQV,33015512_LJNFLUMT_SXKPVCFE_0_10,33015512_LJNFLUMT_SXKPVCFE_0,PXOCJXOGYMSJ,0
33015512_LJNFLUMT_SXKPVCFE_0_11,33015512_LJNFLUMT_SXKPVCFE_0,JREYSKMHUMQV,33015512_LJNFLUMT_SXKPVCFE_0_11,33015512_LJNFLUMT_SXKPVCFE_0,PXOCJXOGYMSJ,0
33015512_LJNFLUMT_SXKPVCFE_0_12,33015512_LJNFLUMT_SXKPVCFE_0,JREYSKMHUMQV,33015512_LJNFLUMT_SXKPVCFE_0_12,33015512_LJNFLUMT_SXKPVCFE_0,PXOCJXOGYMSJ,0
33015512_LJNFLUMT_SXKPVCFE_0_13,33015512_LJNFLUMT_SXKPVCFE_0,JREYSKMHUMQV,33015512_LJNFLUMT_SXKPVCFE_0_13,33015512_LJNFLUMT_SXKPVCFE_0,PXOCJXOGYMSJ,0
33015512_LJNFLUMT_SXKPVCFE_0_15,33015512_LJNFLUMT_SXKPVCFE_0,JREYSKMHUMQV,33015512_LJNFLUMT_SXKPVCFE_0_15,33015512_LJNFLUMT_SXKPVCFE_0,PXOCJXOGYMSJ,0
33015512_LJNFLUMT_SXKPVCFE_0_16,33015512_LJNFLUMT_SXKPVCFE_0,JREYSKMHUMQV,33015512_LJNFLUMT_SXKPVCFE_0_16,33015512_LJNFLUMT_SXKPVCFE_0,PXOCJXOGYMSJ,0
33015512_LJNFLUMT_SXKPVCFE_0_17,33015512_LJNFLUMT_SXKPVCFE_0,JREYSKMHUMQV,33015512_LJNFLUMT_SXKPVCFE_0_17,33015512_LJNFLUMT_SXKPVCFE_0,PXOCJXOGYMSJ,0
33015512_LJNFLUMT_SXKPVCFE_0_18,33015512_LJNFLUMT_SXKPVCFE_0,JREYSKMHUMQV,33015512_LJNFLUMT_SXKPVCFE_0_18,33015512_LJNFLUMT_SXKPVCFE_0,PXOCJXOGYMSJ,0
33015512_LJNFLUMT_SXKPVCFE_0_19,33015512_LJNFLUMT_SXKPVCFE_0,JREYSKMHUMQV,33015512_LJNFLUMT_SXKPVCFE_0_19,33015512_LJNFLUMT_SXKPVCFE_0,PXOCJXOGYMSJ,0
33015512_LJNFLUMT_SXKPVCFE_0_20,33015512_LJNFLUMT_SXKPVCFE_0,JREYSKMHUMQV,33015512_LJNFLUMT_SXKPVCFE_0_20,33015512_LJNFLUMT_SXKPVCFE_0,PXOCJXOGYMSJ,0
33015512_LJNFLUMT_SXKPVCFE_0_21,33015512_LJNFLUMT_SXKPVCFE_0,JREYSKMHUMQV,33015512_LJNFLUMT_SXKPVCFE_0_21,33015512_LJNFLUMT_SXKPVCFE_0,PXOCJXOGYMSJ,0
33015512_LJNFLUMT_SXKPVCFE_0_23,33015512_LJNFLUMT_SXKPVCFE_0,JREYSKMHUMQV,33015512_LJNFLUMT_SXKPVCFE_0_23,33015512_LJNFLUMT_SXKPVCFE_0,PXOCJXOGYMSJ,0
33015512_LJNFLUMT_SXKPVCFE_0_24,33015512_LJNFLUMT_SXKPVCFE_0,JREYSKMHUMQV,33015512_LJNFLUMT_SXKPVCFE_0_24,33015512_LJNFLUMT_SXKPVCFE_0,PXOCJXOGYMSJ,0
33015512_LJNFLUMT_SXKPVCFE_0_25,33015512_LJNFLUMT_SXKPVCFE_0,JREYSKMHUMQV,33015512_LJNFLUMT_SXKPVCFE_0_25,33015512_LJNFLUMT_SXKPVCFE_0,PXOCJXOGYMSJ,0
33015512_LJNFLUMT_SXKPVCFE_0_26,33015512_LJNFLUMT_SXKPVCFE_0,JREYSKMHUMQV,33015512_LJNFLUMT_SXKPVCFE_0_26,33015512_LJNFLUMT_SXKPVCFE_0,PXOCJXOGYMSJ,0
33015512_LJNFLUMT_SXKPVCFE_0_27,33015512_LJNFLUMT_SXKPVCFE_0,JREYSKMHUMQV,33015512_LJNFLUMT_SXKPVCFE_0_27,33015512_LJNFLUMT_SXKPVCFE_0,PXOCJXOGYMSJ,0
33015512_LJNFLUMT_SXKPVCFE_0_28,33015512_LJNFLUMT_SXKPVCFE_0,JREYSKMHUMQV,33015512_LJNFLUMT_SXKPVCFE_0_28,33015512_LJNFLUMT_SXKPVCFE_0,PXOCJXOGYMSJ,0
33015512_LJNFLUMT_SXKPVCFE_0_29,33015512_LJNFLUMT_SXKPVCFE_0,JREYSKMHUMQV,33015512_LJNFLUMT_SXKPVCFE_0_29,33015512_LJNFLUMT_SXKPVCFE_0,PXOCJXOGYMSJ,0
33015512_LJNFLUMT_SXKPVCFE_0_30,33015512_LJNFLUMT_SXKPVCFE_0,JREYSKMHUMQV,33015512_LJNFLUMT_SXKPVCFE_0_30,33015512_LJNFLUMT_SXKPVCFE_0,PXOCJXOGYMSJ,0
33015512_LJNFLUMT_SXKPVCFE_0_31,33015512_LJNFLUMT_SXKPVCFE_0,JREYSKMHUMQV,33015512_LJNFLUMT_SXKPVCFE_0_31,33015512_LJNFLUMT_SXKPVCFE_0,PXOCJXOGYMSJ,0
33015512_LJNFLUMT_SXKPVCFE_0_32,33015512_LJNFLUMT_SXKPVCFE_0,JREYSKMHUMQV,33015512_LJNFLUMT_SXKPVCFE_0_32,33015512_LJNFLUMT_SXKPVCFE_0,PXOCJXOGYMSJ,0
33015512_LJNFLUMT_SXKPVCFE_0_33,33015512_LJNFLUMT_SXKPVCFE_0,JREYSKMHUMQV,33015512_LJNFLUMT_SXKPVCFE_0_33,33015512_LJNFLUMT_SXKPVCFE_0,PXOCJXOGYMSJ,0
33015512_LJNFLUMT_SXKPVCFE_0_34,33015512_LJNFLUMT_SXKPVCFE_0,JREYSKMHUMQV,33015512_LJNFLUMT_SXKPVCFE_0_34,33015512_LJNFLUMT_SXKPVCFE_0,PXOCJXOGYMSJ,0
33015512_LJNFLUMT_SXKPVCFE_0_35,33015512_LJNFLUMT_SXKPVCFE_0,JREYSKMHUMQV,33015512_LJNFLUMT_SXKPVCFE_0_35,33015512_LJNFLUMT_SXKPVCFE_0,PXOCJXOGYMSJ,0
33015512_LJNFLUMT_SXKPVCFE_0_37,33015512_LJNFLUMT_SXKPVCFE_0,JREYSKMHUMQV,33015512_LJNFLUMT_SXKPVCFE_0_37,33015512_LJNFLUMT_SXKPVCFE_0,PXOCJXOGYMSJ,0
33015512_LJNFLUMT_SXKPVCFE_0_38,33015512_LJNFLUMT_SXKPVCFE_0,JREYSKMHUMQV,33015512_LJNFLUMT_SXKPVCFE_0_38,33015512_LJNFLUMT_SXKPVCFE_0,PXOCJXOGYMSJ,0
33015512_LJNFLUMT_SXKPVCFE_0_39,33015512_LJNFLUMT_SXKPVCFE_0,JREYSKMHUMQV,33015512_LJNFLUMT_SXKPVCFE_0_39,33015512_LJNFLUMT_SXKPVCFE_0,PXOCJXOGYMSJ,0
33015512_LJNFLUMT_SXKPVCFE_0_40,33015512_LJNFLUMT_SXKPVCFE_0,JREYSKMHUMQV,33015512_LJNFLUMT_SXKPVCFE_0_40,33015512_LJNFLUMT_SXKPVCFE_0,PXOCJXOGYMSJ,0
33015512_LJNFLUMT_SXKPVCFE_0_41,33015512_LJNFLUMT_SXKPVCFE_0,JREYSKMHUMQV,33015512_LJNFLUMT_SXKPVCFE_0_41,33015512_LJNFLUMT_SXKPVCFE_0,PXOCJXOGYMSJ,0
33015512_LJNFLUMT_SXKPVCFE_0_42,33015512_LJNFLUMT_SXKPVCFE_0,JREYSKMHUMQV,33015512_LJNFLUMT_SXKPVCFE_0_42,33015512_LJNFLUMT_SXKPVCFE_0,PXOCJXOGYMSJ,0
33015512_LJNFLUMT_SXKPVCFE_0_43,33015512_LJNFLUMT_SXKPVCFE_0,JREYSKMHUMQV,33015512_LJNFLUMT_SXKPVCFE_0_43,33015512_LJNFLUMT_SXKPVCFE_0,PXOCJXOGYMSJ,0
33015512_LJNFLUMT_SXKPVCFE_0_44,33015512_LJNFLUMT_SXKPVCFE_0,JREYSKMHUMQV,33015512_LJNFLUMT_SXKPVCFE_0_44,33015512_LJNFLUMT_SXKPVCFE_0,PXOCJXOGYMSJ,0
33015512_LJNFLUMT_SXKPVCFE_0_45,33015512_LJNFLUMT_SXKPVCFE_0,JREYSKMHUMQV,33015512_LJNFLUMT_SXKPVCFE_0_45,33015512_LJNFLUMT_SXKPVCFE_0,PXOCJXOGYMSJ,0
33015512_LJNFLUMT_SXKPVCFE_0_46,33015512_LJNFLUMT_SXKPVCFE_0,JREYSKMHUMQV,33015512_LJNFLUMT_SXKPVCFE_0_46,33015512_LJNFLUMT_SXKPVCFE_0,PXOCJXOGYMSJ,0
33015512_LJNFLUMT_SXKPVCFE_0_47,33015512_LJNFLUMT_SXKPVCFE_0,JREYSKMHUMQV,33015512_LJNFLUMT_SXKPVCFE_0_47,33015512_LJNFLUMT_SXKPVCFE_0,PXOCJXOGYMSJ,0
33015512_LJNFLUMT_SXKPVCFE_0_48,33015512_LJNFLUMT_SXKPVCFE_0,JREYSKMHUMQV,33015512_LJNFLUMT_SXKPVCFE_0_48,33015512_LJNFLUMT_SXKPVCFE_0,PXOCJXOGYMSJ,0
33015512_LJNFLUMT_SXKPVCFE_0_49,33015512_LJNFLUMT_SXKPVCFE_0,JREYSKMHUMQV,33015512_LJNFLUMT_SXKPVCFE_0_49,33015512_LJNFLUMT_SXKPVCFE_0,PXOCJXOGYMSJ,0
33015512_LJNFLUMT_SXKPVCFE_0_50,33015512_LJNFLUMT_SXKPVCFE_0,JREYSKMHUMQV,33015512_LJNFLUMT_SXKPVCFE_0_50,33015512_LJNFLUMT_SXKPVCFE_0,PXOCJXOGYMSJ,0
33015512_LJNFLUMT_SXKPVCFE_0_51,33015512_LJNFLUMT_SXKPVCFE_0,JREYSKMHUMQV,33015512_LJNFLUMT_SXKPVCFE_0_51,33015512_LJNFLUMT_SXKPVCFE_0,PXOCJXOGYMSJ,0
33015512_LJNFLUMT_SXKPVCFE_0_52,33015512_LJNFLUMT_SXKPVCFE_0,JREYSKMHUMQV,33015512_LJNFLUMT_SXKPVCFE_0_52,33015512_LJNFLUMT_SXKPVCFE_0,PXOCJXOGYMSJ,0
33015512_LJNFLUMT_SXKPVCFE_0_54,33015512_LJNFLUMT_SXKPVCFE_0,JREYSKMHUMQV,33015512_LJNFLUMT_SXKPVCFE_0_54,33015512_LJNFLUMT_SXKPVCFE_0,PXOCJXOGYMSJ,0
33015512_LJNFLUMT_SXKPVCFE_0_55,33015512_LJNFLUMT_SXKPVCFE_0,JREYSKMHUMQV,33015512_LJNFLUMT_SXKPVCFE_0_55,33015512_LJNFLUMT_SXKPVCFE_0,PXOCJXOGYMSJ,0
33015512_LJNFLUMT_SXKPVCFE_0_56,33015512_LJNFLUMT_SXKPVCFE_0,JREYSKMHUMQV,33015512_LJNFLUMT_SXKPVCFE_0_56,33015512_LJNFLUMT_SXKPVCFE_0,PXOCJXOGYMSJ,0
33015512_LJNFLUMT_SXKPVCFE_0_57,33015512_LJNFLUMT_SXKPVCFE_0,JREYSKMHUMQV,33015512_LJNFLUMT_SXKPVCFE_0_57,33015512_LJNFLUMT_SXKPVCFE_0,PXOCJXOGYMSJ,0
33015512_LJNFLUMT_SXKPVCFE_0_58,33015512_LJNFLUMT_SXKPVCFE_0,JREYSKMHUMQV,33015512_LJNFLUMT_SXKPVCFE_0_58,33015512_LJNFLUMT_SXKPVCFE_0,PXOCJXOGYMSJ,0
33015512_LJNFLUMT_SXKPVCFE_0_59,33015512_LJNFLUMT_SXKPVCFE_0,JREYSKMHUMQV,33015512_LJNFLUMT_SXKPVCFE_0_59,33015512_LJNFLUMT_SXKPVCFE_0,PXOCJXOGYMSJ,0
33015512_LJNFLUMT_SXKPVCFE_0_60,33015512_LJNFLUMT_SXKPVCFE_0,JREYSKMHUMQV,33015512_LJNFLUMT_SXKPVCFE_0_60,33015512_LJNFLUMT_SXKPVCFE_0,PXOCJXOGYMSJ,0
33015512_LJNFLUMT_SXKPVCFE_0_61,33015512_LJNFLUMT_SXKPVCFE_0,JREYSKMHUMQV,33015512_LJNFLUMT_SXKPVCFE_0_61,33015512_LJNFLUMT_SXKPVCFE_0,PXOCJXOGYMSJ,0
28144982_SXKPVCFE_XLOLCGQM_0_0,28144982_SXKPVCFE_XLOLCGQM_0,UCFZSLBBPNXY,28144982_SXKPVCFE_XLOLCGQM_0_0,28144982_SXKPVCFE_XLOLCGQM_0,JREYSKMHUMQV,0
28144982_SXKPVCFE_XLOLCGQM_0_0,28144982_SXKPVCFE_XLOLCGQM_0,UCFZSLBBPNXY,28144982_SXKPVCFE_XLOLCGQM_0_0,28144982_SXKPVCFE_XLOLCGQM_0,PXOCJXOGYMSJ,0
28144982_SXKPVCFE_XLOLCGQM_0_1,28144982_SXKPVCFE_XLOLCGQM_0,UCFZSLBBPNXY,28144982_SXKPVCFE_XLOLCGQM_0_1,28144982_SXKPVCFE_XLOLCGQM_0,JREYSKMHUMQV,0
28144982_SXKPVCFE_XLOLCGQM_0_1,28144982_SXKPVCFE_XLOLCGQM_0,UCFZSLBBPNXY,28144982_SXKPVCFE_XLOLCGQM_0_1,28144982_SXKPVCFE_XLOLCGQM_0,PXOCJXOGYMSJ,0
28144982_SXKPVCFE_XLOLCGQM_0_2,28144982_SXKPVCFE_XLOLCGQM_0,UCFZSLBBPNXY,28144982_SXKPVCFE_XLOLCGQM_0_2,28144982_SXKPVCFE_XLOLCGQM_0,JREYSKMHUMQV,0
28144982_SXKPVCFE_XLOLCGQM_0_2,28144982_SXKPVCFE_XLOLCGQM_0,UCFZSLBBPNXY,28144982_SXKPVCFE_XLOLCGQM_0_2,28144982_SXKPVCFE_XLOLCGQM_0,PXOCJXOGYMSJ,0
28144982_SXKPVCFE_XLOLCGQM_0_4,28144982_SXKPVCFE_XLOLCGQM_0,UCFZSLBBPNXY,28144982_SXKPVCFE_XLOLCGQM_0_4,28144982_SXKPVCFE_XLOLCGQM_0,JREYSKMHUMQV,0
28144982_SXKPVCFE_XLOLCGQM_0_4,28144982_SXKPVCFE_XLOLCGQM_0,UCFZSLBBPNXY,28144982_SXKPVCFE_XLOLCGQM_0_4,28144982_SXKPVCFE_XLOLCGQM_0,PXOCJXOGYMSJ,0
28144982_SXKPVCFE_XLOLCGQM_0_6,28144982_SXKPVCFE_XLOLCGQM_0,UCFZSLBBPNXY,28144982_SXKPVCFE_XLOLCGQM_0_6,28144982_SXKPVCFE_XLOLCGQM_0,JREYSKMHUMQV,0
28144982_SXKPVCFE_XLOLCGQM_0_6,28144982_SXKPVCFE_XLOLCGQM_0,UCFZSLBBPNXY,28144982_SXKPVCFE_XLOLCGQM_0_6,28144982_SXKPVCFE_XLOLCGQM_0,PXOCJXOGYMSJ,0
28144982_SXKPVCFE_XLOLCGQM_0_7,28144982_SXKPVCFE_XLOLCGQM_0,UCFZSLBBPNXY,28144982_SXKPVCFE_XLOLCGQM_0_7,28144982_SXKPVCFE_XLOLCGQM_0,JREYSKMHUMQV,0
28144982_SXKPVCFE_XLOLCGQM_0_7,28144982_SXKPVCFE_XLOLCGQM_0,UCFZSLBBPNXY,28144982_SXKPVCFE_XLOLCGQM_0_7,28144982_SXKPVCFE_XLOLCGQM_0,PXOCJXOGYMSJ,0
28144982_SXKPVCFE_XLOLCGQM_0_8,28144982_SXKPVCFE_XLOLCGQM_0,UCFZSLBBPNXY,28144982_SXKPVCFE_XLOLCGQM_0_8,28144982_SXKPVCFE_XLOLCGQM_0,JREYSKMHUMQV,0
28144982_SXKPVCFE_XLOLCGQM_0_8,28144982_SXKPVCFE_XLOLCGQM_0,UCFZSLBBPNXY,28144982_SXKPVCFE_XLOLCGQM_0_8,28144982_SXKPVCFE_XLOLCGQM_0,PXOCJXOGYMSJ,0
28144982_SXKPVCFE_XLOLCGQM_0_0,28144982_SXKPVCFE_XLOLCGQM_0,JREYSKMHUMQV,28144982_SXKPVCFE_XLOLCGQM_0_0,28144982_SXKPVCFE_XLOLCGQM_0,PXOCJXOGYMSJ,0
28144982_SXKPVCFE_XLOLCGQM_0_1,28144982_SXKPVCFE_XLOLCGQM_0,JREYSKMHUMQV,28144982_SXKPVCFE_XLOLCGQM_0_1,28144982_SXKPVCFE_XLOLCGQM_0,PXOCJXOGYMSJ,0
28144982_SXKPVCFE_XLOLCGQM_0_2,28144982_SXKPVCFE_XLOLCGQM_0,JREYSKMHUMQV,28144982_SXKPVCFE_XLOLCGQM_0_2,28144982_SXKPVCFE_XLOLCGQM_0,PXOCJXOGYMSJ,0
28144982_SXKPVCFE_XLOLCGQM_0_3,28144982_SXKPVCFE_XLOLCGQM_0,JREYSKMHUMQV,28144982_SXKPVCFE_XLOLCGQM_0_3,28144982_SXKPVCFE_XLOLCGQM_0,PXOCJXOGYMSJ,0
28144982_SXKPVCFE_XLOLCGQM_0_4,28144982_SXKPVCFE_XLOLCGQM_0,JREYSKMHUMQV,28144982_SXKPVCFE_XLOLCGQM_0_4,28144982_SXKPVCFE_XLOLCGQM_0,PXOCJXOGYMSJ,0
28144982_SXKPVCFE_XLOLCGQM_0_5,28144982_SXKPVCFE_XLOLCGQM_0,JREYSKMHUMQV,28144982_SXKPVCFE_XLOLCGQM_0_5,28144982_SXKPVCFE_XLOLCGQM_0,PXOCJXOGYMSJ,0
28144982_SXKPVCFE_XLOLCGQM_0_6,28144982_SXKPVCFE_XLOLCGQM_0,JREYSKMHUMQV,28144982_SXKPVCFE_XLOLCGQM_0_6,28144982_SXKPVCFE_XLOLCGQM_0,PXOCJXOGYMSJ,0
28144982_SXKPVCFE_XLOLCGQM_0_7,28144982_SXKPVCFE_XLOLCGQM_0,JREYSKMHUMQV,28144982_SXKPVCFE_XLOLCGQM_0_7,28144982_SXKPVCFE_XLOLCGQM_0,PXOCJXOGYMSJ,0
28144982_SXKPVCFE_XLOLCGQM_0_8,28144982_SXKPVCFE_XLOLCGQM_0,JREYSKMHUMQV,28144982_SXKPVCFE_XLOLCGQM_0_8,28144982_SXKPVCFE_XLOLCGQM_0,PXOCJXOGYMSJ,0
55463273_SWIOJTSM_RVFWPMSK_0_1,55463273_SWIOJTSM_RVFWPMSK_0,JWNOJHNTLBUF,55463273_SWIOJTSM_RVFWPMSK_0_1,55463273_SWIOJTSM_RVFWPMSK_0,NQXOEWOBIIRR,0
55463273_SWIOJTSM_RVFWPMSK_0_1,55463273_SWIOJTSM_RVFWPMSK_0,JWNOJHNTLBUF,55463273_SWIOJTSM_RVFWPMSK_0_1,55463273_SWIOJTSM_RVFWPMSK_0,HOAKBVTSXUUV,0
55463273_SWIOJTSM_RVFWPMSK_0_2,55463273_SWIOJTSM_RVFWPMSK_0,JWNOJHNTLBUF,55463273_SWIOJTSM_RVFWPMSK_0_2,55463273_SWIOJTSM_RVFWPMSK_0,NQXOEWOBIIRR,0
55463273_SWIOJTSM_RVFWPMSK_0_2,55463273_SWIOJTSM_RVFWPMSK_0,JWNOJHNTLBUF,55463273_SWIOJTSM_RVFWPMSK_0_2,55463273_SWIOJTSM_RVFWPMSK_0,HOAKBVTSXUUV,0
55463273_SWIOJTSM_RVFWPMSK_0_3,55463273_SWIOJTSM_RVFWPMSK_0,JWNOJHNTLBUF,55463273_SWIOJTSM_RVFWPMSK_0_3,55463273_SWIOJTSM_RVFWPMSK_0,NQXOEWOBIIRR,0
55463273_SWIOJTSM_RVFWPMSK_0_3,55463273_SWIOJTSM_RVFWPMSK_0,JWNOJHNTLBUF,55463273_SWIOJTSM_RVFWPMSK_0_3,55463273_SWIOJTSM_RVFWPMSK_0,HOAKBVTSXUUV,0
55463273_SWIOJTSM_RVFWPMSK_0_4,55463273_SWIOJTSM_RVFWPMSK_0,JWNOJHNTLBUF,55463273_SWIOJTSM_RVFWPMSK_0_4,55463273_SWIOJTSM_RVFWPMSK_0,NQXOEWOBIIRR,0
55463273_SWIOJTSM_RVFWPMSK_0_4,55463273_SWIOJTSM_RVFWPMSK_0,JWNOJHNTLBUF,55463273_SWIOJTSM_RVFWPMSK_0_4,55463273_SWIOJTSM_RVFWPMSK_0,HOAKBVTSXUUV,0
55463273_SWIOJTSM_RVFWPMSK_0_5,55463273_SWIOJTSM_RVFWPMSK_0,JWNOJHNTLBUF,55463273_SWIOJTSM_RVFWPMSK_0_5,55463273_SWIOJTSM_RVFWPMSK_0,NQXOEWOBIIRR,0
55463273_SWIOJTSM_RVFWPMSK_0_5,55463273_SWIOJTSM_RVFWPMSK_0,JWNOJHNTLBUF,55463273_SWIOJTSM_RVFWPMSK_0_5,55463273_SWIOJTSM_RVFWPMSK_0,HOAKBVTSXUUV,0
55463273_SWIOJTSM_RVFWPMSK_0_6,55463273_SWIOJTSM_RVFWPMSK_0,JWNOJHNTLBUF,55463273_SWIOJTSM_RVFWPMSK_0_6,55463273_SWIOJTSM_RVFWPMSK_0,HOAKBVTSXUUV,0
55463273_SWIOJTSM_RVFWPMSK_0_7,55463273_SWIOJTSM_RVFWPMSK_0,JWNOJHNTLBUF,55463273_SWIOJTSM_RVFWPMSK_0_7,55463273_SWIOJTSM_RVFWPMSK_0,HOAKBVTSXUUV,0
55463273_SWIOJTSM_RVFWPMSK_0_8,55463273_SWIOJTSM_RVFWPMSK_0,JWNOJHNTLBUF,55463273_SWIOJTSM_RVFWPMSK_0_8,55463273_SWIOJTSM_RVFWPMSK_0,NQXOEWOBIIRR,0
55463273_SWIOJTSM_RVFWPMSK_0_8,55463273_SWIOJTSM_RVFWPMSK_0,JWNOJHNTLBUF,55463273_SWIOJTSM_RVFWPMSK_0_8,55463273_SWIOJTSM_RVFWPMSK_0,HOAKBVTSXUUV,0
55463273_SWIOJTSM_RVFWPMSK_0_9,55463273_SWIOJTSM_RVFWPMSK_0,JWNOJHNTLBUF,55463273_SWIOJTSM_RVFWPMSK_0_9,55463273_SWIOJTSM_RVFWPMSK_0,NQXOEWOBIIRR,0
55463273_SWIOJTSM_RVFWPMSK_0_9,55463273_SWIOJTSM_RVFWPMSK_0,JWNOJHNTLBUF,55463273_SWIOJTSM_RVFWPMSK_0_9,55463273_SWIOJTSM_RVFWPMSK_0,HOAKBVTSXUUV,0
55463273_SWIOJTSM_RVFWPMSK_0_10,55463273_SWIOJTSM_RVFWPMSK_0,JWNOJHNTLBUF,55463273_SWIOJTSM_RVFWPMSK_0_10,55463273_SWIOJTSM_RVFWPMSK_0,NQXOEWOBIIRR,0
55463273_SWIOJTSM_RVFWPMSK_0_10,55463273_SWIOJTSM_RVFWPMSK_0,JWNOJHNTLBUF,55463273_SWIOJTSM_RVFWPMSK_0_10,55463273_SWIOJTSM_RVFWPMSK_0,HOAKBVTSXUUV,0
55463273_SWIOJTSM_RVFWPMSK_0_11,55463273_SWIOJTSM_RVFWPMSK_0,JWNOJHNTLBUF,55463273_SWIOJTSM_RVFWPMSK_0_11,55463273_SWIOJTSM_RVFWPMSK_0,NQXOEWOBIIRR,0
55463273_SWIOJTSM_RVFWPMSK_0_11,55463273_SWIOJTSM_RVFWPMSK_0,JWNOJHNTLBUF,55463273_SWIOJTSM_RVFWPMSK_0_11,55463273_SWIOJTSM_RVFWPMSK_0,HOAKBVTSXUUV,0
55463273_SWIOJTSM_RVFWPMSK_0_12,55463273_SWIOJTSM_RVFWPMSK_0,JWNOJHNTLBUF,55463273_SWIOJTSM_RVFWPMSK_0_12,55463273_SWIOJTSM_RVFWPMSK_0,NQXOEWOBIIRR,0
55463273_SWIOJTSM_RVFWPMSK_0_12,55463273_SWIOJTSM_RVFWPMSK_0,JWNOJHNTLBUF,55463273_SWIOJTSM_RVFWPMSK_0_12,55463273_SWIOJTSM_RVFWPMSK_0,HOAKBVTSXUUV,0
55463273_SWIOJTSM_RVFWPMSK_0_13,55463273_SWIOJTSM_RVFWPMSK_0,JWNOJHNTLBUF,55463273_SWIOJTSM_RVFWPMSK_0_13,55463273_SWIOJTSM_RVFWPMSK_0,NQXOEWOBIIRR,0
55463273_SWIOJTSM_RVFWPMSK_0_13,55463273_SWIOJTSM_RVFWPMSK_0,JWNOJHNTLBUF,55463273_SWIOJTSM_RVFWPMSK_0_13,55463273_SWIOJTSM_RVFWPMSK_0,HOAKBVTSXUUV,0
55463273_SWIOJTSM_RVFWPMSK_0_14,55463273_SWIOJTSM_RVFWPMSK_0,JWNOJHNTLBUF,55463273_SWIOJTSM_RVFWPMSK_0_14,55463273_SWIOJTSM_RVFWPMSK_0,NQXOEWOBIIRR,0
55463273_SWIOJTSM_RVFWPMSK_0_14,55463273_SWIOJTSM_RVFWPMSK_0,JWNOJHNTLBUF,55463273_SWIOJTSM_RVFWPMSK_0_14,55463273_SWIOJTSM_RVFWPMSK_0,HOAKBVTSXUUV,0
55463273_SWIOJTSM_RVFWPMSK_0_15,55463273_SWIOJTSM_RVFWPMSK_0,JWNOJHNTLBUF,55463273_SWIOJTSM_RVFWPMSK_0_15,55463273_SWIOJTSM_RVFWPMSK_0,NQXOEWOBIIRR,0
55463273_SWIOJTSM_RVFWPMSK_0_15,55463273_SWIOJTSM_RVFWPMSK_0,JWNOJHNTLBUF,55463273_SWIOJTSM_RVFWPMSK_0_15,55463273_SWIOJTSM_RVFWPMSK_0,HOAKBVTSXUUV,0
55463273_SWIOJTSM_RVFWPMSK_0_16,55463273_SWIOJTSM_RVFWPMSK_0,JWNOJHNTLBUF,55463273_SWIOJTSM_RVFWPMSK_0_16,55463273_SWIOJTSM_RVFWPMSK_0,NQXOEWOBIIRR,0
55463273_SWIOJTSM_RVFWPMSK_0_16,55463273_SWIOJTSM_RVFWPMSK_0,JWNOJHNTLBUF,55463273_SWIOJTSM_RVFWPMSK_0_16,55463273_SWIOJTSM_RVFWPMSK_0,HOAKBVTSXUUV,0
55463273_SWIOJTSM_RVFWPMSK_0_17,55463273_SWIOJTSM_RVFWPMSK_0,JWNOJHNTLBUF,55463273_SWIOJTSM_RVFWPMSK_0_17,55463273_SWIOJTSM_RVFWPMSK_0,NQXOEWOBIIRR,0
55463273_SWIOJTSM_RVFWPMSK_0_17,55463273_SWIOJTSM_RVFWPMSK_0,JWNOJHNTLBUF,55463273_SWIOJTSM_RVFWPMSK_0_17,55463273_SWIOJTSM_RVFWPMSK_0,HOAKBVTSXUUV,0
55463273_SWIOJTSM_RVFWPMSK_0_18,55463273_SWIOJTSM_RVFWPMSK_0,JWNOJHNTLBUF,55463273_SWIOJTSM_RVFWPMSK_0_18,55463273_SWIOJTSM_RVFWPMSK_0,NQXOEWOBIIRR,0
55463273_SWIOJTSM_RVFWPMSK_0_18,55463273_SWIOJTSM_RVFWPMSK_0,JWNOJHNTLBUF,55463273_SWIOJTSM_RVFWPMSK_0_18,55463273_SWIOJTSM_RVFWPMSK_0,HOAKBVTSXUUV,1
55463273_SWIOJTSM_RVFWPMSK_0_19,55463273_SWIOJTSM_RVFWPMSK_0,JWNOJHNTLBUF,55463273_SWIOJTSM_RVFWPMSK_0_19,55463273_SWIOJTSM_RVFWPMSK_0,NQXOEWOBIIRR,0
55463273_SWIOJTSM_RVFWPMSK_0_19,55463273_SWIOJTSM_RVFWPMSK_0,JWNOJHNTLBUF,55463273_SWIOJTSM_RVFWPMSK_0_19,55463273_SWIOJTSM_RVFWPMSK_0,HOAKBVTSXUUV,1
55463273_SWIOJTSM_RVFWPMSK_0_20,55463273_SWIOJTSM_RVFWPMSK_0,JWNOJHNTLBUF,55463273_SWIOJTSM_RVFWPMSK_0_20,55463273_SWIOJTSM_RVFWPMSK_0,NQXOEWOBIIRR,0
55463273_SWIOJTSM_RVFWPMSK_0_20,55463273_SWIOJTSM_RVFWPMSK_0,JWNOJHNTLBUF,55463273_SWIOJTSM_RVFWPMSK_0_20,55463273_SWIOJTSM_RVFWPMSK_0,HOAKBVTSXUUV,0
55463273_SWIOJTSM_RVFWPMSK_0_21,55463273_SWIOJTSM_RVFWPMSK_0,JWNOJHNTLBUF,55463273_SWIOJTSM_RVFWPMSK_0_21,55463273_SWIOJTSM_RVFWPMSK_0,NQXOEWOBIIRR,0
55463273_SWIOJTSM_RVFWPMSK_0_21,55463273_SWIOJTSM_RVFWPMSK_0,JWNOJHNTLBUF,55463273_SWIOJTSM_RVFWPMSK_0_21,55463273_SWIOJTSM_RVFWPMSK_0,HOAKBVTSXUUV,0
55463273_SWIOJTSM_RVFWPMSK_0_22,55463273_SWIOJTSM_RVFWPMSK_0,JWNOJHNTLBUF,55463273_SWIOJTSM_RVFWPMSK_0_22,55463273_SWIOJTSM_RVFWPMSK_0,NQXOEWOBIIRR,0
55463273_SWIOJTSM_RVFWPMSK_0_22,55463273_SWIOJTSM_RVFWPMSK_0,JWNOJHNTLBUF,55463273_SWIOJTSM_RVFWPMSK_0_22,55463273_SWIOJTSM_RVFWPMSK_0,HOAKBVTSXUUV,0
55463273_SWIOJTSM_RVFWPMSK_0_23,55463273_SWIOJTSM_RVFWPMSK_0,JWNOJHNTLBUF,55463273_SWIOJTSM_RVFWPMSK_0_23,55463273_SWIOJTSM_RVFWPMSK_0,NQXOEWOBIIRR,0
55463273_SWIOJTSM_RVFWPMSK_0_23,55463273_SWIOJTSM_RVFWPMSK_0,JWNOJHNTLBUF,55463273_SWIOJTSM_RVFWPMSK_0_23,55463273_SWIOJTSM_RVFWPMSK_0,HOAKBVTSXUUV,0
55463273_SWIOJTSM_RVFWPMSK_0_24,55463273_SWIOJTSM_RVFWPMSK_0,JWNOJHNTLBUF,55463273_SWIOJTSM_RVFWPMSK_0_24,55463273_SWIOJTSM_RVFWPMSK_0,NQXOEWOBIIRR,0
55463273_SWIOJTSM_RVFWPMSK_0_24,55463273_SWIOJTSM_RVFWPMSK_0,JWNOJHNTLBUF,55463273_SWIOJTSM_RVFWPMSK_0_24,55463273_SWIOJTSM_RVFWPMSK_0,HOAKBVTSXUUV,0
55463273_SWIOJTSM_RVFWPMSK_0_25,55463273_SWIOJTSM_RVFWPMSK_0,JWNOJHNTLBUF,55463273_SWIOJTSM_RVFWPMSK_0_25,55463273_SWIOJTSM_RVFWPMSK_0,NQXOEWOBIIRR,0
55463273_SWIOJTSM_RVFWPMSK_0_25,55463273_SWIOJTSM_RVFWPMSK_0,JWNOJHNTLBUF,55463273_SWIOJTSM_RVFWPMSK_0_25,55463273_SWIOJTSM_RVFWPMSK_0,HOAKBVTSXUUV,0
55463273_SWIOJTSM_RVFWPMSK_0_26,55463273_SWIOJTSM_RVFWPMSK_0,JWNOJHNTLBUF,55463273_SWIOJTSM_RVFWPMSK_0_26,55463273_SWIOJTSM_RVFWPMSK_0,NQXOEWOBIIRR,0
55463273_SWIOJTSM_RVFWPMSK_0_26,55463273_SWIOJTSM_RVFWPMSK_0,JWNOJHNTLBUF,55463273_SWIOJTSM_RVFWPMSK_0_26,55463273_SWIOJTSM_RVFWPMSK_0,HOAKBVTSXUUV,0
55463273_SWIOJTSM_RVFWPMSK_0_27,55463273_SWIOJTSM_RVFWPMSK_0,JWNOJHNTLBUF,55463273_SWIOJTSM_RVFWPMSK_0_27,55463273_SWIOJTSM_RVFWPMSK_0,NQXOEWOBIIRR,0
55463273_SWIOJTSM_RVFWPMSK_0_27,55463273_SWIOJTSM_RVFWPMSK_0,JWNOJHNTLBUF,55463273_SWIOJTSM_RVFWPMSK_0_27,55463273_SWIOJTSM_RVFWPMSK_0,HOAKBVTSXUUV,0
55463273_SWIOJTSM_RVFWPMSK_0_28,55463273_SWIOJTSM_RVFWPMSK_0,JWNOJHNTLBUF,55463273_SWIOJTSM_RVFWPMSK_0_28,55463273_SWIOJTSM_RVFWPMSK_0,NQXOEWOBIIRR,0
55463273_SWIOJTSM_RVFWPMSK_0_28,55463273_SWIOJTSM_RVFWPMSK_0,JWNOJHNTLBUF,55463273_SWIOJTSM_RVFWPMSK_0_28,55463273_SWIOJTSM_RVFWPMSK_0,HOAKBVTSXUUV,0
55463273_SWIOJTSM_RVFWPMSK_0_29,55463273_SWIOJTSM_RVFWPMSK_0,JWNOJHNTLBUF,55463273_SWIOJTSM_RVFWPMSK_0_29,55463273_SWIOJTSM_RVFWPMSK_0,NQXOEWOBIIRR,0
55463273_SWIOJTSM_RVFWPMSK_0_29,55463273_SWIOJTSM_RVFWPMSK_0,JWNOJHNTLBUF,55463273_SWIOJTSM_RVFWPMSK_0_29,55463273_SWIOJTSM_RVFWPMSK_0,HOAKBVTSXUUV,0
55463273_SWIOJTSM_RVFWPMSK_0_30,55463273_SWIOJTSM_RVFWPMSK_0,JWNOJHNTLBUF,55463273_SWIOJTSM_RVFWPMSK_0_30,55463273_SWIOJTSM_RVFWPMSK_0,NQXOEWOBIIRR,0
55463273_SWIOJTSM_RVFWPMSK_0_30,55463273_SWIOJTSM_RVFWPMSK_0,JWNOJHNTLBUF,55463273_SWIOJTSM_RVFWPMSK_0_30,55463273_SWIOJTSM_RVFWPMSK_0,HOAKBVTSXUUV,0
55463273_SWIOJTSM_RVFWPMSK_0_31,55463273_SWIOJTSM_RVFWPMSK_0,JWNOJHNTLBUF,55463273_SWIOJTSM_RVFWPMSK_0_31,55463273_SWIOJTSM_RVFWPMSK_0,NQXOEWOBIIRR,0
55463273_SWIOJTSM_RVFWPMSK_0_31,55463273_SWIOJTSM_RVFWPMSK_0,JWNOJHNTLBUF,55463273_SWIOJTSM_RVFWPMSK_0_31,55463273_SWIOJTSM_RVFWPMSK_0,HOAKBVTSXUUV,0
55463273_SWIOJTSM_RVFWPMSK_0_32,55463273_SWIOJTSM_RVFWPMSK_0,JWNOJHNTLBUF,55463273_SWIOJTSM_RVFWPMSK_0_32,55463273_SWIOJTSM_RVFWPMSK_0,NQXOEWOBIIRR,0
55463273_SWIOJTSM_RVFWPMSK_0_32,55463273_SWIOJTSM_RVFWPMSK_0,JWNOJHNTLBUF,55463273_SWIOJTSM_RVFWPMSK_0_32,55463273_SWIOJTSM_RVFWPMSK_0,HOAKBVTSXUUV,0
55463273_SWIOJTSM_RVFWPMSK_0_1,55463273_SWIOJTSM_RVFWPMSK_0,NQXOEWOBIIRR,55463273_SWIOJTSM_RVFWPMSK_0_1,55463273_SWIOJTSM_RVFWPMSK_0,HOAKBVTSXUUV,0
55463273_SWIOJTSM_RVFWPMSK_0_2,55463273_SWIOJTSM_RVFWPMSK_0,NQXOEWOBIIRR,55463273_SWIOJTSM_RVFWPMSK_0_2,55463273_SWIOJTSM_RVFWPMSK_0,HOAKBVTSXUUV,0
55463273_SWIOJTSM_RVFWPMSK_0_3,55463273_SWIOJTSM_RVFWPMSK_0,NQXOEWOBIIRR,55463273_SWIOJTSM_RVFWPMSK_0_3,55463273_SWIOJTSM_RVFWPMSK_0,HOAKBVTSXUUV,0
55463273_SWIOJTSM_RVFWPMSK_0_4,55463273_SWIOJTSM_RVFWPMSK_0,NQXOEWOBIIRR,55463273_SWIOJTSM_RVFWPMSK_0_4,55463273_SWIOJTSM_RVFWPMSK_0,HOAKBVTSXUUV,0
55463273_SWIOJTSM_RVFWPMSK_0_5,55463273_SWIOJTSM_RVFWPMSK_0,NQXOEWOBIIRR,55463273_SWIOJTSM_RVFWPMSK_0_5,55463273_SWIOJTSM_RVFWPMSK_0,HOAKBVTSXUUV,0
55463273_SWIOJTSM_RVFWPMSK_0_8,55463273_SWIOJTSM_RVFWPMSK_0,NQXOEWOBIIRR,55463273_SWIOJTSM_RVFWPMSK_0_8,55463273_SWIOJTSM_RVFWPMSK_0,HOAKBVTSXUUV,0
55463273_SWIOJTSM_RVFWPMSK_0_9,55463273_SWIOJTSM_RVFWPMSK_0,NQXOEWOBIIRR,55463273_SWIOJTSM_RVFWPMSK_0_9,55463273_SWIOJTSM_RVFWPMSK_0,HOAKBVTSXUUV,0
55463273_SWIOJTSM_RVFWPMSK_0_10,55463273_SWIOJTSM_RVFWPMSK_0,NQXOEWOBIIRR,55463273_SWIOJTSM_RVFWPMSK_0_10,55463273_SWIOJTSM_RVFWPMSK_0,HOAKBVTSXUUV,0
55463273_SWIOJTSM_RVFWPMSK_0_11,55463273_SWIOJTSM_RVFWPMSK_0,NQXOEWOBIIRR,55463273_SWIOJTSM_RVFWPMSK_0_11,55463273_SWIOJTSM_RVFWPMSK_0,HOAKBVTSXUUV,0
55463273_SWIOJTSM_RVFWPMSK_0_12,55463273_SWIOJTSM_RVFWPMSK_0,NQXOEWOBIIRR,55463273_SWIOJTSM_RVFWPMSK_0_12,55463273_SWIOJTSM_RVFWPMSK_0,HOAKBVTSXUUV,0
55463273_SWIOJTSM_RVFWPMSK_0_13,55463273_SWIOJTSM_RVFWPMSK_0,NQXOEWOBIIRR,55463273_SWIOJTSM_RVFWPMSK_0_13,55463273_SWIOJTSM_RVFWPMSK_0,HOAKBVTSXUUV,0
55463273_SWIOJTSM_RVFWPMSK_0_14,55463273_SWIOJTSM_RVFWPMSK_0,NQXOEWOBIIRR,55463273_SWIOJTSM_RVFWPMSK_0_14,55463273_SWIOJTSM_RVFWPMSK_0,HOAKBVTSXUUV,0
55463273_SWIOJTSM_RVFWPMSK_0_15,55463273_SWIOJTSM_RVFWPMSK_0,NQXOEWOBIIRR,55463273_SWIOJTSM_RVFWPMSK_0_15,55463273_SWIOJTSM_RVFWPMSK_0,HOAKBVTSXUUV,0
55463273_SWIOJTSM_RVFWPMSK_0_16,55463273_SWIOJTSM_RVFWPMSK_0,NQXOEWOBIIRR,55463273_SWIOJTSM_RVFWPMSK_0_16,55463273_SWIOJTSM_RVFWPMSK_0,HOAKBVTSXUUV,0
55463273_SWIOJTSM_RVFWPMSK_0_17,55463273_SWIOJTSM_RVFWPMSK_0,NQXOEWOBIIRR,55463273_SWIOJTSM_RVFWPMSK_0_17,55463273_SWIOJTSM_RVFWPMSK_0,HOAKBVTSXUUV,0
55463273_SWIOJTSM_RVFWPMSK_0_18,55463273_SWIOJTSM_RVFWPMSK_0,NQXOEWOBIIRR,55463273_SWIOJTSM_RVFWPMSK_0_18,55463273_SWIOJTSM_RVFWPMSK_0,HOAKBVTSXUUV,1
55463273_SWIOJTSM_RVFWPMSK_0_19,55463273_SWIOJTSM_RVFWPMSK_0,NQXOEWOBIIRR,55463273_SWIOJTSM_RVFWPMSK_0_19,55463273_SWIOJTSM_RVFWPMSK_0,HOAKBVTSXUUV,0
55463273_SWIOJTSM_RVFWPMSK_0_20,55463273_SWIOJTSM_RVFWPMSK_0,NQXOEWOBIIRR,55463273_SWIOJTSM_RVFWPMSK_0_20,55463273_SWIOJTSM_RVFWPMSK_0,HOAKBVTSXUUV,0
55463273_SWIOJTSM_RVFWPMSK_0_21,55463273_SWIOJTSM_RVFWPMSK_0,NQXOEWOBIIRR,55463273_SWIOJTSM_RVFWPMSK_0_21,55463273_SWIOJTSM_RVFWPMSK_0,HOAKBVTSXUUV,0
55463273_SWIOJTSM_RVFWPMSK_0_22,55463273_SWIOJTSM_RVFWPMSK_0,NQXOEWOBIIRR,55463273_SWIOJTSM_RVFWPMSK_0_22,55463273_SWIOJTSM_RVFWPMSK_0,HOAKBVTSXUUV,0
55463273_SWIOJTSM_RVFWPMSK_0_23,55463273_SWIOJTSM_RVFWPMSK_0,NQXOEWOBIIRR,55463273_SWIOJTSM_RVFWPMSK_0_23,55463273_SWIOJTSM_RVFWPMSK_0,HOAKBVTSXUUV,0
55463273_SWIOJTSM_RVFWPMSK_0_24,55463273_SWIOJTSM_RVFWPMSK_0,NQXOEWOBIIRR,55463273_SWIOJTSM_RVFWPMSK_0_24,55463273_SWIOJTSM_RVFWPMSK_0,HOAKBVTSXUUV,0
55463273_SWIOJTSM_RVFWPMSK_0_25,55463273_SWIOJTSM_RVFWPMSK_0,NQXOEWOBIIRR,55463273_SWIOJTSM_RVFWPMSK_0_25,55463273_SWIOJTSM_RVFWPMSK_0,HOAKBVTSXUUV,0
55463273_SWIOJTSM_RVFWPMSK_0_26,55463273_SWIOJTSM_RVFWPMSK_0,NQXOEWOBIIRR,55463273_SWIOJTSM_RVFWPMSK_0_26,55463273_SWIOJTSM_RVFWPMSK_0,HOAKBVTSXUUV,0
55463273_SWIOJTSM_RVFWPMSK_0_27,55463273_SWIOJTSM_RVFWPMSK_0,NQXOEWOBIIRR,55463273_SWIOJTSM_RVFWPMSK_0_27,55463273_SWIOJTSM_RVFWPMSK_0,HOAKBVTSXUUV,0
55463273_SWIOJTSM_RVFWPMSK_0_28,55463273_SWIOJTSM_RVFWPMSK_0,NQXOEWOBIIRR,55463273_SWIOJTSM_RVFWPMSK_0_28,55463273_SWIOJTSM_RVFWPMSK_0,HOAKBVTSXUUV,0
55463273_SWIOJTSM_RVFWPMSK_0_29,55463273_SWIOJTSM_RVFWPMSK_0,NQXOEWOBIIRR,55463273_SWIOJTSM_RVFWPMSK_0_29,55463273_SWIOJTSM_RVFWPMSK_0,HOAKBVTSXUUV,0
55463273_SWIOJTSM_RVFWPMSK_0_30,55463273_SWIOJTSM_RVFWPMSK_0,NQXOEWOBIIRR,55463273_SWIOJTSM_RVFWPMSK_0_30,55463273_SWIOJTSM_RVFWPMSK_0,HOAKBVTSXUUV,0
55463273_SWIOJTSM_RVFWPMSK_0_31,55463273_SWIOJTSM_RVFWPMSK_0,NQXOEWOBIIRR,55463273_SWIOJTSM_RVFWPMSK_0_31,55463273_SWIOJTSM_RVFWPMSK_0,HOAKBVTSXUUV,0
55463273_SWIOJTSM_RVFWPMSK_0_32,55463273_SWIOJTSM_RVFWPMSK_0,NQXOEWOBIIRR,55463273_SWIOJTSM_RVFWPMSK_0_32,55463273_SWIOJTSM_RVFWPMSK_0,HOAKBVTSXUUV,0
91596759_KUHPVHRW_EODCPKXT_0_0,91596759_KUHPVHRW_EODCPKXT_0,TXAJEJTRBSSO,91596759_KUHPVHRW_EODCPKXT_0_0,91596759_KUHPVHRW_EODCPKXT_0,TMODILCUBQKE,0
91596759_KUHPVHRW_EODCPKXT_0_1,91596759_KUHPVHRW_EODCPKXT_0,TXAJEJTRBSSO,91596759_KUHPVHRW_EODCPKXT_0_1,91596759_KUHPVHRW_EODCPKXT_0,TMODILCUBQKE,0
91596759_KUHPVHRW_EODCPKXT_0_1,91596759_KUHPVHRW_EODCPKXT_0,TXAJEJTRBSSO,91596759_KUHPVHRW_EODCPKXT_0_1,91596759_KUHPVHRW_EODCPKXT_0,MRBPKKWYGFAV,0
91596759_KUHPVHRW_EODCPKXT_0_2,91596759_KUHPVHRW_EODCPKXT_0,TXAJEJTRBSSO,91596759_KUHPVHRW_EODCPKXT_0_2,91596759_KUHPVHRW_EODCPKXT_0,TMODILCUBQKE,0
91596759_KUHPVHRW_EODCPKXT_0_3,91596759_KUHPVHRW_EODCPKXT_0,TXAJEJTRBSSO,91596759_KUHPVHRW_EODCPKXT_0_3,91596759_KUHPVHRW_EODCPKXT_0,TMODILCUBQKE,0
91596759_KUHPVHRW_EODCPKXT_0_3,91596759_KUHPVHRW_EODCPKXT_0,TXAJEJTRBSSO,91596759_KUHPVHRW_EODCPKXT_0_3,91596759_KUHPVHRW_EODCPKXT_0,MRBPKKWYGFAV,0
91596759_KUHPVHRW_EODCPKXT_0_4,91596759_KUHPVHRW_EODCPKXT_0,TXAJEJTRBSSO,91596759_KUHPVHRW_EODCPKXT_0_4,91596759_KUHPVHRW_EODCPKXT_0,TMODILCUBQKE,0
91596759_KUHPVHRW_EODCPKXT_0_4,91596759_KUHPVHRW_EODCPKXT_0,TXAJEJTRBSSO,91596759_KUHPVHRW_EODCPKXT_0_4,91596759_KUHPVHRW_EODCPKXT_0,MRBPKKWYGFAV,0
91596759_KUHPVHRW_EODCPKXT_0_5,91596759_KUHPVHRW_EODCPKXT_0,TXAJEJTRBSSO,91596759_KUHPVHRW_EODCPKXT_0_5,91596759_KUHPVHRW_EODCPKXT_0,TMODILCUBQKE,0
91596759_KUHPVHRW_EODCPKXT_0_5,91596759_KUHPVHRW_EODCPKXT_0,TXAJEJTRBSSO,91596759_KUHPVHRW_EODCPKXT_0_5,91596759_KUHPVHRW_EODCPKXT_0,MRBPKKWYGFAV,0
91596759_KUHPVHRW_EODCPKXT_0_6,91596759_KUHPVHRW_EODCPKXT_0,TXAJEJTRBSSO,91596759_KUHPVHRW_EODCPKXT_0_6,91596759_KUHPVHRW_EODCPKXT_0,TMODILCUBQKE,0
91596759_KUHPVHRW_EODCPKXT_0_6,91596759_KUHPVHRW_EODCPKXT_0,TXAJEJTRBSSO,91596759_KUHPVHRW_EODCPKXT_0_6,91596759_KUHPVHRW_EODCPKXT_0,MRBPKKWYGFAV,0
91596759_KUHPVHRW_EODCPKXT_0_7,91596759_KUHPVHRW_EODCPKXT_0,TXAJEJTRBSSO,91596759_KUHPVHRW_EODCPKXT_0_7,91596759_KUHPVHRW_EODCPKXT_0,TMODILCUBQKE,0
91596759_KUHPVHRW_EODCPKXT_0_7,91596759_KUHPVHRW_EODCPKXT_0,TXAJEJTRBSSO,91596759_KUHPVHRW_EODCPKXT_0_7,91596759_KUHPVHRW_EODCPKXT_0,MRBPKKWYGFAV,0
91596759_KUHPVHRW_EODCPKXT_0_8,91596759_KUHPVHRW_EODCPKXT_0,TXAJEJTRBSSO,91596759_KUHPVHRW_EODCPKXT_0_8,91596759_KUHPVHRW_EODCPKXT_0,TMODILCUBQKE,0
91596759_KUHPVHRW_EODCPKXT_0_8,91596759_KUHPVHRW_EODCPKXT_0,TXAJEJTRBSSO,91596759_KUHPVHRW_EODCPKXT_0_8,91596759_KUHPVHRW_EODCPKXT_0,MRBPKKWYGFAV,0
91596759_KUHPVHRW_EODCPKXT_0_9,91596759_KUHPVHRW_EODCPKXT_0,TXAJEJTRBSSO,91596759_KUHPVHRW_EODCPKXT_0_9,91596759_KUHPVHRW_EODCPKXT_0,MRBPKKWYGFAV,0
91596759_KUHPVHRW_EODCPKXT_0_1,91596759_KUHPVHRW_EODCPKXT_0,TMODILCUBQKE,91596759_KUHPVHRW_EODCPKXT_0_1,91596759_KUHPVHRW_EODCPKXT_0,MRBPKKWYGFAV,0
91596759_KUHPVHRW_EODCPKXT_0_3,91596759_KUHPVHRW_EODCPKXT_0,TMODILCUBQKE,91596759_KUHPVHRW_EODCPKXT_0_3,91596759_KUHPVHRW_EODCPKXT_0,MRBPKKWYGFAV,0
91596759_KUHPVHRW_EODCPKXT_0_4,91596759_KUHPVHRW_EODCPKXT_0,TMODILCUBQKE,91596759_KUHPVHRW_EODCPKXT_0_4,91596759_KUHPVHRW_EODCPKXT_0,MRBPKKWYGFAV,0
91596759_KUHPVHRW_EODCPKXT_0_5,91596759_KUHPVHRW_EODCPKXT_0,TMODILCUBQKE,91596759_KUHPVHRW_EODCPKXT_0_5,91596759_KUHPVHRW_EODCPKXT_0,MRBPKKWYGFAV,0
91596759_KUHPVHRW_EODCPKXT_0_6,91596759_KUHPVHRW_EODCPKXT_0,TMODILCUBQKE,91596759_KUHPVHRW_EODCPKXT_0_6,91596759_KUHPVHRW_EODCPKXT_0,MRBPKKWYGFAV,0
91596759_KUHPVHRW_EODCPKXT_0_7,91596759_KUHPVHRW_EODCPKXT_0,TMODILCUBQKE,91596759_KUHPVHRW_EODCPKXT_0_7,91596759_KUHPVHRW_EODCPKXT_0,MRBPKKWYGFAV,0
91596759_KUHPVHRW_EODCPKXT_0_8,91596759_KUHPVHRW_EODCPKXT_0,TMODILCUBQKE,91596759_KUHPVHRW_EODCPKXT_0_8,91596759_KUHPVHRW_EODCPKXT_0,MRBPKKWYGFAV,0
79952181_RVFWPMSK_SWIOJTSM_0_0,79952181_RVFWPMSK_SWIOJTSM_0,JJGDNTAEMFLA,79952181_RVFWPMSK_SWIOJTSM_0_0,79952181_RVFWPMSK_SWIOJTSM_0,NFIWZYVLZFTP,0
79952181_RVFWPMSK_SWIOJTSM_0_1,79952181_RVFWPMSK_SWIOJTSM_0,JJGDNTAEMFLA,79952181_RVFWPMSK_SWIOJTSM_0_1,79952181_RVFWPMSK_SWIOJTSM_0,NFIWZYVLZFTP,0
79952181_RVFWPMSK_SWIOJTSM_0_2,79952181_RVFWPMSK_SWIOJTSM_0,JJGDNTAEMFLA,79952181_RVFWPMSK_SWIOJTSM_0_2,79952181_RVFWPMSK_SWIOJTSM_0,NFIWZYVLZFTP,0
79952181_RVFWPMSK_SWIOJTSM_0_4,79952181_RVFWPMSK_SWIOJTSM_0,JJGDNTAEMFLA,79952181_RVFWPMSK_SWIOJTSM_0_4,79952181_RVFWPMSK_SWIOJTSM_0,NFIWZYVLZFTP,0
79952181_RVFWPMSK_SWIOJTSM_0_5,79952181_RVFWPMSK_SWIOJTSM_0,JJGDNTAEMFLA,79952181_RVFWPMSK_SWIOJTSM_0_5,79952181_RVFWPMSK_SWIOJTSM_0,NFIWZYVLZFTP,0
79952181_RVFWPMSK_SWIOJTSM_0_6,79952181_RVFWPMSK_SWIOJTSM_0,JJGDNTAEMFLA,79952181_RVFWPMSK_SWIOJTSM_0_6,79952181_RVFWPMSK_SWIOJTSM_0,NFIWZYVLZFTP,0
79952181_RVFWPMSK_SWIOJTSM_0_9,79952181_RVFWPMSK_SWIOJTSM_0,JJGDNTAEMFLA,79952181_RVFWPMSK_SWIOJTSM_0_9,79952181_RVFWPMSK_SWIOJTSM_0,NFIWZYVLZFTP,0
79952181_RVFWPMSK_SWIOJTSM_0_10,79952181_RVFWPMSK_SWIOJTSM_0,JJGDNTAEMFLA,79952181_RVFWPMSK_SWIOJTSM_0_10,79952181_RVFWPMSK_SWIOJTSM_0,NFIWZYVLZFTP,0
79952181_RVFWPMSK_SWIOJTSM_0_11,79952181_RVFWPMSK_SWIOJTSM_0,JJGDNTAEMFLA,79952181_RVFWPMSK_SWIOJTSM_0_11,79952181_RVFWPMSK_SWIOJTSM_0,NFIWZYVLZFTP,0
79952181_RVFWPMSK_SWIOJTSM_0_12,79952181_RVFWPMSK_SWIOJTSM_0,JJGDNTAEMFLA,79952181_RVFWPMSK_SWIOJTSM_0_12,79952181_RVFWPMSK_SWIOJTSM_0,NFIWZYVLZFTP,0
79952181_RVFWPMSK_SWIOJTSM_0_13,79952181_RVFWPMSK_SWIOJTSM_0,JJGDNTAEMFLA,79952181_RVFWPMSK_SWIOJTSM_0_13,79952181_RVFWPMSK_SWIOJTSM_0,NFIWZYVLZFTP,0
79952181_RVFWPMSK_SWIOJTSM_0_14,79952181_RVFWPMSK_SWIOJTSM_0,JJGDNTAEMFLA,79952181_RVFWPMSK_SWIOJTSM_0_14,79952181_RVFWPMSK_SWIOJTSM_0,NFIWZYVLZFTP,0
79952181_RVFWPMSK_SWIOJTSM_0_15,79952181_RVFWPMSK_SWIOJTSM_0,JJGDNTAEMFLA,79952181_RVFWPMSK_SWIOJTSM_0_15,79952181_RVFWPMSK_SWIOJTSM_0,NFIWZYVLZFTP,0
79952181_RVFWPMSK_SWIOJTSM_0_16,79952181_RVFWPMSK_SWIOJTSM_0,JJGDNTAEMFLA,79952181_RVFWPMSK_SWIOJTSM_0_16,79952181_RVFWPMSK_SWIOJTSM_0,NFIWZYVLZFTP,0
79952181_RVFWPMSK_SWIOJTSM_0_17,79952181_RVFWPMSK_SWIOJTSM_0,JJGDNTAEMFLA,79952181_RVFWPMSK_SWIOJTSM_0_17,79952181_RVFWPMSK_SWIOJTSM_0,NFIWZYVLZFTP,0
79952181_RVFWPMSK_SWIOJTSM_0_18,79952181_RVFWPMSK_SWIOJTSM_0,JJGDNTAEMFLA,79952181_RVFWPMSK_SWIOJTSM_0_18,79952181_RVFWPMSK_SWIOJTSM_0,NFIWZYVLZFTP,1
79952181_RVFWPMSK_SWIOJTSM_0_19,79952181_RVFWPMSK_SWIOJTSM_0,JJGDNTAEMFLA,79952181_RVFWPMSK_SWIOJTSM_0_19,79952181_RVFWPMSK_SWIOJTSM_0,NFIWZYVLZFTP,0
79952181_RVFWPMSK_SWIOJTSM_0_20,79952181_RVFWPMSK_SWIOJTSM_0,JJGDNTAEMFLA,79952181_RVFWPMSK_SWIOJTSM_0_20,79952181_RVFWPMSK_SWIOJTSM_0,NFIWZYVLZFTP,0
79952181_RVFWPMSK_SWIOJTSM_0_21,79952181_RVFWPMSK_SWIOJTSM_0,JJGDNTAEMFLA,79952181_RVFWPMSK_SWIOJTSM_0_21,79952181_RVFWPMSK_SWIOJTSM_0,NFIWZYVLZFTP,0
79952181_RVFWPMSK_SWIOJTSM_0_22,79952181_RVFWPMSK_SWIOJTSM_0,JJGDNTAEMFLA,79952181_RVFWPMSK_SWIOJTSM_0_22,79952181_RVFWPMSK_SWIOJTSM_0,NFIWZYVLZFTP,0
79952181_RVFWPMSK_SWIOJTSM_0_23,79952181_RVFWPMSK_SWIOJTSM_0,JJGDNTAEMFLA,79952181_RVFWPMSK_SWIOJTSM_0_23,79952181_RVFWPMSK_SWIOJTSM_0,NFIWZYVLZFTP,0
79952181_RVFWPMSK_SWIOJTSM_0_24,79952181_RVFWPMSK_SWIOJTSM_0,JJGDNTAEMFLA,79952181_RVFWPMSK_SWIOJTSM_0_24,79952181_RVFWPMSK_SWIOJTSM_0,NFIWZYVLZFTP,0
79952181_RVFWPMSK_SWIOJTSM_0_25,79952181_RVFWPMSK_SWIOJTSM_0,JJGDNTAEMFLA,79952181_RVFWPMSK_SWIOJTSM_0_25,79952181_RVFWPMSK_SWIOJTSM_0,NFIWZYVLZFTP,0
79952181_RVFWPMSK_SWIOJTSM_0_27,79952181_RVFWPMSK_SWIOJTSM_0,JJGDNTAEMFLA,79952181_RVFWPMSK_SWIOJTSM_0_27,79952181_RVFWPMSK_SWIOJTSM_0,NFIWZYVLZFTP,0
79952181_RVFWPMSK_SWIOJTSM_0_28,79952181_RVFWPMSK_SWIOJTSM_0,JJGDNTAEMFLA,79952181_RVFWPMSK_SWIOJTSM_0_28,79952181_RVFWPMSK_SWIOJTSM_0,NFIWZYVLZFTP,0
79952181_RVFWPMSK_SWIOJTSM_0_29,79952181_RVFWPMSK_SWIOJTSM_0,JJGDNTAEMFLA,79952181_RVFWPMSK_SWIOJTSM_0_29,79952181_RVFWPMSK_SWIOJTSM_0,NFIWZYVLZFTP,0
79952181_RVFWPMSK_SWIOJTSM_0_30,79952181_RVFWPMSK_SWIOJTSM_0,JJGDNTAEMFLA,79952181_RVFWPMSK_SWIOJTSM_0_30,79952181_RVFWPMSK_SWIOJTSM_0,NFIWZYVLZFTP,0
79952181_RVFWPMSK_SWIOJTSM_0_31,79952181_RVFWPMSK_SWIOJTSM_0,JJGDNTAEMFLA,79952181_RVFWPMSK_SWIOJTSM_0_31,79952181_RVFWPMSK_SWIOJTSM_0,NFIWZYVLZFTP,0
79952181_RVFWPMSK_SWIOJTSM_0_32,79952181_RVFWPMSK_SWIOJTSM_0,JJGDNTAEMFLA,79952181_RVFWPMSK_SWIOJTSM_0_32,79952181_RVFWPMSK_SWIOJTSM_0,NFIWZYVLZFTP,0
79952181_RVFWPMSK_SWIOJTSM_0_33,79952181_RVFWPMSK_SWIOJTSM_0,JJGDNTAEMFLA,79952181_RVFWPMSK_SWIOJTSM_0_33,79952181_RVFWPMSK_SWIOJTSM_0,NFIWZYVLZFTP,1
79952181_RVFWPMSK_SWIOJTSM_0_34,79952181_RVFWPMSK_SWIOJTSM_0,JJGDNTAEMFLA,79952181_RVFWPMSK_SWIOJTSM_0_34,79952181_RVFWPMSK_SWIOJTSM_0,NFIWZYVLZFTP,0
79952181_RVFWPMSK_SWIOJTSM_0_35,79952181_RVFWPMSK_SWIOJTSM_0,JJGDNTAEMFLA,79952181_RVFWPMSK_SWIOJTSM_0_35,79952181_RVFWPMSK_SWIOJTSM_0,NFIWZYVLZFTP,0
79952181_RVFWPMSK_SWIOJTSM_0_36,79952181_RVFWPMSK_SWIOJTSM_0,JJGDNTAEMFLA,79952181_RVFWPMSK_SWIOJTSM_0_36,79952181_RVFWPMSK_SWIOJTSM_0,NFIWZYVLZFTP,0
79952181_RVFWPMSK_SWIOJTSM_0_37,79952181_RVFWPMSK_SWIOJTSM_0,JJGDNTAEMFLA,79952181_RVFWPMSK_SWIOJTSM_0_37,79952181_RVFWPMSK_SWIOJTSM_0,NFIWZYVLZFTP,0
79952181_RVFWPMSK_SWIOJTSM_0_38,79952181_RVFWPMSK_SWIOJTSM_0,JJGDNTAEMFLA,79952181_RVFWPMSK_SWIOJTSM_0_38,79952181_RVFWPMSK_SWIOJTSM_0,NFIWZYVLZFTP,0
79952181_RVFWPMSK_SWIOJTSM_0_39,79952181_RVFWPMSK_SWIOJTSM_0,JJGDNTAEMFLA,79952181_RVFWPMSK_SWIOJTSM_0_39,79952181_RVFWPMSK_SWIOJTSM_0,NFIWZYVLZFTP,0
79952181_RVFWPMSK_SWIOJTSM_0_40,79952181_RVFWPMSK_SWIOJTSM_0,JJGDNTAEMFLA,79952181_RVFWPMSK_SWIOJTSM_0_40,79952181_RVFWPMSK_SWIOJTSM_0,NFIWZYVLZFTP,0
79952181_RVFWPMSK_SWIOJTSM_0_41,79952181_RVFWPMSK_SWIOJTSM_0,JJGDNTAEMFLA,79952181_RVFWPMSK_SWIOJTSM_0_41,79952181_RVFWPMSK_SWIOJTSM_0,NFIWZYVLZFTP,0
94875619_LJNFLUMT_SXKPVCFE_0_0,94875619_LJNFLUMT_SXKPVCFE_0,BFZDCRKSEZTR,94875619_LJNFLUMT_SXKPVCFE_0_0,94875619_LJNFLUMT_SXKPVCFE_0,TAEEBOSPWECX,0
94875619_LJNFLUMT_SXKPVCFE_0_0,94875619_LJNFLUMT_SXKPVCFE_0,BFZDCRKSEZTR,94875619_LJNFLUMT_SXKPVCFE_0_0,94875619_LJNFLUMT_SXKPVCFE_0,OJHGYFGWWMSU,0
94875619_LJNFLUMT_SXKPVCFE_0_1,94875619_LJNFLUMT_SXKPVCFE_0,BFZDCRKSEZTR,94875619_LJNFLUMT_SXKPVCFE_0_1,94875619_LJNFLUMT_SXKPVCFE_0,TAEEBOSPWECX,0
94875619_LJNFLUMT_SXKPVCFE_0_1,94875619_LJNFLUMT_SXKPVCFE_0,BFZDCRKSEZTR,94875619_LJNFLUMT_SXKPVCFE_0_1,94875619_LJNFLUMT_SXKPVCFE_0,OJHGYFGWWMSU,0
94875619_LJNFLUMT_SXKPVCFE_0_1,94875619_LJNFLUMT_SXKPVCFE_0,BFZDCRKSEZTR,94875619_LJNFLUMT_SXKPVCFE_0_1,94875619_LJNFLUMT_SXKPVCFE_0,WJEBJJJLQAEZ,0
94875619_LJNFLUMT_SXKPVCFE_0_2,94875619_LJNFLUMT_SXKPVCFE_0,BFZDCRKSEZTR,94875619_LJNFLUMT_SXKPVCFE_0_2,94875619_LJNFLUMT_SXKPVCFE_0,TAEEBOSPWECX,0
94875619_LJNFLUMT_SXKPVCFE_0_2,94875619_LJNFLUMT_SXKPVCFE_0,BFZDCRKSEZTR,94875619_LJNFLUMT_SXKPVCFE_0_2,94875619_LJNFLUMT_SXKPVCFE_0,OJHGYFGWWMSU,0
94875619_LJNFLUMT_SXKPVCFE_0_2,94875619_LJNFLUMT_SXKPVCFE_0,BFZDCRKSEZTR,94875619_LJNFLUMT_SXKPVCFE_0_2,94875619_LJNFLUMT_SXKPVCFE_0,WJEBJJJLQAEZ,0
94875619_LJNFLUMT_SXKPVCFE_0_3,94875619_LJNFLUMT_SXKPVCFE_0,BFZDCRKSEZTR,94875619_LJNFLUMT_SXKPVCFE_0_3,94875619_LJNFLUMT_SXKPVCFE_0,TAEEBOSPWECX,0
94875619_LJNFLUMT_SXKPVCFE_0_3,94875619_LJNFLUMT_SXKPVCFE_0,BFZDCRKSEZTR,94875619_LJNFLUMT_SXKPVCFE_0_3,94875619_LJNFLUMT_SXKPVCFE_0,OJHGYFGWWMSU,0
94875619_LJNFLUMT_SXKPVCFE_0_3,94875619_LJNFLUMT_SXKPVCFE_0,BFZDCRKSEZTR,94875619_LJNFLUMT_SXKPVCFE_0_3,94875619_LJNFLUMT_SXKPVCFE_0,WJEBJJJLQAEZ,0
94875619_LJNFLUMT_SXKPVCFE_0_4,94875619_LJNFLUMT_SXKPVCFE_0,BFZDCRKSEZTR,94875619_LJNFLUMT_SXKPVCFE_0_4,94875619_LJNFLUMT_SXKPVCFE_0,TAEEBOSPWECX,0
94875619_LJNFLUMT_SXKPVCFE_0_4,94875619_LJNFLUMT_SXKPVCFE_0,BFZDCRKSEZTR,94875619_LJNFLUMT_SXKPVCFE_0_4,94875619_LJNFLUMT_SXKPVCFE_0,OJHGYFGWWMSU,0
94875619_LJNFLUMT_SXKPVCFE_0_4,94875619_LJNFLUMT_SXKPVCFE_0,BFZDCRKSEZTR,94875619_LJNFLUMT_SXKPVCFE_0_4,94875619_LJNFLUMT_SXKPVCFE_0,WJEBJJJLQAEZ,0
94875619_LJNFLUMT_SXKPVCFE_0_5,94875619_LJNFLUMT_SXKPVCFE_0,BFZDCRKSEZTR,94875619_LJNFLUMT_SXKPVCFE_0_5,94875619_LJNFLUMT_SXKPVCFE_0,TAEEBOSPWECX,0
94875619_LJNFLUMT_SXKPVCFE_0_5,94875619_LJNFLUMT_SXKPVCFE_0,BFZDCRKSEZTR,94875619_LJNFLUMT_SXKPVCFE_0_5,94875619_LJNFLUMT_SXKPVCFE_0,OJHGYFGWWMSU,0
94875619_LJNFLUMT_SXKPVCFE_0_5,94875619_LJNFLUMT_SXKPVCFE_0,BFZDCRKSEZTR,94875619_LJNFLUMT_SXKPVCFE_0_5,94875619_LJNFLUMT_SXKPVCFE_0,WJEBJJJLQAEZ,0
94875619_LJNFLUMT_SXKPVCFE_0_6,94875619_LJNFLUMT_SXKPVCFE_0,BFZDCRKSEZTR,94875619_LJNFLUMT_SXKPVCFE_0_6,94875619_LJNFLUMT_SXKPVCFE_0,TAEEBOSPWECX,0
94875619_LJNFLUMT_SXKPVCFE_0_6,94875619_LJNFLUMT_SXKPVCFE_0,BFZDCRKSEZTR,94875619_LJNFLUMT_SXKPVCFE_0_6,94875619_LJNFLUMT_SXKPVCFE_0,OJHGYFGWWMSU,0
94875619_LJNFLUMT_SXKPVCFE_0_7,94875619_LJNFLUMT_SXKPVCFE_0,BFZDCRKSEZTR,94875619_LJNFLUMT_SXKPVCFE_0_7,94875619_LJNFLUMT_SXKPVCFE_0,TAEEBOSPWECX,0
94875619_LJNFLUMT_SXKPVCFE_0_7,94875619_LJNFLUMT_SXKPVCFE_0,BFZDCRKSEZTR,94875619_LJNFLUMT_SXKPVCFE_0_7,94875619_LJNFLUMT_SXKPVCFE_0,OJHGYFGWWMSU,0
94875619_LJNFLUMT_SXKPVCFE_0_7,94875619_LJNFLUMT_SXKPVCFE_0,BFZDCRKSEZTR,94875619_LJNFLUMT_SXKPVCFE_0_7,94875619_LJNFLUMT_SXKPVCFE_0,WJEBJJJLQAEZ,0
94875619_LJNFLUMT_SXKPVCFE_0_8,94875619_LJNFLUMT_SXKPVCFE_0,BFZDCRKSEZTR,94875619_LJNFLUMT_SXKPVCFE_0_8,94875619_LJNFLUMT_SXKPVCFE_0,TAEEBOSPWECX,0
94875619_LJNFLUMT_SXKPVCFE_0_8,94875619_LJNFLUMT_SXKPVCFE_0,BFZDCRKSEZTR,94875619_LJNFLUMT_SXKPVCFE_0_8,94875619_LJNFLUMT_SXKPVCFE_0,WJEBJJJLQAEZ,0
94875619_LJNFLUMT_SXKPVCFE_0_9,94875619_LJNFLUMT_SXKPVCFE_0,BFZDCRKSEZTR,94875619_LJNFLUMT_SXKPVCFE_0_9,94875619_LJNFLUMT_SXKPVCFE_0,TAEEBOSPWECX,0
94875619_LJNFLUMT_SXKPVCFE_0_9,94875619_LJNFLUMT_SXKPVCFE_0,BFZDCRKSEZTR,94875619_LJNFLUMT_SXKPVCFE_0_9,94875619_LJNFLUMT_SXKPVCFE_0,WJEBJJJLQAEZ,0
94875619_LJNFLUMT_SXKPVCFE_0_10,94875619_LJNFLUMT_SXKPVCFE_0,BFZDCRKSEZTR,94875619_LJNFLUMT_SXKPVCFE_0_10,94875619_LJNFLUMT_SXKPVCFE_0,TAEEBOSPWECX,0
94875619_LJNFLUMT_SXKPVCFE_0_10,94875619_LJNFLUMT_SXKPVCFE_0,BFZDCRKSEZTR,94875619_LJNFLUMT_SXKPVCFE_0_10,94875619_LJNFLUMT_SXKPVCFE_0,OJHGYFGWWMSU,0
94875619_LJNFLUMT_SXKPVCFE_0_10,94875619_LJNFLUMT_SXKPVCFE_0,BFZDCRKSEZTR,94875619_LJNFLUMT_SXKPVCFE_0_10,94875619_LJNFLUMT_SXKPVCFE_0,WJEBJJJLQAEZ,0
94875619_LJNFLUMT_SXKPVCFE_0_11,94875619_LJNFLUMT_SXKPVCFE_0,BFZDCRKSEZTR,94875619_LJNFLUMT_SXKPVCFE_0_11,94875619_LJNFLUMT_SXKPVCFE_0,TAEEBOSPWECX,0
94875619_LJNFLUMT_SXKPVCFE_0_11,94875619_LJNFLUMT_SXKPVCFE_0,BFZDCRKSEZTR,94875619_LJNFLUMT_SXKPVCFE_0_11,94875619_LJNFLUMT_SXKPVCFE_0,OJHGYFGWWMSU,0
94875619_LJNFLUMT_SXKPVCFE_0_11,94875619_LJNFLUMT_SXKPVCFE_0,BFZDCRKSEZTR,94875619_LJNFLUMT_SXKPVCFE_0_11,94875619_LJNFLUMT_SXKPVCFE_0,WJEBJJJLQAEZ,0
94875619_LJNFLUMT_SXKPVCFE_0_13,94875619_LJNFLUMT_SXKPVCFE_0,BFZDCRKSEZTR,94875619_LJNFLUMT_SXKPVCFE_0_13,94875619_LJNFLUMT_SXKPVCFE_0,TAEEBOSPWECX,0
94875619_LJNFLUMT_SXKPVCFE_0_13,94875619_LJNFLUMT_SXKPVCFE_0,BFZDCRKSEZTR,94875619_LJNFLUMT_SXKPVCFE_0_13,94875619_LJNFLUMT_SXKPVCFE_0,OJHGYFGWWMSU,0
94875619_LJNFLUMT_SXKPVCFE_0_13,94875619_LJNFLUMT_SXKPVCFE_0,BFZDCRKSEZTR,94875619_LJNFLUMT_SXKPVCFE_0_13,94875619_LJNFLUMT_SXKPVCFE_0,WJEBJJJLQAEZ,0
94875619_LJNFLUMT_SXKPVCFE_0_14,94875619_LJNFLUMT_SXKPVCFE_0,BFZDCRKSEZTR,94875619_LJNFLUMT_SXKPVCFE_0_14,94875619_LJNFLUMT_SXKPVCFE_0,TAEEBOSPWECX,0
94875619_LJNFLUMT_SXKPVCFE_0_14,94875619_LJNFLUMT_SXKPVCFE_0,BFZDCRKSEZTR,94875619_LJNFLUMT_SXKPVCFE_0_14,94875619_LJNFLUMT_SXKPVCFE_0,OJHGYFGWWMSU,0
94875619_LJNFLUMT_SXKPVCFE_0_14,94875619_LJNFLUMT_SXKPVCFE_0,BFZDCRKSEZTR,94875619_LJNFLUMT_SXKPVCFE_0_14,94875619_LJNFLUMT_SXKPVCFE_0,WJEBJJJLQAEZ,0
94875619_LJNFLUMT_SXKPVCFE_0_15,94875619_LJNFLUMT_SXKPVCFE_0,BFZDCRKSEZTR,94875619_LJNFLUMT_SXKPVCFE_0_15,94875619_LJNFLUMT_SXKPVCFE_0,TAEEBOSPWECX,0
94875619_LJNFLUMT_SXKPVCFE_0_15,94875619_LJNFLUMT_SXKPVCFE_0,BFZDCRKSEZTR,94875619_LJNFLUMT_SXKPVCFE_0_15,94875619_LJNFLUMT_SXKPVCFE_0,OJHGYFGWWMSU,0
94875619_LJNFLUMT_SXKPVCFE_0_15,94875619_LJNFLUMT_SXKPVCFE_0,BFZDCRKSEZTR,94875619_LJNFLUMT_SXKPVCFE_0_15,94875619_LJNFLUMT_SXKPVCFE_0,WJEBJJJLQAEZ,0
94875619_LJNFLUMT_SXKPVCFE_0_16,94875619_LJNFLUMT_SXKPVCFE_0,BFZDCRKSEZTR,94875619_LJNFLUMT_SXKPVCFE_0_16,94875619_LJNFLUMT_SXKPVCFE_0,TAEEBOSPWECX,0
94875619_LJNFLUMT_SXKPVCFE_0_16,94875619_LJNFLUMT_SXKPVCFE_0,BFZDCRKSEZTR,94875619_LJNFLUMT_SXKPVCFE_0_16,94875619_LJNFLUMT_SXKPVCFE_0,OJHGYFGWWMSU,0
94875619_LJNFLUMT_SXKPVCFE_0_16,94875619_LJNFLUMT_SXKPVCFE_0,BFZDCRKSEZTR,94875619_LJNFLUMT_SXKPVCFE_0_16,94875619_LJNFLUMT_SXKPVCFE_0,WJEBJJJLQAEZ,0
94875619_LJNFLUMT_SXKPVCFE_0_17,94875619_LJNFLUMT_SXKPVCFE_0,BFZDCRKSEZTR,94875619_LJNFLUMT_SXKPVCFE_0_17,94875619_LJNFLUMT_SXKPVCFE_0,TAEEBOSPWECX,0
94875619_LJNFLUMT_SXKPVCFE_0_17,94875619_LJNFLUMT_SXKPVCFE_0,BFZDCRKSEZTR,94875619_LJNFLUMT_SXKPVCFE_0_17,94875619_LJNFLUMT_SXKPVCFE_0,OJHGYFGWWMSU,0
94875619_LJNFLUMT_SXKPVCFE_0_17,94875619_LJNFLUMT_SXKPVCFE_0,BFZDCRKSEZTR,94875619_LJNFLUMT_SXKPVCFE_0_17,94875619_LJNFLUMT_SXKPVCFE_0,WJEBJJJLQAEZ,0
94875619_LJNFLUMT_SXKPVCFE_0_18,94875619_LJNFLUMT_SXKPVCFE_0,BFZDCRKSEZTR,94875619_LJNFLUMT_SXKPVCFE_0_18,94875619_LJNFLUMT_SXKPVCFE_0,TAEEBOSPWECX,0
94875619_LJNFLUMT_SXKPVCFE_0_18,94875619_LJNFLUMT_SXKPVCFE_0,BFZDCRKSEZTR,94875619_LJNFLUMT_SXKPVCFE_0_18,94875619_LJNFLUMT_SXKPVCFE_0,OJHGYFGWWMSU,0
94875619_LJNFLUMT_SXKPVCFE_0_18,94875619_LJNFLUMT_SXKPVCFE_0,BFZDCRKSEZTR,94875619_LJNFLUMT_SXKPVCFE_0_18,94875619_LJNFLUMT_SXKPVCFE_0,WJEBJJJLQAEZ,0
94875619_LJNFLUMT_SXKPVCFE_0_19,94875619_LJNFLUMT_SXKPVCFE_0,BFZDCRKSEZTR,94875619_LJNFLUMT_SXKPVCFE_0_19,94875619_LJNFLUMT_SXKPVCFE_0,TAEEBOSPWECX,0
94875619_LJNFLUMT_SXKPVCFE_0_19,94875619_LJNFLUMT_SXKPVCFE_0,BFZDCRKSEZTR,94875619_LJNFLUMT_SXKPVCFE_0_19,94875619_LJNFLUMT_SXKPVCFE_0,OJHGYFGWWMSU,0
94875619_LJNFLUMT_SXKPVCFE_0_20,94875619_LJNFLUMT_SXKPVCFE_0,BFZDCRKSEZTR,94875619_LJNFLUMT_SXKPVCFE_0_20,94875619_LJNFLUMT_SXKPVCFE_0,TAEEBOSPWECX,0
94875619_LJNFLUMT_SXKPVCFE_0_21,94875619_LJNFLUMT_SXKPVCFE_0,BFZDCRKSEZTR,94875619_LJNFLUMT_SXKPVCFE_0_21,94875619_LJNFLUMT_SXKPVCFE_0,TAEEBOSPWECX,0
94875619_LJNFLUMT_SXKPVCFE_0_21,94875619_LJNFLUMT_SXKPVCFE_0,BFZDCRKSEZTR,94875619_LJNFLUMT_SXKPVCFE_0_21,94875619_LJNFLUMT_SXKPVCFE_0,OJHGYFGWWMSU,0
94875619_LJNFLUMT_SXKPVCFE_0_21,94875619_LJNFLUMT_SXKPVCFE_0,BFZDCRKSEZTR,94875619_LJNFLUMT_SXKPVCFE_0_21,94875619_LJNFLUMT_SXKPVCFE_0,WJEBJJJLQAEZ,0
94875619_LJNFLUMT_SXKPVCFE_0_22,94875619_LJNFLUMT_SXKPVCFE_0,BFZDCRKSEZTR,94875619_LJNFLUMT_SXKPVCFE_0_22,94875619_LJNFLUMT_SXKPVCFE_0,TAEEBOSPWECX,0
94875619_LJNFLUMT_SXKPVCFE_0_22,94875619_LJNFLUMT_SXKPVCFE_0,BFZDCRKSEZTR,94875619_LJNFLUMT_SXKPVCFE_0_22,94875619_LJNFLUMT_SXKPVCFE_0,WJEBJJJLQAEZ,0
94875619_LJNFLUMT_SXKPVCFE_0_23,94875619_LJNFLUMT_SXKPVCFE_0,BFZDCRKSEZTR,94875619_LJNFLUMT_SXKPVCFE_0_23,94875619_LJNFLUMT_SXKPVCFE_0,TAEEBOSPWECX,0
94875619_LJNFLUMT_SXKPVCFE_0_23,94875619_LJNFLUMT_SXKPVCFE_0,BFZDCRKSEZTR,94875619_LJNFLUMT_SXKPVCFE_0_23,94875619_LJNFLUMT_SXKPVCFE_0,OJHGYFGWWMSU,0
94875619_LJNFLUMT_SXKPVCFE_0_23,94875619_LJNFLUMT_SXKPVCFE_0,BFZDCRKSEZTR,94875619_LJNFLUMT_SXKPVCFE_0_23,94875619_LJNFLUMT_SXKPVCFE_0,WJEBJJJLQAEZ,0
94875619_LJNFLUMT_SXKPVCFE_0_24,94875619_LJNFLUMT_SXKPVCFE_0,BFZDCRKSEZTR,94875619_LJNFLUMT_SXKPVCFE_0_24,94875619_LJNFLUMT_SXKPVCFE_0,TAEEBOSPWECX,0
94875619_LJNFLUMT_SXKPVCFE_0_24,94875619_LJNFLUMT_SXKPVCFE_0,BFZDCRKSEZTR,94875619_LJNFLUMT_SXKPVCFE_0_24,94875619_LJNFLUMT_SXKPVCFE_0,OJHGYFGWWMSU,0
94875619_LJNFLUMT_SXKPVCFE_0_24,94875619_LJNFLUMT_SXKPVCFE_0,BFZDCRKSEZTR,94875619_LJNFLUMT_SXKPVCFE_0_24,94875619_LJNFLUMT_SXKPVCFE_0,WJEBJJJLQAEZ,0
94875619_LJNFLUMT_SXKPVCFE_0_25,94875619_LJNFLUMT_SXKPVCFE_0,BFZDCRKSEZTR,94875619_LJNFLUMT_SXKPVCFE_0_25,94875619_LJNFLUMT_SXKPVCFE_0,OJHGYFGWWMSU,0
94875619_LJNFLUMT_SXKPVCFE_0_25,94875619_LJNFLUMT_SXKPVCFE_0,BFZDCRKSEZTR,94875619_LJNFLUMT_SXKPVCFE_0_25,94875619_LJNFLUMT_SXKPVCFE_0,WJEBJJJLQAEZ,0
94875619_LJNFLUMT_SXKPVCFE_0_26,94875619_LJNFLUMT_SXKPVCFE_0,BFZDCRKSEZTR,94875619_LJNFLUMT_SXKPVCFE_0_26,94875619_LJNFLUMT_SXKPVCFE_0,TAEEBOSPWECX,0
94875619_LJNFLUMT_SXKPVCFE_0_26,94875619_LJNFLUMT_SXKPVCFE_0,BFZDCRKSEZTR,94875619_LJNFLUMT_SXKPVCFE_0_26,94875619_LJNFLUMT_SXKPVCFE_0,OJHGYFGWWMSU,0
94875619_LJNFLUMT_SXKPVCFE_0_26,94875619_LJNFLUMT_SXKPVCFE_0,BFZDCRKSEZTR,94875619_LJNFLUMT_SXKPVCFE_0_26,94875619_LJNFLUMT_SXKPVCFE_0,WJEBJJJLQAEZ,0
94875619_LJNFLUMT_SXKPVCFE_0_27,94875619_LJNFLUMT_SXKPVCFE_0,BFZDCRKSEZTR,94875619_LJNFLUMT_SXKPVCFE_0_27,94875619_LJNFLUMT_SXKPVCFE_0,TAEEBOSPWECX,0
94875619_LJNFLUMT_SXKPVCFE_0_27,94875619_LJNFLUMT_SXKPVCFE_0,BFZDCRKSEZTR,94875619_LJNFLUMT_SXKPVCFE_0_27,94875619_LJNFLUMT_SXKPVCFE_0,OJHGYFGWWMSU,0
94875619_LJNFLUMT_SXKPVCFE_0_27,94875619_LJNFLUMT_SXKPVCFE_0,BFZDCRKSEZTR,94875619_LJNFLUMT_SXKPVCFE_0_27,94875619_LJNFLUMT_SXKPVCFE_0,WJEBJJJLQAEZ,0
94875619_LJNFLUMT_SXKPVCFE_0_28,94875619_LJNFLUMT_SXKPVCFE_0,BFZDCRKSEZTR,94875619_LJNFLUMT_SXKPVCFE_0_28,94875619_LJNFLUMT_SXKPVCFE_0,TAEEBOSPWECX,0
94875619_LJNFLUMT_SXKPVCFE_0_28,94875619_LJNFLUMT_SXKPVCFE_0,BFZDCRKSEZTR,94875619_LJNFLUMT_SXKPVCFE_0_28,94875619_LJNFLUMT_SXKPVCFE_0,OJHGYFGWWMSU,0
94875619_LJNFLUMT_SXKPVCFE_0_28,94875619_LJNFLUMT_SXKPVCFE_0,BFZDCRKSEZTR,94875619_LJNFLUMT_SXKPVCFE_0_28,94875619_LJNFLUMT_SXKPVCFE_0,WJEBJJJLQAEZ,0
94875619_LJNFLUMT_SXKPVCFE_0_29,94875619_LJNFLUMT_SXKPVCFE_0,BFZDCRKSEZTR,94875619_LJNFLUMT_SXKPVCFE_0_29,94875619_LJNFLUMT_SXKPVCFE_0,TAEEBOSPWECX,0
94875619_LJNFLUMT_SXKPVCFE_0_29,94875619_LJNFLUMT_SXKPVCFE_0,BFZDCRKSEZTR,94875619_LJNFLUMT_SXKPVCFE_0_29,94875619_LJNFLUMT_SXKPVCFE_0,OJHGYFGWWMSU,0
94875619_LJNFLUMT_SXKPVCFE_0_29,94875619_LJNFLUMT_SXKPVCFE_0,BFZDCRKSEZTR,94875619_LJNFLUMT_SXKPVCFE_0_29,94875619_LJNFLUMT_SXKPVCFE_0,WJEBJJJLQAEZ,0
94875619_LJNFLUMT_SXKPVCFE_0_30,94875619_LJNFLUMT_SXKPVCFE_0,BFZDCRKSEZTR,94875619_LJNFLUMT_SXKPVCFE_0_30,94875619_LJNFLUMT_SXKPVCFE_0,TAEEBOSPWECX,0
94875619_LJNFLUMT_SXKPVCFE_0_30,94875619_LJNFLUMT_SXKPVCFE_0,BFZDCRKSEZTR,94875619_LJNFLUMT_SXKPVCFE_0_30,94875619_LJNFLUMT_SXKPVCFE_0,OJHGYFGWWMSU,0
94875619_LJNFLUMT_SXKPVCFE_0_30,94875619_LJNFLUMT_SXKPVCFE_0,BFZDCRKSEZTR,94875619_LJNFLUMT_SXKPVCFE_0_30,94875619_LJNFLUMT_SXKPVCFE_0,WJEBJJJLQAEZ,0
94875619_LJNFLUMT_SXKPVCFE_0_31,94875619_LJNFLUMT_SXKPVCFE_0,BFZDCRKSEZTR,94875619_LJNFLUMT_SXKPVCFE_0_31,94875619_LJNFLUMT_SXKPVCFE_0,TAEEBOSPWECX,0
94875619_LJNFLUMT_SXKPVCFE_0_31,94875619_LJNFLUMT_SXKPVCFE_0,BFZDCRKSEZTR,94875619_LJNFLUMT_SXKPVCFE_0_31,94875619_LJNFLUMT_SXKPVCFE_0,OJHGYFGWWMSU,0
94875619_LJNFLUMT_SXKPVCFE_0_31,94875619_LJNFLUMT_SXKPVCFE_0,BFZDCRKSEZTR,94875619_LJNFLUMT_SXKPVCFE_0_31,94875619_LJNFLUMT_SXKPVCFE_0,WJEBJJJLQAEZ,0
94875619_LJNFLUMT_SXKPVCFE_0_32,94875619_LJNFLUMT_SXKPVCFE_0,BFZDCRKSEZTR,94875619_LJNFLUMT_SXKPVCFE_0_32,94875619_LJNFLUMT_SXKPVCFE_0,TAEEBOSPWECX,0
94875619_LJNFLUMT_SXKPVCFE_0_32,94875619_LJNFLUMT_SXKPVCFE_0,BFZDCRKSEZTR,94875619_LJNFLUMT_SXKPVCFE_0_32,94875619_LJNFLUMT_SXKPVCFE_0,OJHGYFGWWMSU,0
94875619_LJNFLUMT_SXKPVCFE_0_32,94875619_LJNFLUMT_SXKPVCFE_0,BFZDCRKSEZTR,94875619_LJNFLUMT_SXKPVCFE_0_32,94875619_LJNFLUMT_SXKPVCFE_0,WJEBJJJLQAEZ,0
94875619_LJNFLUMT_SXKPVCFE_0_33,94875619_LJNFLUMT_SXKPVCFE_0,BFZDCRKSEZTR,94875619_LJNFLUMT_SXKPVCFE_0_33,94875619_LJNFLUMT_SXKPVCFE_0,TAEEBOSPWECX,0
94875619_LJNFLUMT_SXKPVCFE_0_33,94875619_LJNFLUMT_SXKPVCFE_0,BFZDCRKSEZTR,94875619_LJNFLUMT_SXKPVCFE_0_33,94875619_LJNFLUMT_SXKPVCFE_0,OJHGYFGWWMSU,0
94875619_LJNFLUMT_SXKPVCFE_0_33,94875619_LJNFLUMT_SXKPVCFE_0,BFZDCRKSEZTR,94875619_LJNFLUMT_SXKPVCFE_0_33,94875619_LJNFLUMT_SXKPVCFE_0,WJEBJJJLQAEZ,0
94875619_LJNFLUMT_SXKPVCFE_0_34,94875619_LJNFLUMT_SXKPVCFE_0,BFZDCRKSEZTR,94875619_LJNFLUMT_SXKPVCFE_0_34,94875619_LJNFLUMT_SXKPVCFE_0,TAEEBOSPWECX,0
94875619_LJNFLUMT_SXKPVCFE_0_34,94875619_LJNFLUMT_SXKPVCFE_0,BFZDCRKSEZTR,94875619_LJNFLUMT_SXKPVCFE_0_34,94875619_LJNFLUMT_SXKPVCFE_0,OJHGYFGWWMSU,0
94875619_LJNFLUMT_SXKPVCFE_0_34,94875619_LJNFLUMT_SXKPVCFE_0,BFZDCRKSEZTR,94875619_LJNFLUMT_SXKPVCFE_0_34,94875619_LJNFLUMT_SXKPVCFE_0,WJEBJJJLQAEZ,0
94875619_LJNFLUMT_SXKPVCFE_0_35,94875619_LJNFLUMT_SXKPVCFE_0,BFZDCRKSEZTR,94875619_LJNFLUMT_SXKPVCFE_0_35,94875619_LJNFLUMT_SXKPVCFE_0,TAEEBOSPWECX,0
94875619_LJNFLUMT_SXKPVCFE_0_35,94875619_LJNFLUMT_SXKPVCFE_0,BFZDCRKSEZTR,94875619_LJNFLUMT_SXKPVCFE_0_35,94875619_LJNFLUMT_SXKPVCFE_0,OJHGYFGWWMSU,0
94875619_LJNFLUMT_SXKPVCFE_0_35,94875619_LJNFLUMT_SXKPVCFE_0,BFZDCRKSEZTR,94875619_LJNFLUMT_SXKPVCFE_0_35,94875619_LJNFLUMT_SXKPVCFE_0,WJEBJJJLQAEZ,0
94875619_LJNFLUMT_SXKPVCFE_0_36,94875619_LJNFLUMT_SXKPVCFE_0,BFZDCRKSEZTR,94875619_LJNFLUMT_SXKPVCFE_0_36,94875619_LJNFLUMT_SXKPVCFE_0,TAEEBOSPWECX,0
94875619_LJNFLUMT_SXKPVCFE_0_36,94875619_LJNFLUMT_SXKPVCFE_0,BFZDCRKSEZTR,94875619_LJNFLUMT_SXKPVCFE_0_36,94875619_LJNFLUMT_SXKPVCFE_0,OJHGYFGWWMSU,0
94875619_LJNFLUMT_SXKPVCFE_0_36,94875619_LJNFLUMT_SXKPVCFE_0,BFZDCRKSEZTR,94875619_LJNFLUMT_SXKPVCFE_0_36,94875619_LJNFLUMT_SXKPVCFE_0,WJEBJJJLQAEZ,0
94875619_LJNFLUMT_SXKPVCFE_0_37,94875619_LJNFLUMT_SXKPVCFE_0,BFZDCRKSEZTR,94875619_LJNFLUMT_SXKPVCFE_0_37,94875619_LJNFLUMT_SXKPVCFE_0,TAEEBOSPWECX,0
94875619_LJNFLUMT_SXKPVCFE_0_37,94875619_LJNFLUMT_SXKPVCFE_0,BFZDCRKSEZTR,94875619_LJNFLUMT_SXKPVCFE_0_37,94875619_LJNFLUMT_SXKPVCFE_0,OJHGYFGWWMSU,0
94875619_LJNFLUMT_SXKPVCFE_0_37,94875619_LJNFLUMT_SXKPVCFE_0,BFZDCRKSEZTR,94875619_LJNFLUMT_SXKPVCFE_0_37,94875619_LJNFLUMT_SXKPVCFE_0,WJEBJJJLQAEZ,0
94875619_LJNFLUMT_SXKPVCFE_0_38,94875619_LJNFLUMT_SXKPVCFE_0,BFZDCRKSEZTR,94875619_LJNFLUMT_SXKPVCFE_0_38,94875619_LJNFLUMT_SXKPVCFE_0,TAEEBOSPWECX,0
94875619_LJNFLUMT_SXKPVCFE_0_38,94875619_LJNFLUMT_SXKPVCFE_0,BFZDCRKSEZTR,94875619_LJNFLUMT_SXKPVCFE_0_38,94875619_LJNFLUMT_SXKPVCFE_0,OJHGYFGWWMSU,0
94875619_LJNFLUMT_SXKPVCFE_0_38,94875619_LJNFLUMT_SXKPVCFE_0,BFZDCRKSEZTR,94875619_LJNFLUMT_SXKPVCFE_0_38,94875619_LJNFLUMT_SXKPVCFE_0,WJEBJJJLQAEZ,0
94875619_LJNFLUMT_SXKPVCFE_0_39,94875619_LJNFLUMT_SXKPVCFE_0,BFZDCRKSEZTR,94875619_LJNFLUMT_SXKPVCFE_0_39,94875619_LJNFLUMT_SXKPVCFE_0,TAEEBOSPWECX,0
94875619_LJNFLUMT_SXKPVCFE_0_39,94875619_LJNFLUMT_SXKPVCFE_0,BFZDCRKSEZTR,94875619_LJNFLUMT_SXKPVCFE_0_39,94875619_LJNFLUMT_SXKPVCFE_0,OJHGYFGWWMSU,0
94875619_LJNFLUMT_SXKPVCFE_0_39,94875619_LJNFLUMT_SXKPVCFE_0,BFZDCRKSEZTR,94875619_LJNFLUMT_SXKPVCFE_0_39,94875619_LJNFLUMT_SXKPVCFE_0,WJEBJJJLQAEZ,0
94875619_LJNFLUMT_SXKPVCFE_0_40,94875619_LJNFLUMT_SXKPVCFE_0,BFZDCRKSEZTR,94875619_LJNFLUMT_SXKPVCFE_0_40,94875619_LJNFLUMT_SXKPVCFE_0,TAEEBOSPWECX,0
94875619_LJNFLUMT_SXKPVCFE_0_40,94875619_LJNFLUMT_SXKPVCFE_0,BFZDCRKSEZTR,94875619_LJNFLUMT_SXKPVCFE_0_40,94875619_LJNFLUMT_SXKPVCFE_0,OJHGYFGWWMSU,0
94875619_LJNFLUMT_SXKPVCFE_0_40,94875619_LJNFLUMT_SXKPVCFE_0,BFZDCRKSEZTR,94875619_LJNFLUMT_SXKPVCFE_0_40,94875619_LJNFLUMT_SXKPVCFE_0,WJEBJJJLQAEZ,0
94875619_LJNFLUMT_SXKPVCFE_0_41,94875619_LJNFLUMT_SXKPVCFE_0,BFZDCRKSEZTR,94875619_LJNFLUMT_SXKPVCFE_0_41,94875619_LJNFLUMT_SXKPVCFE_0,TAEEBOSPWECX,0
94875619_LJNFLUMT_SXKPVCFE_0_41,94875619_LJNFLUMT_SXKPVCFE_0,BFZDCRKSEZTR,94875619_LJNFLUMT_SXKPVCFE_0_41,94875619_LJNFLUMT_SXKPVCFE_0,OJHGYFGWWMSU,0
94875619_LJNFLUMT_SXKPVCFE_0_41,94875619_LJNFLUMT_SXKPVCFE_0,BFZDCRKSEZTR,94875619_LJNFLUMT_SXKPVCFE_0_41,94875619_LJNFLUMT_SXKPVCFE_0,WJEBJJJLQAEZ,0
94875619_LJNFLUMT_SXKPVCFE_0_42,94875619_LJNFLUMT_SXKPVCFE_0,BFZDCRKSEZTR,94875619_LJNFLUMT_SXKPVCFE_0_42,94875619_LJNFLUMT_SXKPVCFE_0,TAEEBOSPWECX,0
94875619_LJNFLUMT_SXKPVCFE_0_42,94875619_LJNFLUMT_SXKPVCFE_0,BFZDCRKSEZTR,94875619_LJNFLUMT_SXKPVCFE_0_42,94875619_LJNFLUMT_SXKPVCFE_0,OJHGYFGWWMSU,0
94875619_LJNFLUMT_SXKPVCFE_0_42,94875619_LJNFLUMT_SXKPVCFE_0,BFZDCRKSEZTR,94875619_LJNFLUMT_SXKPVCFE_0_42,94875619_LJNFLUMT_SXKPVCFE_0,WJEBJJJLQAEZ,0
94875619_LJNFLUMT_SXKPVCFE_0_43,94875619_LJNFLUMT_SXKPVCFE_0,BFZDCRKSEZTR,94875619_LJNFLUMT_SXKPVCFE_0_43,94875619_LJNFLUMT_SXKPVCFE_0,TAEEBOSPWECX,0
94875619_LJNFLUMT_SXKPVCFE_0_43,94875619_LJNFLUMT_SXKPVCFE_0,BFZDCRKSEZTR,94875619_LJNFLUMT_SXKPVCFE_0_43,94875619_LJNFLUMT_SXKPVCFE_0,OJHGYFGWWMSU,0
94875619_LJNFLUMT_SXKPVCFE_0_43,94875619_LJNFLUMT_SXKPVCFE_0,BFZDCRKSEZTR,94875619_LJNFLUMT_SXKPVCFE_0_43,94875619_LJNFLUMT_SXKPVCFE_0,WJEBJJJLQAEZ,0
94875619_LJNFLUMT_SXKPVCFE_0_44,94875619_LJNFLUMT_SXKPVCFE_0,BFZDCRKSEZTR,94875619_LJNFLUMT_SXKPVCFE_0_44,94875619_LJNFLUMT_SXKPVCFE_0,OJHGYFGWWMSU,0
94875619_LJNFLUMT_SXKPVCFE_0_45,94875619_LJNFLUMT_SXKPVCFE_0,BFZDCRKSEZTR,94875619_LJNFLUMT_SXKPVCFE_0_45,94875619_LJNFLUMT_SXKPVCFE_0,TAEEBOSPWECX,0
94875619_LJNFLUMT_SXKPVCFE_0_45,94875619_LJNFLUMT_SXKPVCFE_0,BFZDCRKSEZTR,94875619_LJNFLUMT_SXKPVCFE_0_45,94875619_LJNFLUMT_SXKPVCFE_0,OJHGYFGWWMSU,0
94875619_LJNFLUMT_SXKPVCFE_0_45,94875619_LJNFLUMT_SXKPVCFE_0,BFZDCRKSEZTR,94875619_LJNFLUMT_SXKPVCFE_0_45,94875619_LJNFLUMT_SXKPVCFE_0,WJEBJJJLQAEZ,0
94875619_LJNFLUMT_SXKPVCFE_0_46,94875619_LJNFLUMT_SXKPVCFE_0,BFZDCRKSEZTR,94875619_LJNFLUMT_SXKPVCFE_0_46,94875619_LJNFLUMT_SXKPVCFE_0,TAEEBOSPWECX,0
94875619_LJNFLUMT_SXKPVCFE_0_46,94875619_LJNFLUMT_SXKPVCFE_0,BFZDCRKSEZTR,94875619_LJNFLUMT_SXKPVCFE_0_46,94875619_LJNFLUMT_SXKPVCFE_0,OJHGYFGWWMSU,0
94875619_LJNFLUMT_SXKPVCFE_0_47,94875619_LJNFLUMT_SXKPVCFE_0,BFZDCRKSEZTR,94875619_LJNFLUMT_SXKPVCFE_0_47,94875619_LJNFLUMT_SXKPVCFE_0,TAEEBOSPWECX,0
94875619_LJNFLUMT_SXKPVCFE_0_47,94875619_LJNFLUMT_SXKPVCFE_0,BFZDCRKSEZTR,94875619_LJNFLUMT_SXKPVCFE_0_47,94875619_LJNFLUMT_SXKPVCFE_0,OJHGYFGWWMSU,0
94875619_LJNFLUMT_SXKPVCFE_0_47,94875619_LJNFLUMT_SXKPVCFE_0,BFZDCRKSEZTR,94875619_LJNFLUMT_SXKPVCFE_0_47,94875619_LJNFLUMT_SXKPVCFE_0,WJEBJJJLQAEZ,0
94875619_LJNFLUMT_SXKPVCFE_0_48,94875619_LJNFLUMT_SXKPVCFE_0,BFZDCRKSEZTR,94875619_LJNFLUMT_SXKPVCFE_0_48,94875619_LJNFLUMT_SXKPVCFE_0,TAEEBOSPWECX,0
94875619_LJNFLUMT_SXKPVCFE_0_48,94875619_LJNFLUMT_SXKPVCFE_0,BFZDCRKSEZTR,94875619_LJNFLUMT_SXKPVCFE_0_48,94875619_LJNFLUMT_SXKPVCFE_0,OJHGYFGWWMSU,0
94875619_LJNFLUMT_SXKPVCFE_0_48,94875619_LJNFLUMT_SXKPVCFE_0,BFZDCRKSEZTR,94875619_LJNFLUMT_SXKPVCFE_0_48,94875619_LJNFLUMT_SXKPVCFE_0,WJEBJJJLQAEZ,0
94875619_LJNFLUMT_SXKPVCFE_0_49,94875619_LJNFLUMT_SXKPVCFE_0,BFZDCRKSEZTR,94875619_LJNFLUMT_SXKPVCFE_0_49,94875619_LJNFLUMT_SXKPVCFE_0,TAEEBOSPWECX,0
94875619_LJNFLUMT_SXKPVCFE_0_49,94875619_LJNFLUMT_SXKPVCFE_0,BFZDCRKSEZTR,94875619_LJNFLUMT_SXKPVCFE_0_49,94875619_LJNFLUMT_SXKPVCFE_0,OJHGYFGWWMSU,0
94875619_LJNFLUMT_SXKPVCFE_0_49,94875619_LJNFLUMT_SXKPVCFE_0,BFZDCRKSEZTR,94875619_LJNFLUMT_SXKPVCFE_0_49,94875619_LJNFLUMT_SXKPVCFE_0,WJEBJJJLQAEZ,0
94875619_LJNFLUMT_SXKPVCFE_0_50,94875619_LJNFLUMT_SXKPVCFE_0,BFZDCRKSEZTR,94875619_LJNFLUMT_SXKPVCFE_0_50,94875619_LJNFLUMT_SXKPVCFE_0,TAEEBOSPWECX,0
94875619_LJNFLUMT_SXKPVCFE_0_50,94875619_LJNFLUMT_SXKPVCFE_0,BFZDCRKSEZTR,94875619_LJNFLUMT_SXKPVCFE_0_50,94875619_LJNFLUMT_SXKPVCFE_0,OJHGYFGWWMSU,0
94875619_LJNFLUMT_SXKPVCFE_0_50,94875619_LJNFLUMT_SXKPVCFE_0,BFZDCRKSEZTR,94875619_LJNFLUMT_SXKPVCFE_0_50,94875619_LJNFLUMT_SXKPVCFE_0,WJEBJJJLQAEZ,0
94875619_LJNFLUMT_SXKPVCFE_0_51,94875619_LJNFLUMT_SXKPVCFE_0,BFZDCRKSEZTR,94875619_LJNFLUMT_SXKPVCFE_0_51,94875619_LJNFLUMT_SXKPVCFE_0,TAEEBOSPWECX,0
94875619_LJNFLUMT_SXKPVCFE_0_51,94875619_LJNFLUMT_SXKPVCFE_0,BFZDCRKSEZTR,94875619_LJNFLUMT_SXKPVCFE_0_51,94875619_LJNFLUMT_SXKPVCFE_0,OJHGYFGWWMSU,0
94875619_LJNFLUMT_SXKPVCFE_0_51,94875619_LJNFLUMT_SXKPVCFE_0,BFZDCRKSEZTR,94875619_LJNFLUMT_SXKPVCFE_0_51,94875619_LJNFLUMT_SXKPVCFE_0,WJEBJJJLQAEZ,0
94875619_LJNFLUMT_SXKPVCFE_0_52,94875619_LJNFLUMT_SXKPVCFE_0,BFZDCRKSEZTR,94875619_LJNFLUMT_SXKPVCFE_0_52,94875619_LJNFLUMT_SXKPVCFE_0,TAEEBOSPWECX,0
94875619_LJNFLUMT_SXKPVCFE_0_52,94875619_LJNFLUMT_SXKPVCFE_0,BFZDCRKSEZTR,94875619_LJNFLUMT_SXKPVCFE_0_52,94875619_LJNFLUMT_SXKPVCFE_0,OJHGYFGWWMSU,0
94875619_LJNFLUMT_SXKPVCFE_0_52,94875619_LJNFLUMT_SXKPVCFE_0,BFZDCRKSEZTR,94875619_LJNFLUMT_SXKPVCFE_0_52,94875619_LJNFLUMT_SXKPVCFE_0,WJEBJJJLQAEZ,0
94875619_LJNFLUMT_SXKPVCFE_0_53,94875619_LJNFLUMT_SXKPVCFE_0,BFZDCRKSEZTR,94875619_LJNFLUMT_SXKPVCFE_0_53,94875619_LJNFLUMT_SXKPVCFE_0,TAEEBOSPWECX,0
94875619_LJNFLUMT_SXKPVCFE_0_53,94875619_LJNFLUMT_SXKPVCFE_0,BFZDCRKSEZTR,94875619_LJNFLUMT_SXKPVCFE_0_53,94875619_LJNFLUMT_SXKPVCFE_0,WJEBJJJLQAEZ,0
94875619_LJNFLUMT_SXKPVCFE_0_54,94875619_LJNFLUMT_SXKPVCFE_0,BFZDCRKSEZTR,94875619_LJNFLUMT_SXKPVCFE_0_54,94875619_LJNFLUMT_SXKPVCFE_0,TAEEBOSPWECX,0
94875619_LJNFLUMT_SXKPVCFE_0_54,94875619_LJNFLUMT_SXKPVCFE_0,BFZDCRKSEZTR,94875619_LJNFLUMT_SXKPVCFE_0_54,94875619_LJNFLUMT_SXKPVCFE_0,OJHGYFGWWMSU,0
94875619_LJNFLUMT_SXKPVCFE_0_55,94875619_LJNFLUMT_SXKPVCFE_0,BFZDCRKSEZTR,94875619_LJNFLUMT_SXKPVCFE_0_55,94875619_LJNFLUMT_SXKPVCFE_0,TAEEBOSPWECX,0
94875619_LJNFLUMT_SXKPVCFE_0_55,94875619_LJNFLUMT_SXKPVCFE_0,BFZDCRKSEZTR,94875619_LJNFLUMT_SXKPVCFE_0_55,94875619_LJNFLUMT_SXKPVCFE_0,OJHGYFGWWMSU,0
94875619_LJNFLUMT_SXKPVCFE_0_55,94875619_LJNFLUMT_SXKPVCFE_0,BFZDCRKSEZTR,94875619_LJNFLUMT_SXKPVCFE_0_55,94875619_LJNFLUMT_SXKPVCFE_0,WJEBJJJLQAEZ,0
94875619_LJNFLUMT_SXKPVCFE_0_56,94875619_LJNFLUMT_SXKPVCFE_0,BFZDCRKSEZTR,94875619_LJNFLUMT_SXKPVCFE_0_56,94875619_LJNFLUMT_SXKPVCFE_0,TAEEBOSPWECX,0
94875619_LJNFLUMT_SXKPVCFE_0_56,94875619_LJNFLUMT_SXKPVCFE_0,BFZDCRKSEZTR,94875619_LJNFLUMT_SXKPVCFE_0_56,94875619_LJNFLUMT_SXKPVCFE_0,OJHGYFGWWMSU,0
94875619_LJNFLUMT_SXKPVCFE_0_56,94875619_LJNFLUMT_SXKPVCFE_0,BFZDCRKSEZTR,94875619_LJNFLUMT_SXKPVCFE_0_56,94875619_LJNFLUMT_SXKPVCFE_0,WJEBJJJLQAEZ,0
94875619_LJNFLUMT_SXKPVCFE_0_57,94875619_LJNFLUMT_SXKPVCFE_0,BFZDCRKSEZTR,94875619_LJNFLUMT_SXKPVCFE_0_57,94875619_LJNFLUMT_SXKPVCFE_0,TAEEBOSPWECX,0
94875619_LJNFLUMT_SXKPVCFE_0_57,94875619_LJNFLUMT_SXKPVCFE_0,BFZDCRKSEZTR,94875619_LJNFLUMT_SXKPVCFE_0_57,94875619_LJNFLUMT_SXKPVCFE_0,OJHGYFGWWMSU,0
94875619_LJNFLUMT_SXKPVCFE_0_57,94875619_LJNFLUMT_SXKPVCFE_0,BFZDCRKSEZTR,94875619_LJNFLUMT_SXKPVCFE_0_57,94875619_LJNFLUMT_SXKPVCFE_0,WJEBJJJLQAEZ,0
94875619_LJNFLUMT_SXKPVCFE_0_58,94875619_LJNFLUMT_SXKPVCFE_0,BFZDCRKSEZTR,94875619_LJNFLUMT_SXKPVCFE_0_58,94875619_LJNFLUMT_SXKPVCFE_0,TAEEBOSPWECX,0
94875619_LJNFLUMT_SXKPVCFE_0_58,94875619_LJNFLUMT_SXKPVCFE_0,BFZDCRKSEZTR,94875619_LJNFLUMT_SXKPVCFE_0_58,94875619_LJNFLUMT_SXKPVCFE_0,OJHGYFGWWMSU,0
94875619_LJNFLUMT_SXKPVCFE_0_58,94875619_LJNFLUMT_SXKPVCFE_0,BFZDCRKSEZTR,94875619_LJNFLUMT_SXKPVCFE_0_58,94875619_LJNFLUMT_SXKPVCFE_0,WJEBJJJLQAEZ,0
94875619_LJNFLUMT_SXKPVCFE_0_59,94875619_LJNFLUMT_SXKPVCFE_0,BFZDCRKSEZTR,94875619_LJNFLUMT_SXKPVCFE_0_59,94875619_LJNFLUMT_SXKPVCFE_0,TAEEBOSPWECX,0
94875619_LJNFLUMT_SXKPVCFE_0_59,94875619_LJNFLUMT_SXKPVCFE_0,BFZDCRKSEZTR,94875619_LJNFLUMT_SXKPVCFE_0_59,94875619_LJNFLUMT_SXKPVCFE_0,OJHGYFGWWMSU,0
94875619_LJNFLUMT_SXKPVCFE_0_59,94875619_LJNFLUMT_SXKPVCFE_0,BFZDCRKSEZTR,94875619_LJNFLUMT_SXKPVCFE_0_59,94875619_LJNFLUMT_SXKPVCFE_0,WJEBJJJLQAEZ,0
94875619_LJNFLUMT_SXKPVCFE_0_60,94875619_LJNFLUMT_SXKPVCFE_0,BFZDCRKSEZTR,94875619_LJNFLUMT_SXKPVCFE_0_60,94875619_LJNFLUMT_SXKPVCFE_0,TAEEBOSPWECX,0
94875619_LJNFLUMT_SXKPVCFE_0_60,94875619_LJNFLUMT_SXKPVCFE_0,BFZDCRKSEZTR,94875619_LJNFLUMT_SXKPVCFE_0_60,94875619_LJNFLUMT_SXKPVCFE_0,OJHGYFGWWMSU,0
94875619_LJNFLUMT_SXKPVCFE_0_60,94875619_LJNFLUMT_SXKPVCFE_0,BFZDCRKSEZTR,94875619_LJNFLUMT_SXKPVCFE_0_60,94875619_LJNFLUMT_SXKPVCFE_0,WJEBJJJLQAEZ,0
94875619_LJNFLUMT_SXKPVCFE_0_61,94875619_LJNFLUMT_SXKPVCFE_0,BFZDCRKSEZTR,94875619_LJNFLUMT_SXKPVCFE_0_61,94875619_LJNFLUMT_SXKPVCFE_0,TAEEBOSPWECX,0
94875619_LJNFLUMT_SXKPVCFE_0_61,94875619_LJNFLUMT_SXKPVCFE_0,BFZDCRKSEZTR,94875619_LJNFLUMT_SXKPVCFE_0_61,94875619_LJNFLUMT_SXKPVCFE_0,OJHGYFGWWMSU,0
94875619_LJNFLUMT_SXKPVCFE_0_61,94875619_LJNFLUMT_SXKPVCFE_0,BFZDCRKSEZTR,94875619_LJNFLUMT_SXKPVCFE_0_61,94875619_LJNFLUMT_SXKPVCFE_0,WJEBJJJLQAEZ,0
94875619_LJNFLUMT_SXKPVCFE_0_62,94875619_LJNFLUMT_SXKPVCFE_0,BFZDCRKSEZTR,94875619_LJNFLUMT_SXKPVCFE_0_62,94875619_LJNFLUMT_SXKPVCFE_0,TAEEBOSPWECX,0
94875619_LJNFLUMT_SXKPVCFE_0_62,94875619_LJNFLUMT_SXKPVCFE_0,BFZDCRKSEZTR,94875619_LJNFLUMT_SXKPVCFE_0_62,94875619_LJNFLUMT_SXKPVCFE_0,OJHGYFGWWMSU,0
94875619_LJNFLUMT_SXKPVCFE_0_62,94875619_LJNFLUMT_SXKPVCFE_0,BFZDCRKSEZTR,94875619_LJNFLUMT_SXKPVCFE_0_62,94875619_LJNFLUMT_SXKPVCFE_0,WJEBJJJLQAEZ,0
94875619_LJNFLUMT_SXKPVCFE_0_63,94875619_LJNFLUMT_SXKPVCFE_0,BFZDCRKSEZTR,94875619_LJNFLUMT_SXKPVCFE_0_63,94875619_LJNFLUMT_SXKPVCFE_0,TAEEBOSPWECX,0
94875619_LJNFLUMT_SXKPVCFE_0_63,94875619_LJNFLUMT_SXKPVCFE_0,BFZDCRKSEZTR,94875619_LJNFLUMT_SXKPVCFE_0_63,94875619_LJNFLUMT_SXKPVCFE_0,OJHGYFGWWMSU,0
94875619_LJNFLUMT_SXKPVCFE_0_63,94875619_LJNFLUMT_SXKPVCFE_0,BFZDCRKSEZTR,94875619_LJNFLUMT_SXKPVCFE_0_63,94875619_LJNFLUMT_SXKPVCFE_0,WJEBJJJLQAEZ,0
94875619_LJNFLUMT_SXKPVCFE_0_64,94875619_LJNFLUMT_SXKPVCFE_0,BFZDCRKSEZTR,94875619_LJNFLUMT_SXKPVCFE_0_64,94875619_LJNFLUMT_SXKPVCFE_0,TAEEBOSPWECX,0
94875619_LJNFLUMT_SXKPVCFE_0_64,94875619_LJNFLUMT_SXKPVCFE_0,BFZDCRKSEZTR,94875619_LJNFLUMT_SXKPVCFE_0_64,94875619_LJNFLUMT_SXKPVCFE_0,OJHGYFGWWMSU,0
94875619_LJNFLUMT_SXKPVCFE_0_64,94875619_LJNFLUMT_SXKPVCFE_0,BFZDCRKSEZTR,94875619_LJNFLUMT_SXKPVCFE_0_64,94875619_LJNFLUMT_SXKPVCFE_0,WJEBJJJLQAEZ,0
94875619_LJNFLUMT_SXKPVCFE_0_65,94875619_LJNFLUMT_SXKPVCFE_0,BFZDCRKSEZTR,94875619_LJNFLUMT_SXKPVCFE_0_65,94875619_LJNFLUMT_SXKPVCFE_0,TAEEBOSPWECX,0
94875619_LJNFLUMT_SXKPVCFE_0_65,94875619_LJNFLUMT_SXKPVCFE_0,BFZDCRKSEZTR,94875619_LJNFLUMT_SXKPVCFE_0_65,94875619_LJNFLUMT_SXKPVCFE_0,OJHGYFGWWMSU,0
94875619_LJNFLUMT_SXKPVCFE_0_65,94875619_LJNFLUMT_SXKPVCFE_0,BFZDCRKSEZTR,94875619_LJNFLUMT_SXKPVCFE_0_65,94875619_LJNFLUMT_SXKPVCFE_0,WJEBJJJLQAEZ,0
94875619_LJNFLUMT_SXKPVCFE_0_66,94875619_LJNFLUMT_SXKPVCFE_0,BFZDCRKSEZTR,94875619_LJNFLUMT_SXKPVCFE_0_66,94875619_LJNFLUMT_SXKPVCFE_0,TAEEBOSPWECX,1
94875619_LJNFLUMT_SXKPVCFE_0_66,94875619_LJNFLUMT_SXKPVCFE_0,BFZDCRKSEZTR,94875619_LJNFLUMT_SXKPVCFE_0_66,94875619_LJNFLUMT_SXKPVCFE_0,WJEBJJJLQAEZ,0
94875619_LJNFLUMT_SXKPVCFE_0_67,94875619_LJNFLUMT_SXKPVCFE_0,BFZDCRKSEZTR,94875619_LJNFLUMT_SXKPVCFE_0_67,94875619_LJNFLUMT_SXKPVCFE_0,TAEEBOSPWECX,0
94875619_LJNFLUMT_SXKPVCFE_0_67,94875619_LJNFLUMT_SXKPVCFE_0,BFZDCRKSEZTR,94875619_LJNFLUMT_SXKPVCFE_0_67,94875619_LJNFLUMT_SXKPVCFE_0,OJHGYFGWWMSU,0
94875619_LJNFLUMT_SXKPVCFE_0_67,94875619_LJNFLUMT_SXKPVCFE_0,BFZDCRKSEZTR,94875619_LJNFLUMT_SXKPVCFE_0_67,94875619_LJNFLUMT_SXKPVCFE_0,WJEBJJJLQAEZ,0
94875619_LJNFLUMT_SXKPVCFE_0_0,94875619_LJNFLUMT_SXKPVCFE_0,TAEEBOSPWECX,94875619_LJNFLUMT_SXKPVCFE_0_0,94875619_LJNFLUMT_SXKPVCFE_0,OJHGYFGWWMSU,0
94875619_LJNFLUMT_SXKPVCFE_0_1,94875619_LJNFLUMT_SXKPVCFE_0,TAEEBOSPWECX,94875619_LJNFLUMT_SXKPVCFE_0_1,94875619_LJNFLUMT_SXKPVCFE_0,OJHGYFGWWMSU,0
94875619_LJNFLUMT_SXKPVCFE_0_1,94875619_LJNFLUMT_SXKPVCFE_0,TAEEBOSPWECX,94875619_LJNFLUMT_SXKPVCFE_0_1,94875619_LJNFLUMT_SXKPVCFE_0,WJEBJJJLQAEZ,0
94875619_LJNFLUMT_SXKPVCFE_0_2,94875619_LJNFLUMT_SXKPVCFE_0,TAEEBOSPWECX,94875619_LJNFLUMT_SXKPVCFE_0_2,94875619_LJNFLUMT_SXKPVCFE_0,OJHGYFGWWMSU,0
94875619_LJNFLUMT_SXKPVCFE_0_2,94875619_LJNFLUMT_SXKPVCFE_0,TAEEBOSPWECX,94875619_LJNFLUMT_SXKPVCFE_0_2,94875619_LJNFLUMT_SXKPVCFE_0,WJEBJJJLQAEZ,1
94875619_LJNFLUMT_SXKPVCFE_0_3,94875619_LJNFLUMT_SXKPVCFE_0,TAEEBOSPWECX,94875619_LJNFLUMT_SXKPVCFE_0_3,94875619_LJNFLUMT_SXKPVCFE_0,OJHGYFGWWMSU,0
94875619_LJNFLUMT_SXKPVCFE_0_3,94875619_LJNFLUMT_SXKPVCFE_0,TAEEBOSPWECX,94875619_LJNFLUMT_SXKPVCFE_0_3,94875619_LJNFLUMT_SXKPVCFE_0,WJEBJJJLQAEZ,0
94875619_LJNFLUMT_SXKPVCFE_0_4,94875619_LJNFLUMT_SXKPVCFE_0,TAEEBOSPWECX,94875619_LJNFLUMT_SXKPVCFE_0_4,94875619_LJNFLUMT_SXKPVCFE_0,OJHGYFGWWMSU,0
94875619_LJNFLUMT_SXKPVCFE_0_4,94875619_LJNFLUMT_SXKPVCFE_0,TAEEBOSPWECX,94875619_LJNFLUMT_SXKPVCFE_0_4,94875619_LJNFLUMT_SXKPVCFE_0,WJEBJJJLQAEZ,0
94875619_LJNFLUMT_SXKPVCFE_0_5,94875619_LJNFLUMT_SXKPVCFE_0,TAEEBOSPWECX,94875619_LJNFLUMT_SXKPVCFE_0_5,94875619_LJNFLUMT_SXKPVCFE_0,OJHGYFGWWMSU,0
94875619_LJNFLUMT_SXKPVCFE_0_5,94875619_LJNFLUMT_SXKPVCFE_0,TAEEBOSPWECX,94875619_LJNFLUMT_SXKPVCFE_0_5,94875619_LJNFLUMT_SXKPVCFE_0,WJEBJJJLQAEZ,0
94875619_LJNFLUMT_SXKPVCFE_0_6,94875619_LJNFLUMT_SXKPVCFE_0,TAEEBOSPWECX,94875619_LJNFLUMT_SXKPVCFE_0_6,94875619_LJNFLUMT_SXKPVCFE_0,OJHGYFGWWMSU,0
94875619_LJNFLUMT_SXKPVCFE_0_7,94875619_LJNFLUMT_SXKPVCFE_0,TAEEBOSPWECX,94875619_LJNFLUMT_SXKPVCFE_0_7,94875619_LJNFLUMT_SXKPVCFE_0,OJHGYFGWWMSU,0
94875619_LJNFLUMT_SXKPVCFE_0_7,94875619_LJNFLUMT_SXKPVCFE_0,TAEEBOSPWECX,94875619_LJNFLUMT_SXKPVCFE_0_7,94875619_LJNFLUMT_SXKPVCFE_0,WJEBJJJLQAEZ,0
94875619_LJNFLUMT_SXKPVCFE_0_8,94875619_LJNFLUMT_SXKPVCFE_0,TAEEBOSPWECX,94875619_LJNFLUMT_SXKPVCFE_0_8,94875619_LJNFLUMT_SXKPVCFE_0,WJEBJJJLQAEZ,0
94875619_LJNFLUMT_SXKPVCFE_0_9,94875619_LJNFLUMT_SXKPVCFE_0,TAEEBOSPWECX,94875619_LJNFLUMT_SXKPVCFE_0_9,94875619_LJNFLUMT_SXKPVCFE_0,WJEBJJJLQAEZ,0
94875619_LJNFLUMT_SXKPVCFE_0_10,94875619_LJNFLUMT_SXKPVCFE_0,TAEEBOSPWECX,94875619_LJNFLUMT_SXKPVCFE_0_10,94875619_LJNFLUMT_SXKPVCFE_0,OJHGYFGWWMSU,0
94875619_LJNFLUMT_SXKPVCFE_0_10,94875619_LJNFLUMT_SXKPVCFE_0,TAEEBOSPWECX,94875619_LJNFLUMT_SXKPVCFE_0_10,94875619_LJNFLUMT_SXKPVCFE_0,WJEBJJJLQAEZ,0
94875619_LJNFLUMT_SXKPVCFE_0_11,94875619_LJNFLUMT_SXKPVCFE_0,TAEEBOSPWECX,94875619_LJNFLUMT_SXKPVCFE_0_11,94875619_LJNFLUMT_SXKPVCFE_0,OJHGYFGWWMSU,0
94875619_LJNFLUMT_SXKPVCFE_0_11,94875619_LJNFLUMT_SXKPVCFE_0,TAEEBOSPWECX,94875619_LJNFLUMT_SXKPVCFE_0_11,94875619_LJNFLUMT_SXKPVCFE_0,WJEBJJJLQAEZ,0
94875619_LJNFLUMT_SXKPVCFE_0_12,94875619_LJNFLUMT_SXKPVCFE_0,TAEEBOSPWECX,94875619_LJNFLUMT_SXKPVCFE_0_12,94875619_LJNFLUMT_SXKPVCFE_0,OJHGYFGWWMSU,0
94875619_LJNFLUMT_SXKPVCFE_0_12,94875619_LJNFLUMT_SXKPVCFE_0,TAEEBOSPWECX,94875619_LJNFLUMT_SXKPVCFE_0_12,94875619_LJNFLUMT_SXKPVCFE_0,WJEBJJJLQAEZ,0
94875619_LJNFLUMT_SXKPVCFE_0_13,94875619_LJNFLUMT_SXKPVCFE_0,TAEEBOSPWECX,94875619_LJNFLUMT_SXKPVCFE_0_13,94875619_LJNFLUMT_SXKPVCFE_0,OJHGYFGWWMSU,0
94875619_LJNFLUMT_SXKPVCFE_0_13,94875619_LJNFLUMT_SXKPVCFE_0,TAEEBOSPWECX,94875619_LJNFLUMT_SXKPVCFE_0_13,94875619_LJNFLUMT_SXKPVCFE_0,WJEBJJJLQAEZ,0
94875619_LJNFLUMT_SXKPVCFE_0_14,94875619_LJNFLUMT_SXKPVCFE_0,TAEEBOSPWECX,94875619_LJNFLUMT_SXKPVCFE_0_14,94875619_LJNFLUMT_SXKPVCFE_0,OJHGYFGWWMSU,0
94875619_LJNFLUMT_SXKPVCFE_0_14,94875619_LJNFLUMT_SXKPVCFE_0,TAEEBOSPWECX,94875619_LJNFLUMT_SXKPVCFE_0_14,94875619_LJNFLUMT_SXKPVCFE_0,WJEBJJJLQAEZ,0
94875619_LJNFLUMT_SXKPVCFE_0_15,94875619_LJNFLUMT_SXKPVCFE_0,TAEEBOSPWECX,94875619_LJNFLUMT_SXKPVCFE_0_15,94875619_LJNFLUMT_SXKPVCFE_0,OJHGYFGWWMSU,0
94875619_LJNFLUMT_SXKPVCFE_0_15,94875619_LJNFLUMT_SXKPVCFE_0,TAEEBOSPWECX,94875619_LJNFLUMT_SXKPVCFE_0_15,94875619_LJNFLUMT_SXKPVCFE_0,WJEBJJJLQAEZ,0
94875619_LJNFLUMT_SXKPVCFE_0_16,94875619_LJNFLUMT_SXKPVCFE_0,TAEEBOSPWECX,94875619_LJNFLUMT_SXKPVCFE_0_16,94875619_LJNFLUMT_SXKPVCFE_0,OJHGYFGWWMSU,0
94875619_LJNFLUMT_SXKPVCFE_0_16,94875619_LJNFLUMT_SXKPVCFE_0,TAEEBOSPWECX,94875619_LJNFLUMT_SXKPVCFE_0_16,94875619_LJNFLUMT_SXKPVCFE_0,WJEBJJJLQAEZ,0
94875619_LJNFLUMT_SXKPVCFE_0_17,94875619_LJNFLUMT_SXKPVCFE_0,TAEEBOSPWECX,94875619_LJNFLUMT_SXKPVCFE_0_17,94875619_LJNFLUMT_SXKPVCFE_0,OJHGYFGWWMSU,0
94875619_LJNFLUMT_SXKPVCFE_0_17,94875619_LJNFLUMT_SXKPVCFE_0,TAEEBOSPWECX,94875619_LJNFLUMT_SXKPVCFE_0_17,94875619_LJNFLUMT_SXKPVCFE_0,WJEBJJJLQAEZ,0
94875619_LJNFLUMT_SXKPVCFE_0_18,94875619_LJNFLUMT_SXKPVCFE_0,TAEEBOSPWECX,94875619_LJNFLUMT_SXKPVCFE_0_18,94875619_LJNFLUMT_SXKPVCFE_0,OJHGYFGWWMSU,0
94875619_LJNFLUMT_SXKPVCFE_0_18,94875619_LJNFLUMT_SXKPVCFE_0,TAEEBOSPWECX,94875619_LJNFLUMT_SXKPVCFE_0_18,94875619_LJNFLUMT_SXKPVCFE_0,WJEBJJJLQAEZ,0
94875619_LJNFLUMT_SXKPVCFE_0_19,94875619_LJNFLUMT_SXKPVCFE_0,TAEEBOSPWECX,94875619_LJNFLUMT_SXKPVCFE_0_19,94875619_LJNFLUMT_SXKPVCFE_0,OJHGYFGWWMSU,0
94875619_LJNFLUMT_SXKPVCFE_0_21,94875619_LJNFLUMT_SXKPVCFE_0,TAEEBOSPWECX,94875619_LJNFLUMT_SXKPVCFE_0_21,94875619_LJNFLUMT_SXKPVCFE_0,OJHGYFGWWMSU,0
94875619_LJNFLUMT_SXKPVCFE_0_21,94875619_LJNFLUMT_SXKPVCFE_0,TAEEBOSPWECX,94875619_LJNFLUMT_SXKPVCFE_0_21,94875619_LJNFLUMT_SXKPVCFE_0,WJEBJJJLQAEZ,0
94875619_LJNFLUMT_SXKPVCFE_0_22,94875619_LJNFLUMT_SXKPVCFE_0,TAEEBOSPWECX,94875619_LJNFLUMT_SXKPVCFE_0_22,94875619_LJNFLUMT_SXKPVCFE_0,WJEBJJJLQAEZ,0
94875619_LJNFLUMT_SXKPVCFE_0_23,94875619_LJNFLUMT_SXKPVCFE_0,TAEEBOSPWECX,94875619_LJNFLUMT_SXKPVCFE_0_23,94875619_LJNFLUMT_SXKPVCFE_0,OJHGYFGWWMSU,0
94875619_LJNFLUMT_SXKPVCFE_0_23,94875619_LJNFLUMT_SXKPVCFE_0,TAEEBOSPWECX,94875619_LJNFLUMT_SXKPVCFE_0_23,94875619_LJNFLUMT_SXKPVCFE_0,WJEBJJJLQAEZ,0
94875619_LJNFLUMT_SXKPVCFE_0_24,94875619_LJNFLUMT_SXKPVCFE_0,TAEEBOSPWECX,94875619_LJNFLUMT_SXKPVCFE_0_24,94875619_LJNFLUMT_SXKPVCFE_0,OJHGYFGWWMSU,0
94875619_LJNFLUMT_SXKPVCFE_0_24,94875619_LJNFLUMT_SXKPVCFE_0,TAEEBOSPWECX,94875619_LJNFLUMT_SXKPVCFE_0_24,94875619_LJNFLUMT_SXKPVCFE_0,WJEBJJJLQAEZ,1
94875619_LJNFLUMT_SXKPVCFE_0_26,94875619_LJNFLUMT_SXKPVCFE_0,TAEEBOSPWECX,94875619_LJNFLUMT_SXKPVCFE_0_26,94875619_LJNFLUMT_SXKPVCFE_0,OJHGYFGWWMSU,0
94875619_LJNFLUMT_SXKPVCFE_0_26,94875619_LJNFLUMT_SXKPVCFE_0,TAEEBOSPWECX,94875619_LJNFLUMT_SXKPVCFE_0_26,94875619_LJNFLUMT_SXKPVCFE_0,WJEBJJJLQAEZ,0
94875619_LJNFLUMT_SXKPVCFE_0_27,94875619_LJNFLUMT_SXKPVCFE_0,TAEEBOSPWECX,94875619_LJNFLUMT_SXKPVCFE_0_27,94875619_LJNFLUMT_SXKPVCFE_0,OJHGYFGWWMSU,0
94875619_LJNFLUMT_SXKPVCFE_0_27,94875619_LJNFLUMT_SXKPVCFE_0,TAEEBOSPWECX,94875619_LJNFLUMT_SXKPVCFE_0_27,94875619_LJNFLUMT_SXKPVCFE_0,WJEBJJJLQAEZ,0
94875619_LJNFLUMT_SXKPVCFE_0_28,94875619_LJNFLUMT_SXKPVCFE_0,TAEEBOSPWECX,94875619_LJNFLUMT_SXKPVCFE_0_28,94875619_LJNFLUMT_SXKPVCFE_0,OJHGYFGWWMSU,0
94875619_LJNFLUMT_SXKPVCFE_0_28,94875619_LJNFLUMT_SXKPVCFE_0,TAEEBOSPWECX,94875619_LJNFLUMT_SXKPVCFE_0_28,94875619_LJNFLUMT_SXKPVCFE_0,WJEBJJJLQAEZ,0
94875619_LJNFLUMT_SXKPVCFE_0_29,94875619_LJNFLUMT_SXKPVCFE_0,TAEEBOSPWECX,94875619_LJNFLUMT_SXKPVCFE_0_29,94875619_LJNFLUMT_SXKPVCFE_0,OJHGYFGWWMSU,0
94875619_LJNFLUMT_SXKPVCFE_0_29,94875619_LJNFLUMT_SXKPVCFE_0,TAEEBOSPWECX,94875619_LJNFLUMT_SXKPVCFE_0_29,94875619_LJNFLUMT_SXKPVCFE_0,WJEBJJJLQAEZ,0
94875619_LJNFLUMT_SXKPVCFE_0_30,94875619_LJNFLUMT_SXKPVCFE_0,TAEEBOSPWECX,94875619_LJNFLUMT_SXKPVCFE_0_30,94875619_LJNFLUMT_SXKPVCFE_0,OJHGYFGWWMSU,0
94875619_LJNFLUMT_SXKPVCFE_0_30,94875619_LJNFLUMT_SXKPVCFE_0,TAEEBOSPWECX,94875619_LJNFLUMT_SXKPVCFE_0_30,94875619_LJNFLUMT_SXKPVCFE_0,WJEBJJJLQAEZ,0
94875619_LJNFLUMT_SXKPVCFE_0_31,94875619_LJNFLUMT_SXKPVCFE_0,TAEEBOSPWECX,94875619_LJNFLUMT_SXKPVCFE_0_31,94875619_LJNFLUMT_SXKPVCFE_0,OJHGYFGWWMSU,0
94875619_LJNFLUMT_SXKPVCFE_0_31,94875619_LJNFLUMT_SXKPVCFE_0,TAEEBOSPWECX,94875619_LJNFLUMT_SXKPVCFE_0_31,94875619_LJNFLUMT_SXKPVCFE_0,WJEBJJJLQAEZ,0
94875619_LJNFLUMT_SXKPVCFE_0_32,94875619_LJNFLUMT_SXKPVCFE_0,TAEEBOSPWECX,94875619_LJNFLUMT_SXKPVCFE_0_32,94875619_LJNFLUMT_SXKPVCFE_0,OJHGYFGWWMSU,0
94875619_LJNFLUMT_SXKPVCFE_0_32,94875619_LJNFLUMT_SXKPVCFE_0,TAEEBOSPWECX,94875619_LJNFLUMT_SXKPVCFE_0_32,94875619_LJNFLUMT_SXKPVCFE_0,WJEBJJJLQAEZ,0
94875619_LJNFLUMT_SXKPVCFE_0_33,94875619_LJNFLUMT_SXKPVCFE_0,TAEEBOSPWECX,94875619_LJNFLUMT_SXKPVCFE_0_33,94875619_LJNFLUMT_SXKPVCFE_0,OJHGYFGWWMSU,0
94875619_LJNFLUMT_SXKPVCFE_0_33,94875619_LJNFLUMT_SXKPVCFE_0,TAEEBOSPWECX,94875619_LJNFLUMT_SXKPVCFE_0_33,94875619_LJNFLUMT_SXKPVCFE_0,WJEBJJJLQAEZ,0
94875619_LJNFLUMT_SXKPVCFE_0_34,94875619_LJNFLUMT_SXKPVCFE_0,TAEEBOSPWECX,94875619_LJNFLUMT_SXKPVCFE_0_34,94875619_LJNFLUMT_SXKPVCFE_0,OJHGYFGWWMSU,0
94875619_LJNFLUMT_SXKPVCFE_0_34,94875619_LJNFLUMT_SXKPVCFE_0,TAEEBOSPWECX,94875619_LJNFLUMT_SXKPVCFE_0_34,94875619_LJNFLUMT_SXKPVCFE_0,WJEBJJJLQAEZ,0
94875619_LJNFLUMT_SXKPVCFE_0_35,94875619_LJNFLUMT_SXKPVCFE_0,TAEEBOSPWECX,94875619_LJNFLUMT_SXKPVCFE_0_35,94875619_LJNFLUMT_SXKPVCFE_0,OJHGYFGWWMSU,0
94875619_LJNFLUMT_SXKPVCFE_0_35,94875619_LJNFLUMT_SXKPVCFE_0,TAEEBOSPWECX,94875619_LJNFLUMT_SXKPVCFE_0_35,94875619_LJNFLUMT_SXKPVCFE_0,WJEBJJJLQAEZ,0
94875619_LJNFLUMT_SXKPVCFE_0_36,94875619_LJNFLUMT_SXKPVCFE_0,TAEEBOSPWECX,94875619_LJNFLUMT_SXKPVCFE_0_36,94875619_LJNFLUMT_SXKPVCFE_0,OJHGYFGWWMSU,0
94875619_LJNFLUMT_SXKPVCFE_0_36,94875619_LJNFLUMT_SXKPVCFE_0,TAEEBOSPWECX,94875619_LJNFLUMT_SXKPVCFE_0_36,94875619_LJNFLUMT_SXKPVCFE_0,WJEBJJJLQAEZ,0
94875619_LJNFLUMT_SXKPVCFE_0_37,94875619_LJNFLUMT_SXKPVCFE_0,TAEEBOSPWECX,94875619_LJNFLUMT_SXKPVCFE_0_37,94875619_LJNFLUMT_SXKPVCFE_0,OJHGYFGWWMSU,0
94875619_LJNFLUMT_SXKPVCFE_0_37,94875619_LJNFLUMT_SXKPVCFE_0,TAEEBOSPWECX,94875619_LJNFLUMT_SXKPVCFE_0_37,94875619_LJNFLUMT_SXKPVCFE_0,WJEBJJJLQAEZ,0
94875619_LJNFLUMT_SXKPVCFE_0_38,94875619_LJNFLUMT_SXKPVCFE_0,TAEEBOSPWECX,94875619_LJNFLUMT_SXKPVCFE_0_38,94875619_LJNFLUMT_SXKPVCFE_0,OJHGYFGWWMSU,0
94875619_LJNFLUMT_SXKPVCFE_0_38,94875619_LJNFLUMT_SXKPVCFE_0,TAEEBOSPWECX,94875619_LJNFLUMT_SXKPVCFE_0_38,94875619_LJNFLUMT_SXKPVCFE_0,WJEBJJJLQAEZ,0
94875619_LJNFLUMT_SXKPVCFE_0_39,94875619_LJNFLUMT_SXKPVCFE_0,TAEEBOSPWECX,94875619_LJNFLUMT_SXKPVCFE_0_39,94875619_LJNFLUMT_SXKPVCFE_0,OJHGYFGWWMSU,0
94875619_LJNFLUMT_SXKPVCFE_0_39,94875619_LJNFLUMT_SXKPVCFE_0,TAEEBOSPWECX,94875619_LJNFLUMT_SXKPVCFE_0_39,94875619_LJNFLUMT_SXKPVCFE_0,WJEBJJJLQAEZ,0
94875619_LJNFLUMT_SXKPVCFE_0_40,94875619_LJNFLUMT_SXKPVCFE_0,TAEEBOSPWECX,94875619_LJNFLUMT_SXKPVCFE_0_40,94875619_LJNFLUMT_SXKPVCFE_0,OJHGYFGWWMSU,0
94875619_LJNFLUMT_SXKPVCFE_0_40,94875619_LJNFLUMT_SXKPVCFE_0,TAEEBOSPWECX,94875619_LJNFLUMT_SXKPVCFE_0_40,94875619_LJNFLUMT_SXKPVCFE_0,WJEBJJJLQAEZ,0
94875619_LJNFLUMT_SXKPVCFE_0_41,94875619_LJNFLUMT_SXKPVCFE_0,TAEEBOSPWECX,94875619_LJNFLUMT_SXKPVCFE_0_41,94875619_LJNFLUMT_SXKPVCFE_0,OJHGYFGWWMSU,0
94875619_LJNFLUMT_SXKPVCFE_0_41,94875619_LJNFLUMT_SXKPVCFE_0,TAEEBOSPWECX,94875619_LJNFLUMT_SXKPVCFE_0_41,94875619_LJNFLUMT_SXKPVCFE_0,WJEBJJJLQAEZ,0
94875619_LJNFLUMT_SXKPVCFE_0_42,94875619_LJNFLUMT_SXKPVCFE_0,TAEEBOSPWECX,94875619_LJNFLUMT_SXKPVCFE_0_42,94875619_LJNFLUMT_SXKPVCFE_0,OJHGYFGWWMSU,0
94875619_LJNFLUMT_SXKPVCFE_0_42,94875619_LJNFLUMT_SXKPVCFE_0,TAEEBOSPWECX,94875619_LJNFLUMT_SXKPVCFE_0_42,94875619_LJNFLUMT_SXKPVCFE_0,WJEBJJJLQAEZ,0
94875619_LJNFLUMT_SXKPVCFE_0_43,94875619_LJNFLUMT_SXKPVCFE_0,TAEEBOSPWECX,94875619_LJNFLUMT_SXKPVCFE_0_43,94875619_LJNFLUMT_SXKPVCFE_0,OJHGYFGWWMSU,0
94875619_LJNFLUMT_SXKPVCFE_0_43,94875619_LJNFLUMT_SXKPVCFE_0,TAEEBOSPWECX,94875619_LJNFLUMT_SXKPVCFE_0_43,94875619_LJNFLUMT_SXKPVCFE_0,WJEBJJJLQAEZ,0
94875619_LJNFLUMT_SXKPVCFE_0_45,94875619_LJNFLUMT_SXKPVCFE_0,TAEEBOSPWECX,94875619_LJNFLUMT_SXKPVCFE_0_45,94875619_LJNFLUMT_SXKPVCFE_0,OJHGYFGWWMSU,0
94875619_LJNFLUMT_SXKPVCFE_0_45,94875619_LJNFLUMT_SXKPVCFE_0,TAEEBOSPWECX,94875619_LJNFLUMT_SXKPVCFE_0_45,94875619_LJNFLUMT_SXKPVCFE_0,WJEBJJJLQAEZ,0
94875619_LJNFLUMT_SXKPVCFE_0_46,94875619_LJNFLUMT_SXKPVCFE_0,TAEEBOSPWECX,94875619_LJNFLUMT_SXKPVCFE_0_46,94875619_LJNFLUMT_SXKPVCFE_0,OJHGYFGWWMSU,0
94875619_LJNFLUMT_SXKPVCFE_0_47,94875619_LJNFLUMT_SXKPVCFE_0,TAEEBOSPWECX,94875619_LJNFLUMT_SXKPVCFE_0_47,94875619_LJNFLUMT_SXKPVCFE_0,OJHGYFGWWMSU,0
94875619_LJNFLUMT_SXKPVCFE_0_47,94875619_LJNFLUMT_SXKPVCFE_0,TAEEBOSPWECX,94875619_LJNFLUMT_SXKPVCFE_0_47,94875619_LJNFLUMT_SXKPVCFE_0,WJEBJJJLQAEZ,0
94875619_LJNFLUMT_SXKPVCFE_0_48,94875619_LJNFLUMT_SXKPVCFE_0,TAEEBOSPWECX,94875619_LJNFLUMT_SXKPVCFE_0_48,94875619_LJNFLUMT_SXKPVCFE_0,OJHGYFGWWMSU,0
94875619_LJNFLUMT_SXKPVCFE_0_48,94875619_LJNFLUMT_SXKPVCFE_0,TAEEBOSPWECX,94875619_LJNFLUMT_SXKPVCFE_0_48,94875619_LJNFLUMT_SXKPVCFE_0,WJEBJJJLQAEZ,0
94875619_LJNFLUMT_SXKPVCFE_0_49,94875619_LJNFLUMT_SXKPVCFE_0,TAEEBOSPWECX,94875619_LJNFLUMT_SXKPVCFE_0_49,94875619_LJNFLUMT_SXKPVCFE_0,OJHGYFGWWMSU,0
94875619_LJNFLUMT_SXKPVCFE_0_49,94875619_LJNFLUMT_SXKPVCFE_0,TAEEBOSPWECX,94875619_LJNFLUMT_SXKPVCFE_0_49,94875619_LJNFLUMT_SXKPVCFE_0,WJEBJJJLQAEZ,0
94875619_LJNFLUMT_SXKPVCFE_0_50,94875619_LJNFLUMT_SXKPVCFE_0,TAEEBOSPWECX,94875619_LJNFLUMT_SXKPVCFE_0_50,94875619_LJNFLUMT_SXKPVCFE_0,OJHGYFGWWMSU,0
94875619_LJNFLUMT_SXKPVCFE_0_50,94875619_LJNFLUMT_SXKPVCFE_0,TAEEBOSPWECX,94875619_LJNFLUMT_SXKPVCFE_0_50,94875619_LJNFLUMT_SXKPVCFE_0,WJEBJJJLQAEZ,0
94875619_LJNFLUMT_SXKPVCFE_0_51,94875619_LJNFLUMT_SXKPVCFE_0,TAEEBOSPWECX,94875619_LJNFLUMT_SXKPVCFE_0_51,94875619_LJNFLUMT_SXKPVCFE_0,OJHGYFGWWMSU,0
94875619_LJNFLUMT_SXKPVCFE_0_51,94875619_LJNFLUMT_SXKPVCFE_0,TAEEBOSPWECX,94875619_LJNFLUMT_SXKPVCFE_0_51,94875619_LJNFLUMT_SXKPVCFE_0,WJEBJJJLQAEZ,0
94875619_LJNFLUMT_SXKPVCFE_0_52,94875619_LJNFLUMT_SXKPVCFE_0,TAEEBOSPWECX,94875619_LJNFLUMT_SXKPVCFE_0_52,94875619_LJNFLUMT_SXKPVCFE_0,OJHGYFGWWMSU,0
94875619_LJNFLUMT_SXKPVCFE_0_52,94875619_LJNFLUMT_SXKPVCFE_0,TAEEBOSPWECX,94875619_LJNFLUMT_SXKPVCFE_0_52,94875619_LJNFLUMT_SXKPVCFE_0,WJEBJJJLQAEZ,0
94875619_LJNFLUMT_SXKPVCFE_0_53,94875619_LJNFLUMT_SXKPVCFE_0,TAEEBOSPWECX,94875619_LJNFLUMT_SXKPVCFE_0_53,94875619_LJNFLUMT_SXKPVCFE_0,WJEBJJJLQAEZ,0
94875619_LJNFLUMT_SXKPVCFE_0_54,94875619_LJNFLUMT_SXKPVCFE_0,TAEEBOSPWECX,94875619_LJNFLUMT_SXKPVCFE_0_54,94875619_LJNFLUMT_SXKPVCFE_0,OJHGYFGWWMSU,0
94875619_LJNFLUMT_SXKPVCFE_0_55,94875619_LJNFLUMT_SXKPVCFE_0,TAEEBOSPWECX,94875619_LJNFLUMT_SXKPVCFE_0_55,94875619_LJNFLUMT_SXKPVCFE_0,OJHGYFGWWMSU,0
94875619_LJNFLUMT_SXKPVCFE_0_55,94875619_LJNFLUMT_SXKPVCFE_0,TAEEBOSPWECX,94875619_LJNFLUMT_SXKPVCFE_0_55,94875619_LJNFLUMT_SXKPVCFE_0,WJEBJJJLQAEZ,0
94875619_LJNFLUMT_SXKPVCFE_0_56,94875619_LJNFLUMT_SXKPVCFE_0,TAEEBOSPWECX,94875619_LJNFLUMT_SXKPVCFE_0_56,94875619_LJNFLUMT_SXKPVCFE_0,OJHGYFGWWMSU,0
94875619_LJNFLUMT_SXKPVCFE_0_56,94875619_LJNFLUMT_SXKPVCFE_0,TAEEBOSPWECX,94875619_LJNFLUMT_SXKPVCFE_0_56,94875619_LJNFLUMT_SXKPVCFE_0,WJEBJJJLQAEZ,0
94875619_LJNFLUMT_SXKPVCFE_0_57,94875619_LJNFLUMT_SXKPVCFE_0,TAEEBOSPWECX,94875619_LJNFLUMT_SXKPVCFE_0_57,94875619_LJNFLUMT_SXKPVCFE_0,OJHGYFGWWMSU,0
94875619_LJNFLUMT_SXKPVCFE_0_57,94875619_LJNFLUMT_SXKPVCFE_0,TAEEBOSPWECX,94875619_LJNFLUMT_SXKPVCFE_0_57,94875619_LJNFLUMT_SXKPVCFE_0,WJEBJJJLQAEZ,0
94875619_LJNFLUMT_SXKPVCFE_0_58,94875619_LJNFLUMT_SXKPVCFE_0,TAEEBOSPWECX,94875619_LJNFLUMT_SXKPVCFE_0_58,94875619_LJNFLUMT_SXKPVCFE_0,OJHGYFGWWMSU,0
94875619_LJNFLUMT_SXKPVCFE_0_58,94875619_LJNFLUMT_SXKPVCFE_0,TAEEBOSPWECX,94875619_LJNFLUMT_SXKPVCFE_0_58,94875619_LJNFLUMT_SXKPVCFE_0,WJEBJJJLQAEZ,0
94875619_LJNFLUMT_SXKPVCFE_0_59,94875619_LJNFLUMT_SXKPVCFE_0,TAEEBOSPWECX,94875619_LJNFLUMT_SXKPVCFE_0_59,94875619_LJNFLUMT_SXKPVCFE_0,OJHGYFGWWMSU,0
94875619_LJNFLUMT_SXKPVCFE_0_59,94875619_LJNFLUMT_SXKPVCFE_0,TAEEBOSPWECX,94875619_LJNFLUMT_SXKPVCFE_0_59,94875619_LJNFLUMT_SXKPVCFE_0,WJEBJJJLQAEZ,0
94875619_LJNFLUMT_SXKPVCFE_0_60,94875619_LJNFLUMT_SXKPVCFE_0,TAEEBOSPWECX,94875619_LJNFLUMT_SXKPVCFE_0_60,94875619_LJNFLUMT_SXKPVCFE_0,OJHGYFGWWMSU,0
94875619_LJNFLUMT_SXKPVCFE_0_60,94875619_LJNFLUMT_SXKPVCFE_0,TAEEBOSPWECX,94875619_LJNFLUMT_SXKPVCFE_0_60,94875619_LJNFLUMT_SXKPVCFE_0,WJEBJJJLQAEZ,0
94875619_LJNFLUMT_SXKPVCFE_0_61,94875619_LJNFLUMT_SXKPVCFE_0,TAEEBOSPWECX,94875619_LJNFLUMT_SXKPVCFE_0_61,94875619_LJNFLUMT_SXKPVCFE_0,OJHGYFGWWMSU,0
94875619_LJNFLUMT_SXKPVCFE_0_61,94875619_LJNFLUMT_SXKPVCFE_0,TAEEBOSPWECX,94875619_LJNFLUMT_SXKPVCFE_0_61,94875619_LJNFLUMT_SXKPVCFE_0,WJEBJJJLQAEZ,0
94875619_LJNFLUMT_SXKPVCFE_0_62,94875619_LJNFLUMT_SXKPVCFE_0,TAEEBOSPWECX,94875619_LJNFLUMT_SXKPVCFE_0_62,94875619_LJNFLUMT_SXKPVCFE_0,OJHGYFGWWMSU,0
94875619_LJNFLUMT_SXKPVCFE_0_62,94875619_LJNFLUMT_SXKPVCFE_0,TAEEBOSPWECX,94875619_LJNFLUMT_SXKPVCFE_0_62,94875619_LJNFLUMT_SXKPVCFE_0,WJEBJJJLQAEZ,0
94875619_LJNFLUMT_SXKPVCFE_0_63,94875619_LJNFLUMT_SXKPVCFE_0,TAEEBOSPWECX,94875619_LJNFLUMT_SXKPVCFE_0_63,94875619_LJNFLUMT_SXKPVCFE_0,OJHGYFGWWMSU,0
94875619_LJNFLUMT_SXKPVCFE_0_63,94875619_LJNFLUMT_SXKPVCFE_0,TAEEBOSPWECX,94875619_LJNFLUMT_SXKPVCFE_0_63,94875619_LJNFLUMT_SXKPVCFE_0,WJEBJJJLQAEZ,0
94875619_LJNFLUMT_SXKPVCFE_0_64,94875619_LJNFLUMT_SXKPVCFE_0,TAEEBOSPWECX,94875619_LJNFLUMT_SXKPVCFE_0_64,94875619_LJNFLUMT_SXKPVCFE_0,OJHGYFGWWMSU,0
94875619_LJNFLUMT_SXKPVCFE_0_64,94875619_LJNFLUMT_SXKPVCFE_0,TAEEBOSPWECX,94875619_LJNFLUMT_SXKPVCFE_0_64,94875619_LJNFLUMT_SXKPVCFE_0,WJEBJJJLQAEZ,0
94875619_LJNFLUMT_SXKPVCFE_0_65,94875619_LJNFLUMT_SXKPVCFE_0,TAEEBOSPWECX,94875619_LJNFLUMT_SXKPVCFE_0_65,94875619_LJNFLUMT_SXKPVCFE_0,OJHGYFGWWMSU,0
94875619_LJNFLUMT_SXKPVCFE_0_65,94875619_LJNFLUMT_SXKPVCFE_0,TAEEBOSPWECX,94875619_LJNFLUMT_SXKPVCFE_0_65,94875619_LJNFLUMT_SXKPVCFE_0,WJEBJJJLQAEZ,0
94875619_LJNFLUMT_SXKPVCFE_0_66,94875619_LJNFLUMT_SXKPVCFE_0,TAEEBOSPWECX,94875619_LJNFLUMT_SXKPVCFE_0_66,94875619_LJNFLUMT_SXKPVCFE_0,WJEBJJJLQAEZ,0
94875619_LJNFLUMT_SXKPVCFE_0_67,94875619_LJNFLUMT_SXKPVCFE_0,TAEEBOSPWECX,94875619_LJNFLUMT_SXKPVCFE_0_67,94875619_LJNFLUMT_SXKPVCFE_0,OJHGYFGWWMSU,0
94875619_LJNFLUMT_SXKPVCFE_0_67,94875619_LJNFLUMT_SXKPVCFE_0,TAEEBOSPWECX,94875619_LJNFLUMT_SXKPVCFE_0_67,94875619_LJNFLUMT_SXKPVCFE_0,WJEBJJJLQAEZ,0
94875619_LJNFLUMT_SXKPVCFE_0_1,94875619_LJNFLUMT_SXKPVCFE_0,OJHGYFGWWMSU,94875619_LJNFLUMT_SXKPVCFE_0_1,94875619_LJNFLUMT_SXKPVCFE_0,WJEBJJJLQAEZ,0
94875619_LJNFLUMT_SXKPVCFE_0_2,94875619_LJNFLUMT_SXKPVCFE_0,OJHGYFGWWMSU,94875619_LJNFLUMT_SXKPVCFE_0_2,94875619_LJNFLUMT_SXKPVCFE_0,WJEBJJJLQAEZ,0
94875619_LJNFLUMT_SXKPVCFE_0_3,94875619_LJNFLUMT_SXKPVCFE_0,OJHGYFGWWMSU,94875619_LJNFLUMT_SXKPVCFE_0_3,94875619_LJNFLUMT_SXKPVCFE_0,WJEBJJJLQAEZ,0
94875619_LJNFLUMT_SXKPVCFE_0_4,94875619_LJNFLUMT_SXKPVCFE_0,OJHGYFGWWMSU,94875619_LJNFLUMT_SXKPVCFE_0_4,94875619_LJNFLUMT_SXKPVCFE_0,WJEBJJJLQAEZ,0
94875619_LJNFLUMT_SXKPVCFE_0_5,94875619_LJNFLUMT_SXKPVCFE_0,OJHGYFGWWMSU,94875619_LJNFLUMT_SXKPVCFE_0_5,94875619_LJNFLUMT_SXKPVCFE_0,WJEBJJJLQAEZ,0
94875619_LJNFLUMT_SXKPVCFE_0_7,94875619_LJNFLUMT_SXKPVCFE_0,OJHGYFGWWMSU,94875619_LJNFLUMT_SXKPVCFE_0_7,94875619_LJNFLUMT_SXKPVCFE_0,WJEBJJJLQAEZ,0
94875619_LJNFLUMT_SXKPVCFE_0_10,94875619_LJNFLUMT_SXKPVCFE_0,OJHGYFGWWMSU,94875619_LJNFLUMT_SXKPVCFE_0_10,94875619_LJNFLUMT_SXKPVCFE_0,WJEBJJJLQAEZ,0
94875619_LJNFLUMT_SXKPVCFE_0_11,94875619_LJNFLUMT_SXKPVCFE_0,OJHGYFGWWMSU,94875619_LJNFLUMT_SXKPVCFE_0_11,94875619_LJNFLUMT_SXKPVCFE_0,WJEBJJJLQAEZ,0
94875619_LJNFLUMT_SXKPVCFE_0_12,94875619_LJNFLUMT_SXKPVCFE_0,OJHGYFGWWMSU,94875619_LJNFLUMT_SXKPVCFE_0_12,94875619_LJNFLUMT_SXKPVCFE_0,WJEBJJJLQAEZ,0
94875619_LJNFLUMT_SXKPVCFE_0_13,94875619_LJNFLUMT_SXKPVCFE_0,OJHGYFGWWMSU,94875619_LJNFLUMT_SXKPVCFE_0_13,94875619_LJNFLUMT_SXKPVCFE_0,WJEBJJJLQAEZ,0
94875619_LJNFLUMT_SXKPVCFE_0_14,94875619_LJNFLUMT_SXKPVCFE_0,OJHGYFGWWMSU,94875619_LJNFLUMT_SXKPVCFE_0_14,94875619_LJNFLUMT_SXKPVCFE_0,WJEBJJJLQAEZ,0
94875619_LJNFLUMT_SXKPVCFE_0_15,94875619_LJNFLUMT_SXKPVCFE_0,OJHGYFGWWMSU,94875619_LJNFLUMT_SXKPVCFE_0_15,94875619_LJNFLUMT_SXKPVCFE_0,WJEBJJJLQAEZ,0
94875619_LJNFLUMT_SXKPVCFE_0_16,94875619_LJNFLUMT_SXKPVCFE_0,OJHGYFGWWMSU,94875619_LJNFLUMT_SXKPVCFE_0_16,94875619_LJNFLUMT_SXKPVCFE_0,WJEBJJJLQAEZ,0
94875619_LJNFLUMT_SXKPVCFE_0_17,94875619_LJNFLUMT_SXKPVCFE_0,OJHGYFGWWMSU,94875619_LJNFLUMT_SXKPVCFE_0_17,94875619_LJNFLUMT_SXKPVCFE_0,WJEBJJJLQAEZ,0
94875619_LJNFLUMT_SXKPVCFE_0_18,94875619_LJNFLUMT_SXKPVCFE_0,OJHGYFGWWMSU,94875619_LJNFLUMT_SXKPVCFE_0_18,94875619_LJNFLUMT_SXKPVCFE_0,WJEBJJJLQAEZ,0
94875619_LJNFLUMT_SXKPVCFE_0_21,94875619_LJNFLUMT_SXKPVCFE_0,OJHGYFGWWMSU,94875619_LJNFLUMT_SXKPVCFE_0_21,94875619_LJNFLUMT_SXKPVCFE_0,WJEBJJJLQAEZ,0
94875619_LJNFLUMT_SXKPVCFE_0_23,94875619_LJNFLUMT_SXKPVCFE_0,OJHGYFGWWMSU,94875619_LJNFLUMT_SXKPVCFE_0_23,94875619_LJNFLUMT_SXKPVCFE_0,WJEBJJJLQAEZ,0
94875619_LJNFLUMT_SXKPVCFE_0_24,94875619_LJNFLUMT_SXKPVCFE_0,OJHGYFGWWMSU,94875619_LJNFLUMT_SXKPVCFE_0_24,94875619_LJNFLUMT_SXKPVCFE_0,WJEBJJJLQAEZ,0
94875619_LJNFLUMT_SXKPVCFE_0_25,94875619_LJNFLUMT_SXKPVCFE_0,OJHGYFGWWMSU,94875619_LJNFLUMT_SXKPVCFE_0_25,94875619_LJNFLUMT_SXKPVCFE_0,WJEBJJJLQAEZ,0
94875619_LJNFLUMT_SXKPVCFE_0_26,94875619_LJNFLUMT_SXKPVCFE_0,OJHGYFGWWMSU,94875619_LJNFLUMT_SXKPVCFE_0_26,94875619_LJNFLUMT_SXKPVCFE_0,WJEBJJJLQAEZ,0
94875619_LJNFLUMT_SXKPVCFE_0_27,94875619_LJNFLUMT_SXKPVCFE_0,OJHGYFGWWMSU,94875619_LJNFLUMT_SXKPVCFE_0_27,94875619_LJNFLUMT_SXKPVCFE_0,WJEBJJJLQAEZ,0
94875619_LJNFLUMT_SXKPVCFE_0_28,94875619_LJNFLUMT_SXKPVCFE_0,OJHGYFGWWMSU,94875619_LJNFLUMT_SXKPVCFE_0_28,94875619_LJNFLUMT_SXKPVCFE_0,WJEBJJJLQAEZ,0
94875619_LJNFLUMT_SXKPVCFE_0_29,94875619_LJNFLUMT_SXKPVCFE_0,OJHGYFGWWMSU,94875619_LJNFLUMT_SXKPVCFE_0_29,94875619_LJNFLUMT_SXKPVCFE_0,WJEBJJJLQAEZ,0
94875619_LJNFLUMT_SXKPVCFE_0_30,94875619_LJNFLUMT_SXKPVCFE_0,OJHGYFGWWMSU,94875619_LJNFLUMT_SXKPVCFE_0_30,94875619_LJNFLUMT_SXKPVCFE_0,WJEBJJJLQAEZ,0
94875619_LJNFLUMT_SXKPVCFE_0_31,94875619_LJNFLUMT_SXKPVCFE_0,OJHGYFGWWMSU,94875619_LJNFLUMT_SXKPVCFE_0_31,94875619_LJNFLUMT_SXKPVCFE_0,WJEBJJJLQAEZ,0
94875619_LJNFLUMT_SXKPVCFE_0_32,94875619_LJNFLUMT_SXKPVCFE_0,OJHGYFGWWMSU,94875619_LJNFLUMT_SXKPVCFE_0_32,94875619_LJNFLUMT_SXKPVCFE_0,WJEBJJJLQAEZ,0
94875619_LJNFLUMT_SXKPVCFE_0_33,94875619_LJNFLUMT_SXKPVCFE_0,OJHGYFGWWMSU,94875619_LJNFLUMT_SXKPVCFE_0_33,94875619_LJNFLUMT_SXKPVCFE_0,WJEBJJJLQAEZ,0
94875619_LJNFLUMT_SXKPVCFE_0_34,94875619_LJNFLUMT_SXKPVCFE_0,OJHGYFGWWMSU,94875619_LJNFLUMT_SXKPVCFE_0_34,94875619_LJNFLUMT_SXKPVCFE_0,WJEBJJJLQAEZ,0
94875619_LJNFLUMT_SXKPVCFE_0_35,94875619_LJNFLUMT_SXKPVCFE_0,OJHGYFGWWMSU,94875619_LJNFLUMT_SXKPVCFE_0_35,94875619_LJNFLUMT_SXKPVCFE_0,WJEBJJJLQAEZ,0
94875619_LJNFLUMT_SXKPVCFE_0_36,94875619_LJNFLUMT_SXKPVCFE_0,OJHGYFGWWMSU,94875619_LJNFLUMT_SXKPVCFE_0_36,94875619_LJNFLUMT_SXKPVCFE_0,WJEBJJJLQAEZ,0
94875619_LJNFLUMT_SXKPVCFE_0_37,94875619_LJNFLUMT_SXKPVCFE_0,OJHGYFGWWMSU,94875619_LJNFLUMT_SXKPVCFE_0_37,94875619_LJNFLUMT_SXKPVCFE_0,WJEBJJJLQAEZ,0
94875619_LJNFLUMT_SXKPVCFE_0_38,94875619_LJNFLUMT_SXKPVCFE_0,OJHGYFGWWMSU,94875619_LJNFLUMT_SXKPVCFE_0_38,94875619_LJNFLUMT_SXKPVCFE_0,WJEBJJJLQAEZ,0
94875619_LJNFLUMT_SXKPVCFE_0_39,94875619_LJNFLUMT_SXKPVCFE_0,OJHGYFGWWMSU,94875619_LJNFLUMT_SXKPVCFE_0_39,94875619_LJNFLUMT_SXKPVCFE_0,WJEBJJJLQAEZ,0
94875619_LJNFLUMT_SXKPVCFE_0_40,94875619_LJNFLUMT_SXKPVCFE_0,OJHGYFGWWMSU,94875619_LJNFLUMT_SXKPVCFE_0_40,94875619_LJNFLUMT_SXKPVCFE_0,WJEBJJJLQAEZ,0
94875619_LJNFLUMT_SXKPVCFE_0_41,94875619_LJNFLUMT_SXKPVCFE_0,OJHGYFGWWMSU,94875619_LJNFLUMT_SXKPVCFE_0_41,94875619_LJNFLUMT_SXKPVCFE_0,WJEBJJJLQAEZ,0
94875619_LJNFLUMT_SXKPVCFE_0_42,94875619_LJNFLUMT_SXKPVCFE_0,OJHGYFGWWMSU,94875619_LJNFLUMT_SXKPVCFE_0_42,94875619_LJNFLUMT_SXKPVCFE_0,WJEBJJJLQAEZ,0
94875619_LJNFLUMT_SXKPVCFE_0_43,94875619_LJNFLUMT_SXKPVCFE_0,OJHGYFGWWMSU,94875619_LJNFLUMT_SXKPVCFE_0_43,94875619_LJNFLUMT_SXKPVCFE_0,WJEBJJJLQAEZ,0
94875619_LJNFLUMT_SXKPVCFE_0_45,94875619_LJNFLUMT_SXKPVCFE_0,OJHGYFGWWMSU,94875619_LJNFLUMT_SXKPVCFE_0_45,94875619_LJNFLUMT_SXKPVCFE_0,WJEBJJJLQAEZ,0
94875619_LJNFLUMT_SXKPVCFE_0_47,94875619_LJNFLUMT_SXKPVCFE_0,OJHGYFGWWMSU,94875619_LJNFLUMT_SXKPVCFE_0_47,94875619_LJNFLUMT_SXKPVCFE_0,WJEBJJJLQAEZ,0
94875619_LJNFLUMT_SXKPVCFE_0_48,94875619_LJNFLUMT_SXKPVCFE_0,OJHGYFGWWMSU,94875619_LJNFLUMT_SXKPVCFE_0_48,94875619_LJNFLUMT_SXKPVCFE_0,WJEBJJJLQAEZ,0
94875619_LJNFLUMT_SXKPVCFE_0_49,94875619_LJNFLUMT_SXKPVCFE_0,OJHGYFGWWMSU,94875619_LJNFLUMT_SXKPVCFE_0_49,94875619_LJNFLUMT_SXKPVCFE_0,WJEBJJJLQAEZ,0
94875619_LJNFLUMT_SXKPVCFE_0_50,94875619_LJNFLUMT_SXKPVCFE_0,OJHGYFGWWMSU,94875619_LJNFLUMT_SXKPVCFE_0_50,94875619_LJNFLUMT_SXKPVCFE_0,WJEBJJJLQAEZ,0
94875619_LJNFLUMT_SXKPVCFE_0_51,94875619_LJNFLUMT_SXKPVCFE_0,OJHGYFGWWMSU,94875619_LJNFLUMT_SXKPVCFE_0_51,94875619_LJNFLUMT_SXKPVCFE_0,WJEBJJJLQAEZ,0
94875619_LJNFLUMT_SXKPVCFE_0_52,94875619_LJNFLUMT_SXKPVCFE_0,OJHGYFGWWMSU,94875619_LJNFLUMT_SXKPVCFE_0_52,94875619_LJNFLUMT_SXKPVCFE_0,WJEBJJJLQAEZ,0
94875619_LJNFLUMT_SXKPVCFE_0_55,94875619_LJNFLUMT_SXKPVCFE_0,OJHGYFGWWMSU,94875619_LJNFLUMT_SXKPVCFE_0_55,94875619_LJNFLUMT_SXKPVCFE_0,WJEBJJJLQAEZ,0
94875619_LJNFLUMT_SXKPVCFE_0_56,94875619_LJNFLUMT_SXKPVCFE_0,OJHGYFGWWMSU,94875619_LJNFLUMT_SXKPVCFE_0_56,94875619_LJNFLUMT_SXKPVCFE_0,WJEBJJJLQAEZ,0
94875619_LJNFLUMT_SXKPVCFE_0_57,94875619_LJNFLUMT_SXKPVCFE_0,OJHGYFGWWMSU,94875619_LJNFLUMT_SXKPVCFE_0_57,94875619_LJNFLUMT_SXKPVCFE_0,WJEBJJJLQAEZ,0
94875619_LJNFLUMT_SXKPVCFE_0_58,94875619_LJNFLUMT_SXKPVCFE_0,OJHGYFGWWMSU,94875619_LJNFLUMT_SXKPVCFE_0_58,94875619_LJNFLUMT_SXKPVCFE_0,WJEBJJJLQAEZ,0
94875619_LJNFLUMT_SXKPVCFE_0_59,94875619_LJNFLUMT_SXKPVCFE_0,OJHGYFGWWMSU,94875619_LJNFLUMT_SXKPVCFE_0_59,94875619_LJNFLUMT_SXKPVCFE_0,WJEBJJJLQAEZ,0
94875619_LJNFLUMT_SXKPVCFE_0_60,94875619_LJNFLUMT_SXKPVCFE_0,OJHGYFGWWMSU,94875619_LJNFLUMT_SXKPVCFE_0_60,94875619_LJNFLUMT_SXKPVCFE_0,WJEBJJJLQAEZ,0
94875619_LJNFLUMT_SXKPVCFE_0_61,94875619_LJNFLUMT_SXKPVCFE_0,OJHGYFGWWMSU,94875619_LJNFLUMT_SXKPVCFE_0_61,94875619_LJNFLUMT_SXKPVCFE_0,WJEBJJJLQAEZ,0
94875619_LJNFLUMT_SXKPVCFE_0_62,94875619_LJNFLUMT_SXKPVCFE_0,OJHGYFGWWMSU,94875619_LJNFLUMT_SXKPVCFE_0_62,94875619_LJNFLUMT_SXKPVCFE_0,WJEBJJJLQAEZ,0
94875619_LJNFLUMT_SXKPVCFE_0_63,94875619_LJNFLUMT_SXKPVCFE_0,OJHGYFGWWMSU,94875619_LJNFLUMT_SXKPVCFE_0_63,94875619_LJNFLUMT_SXKPVCFE_0,WJEBJJJLQAEZ,0
94875619_LJNFLUMT_SXKPVCFE_0_64,94875619_LJNFLUMT_SXKPVCFE_0,OJHGYFGWWMSU,94875619_LJNFLUMT_SXKPVCFE_0_64,94875619_LJNFLUMT_SXKPVCFE_0,WJEBJJJLQAEZ,0
94875619_LJNFLUMT_SXKPVCFE_0_65,94875619_LJNFLUMT_SXKPVCFE_0,OJHGYFGWWMSU,94875619_LJNFLUMT_SXKPVCFE_0_65,94875619_LJNFLUMT_SXKPVCFE_0,WJEBJJJLQAEZ,0
94875619_LJNFLUMT_SXKPVCFE_0_67,94875619_LJNFLUMT_SXKPVCFE_0,OJHGYFGWWMSU,94875619_LJNFLUMT_SXKPVCFE_0_67,94875619_LJNFLUMT_SXKPVCFE_0,WJEBJJJLQAEZ,0
89163258_LJNFLUMT_SWIOJTSM_0_0,89163258_LJNFLUMT_SWIOJTSM_0,LSWYCTGFLJKC,89163258_LJNFLUMT_SWIOJTSM_0_0,89163258_LJNFLUMT_SWIOJTSM_0,TDHWRNQJYQIT,0
89163258_LJNFLUMT_SWIOJTSM_0_0,89163258_LJNFLUMT_SWIOJTSM_0,LSWYCTGFLJKC,89163258_LJNFLUMT_SWIOJTSM_0_0,89163258_LJNFLUMT_SWIOJTSM_0,JNEIFZGZIPGP,0
89163258_LJNFLUMT_SWIOJTSM_0_1,89163258_LJNFLUMT_SWIOJTSM_0,LSWYCTGFLJKC,89163258_LJNFLUMT_SWIOJTSM_0_1,89163258_LJNFLUMT_SWIOJTSM_0,TDHWRNQJYQIT,0
89163258_LJNFLUMT_SWIOJTSM_0_1,89163258_LJNFLUMT_SWIOJTSM_0,LSWYCTGFLJKC,89163258_LJNFLUMT_SWIOJTSM_0_1,89163258_LJNFLUMT_SWIOJTSM_0,JNEIFZGZIPGP,0
89163258_LJNFLUMT_SWIOJTSM_0_2,89163258_LJNFLUMT_SWIOJTSM_0,LSWYCTGFLJKC,89163258_LJNFLUMT_SWIOJTSM_0_2,89163258_LJNFLUMT_SWIOJTSM_0,TDHWRNQJYQIT,0
89163258_LJNFLUMT_SWIOJTSM_0_2,89163258_LJNFLUMT_SWIOJTSM_0,LSWYCTGFLJKC,89163258_LJNFLUMT_SWIOJTSM_0_2,89163258_LJNFLUMT_SWIOJTSM_0,JNEIFZGZIPGP,0
89163258_LJNFLUMT_SWIOJTSM_0_3,89163258_LJNFLUMT_SWIOJTSM_0,LSWYCTGFLJKC,89163258_LJNFLUMT_SWIOJTSM_0_3,89163258_LJNFLUMT_SWIOJTSM_0,TDHWRNQJYQIT,0
89163258_LJNFLUMT_SWIOJTSM_0_3,89163258_LJNFLUMT_SWIOJTSM_0,LSWYCTGFLJKC,89163258_LJNFLUMT_SWIOJTSM_0_3,89163258_LJNFLUMT_SWIOJTSM_0,JNEIFZGZIPGP,0
89163258_LJNFLUMT_SWIOJTSM_0_4,89163258_LJNFLUMT_SWIOJTSM_0,LSWYCTGFLJKC,89163258_LJNFLUMT_SWIOJTSM_0_4,89163258_LJNFLUMT_SWIOJTSM_0,TDHWRNQJYQIT,0
89163258_LJNFLUMT_SWIOJTSM_0_4,89163258_LJNFLUMT_SWIOJTSM_0,LSWYCTGFLJKC,89163258_LJNFLUMT_SWIOJTSM_0_4,89163258_LJNFLUMT_SWIOJTSM_0,JNEIFZGZIPGP,0
89163258_LJNFLUMT_SWIOJTSM_0_5,89163258_LJNFLUMT_SWIOJTSM_0,LSWYCTGFLJKC,89163258_LJNFLUMT_SWIOJTSM_0_5,89163258_LJNFLUMT_SWIOJTSM_0,TDHWRNQJYQIT,0
89163258_LJNFLUMT_SWIOJTSM_0_5,89163258_LJNFLUMT_SWIOJTSM_0,LSWYCTGFLJKC,89163258_LJNFLUMT_SWIOJTSM_0_5,89163258_LJNFLUMT_SWIOJTSM_0,JNEIFZGZIPGP,0
89163258_LJNFLUMT_SWIOJTSM_0_6,89163258_LJNFLUMT_SWIOJTSM_0,LSWYCTGFLJKC,89163258_LJNFLUMT_SWIOJTSM_0_6,89163258_LJNFLUMT_SWIOJTSM_0,TDHWRNQJYQIT,0
89163258_LJNFLUMT_SWIOJTSM_0_6,89163258_LJNFLUMT_SWIOJTSM_0,LSWYCTGFLJKC,89163258_LJNFLUMT_SWIOJTSM_0_6,89163258_LJNFLUMT_SWIOJTSM_0,JNEIFZGZIPGP,0
89163258_LJNFLUMT_SWIOJTSM_0_7,89163258_LJNFLUMT_SWIOJTSM_0,LSWYCTGFLJKC,89163258_LJNFLUMT_SWIOJTSM_0_7,89163258_LJNFLUMT_SWIOJTSM_0,TDHWRNQJYQIT,0
89163258_LJNFLUMT_SWIOJTSM_0_7,89163258_LJNFLUMT_SWIOJTSM_0,LSWYCTGFLJKC,89163258_LJNFLUMT_SWIOJTSM_0_7,89163258_LJNFLUMT_SWIOJTSM_0,JNEIFZGZIPGP,0
89163258_LJNFLUMT_SWIOJTSM_0_8,89163258_LJNFLUMT_SWIOJTSM_0,LSWYCTGFLJKC,89163258_LJNFLUMT_SWIOJTSM_0_8,89163258_LJNFLUMT_SWIOJTSM_0,TDHWRNQJYQIT,0
89163258_LJNFLUMT_SWIOJTSM_0_8,89163258_LJNFLUMT_SWIOJTSM_0,LSWYCTGFLJKC,89163258_LJNFLUMT_SWIOJTSM_0_8,89163258_LJNFLUMT_SWIOJTSM_0,JNEIFZGZIPGP,0
89163258_LJNFLUMT_SWIOJTSM_0_9,89163258_LJNFLUMT_SWIOJTSM_0,LSWYCTGFLJKC,89163258_LJNFLUMT_SWIOJTSM_0_9,89163258_LJNFLUMT_SWIOJTSM_0,TDHWRNQJYQIT,0
89163258_LJNFLUMT_SWIOJTSM_0_9,89163258_LJNFLUMT_SWIOJTSM_0,LSWYCTGFLJKC,89163258_LJNFLUMT_SWIOJTSM_0_9,89163258_LJNFLUMT_SWIOJTSM_0,JNEIFZGZIPGP,0
89163258_LJNFLUMT_SWIOJTSM_0_11,89163258_LJNFLUMT_SWIOJTSM_0,LSWYCTGFLJKC,89163258_LJNFLUMT_SWIOJTSM_0_11,89163258_LJNFLUMT_SWIOJTSM_0,TDHWRNQJYQIT,0
89163258_LJNFLUMT_SWIOJTSM_0_11,89163258_LJNFLUMT_SWIOJTSM_0,LSWYCTGFLJKC,89163258_LJNFLUMT_SWIOJTSM_0_11,89163258_LJNFLUMT_SWIOJTSM_0,JNEIFZGZIPGP,0
89163258_LJNFLUMT_SWIOJTSM_0_12,89163258_LJNFLUMT_SWIOJTSM_0,LSWYCTGFLJKC,89163258_LJNFLUMT_SWIOJTSM_0_12,89163258_LJNFLUMT_SWIOJTSM_0,TDHWRNQJYQIT,0
89163258_LJNFLUMT_SWIOJTSM_0_12,89163258_LJNFLUMT_SWIOJTSM_0,LSWYCTGFLJKC,89163258_LJNFLUMT_SWIOJTSM_0_12,89163258_LJNFLUMT_SWIOJTSM_0,JNEIFZGZIPGP,0
89163258_LJNFLUMT_SWIOJTSM_0_13,89163258_LJNFLUMT_SWIOJTSM_0,LSWYCTGFLJKC,89163258_LJNFLUMT_SWIOJTSM_0_13,89163258_LJNFLUMT_SWIOJTSM_0,JNEIFZGZIPGP,0
89163258_LJNFLUMT_SWIOJTSM_0_14,89163258_LJNFLUMT_SWIOJTSM_0,LSWYCTGFLJKC,89163258_LJNFLUMT_SWIOJTSM_0_14,89163258_LJNFLUMT_SWIOJTSM_0,TDHWRNQJYQIT,0
89163258_LJNFLUMT_SWIOJTSM_0_14,89163258_LJNFLUMT_SWIOJTSM_0,LSWYCTGFLJKC,89163258_LJNFLUMT_SWIOJTSM_0_14,89163258_LJNFLUMT_SWIOJTSM_0,JNEIFZGZIPGP,0
89163258_LJNFLUMT_SWIOJTSM_0_0,89163258_LJNFLUMT_SWIOJTSM_0,TDHWRNQJYQIT,89163258_LJNFLUMT_SWIOJTSM_0_0,89163258_LJNFLUMT_SWIOJTSM_0,JNEIFZGZIPGP,0
89163258_LJNFLUMT_SWIOJTSM_0_1,89163258_LJNFLUMT_SWIOJTSM_0,TDHWRNQJYQIT,89163258_LJNFLUMT_SWIOJTSM_0_1,89163258_LJNFLUMT_SWIOJTSM_0,JNEIFZGZIPGP,0
89163258_LJNFLUMT_SWIOJTSM_0_2,89163258_LJNFLUMT_SWIOJTSM_0,TDHWRNQJYQIT,89163258_LJNFLUMT_SWIOJTSM_0_2,89163258_LJNFLUMT_SWIOJTSM_0,JNEIFZGZIPGP,0
89163258_LJNFLUMT_SWIOJTSM_0_3,89163258_LJNFLUMT_SWIOJTSM_0,TDHWRNQJYQIT,89163258_LJNFLUMT_SWIOJTSM_0_3,89163258_LJNFLUMT_SWIOJTSM_0,JNEIFZGZIPGP,0
89163258_LJNFLUMT_SWIOJTSM_0_4,89163258_LJNFLUMT_SWIOJTSM_0,TDHWRNQJYQIT,89163258_LJNFLUMT_SWIOJTSM_0_4,89163258_LJNFLUMT_SWIOJTSM_0,JNEIFZGZIPGP,0
89163258_LJNFLUMT_SWIOJTSM_0_5,89163258_LJNFLUMT_SWIOJTSM_0,TDHWRNQJYQIT,89163258_LJNFLUMT_SWIOJTSM_0_5,89163258_LJNFLUMT_SWIOJTSM_0,JNEIFZGZIPGP,0
89163258_LJNFLUMT_SWIOJTSM_0_6,89163258_LJNFLUMT_SWIOJTSM_0,TDHWRNQJYQIT,89163258_LJNFLUMT_SWIOJTSM_0_6,89163258_LJNFLUMT_SWIOJTSM_0,JNEIFZGZIPGP,0
89163258_LJNFLUMT_SWIOJTSM_0_7,89163258_LJNFLUMT_SWIOJTSM_0,TDHWRNQJYQIT,89163258_LJNFLUMT_SWIOJTSM_0_7,89163258_LJNFLUMT_SWIOJTSM_0,JNEIFZGZIPGP,0
89163258_LJNFLUMT_SWIOJTSM_0_8,89163258_LJNFLUMT_SWIOJTSM_0,TDHWRNQJYQIT,89163258_LJNFLUMT_SWIOJTSM_0_8,89163258_LJNFLUMT_SWIOJTSM_0,JNEIFZGZIPGP,0
89163258_LJNFLUMT_SWIOJTSM_0_9,89163258_LJNFLUMT_SWIOJTSM_0,TDHWRNQJYQIT,89163258_LJNFLUMT_SWIOJTSM_0_9,89163258_LJNFLUMT_SWIOJTSM_0,JNEIFZGZIPGP,0
89163258_LJNFLUMT_SWIOJTSM_0_10,89163258_LJNFLUMT_SWIOJTSM_0,TDHWRNQJYQIT,89163258_LJNFLUMT_SWIOJTSM_0_10,89163258_LJNFLUMT_SWIOJTSM_0,JNEIFZGZIPGP,0
89163258_LJNFLUMT_SWIOJTSM_0_11,89163258_LJNFLUMT_SWIOJTSM_0,TDHWRNQJYQIT,89163258_LJNFLUMT_SWIOJTSM_0_11,89163258_LJNFLUMT_SWIOJTSM_0,JNEIFZGZIPGP,0
89163258_LJNFLUMT_SWIOJTSM_0_12,89163258_LJNFLUMT_SWIOJTSM_0,TDHWRNQJYQIT,89163258_LJNFLUMT_SWIOJTSM_0_12,89163258_LJNFLUMT_SWIOJTSM_0,JNEIFZGZIPGP,0
89163258_LJNFLUMT_SWIOJTSM_0_14,89163258_LJNFLUMT_SWIOJTSM_0,TDHWRNQJYQIT,89163258_LJNFLUMT_SWIOJTSM_0_14,89163258_LJNFLUMT_SWIOJTSM_0,JNEIFZGZIPGP,0
89163258_LJNFLUMT_SWIOJTSM_0_15,89163258_LJNFLUMT_SWIOJTSM_0,TDHWRNQJYQIT,89163258_LJNFLUMT_SWIOJTSM_0_15,89163258_LJNFLUMT_SWIOJTSM_0,JNEIFZGZIPGP,0
91749847_SWIOJTSM_LJNFLUMT_0_0,91749847_SWIOJTSM_LJNFLUMT_0,YVYJVGCIZVXH,91749847_SWIOJTSM_LJNFLUMT_0_0,91749847_SWIOJTSM_LJNFLUMT_0,UGWBZWFWIUUH,0
91749847_SWIOJTSM_LJNFLUMT_0_0,91749847_SWIOJTSM_LJNFLUMT_0,YVYJVGCIZVXH,91749847_SWIOJTSM_LJNFLUMT_0_0,91749847_SWIOJTSM_LJNFLUMT_0,BYYGGCZKSJDS,0
91749847_SWIOJTSM_LJNFLUMT_0_1,91749847_SWIOJTSM_LJNFLUMT_0,YVYJVGCIZVXH,91749847_SWIOJTSM_LJNFLUMT_0_1,91749847_SWIOJTSM_LJNFLUMT_0,UGWBZWFWIUUH,0
91749847_SWIOJTSM_LJNFLUMT_0_1,91749847_SWIOJTSM_LJNFLUMT_0,YVYJVGCIZVXH,91749847_SWIOJTSM_LJNFLUMT_0_1,91749847_SWIOJTSM_LJNFLUMT_0,BYYGGCZKSJDS,0
91749847_SWIOJTSM_LJNFLUMT_0_2,91749847_SWIOJTSM_LJNFLUMT_0,YVYJVGCIZVXH,91749847_SWIOJTSM_LJNFLUMT_0_2,91749847_SWIOJTSM_LJNFLUMT_0,UGWBZWFWIUUH,0
91749847_SWIOJTSM_LJNFLUMT_0_2,91749847_SWIOJTSM_LJNFLUMT_0,YVYJVGCIZVXH,91749847_SWIOJTSM_LJNFLUMT_0_2,91749847_SWIOJTSM_LJNFLUMT_0,BYYGGCZKSJDS,0
91749847_SWIOJTSM_LJNFLUMT_0_4,91749847_SWIOJTSM_LJNFLUMT_0,YVYJVGCIZVXH,91749847_SWIOJTSM_LJNFLUMT_0_4,91749847_SWIOJTSM_LJNFLUMT_0,UGWBZWFWIUUH,0
91749847_SWIOJTSM_LJNFLUMT_0_5,91749847_SWIOJTSM_LJNFLUMT_0,YVYJVGCIZVXH,91749847_SWIOJTSM_LJNFLUMT_0_5,91749847_SWIOJTSM_LJNFLUMT_0,UGWBZWFWIUUH,0
91749847_SWIOJTSM_LJNFLUMT_0_5,91749847_SWIOJTSM_LJNFLUMT_0,YVYJVGCIZVXH,91749847_SWIOJTSM_LJNFLUMT_0_5,91749847_SWIOJTSM_LJNFLUMT_0,BYYGGCZKSJDS,0
91749847_SWIOJTSM_LJNFLUMT_0_6,91749847_SWIOJTSM_LJNFLUMT_0,YVYJVGCIZVXH,91749847_SWIOJTSM_LJNFLUMT_0_6,91749847_SWIOJTSM_LJNFLUMT_0,UGWBZWFWIUUH,0
91749847_SWIOJTSM_LJNFLUMT_0_6,91749847_SWIOJTSM_LJNFLUMT_0,YVYJVGCIZVXH,91749847_SWIOJTSM_LJNFLUMT_0_6,91749847_SWIOJTSM_LJNFLUMT_0,BYYGGCZKSJDS,0
91749847_SWIOJTSM_LJNFLUMT_0_7,91749847_SWIOJTSM_LJNFLUMT_0,YVYJVGCIZVXH,91749847_SWIOJTSM_LJNFLUMT_0_7,91749847_SWIOJTSM_LJNFLUMT_0,UGWBZWFWIUUH,0
91749847_SWIOJTSM_LJNFLUMT_0_7,91749847_SWIOJTSM_LJNFLUMT_0,YVYJVGCIZVXH,91749847_SWIOJTSM_LJNFLUMT_0_7,91749847_SWIOJTSM_LJNFLUMT_0,BYYGGCZKSJDS,0
91749847_SWIOJTSM_LJNFLUMT_0_8,91749847_SWIOJTSM_LJNFLUMT_0,YVYJVGCIZVXH,91749847_SWIOJTSM_LJNFLUMT_0_8,91749847_SWIOJTSM_LJNFLUMT_0,UGWBZWFWIUUH,0
91749847_SWIOJTSM_LJNFLUMT_0_8,91749847_SWIOJTSM_LJNFLUMT_0,YVYJVGCIZVXH,91749847_SWIOJTSM_LJNFLUMT_0_8,91749847_SWIOJTSM_LJNFLUMT_0,BYYGGCZKSJDS,1
91749847_SWIOJTSM_LJNFLUMT_0_9,91749847_SWIOJTSM_LJNFLUMT_0,YVYJVGCIZVXH,91749847_SWIOJTSM_LJNFLUMT_0_9,91749847_SWIOJTSM_LJNFLUMT_0,UGWBZWFWIUUH,0
91749847_SWIOJTSM_LJNFLUMT_0_9,91749847_SWIOJTSM_LJNFLUMT_0,YVYJVGCIZVXH,91749847_SWIOJTSM_LJNFLUMT_0_9,91749847_SWIOJTSM_LJNFLUMT_0,BYYGGCZKSJDS,0
91749847_SWIOJTSM_LJNFLUMT_0_10,91749847_SWIOJTSM_LJNFLUMT_0,YVYJVGCIZVXH,91749847_SWIOJTSM_LJNFLUMT_0_10,91749847_SWIOJTSM_LJNFLUMT_0,UGWBZWFWIUUH,0
91749847_SWIOJTSM_LJNFLUMT_0_11,91749847_SWIOJTSM_LJNFLUMT_0,YVYJVGCIZVXH,91749847_SWIOJTSM_LJNFLUMT_0_11,91749847_SWIOJTSM_LJNFLUMT_0,UGWBZWFWIUUH,0
91749847_SWIOJTSM_LJNFLUMT_0_11,91749847_SWIOJTSM_LJNFLUMT_0,YVYJVGCIZVXH,91749847_SWIOJTSM_LJNFLUMT_0_11,91749847_SWIOJTSM_LJNFLUMT_0,BYYGGCZKSJDS,0
91749847_SWIOJTSM_LJNFLUMT_0_12,91749847_SWIOJTSM_LJNFLUMT_0,YVYJVGCIZVXH,91749847_SWIOJTSM_LJNFLUMT_0_12,91749847_SWIOJTSM_LJNFLUMT_0,UGWBZWFWIUUH,0
91749847_SWIOJTSM_LJNFLUMT_0_12,91749847_SWIOJTSM_LJNFLUMT_0,YVYJVGCIZVXH,91749847_SWIOJTSM_LJNFLUMT_0_12,91749847_SWIOJTSM_LJNFLUMT_0,BYYGGCZKSJDS,0
91749847_SWIOJTSM_LJNFLUMT_0_13,91749847_SWIOJTSM_LJNFLUMT_0,YVYJVGCIZVXH,91749847_SWIOJTSM_LJNFLUMT_0_13,91749847_SWIOJTSM_LJNFLUMT_0,UGWBZWFWIUUH,0
91749847_SWIOJTSM_LJNFLUMT_0_13,91749847_SWIOJTSM_LJNFLUMT_0,YVYJVGCIZVXH,91749847_SWIOJTSM_LJNFLUMT_0_13,91749847_SWIOJTSM_LJNFLUMT_0,BYYGGCZKSJDS,0
91749847_SWIOJTSM_LJNFLUMT_0_14,91749847_SWIOJTSM_LJNFLUMT_0,YVYJVGCIZVXH,91749847_SWIOJTSM_LJNFLUMT_0_14,91749847_SWIOJTSM_LJNFLUMT_0,UGWBZWFWIUUH,0
91749847_SWIOJTSM_LJNFLUMT_0_14,91749847_SWIOJTSM_LJNFLUMT_0,YVYJVGCIZVXH,91749847_SWIOJTSM_LJNFLUMT_0_14,91749847_SWIOJTSM_LJNFLUMT_0,BYYGGCZKSJDS,0
91749847_SWIOJTSM_LJNFLUMT_0_0,91749847_SWIOJTSM_LJNFLUMT_0,UGWBZWFWIUUH,91749847_SWIOJTSM_LJNFLUMT_0_0,91749847_SWIOJTSM_LJNFLUMT_0,BYYGGCZKSJDS,0
91749847_SWIOJTSM_LJNFLUMT_0_1,91749847_SWIOJTSM_LJNFLUMT_0,UGWBZWFWIUUH,91749847_SWIOJTSM_LJNFLUMT_0_1,91749847_SWIOJTSM_LJNFLUMT_0,BYYGGCZKSJDS,0
91749847_SWIOJTSM_LJNFLUMT_0_2,91749847_SWIOJTSM_LJNFLUMT_0,UGWBZWFWIUUH,91749847_SWIOJTSM_LJNFLUMT_0_2,91749847_SWIOJTSM_LJNFLUMT_0,BYYGGCZKSJDS,0
91749847_SWIOJTSM_LJNFLUMT_0_5,91749847_SWIOJTSM_LJNFLUMT_0,UGWBZWFWIUUH,91749847_SWIOJTSM_LJNFLUMT_0_5,91749847_SWIOJTSM_LJNFLUMT_0,BYYGGCZKSJDS,0
91749847_SWIOJTSM_LJNFLUMT_0_6,91749847_SWIOJTSM_LJNFLUMT_0,UGWBZWFWIUUH,91749847_SWIOJTSM_LJNFLUMT_0_6,91749847_SWIOJTSM_LJNFLUMT_0,BYYGGCZKSJDS,0
91749847_SWIOJTSM_LJNFLUMT_0_7,91749847_SWIOJTSM_LJNFLUMT_0,UGWBZWFWIUUH,91749847_SWIOJTSM_LJNFLUMT_0_7,91749847_SWIOJTSM_LJNFLUMT_0,BYYGGCZKSJDS,0
91749847_SWIOJTSM_LJNFLUMT_0_8,91749847_SWIOJTSM_LJNFLUMT_0,UGWBZWFWIUUH,91749847_SWIOJTSM_LJNFLUMT_0_8,91749847_SWIOJTSM_LJNFLUMT_0,BYYGGCZKSJDS,0
91749847_SWIOJTSM_LJNFLUMT_0_9,91749847_SWIOJTSM_LJNFLUMT_0,UGWBZWFWIUUH,91749847_SWIOJTSM_LJNFLUMT_0_9,91749847_SWIOJTSM_LJNFLUMT_0,BYYGGCZKSJDS,0
91749847_SWIOJTSM_LJNFLUMT_0_11,91749847_SWIOJTSM_LJNFLUMT_0,UGWBZWFWIUUH,91749847_SWIOJTSM_LJNFLUMT_0_11,91749847_SWIOJTSM_LJNFLUMT_0,BYYGGCZKSJDS,0
91749847_SWIOJTSM_LJNFLUMT_0_12,91749847_SWIOJTSM_LJNFLUMT_0,UGWBZWFWIUUH,91749847_SWIOJTSM_LJNFLUMT_0_12,91749847_SWIOJTSM_LJNFLUMT_0,BYYGGCZKSJDS,0
91749847_SWIOJTSM_LJNFLUMT_0_13,91749847_SWIOJTSM_LJNFLUMT_0,UGWBZWFWIUUH,91749847_SWIOJTSM_LJNFLUMT_0_13,91749847_SWIOJTSM_LJNFLUMT_0,BYYGGCZKSJDS,0
91749847_SWIOJTSM_LJNFLUMT_0_14,91749847_SWIOJTSM_LJNFLUMT_0,UGWBZWFWIUUH,91749847_SWIOJTSM_LJNFLUMT_0_14,91749847_SWIOJTSM_LJNFLUMT_0,BYYGGCZKSJDS,0
86460038_FMGILWSR_VDDVRBSS_0_0,86460038_FMGILWSR_VDDVRBSS_0,KQPCPDGDKFGJ,86460038_FMGILWSR_VDDVRBSS_0_0,86460038_FMGILWSR_VDDVRBSS_0,UOCJMJBERCDS,0
86460038_FMGILWSR_VDDVRBSS_0_0,86460038_FMGILWSR_VDDVRBSS_0,KQPCPDGDKFGJ,86460038_FMGILWSR_VDDVRBSS_0_0,86460038_FMGILWSR_VDDVRBSS_0,UWQWLWMBVFYF,0
86460038_FMGILWSR_VDDVRBSS_0_1,86460038_FMGILWSR_VDDVRBSS_0,KQPCPDGDKFGJ,86460038_FMGILWSR_VDDVRBSS_0_1,86460038_FMGILWSR_VDDVRBSS_0,UOCJMJBERCDS,0
86460038_FMGILWSR_VDDVRBSS_0_1,86460038_FMGILWSR_VDDVRBSS_0,KQPCPDGDKFGJ,86460038_FMGILWSR_VDDVRBSS_0_1,86460038_FMGILWSR_VDDVRBSS_0,UWQWLWMBVFYF,0
86460038_FMGILWSR_VDDVRBSS_0_2,86460038_FMGILWSR_VDDVRBSS_0,KQPCPDGDKFGJ,86460038_FMGILWSR_VDDVRBSS_0_2,86460038_FMGILWSR_VDDVRBSS_0,UOCJMJBERCDS,0
86460038_FMGILWSR_VDDVRBSS_0_2,86460038_FMGILWSR_VDDVRBSS_0,KQPCPDGDKFGJ,86460038_FMGILWSR_VDDVRBSS_0_2,86460038_FMGILWSR_VDDVRBSS_0,UWQWLWMBVFYF,0
86460038_FMGILWSR_VDDVRBSS_0_3,86460038_FMGILWSR_VDDVRBSS_0,KQPCPDGDKFGJ,86460038_FMGILWSR_VDDVRBSS_0_3,86460038_FMGILWSR_VDDVRBSS_0,UOCJMJBERCDS,0
86460038_FMGILWSR_VDDVRBSS_0_3,86460038_FMGILWSR_VDDVRBSS_0,KQPCPDGDKFGJ,86460038_FMGILWSR_VDDVRBSS_0_3,86460038_FMGILWSR_VDDVRBSS_0,UWQWLWMBVFYF,0
86460038_FMGILWSR_VDDVRBSS_0_4,86460038_FMGILWSR_VDDVRBSS_0,KQPCPDGDKFGJ,86460038_FMGILWSR_VDDVRBSS_0_4,86460038_FMGILWSR_VDDVRBSS_0,UOCJMJBERCDS,0
86460038_FMGILWSR_VDDVRBSS_0_4,86460038_FMGILWSR_VDDVRBSS_0,KQPCPDGDKFGJ,86460038_FMGILWSR_VDDVRBSS_0_4,86460038_FMGILWSR_VDDVRBSS_0,UWQWLWMBVFYF,0
86460038_FMGILWSR_VDDVRBSS_0_5,86460038_FMGILWSR_VDDVRBSS_0,KQPCPDGDKFGJ,86460038_FMGILWSR_VDDVRBSS_0_5,86460038_FMGILWSR_VDDVRBSS_0,UOCJMJBERCDS,0
86460038_FMGILWSR_VDDVRBSS_0_5,86460038_FMGILWSR_VDDVRBSS_0,KQPCPDGDKFGJ,86460038_FMGILWSR_VDDVRBSS_0_5,86460038_FMGILWSR_VDDVRBSS_0,UWQWLWMBVFYF,0
86460038_FMGILWSR_VDDVRBSS_0_6,86460038_FMGILWSR_VDDVRBSS_0,KQPCPDGDKFGJ,86460038_FMGILWSR_VDDVRBSS_0_6,86460038_FMGILWSR_VDDVRBSS_0,UOCJMJBERCDS,0
86460038_FMGILWSR_VDDVRBSS_0_6,86460038_FMGILWSR_VDDVRBSS_0,KQPCPDGDKFGJ,86460038_FMGILWSR_VDDVRBSS_0_6,86460038_FMGILWSR_VDDVRBSS_0,UWQWLWMBVFYF,0
86460038_FMGILWSR_VDDVRBSS_0_7,86460038_FMGILWSR_VDDVRBSS_0,KQPCPDGDKFGJ,86460038_FMGILWSR_VDDVRBSS_0_7,86460038_FMGILWSR_VDDVRBSS_0,UOCJMJBERCDS,0
86460038_FMGILWSR_VDDVRBSS_0_7,86460038_FMGILWSR_VDDVRBSS_0,KQPCPDGDKFGJ,86460038_FMGILWSR_VDDVRBSS_0_7,86460038_FMGILWSR_VDDVRBSS_0,UWQWLWMBVFYF,0
86460038_FMGILWSR_VDDVRBSS_0_8,86460038_FMGILWSR_VDDVRBSS_0,KQPCPDGDKFGJ,86460038_FMGILWSR_VDDVRBSS_0_8,86460038_FMGILWSR_VDDVRBSS_0,UOCJMJBERCDS,0
86460038_FMGILWSR_VDDVRBSS_0_8,86460038_FMGILWSR_VDDVRBSS_0,KQPCPDGDKFGJ,86460038_FMGILWSR_VDDVRBSS_0_8,86460038_FMGILWSR_VDDVRBSS_0,UWQWLWMBVFYF,0
86460038_FMGILWSR_VDDVRBSS_0_9,86460038_FMGILWSR_VDDVRBSS_0,KQPCPDGDKFGJ,86460038_FMGILWSR_VDDVRBSS_0_9,86460038_FMGILWSR_VDDVRBSS_0,UOCJMJBERCDS,0
86460038_FMGILWSR_VDDVRBSS_0_9,86460038_FMGILWSR_VDDVRBSS_0,KQPCPDGDKFGJ,86460038_FMGILWSR_VDDVRBSS_0_9,86460038_FMGILWSR_VDDVRBSS_0,UWQWLWMBVFYF,0
86460038_FMGILWSR_VDDVRBSS_0_10,86460038_FMGILWSR_VDDVRBSS_0,KQPCPDGDKFGJ,86460038_FMGILWSR_VDDVRBSS_0_10,86460038_FMGILWSR_VDDVRBSS_0,UOCJMJBERCDS,0
86460038_FMGILWSR_VDDVRBSS_0_10,86460038_FMGILWSR_VDDVRBSS_0,KQPCPDGDKFGJ,86460038_FMGILWSR_VDDVRBSS_0_10,86460038_FMGILWSR_VDDVRBSS_0,UWQWLWMBVFYF,0
86460038_FMGILWSR_VDDVRBSS_0_11,86460038_FMGILWSR_VDDVRBSS_0,KQPCPDGDKFGJ,86460038_FMGILWSR_VDDVRBSS_0_11,86460038_FMGILWSR_VDDVRBSS_0,UOCJMJBERCDS,0
86460038_FMGILWSR_VDDVRBSS_0_11,86460038_FMGILWSR_VDDVRBSS_0,KQPCPDGDKFGJ,86460038_FMGILWSR_VDDVRBSS_0_11,86460038_FMGILWSR_VDDVRBSS_0,UWQWLWMBVFYF,0
86460038_FMGILWSR_VDDVRBSS_0_12,86460038_FMGILWSR_VDDVRBSS_0,KQPCPDGDKFGJ,86460038_FMGILWSR_VDDVRBSS_0_12,86460038_FMGILWSR_VDDVRBSS_0,UOCJMJBERCDS,0
86460038_FMGILWSR_VDDVRBSS_0_12,86460038_FMGILWSR_VDDVRBSS_0,KQPCPDGDKFGJ,86460038_FMGILWSR_VDDVRBSS_0_12,86460038_FMGILWSR_VDDVRBSS_0,UWQWLWMBVFYF,0
86460038_FMGILWSR_VDDVRBSS_0_15,86460038_FMGILWSR_VDDVRBSS_0,KQPCPDGDKFGJ,86460038_FMGILWSR_VDDVRBSS_0_15,86460038_FMGILWSR_VDDVRBSS_0,UOCJMJBERCDS,0
86460038_FMGILWSR_VDDVRBSS_0_15,86460038_FMGILWSR_VDDVRBSS_0,KQPCPDGDKFGJ,86460038_FMGILWSR_VDDVRBSS_0_15,86460038_FMGILWSR_VDDVRBSS_0,UWQWLWMBVFYF,0
86460038_FMGILWSR_VDDVRBSS_0_16,86460038_FMGILWSR_VDDVRBSS_0,KQPCPDGDKFGJ,86460038_FMGILWSR_VDDVRBSS_0_16,86460038_FMGILWSR_VDDVRBSS_0,UOCJMJBERCDS,0
86460038_FMGILWSR_VDDVRBSS_0_16,86460038_FMGILWSR_VDDVRBSS_0,KQPCPDGDKFGJ,86460038_FMGILWSR_VDDVRBSS_0_16,86460038_FMGILWSR_VDDVRBSS_0,UWQWLWMBVFYF,0
86460038_FMGILWSR_VDDVRBSS_0_18,86460038_FMGILWSR_VDDVRBSS_0,KQPCPDGDKFGJ,86460038_FMGILWSR_VDDVRBSS_0_18,86460038_FMGILWSR_VDDVRBSS_0,UOCJMJBERCDS,0
86460038_FMGILWSR_VDDVRBSS_0_18,86460038_FMGILWSR_VDDVRBSS_0,KQPCPDGDKFGJ,86460038_FMGILWSR_VDDVRBSS_0_18,86460038_FMGILWSR_VDDVRBSS_0,UWQWLWMBVFYF,0
86460038_FMGILWSR_VDDVRBSS_0_19,86460038_FMGILWSR_VDDVRBSS_0,KQPCPDGDKFGJ,86460038_FMGILWSR_VDDVRBSS_0_19,86460038_FMGILWSR_VDDVRBSS_0,UOCJMJBERCDS,0
86460038_FMGILWSR_VDDVRBSS_0_19,86460038_FMGILWSR_VDDVRBSS_0,KQPCPDGDKFGJ,86460038_FMGILWSR_VDDVRBSS_0_19,86460038_FMGILWSR_VDDVRBSS_0,UWQWLWMBVFYF,0
86460038_FMGILWSR_VDDVRBSS_0_20,86460038_FMGILWSR_VDDVRBSS_0,KQPCPDGDKFGJ,86460038_FMGILWSR_VDDVRBSS_0_20,86460038_FMGILWSR_VDDVRBSS_0,UOCJMJBERCDS,0
86460038_FMGILWSR_VDDVRBSS_0_20,86460038_FMGILWSR_VDDVRBSS_0,KQPCPDGDKFGJ,86460038_FMGILWSR_VDDVRBSS_0_20,86460038_FMGILWSR_VDDVRBSS_0,UWQWLWMBVFYF,0
86460038_FMGILWSR_VDDVRBSS_0_22,86460038_FMGILWSR_VDDVRBSS_0,KQPCPDGDKFGJ,86460038_FMGILWSR_VDDVRBSS_0_22,86460038_FMGILWSR_VDDVRBSS_0,UOCJMJBERCDS,0
86460038_FMGILWSR_VDDVRBSS_0_22,86460038_FMGILWSR_VDDVRBSS_0,KQPCPDGDKFGJ,86460038_FMGILWSR_VDDVRBSS_0_22,86460038_FMGILWSR_VDDVRBSS_0,UWQWLWMBVFYF,0
86460038_FMGILWSR_VDDVRBSS_0_0,86460038_FMGILWSR_VDDVRBSS_0,UOCJMJBERCDS,86460038_FMGILWSR_VDDVRBSS_0_0,86460038_FMGILWSR_VDDVRBSS_0,UWQWLWMBVFYF,0
86460038_FMGILWSR_VDDVRBSS_0_1,86460038_FMGILWSR_VDDVRBSS_0,UOCJMJBERCDS,86460038_FMGILWSR_VDDVRBSS_0_1,86460038_FMGILWSR_VDDVRBSS_0,UWQWLWMBVFYF,0
86460038_FMGILWSR_VDDVRBSS_0_2,86460038_FMGILWSR_VDDVRBSS_0,UOCJMJBERCDS,86460038_FMGILWSR_VDDVRBSS_0_2,86460038_FMGILWSR_VDDVRBSS_0,UWQWLWMBVFYF,0
86460038_FMGILWSR_VDDVRBSS_0_3,86460038_FMGILWSR_VDDVRBSS_0,UOCJMJBERCDS,86460038_FMGILWSR_VDDVRBSS_0_3,86460038_FMGILWSR_VDDVRBSS_0,UWQWLWMBVFYF,0
86460038_FMGILWSR_VDDVRBSS_0_4,86460038_FMGILWSR_VDDVRBSS_0,UOCJMJBERCDS,86460038_FMGILWSR_VDDVRBSS_0_4,86460038_FMGILWSR_VDDVRBSS_0,UWQWLWMBVFYF,0
86460038_FMGILWSR_VDDVRBSS_0_5,86460038_FMGILWSR_VDDVRBSS_0,UOCJMJBERCDS,86460038_FMGILWSR_VDDVRBSS_0_5,86460038_FMGILWSR_VDDVRBSS_0,UWQWLWMBVFYF,0
86460038_FMGILWSR_VDDVRBSS_0_6,86460038_FMGILWSR_VDDVRBSS_0,UOCJMJBERCDS,86460038_FMGILWSR_VDDVRBSS_0_6,86460038_FMGILWSR_VDDVRBSS_0,UWQWLWMBVFYF,0
86460038_FMGILWSR_VDDVRBSS_0_7,86460038_FMGILWSR_VDDVRBSS_0,UOCJMJBERCDS,86460038_FMGILWSR_VDDVRBSS_0_7,86460038_FMGILWSR_VDDVRBSS_0,UWQWLWMBVFYF,0
86460038_FMGILWSR_VDDVRBSS_0_8,86460038_FMGILWSR_VDDVRBSS_0,UOCJMJBERCDS,86460038_FMGILWSR_VDDVRBSS_0_8,86460038_FMGILWSR_VDDVRBSS_0,UWQWLWMBVFYF,0
86460038_FMGILWSR_VDDVRBSS_0_9,86460038_FMGILWSR_VDDVRBSS_0,UOCJMJBERCDS,86460038_FMGILWSR_VDDVRBSS_0_9,86460038_FMGILWSR_VDDVRBSS_0,UWQWLWMBVFYF,0
86460038_FMGILWSR_VDDVRBSS_0_10,86460038_FMGILWSR_VDDVRBSS_0,UOCJMJBERCDS,86460038_FMGILWSR_VDDVRBSS_0_10,86460038_FMGILWSR_VDDVRBSS_0,UWQWLWMBVFYF,0
86460038_FMGILWSR_VDDVRBSS_0_11,86460038_FMGILWSR_VDDVRBSS_0,UOCJMJBERCDS,86460038_FMGILWSR_VDDVRBSS_0_11,86460038_FMGILWSR_VDDVRBSS_0,UWQWLWMBVFYF,0
86460038_FMGILWSR_VDDVRBSS_0_12,86460038_FMGILWSR_VDDVRBSS_0,UOCJMJBERCDS,86460038_FMGILWSR_VDDVRBSS_0_12,86460038_FMGILWSR_VDDVRBSS_0,UWQWLWMBVFYF,0
86460038_FMGILWSR_VDDVRBSS_0_13,86460038_FMGILWSR_VDDVRBSS_0,UOCJMJBERCDS,86460038_FMGILWSR_VDDVRBSS_0_13,86460038_FMGILWSR_VDDVRBSS_0,UWQWLWMBVFYF,0
86460038_FMGILWSR_VDDVRBSS_0_14,86460038_FMGILWSR_VDDVRBSS_0,UOCJMJBERCDS,86460038_FMGILWSR_VDDVRBSS_0_14,86460038_FMGILWSR_VDDVRBSS_0,UWQWLWMBVFYF,0
86460038_FMGILWSR_VDDVRBSS_0_15,86460038_FMGILWSR_VDDVRBSS_0,UOCJMJBERCDS,86460038_FMGILWSR_VDDVRBSS_0_15,86460038_FMGILWSR_VDDVRBSS_0,UWQWLWMBVFYF,0
86460038_FMGILWSR_VDDVRBSS_0_16,86460038_FMGILWSR_VDDVRBSS_0,UOCJMJBERCDS,86460038_FMGILWSR_VDDVRBSS_0_16,86460038_FMGILWSR_VDDVRBSS_0,UWQWLWMBVFYF,0
86460038_FMGILWSR_VDDVRBSS_0_17,86460038_FMGILWSR_VDDVRBSS_0,UOCJMJBERCDS,86460038_FMGILWSR_VDDVRBSS_0_17,86460038_FMGILWSR_VDDVRBSS_0,UWQWLWMBVFYF,0
86460038_FMGILWSR_VDDVRBSS_0_18,86460038_FMGILWSR_VDDVRBSS_0,UOCJMJBERCDS,86460038_FMGILWSR_VDDVRBSS_0_18,86460038_FMGILWSR_VDDVRBSS_0,UWQWLWMBVFYF,0
86460038_FMGILWSR_VDDVRBSS_0_19,86460038_FMGILWSR_VDDVRBSS_0,UOCJMJBERCDS,86460038_FMGILWSR_VDDVRBSS_0_19,86460038_FMGILWSR_VDDVRBSS_0,UWQWLWMBVFYF,0
86460038_FMGILWSR_VDDVRBSS_0_20,86460038_FMGILWSR_VDDVRBSS_0,UOCJMJBERCDS,86460038_FMGILWSR_VDDVRBSS_0_20,86460038_FMGILWSR_VDDVRBSS_0,UWQWLWMBVFYF,0
86460038_FMGILWSR_VDDVRBSS_0_22,86460038_FMGILWSR_VDDVRBSS_0,UOCJMJBERCDS,86460038_FMGILWSR_VDDVRBSS_0_22,86460038_FMGILWSR_VDDVRBSS_0,UWQWLWMBVFYF,0
86460038_VDDVRBSS_TLOSLTMS_0_0,86460038_VDDVRBSS_TLOSLTMS_0,KQPCPDGDKFGJ,86460038_VDDVRBSS_TLOSLTMS_0_0,86460038_VDDVRBSS_TLOSLTMS_0,UOCJMJBERCDS,0
86460038_VDDVRBSS_TLOSLTMS_0_0,86460038_VDDVRBSS_TLOSLTMS_0,KQPCPDGDKFGJ,86460038_VDDVRBSS_TLOSLTMS_0_0,86460038_VDDVRBSS_TLOSLTMS_0,UWQWLWMBVFYF,0
86460038_VDDVRBSS_TLOSLTMS_0_1,86460038_VDDVRBSS_TLOSLTMS_0,KQPCPDGDKFGJ,86460038_VDDVRBSS_TLOSLTMS_0_1,86460038_VDDVRBSS_TLOSLTMS_0,UOCJMJBERCDS,0
86460038_VDDVRBSS_TLOSLTMS_0_1,86460038_VDDVRBSS_TLOSLTMS_0,KQPCPDGDKFGJ,86460038_VDDVRBSS_TLOSLTMS_0_1,86460038_VDDVRBSS_TLOSLTMS_0,UWQWLWMBVFYF,0
86460038_VDDVRBSS_TLOSLTMS_0_3,86460038_VDDVRBSS_TLOSLTMS_0,KQPCPDGDKFGJ,86460038_VDDVRBSS_TLOSLTMS_0_3,86460038_VDDVRBSS_TLOSLTMS_0,UOCJMJBERCDS,0
86460038_VDDVRBSS_TLOSLTMS_0_3,86460038_VDDVRBSS_TLOSLTMS_0,KQPCPDGDKFGJ,86460038_VDDVRBSS_TLOSLTMS_0_3,86460038_VDDVRBSS_TLOSLTMS_0,UWQWLWMBVFYF,0
86460038_VDDVRBSS_TLOSLTMS_0_5,86460038_VDDVRBSS_TLOSLTMS_0,KQPCPDGDKFGJ,86460038_VDDVRBSS_TLOSLTMS_0_5,86460038_VDDVRBSS_TLOSLTMS_0,UOCJMJBERCDS,0
86460038_VDDVRBSS_TLOSLTMS_0_5,86460038_VDDVRBSS_TLOSLTMS_0,KQPCPDGDKFGJ,86460038_VDDVRBSS_TLOSLTMS_0_5,86460038_VDDVRBSS_TLOSLTMS_0,UWQWLWMBVFYF,0
86460038_VDDVRBSS_TLOSLTMS_0_6,86460038_VDDVRBSS_TLOSLTMS_0,KQPCPDGDKFGJ,86460038_VDDVRBSS_TLOSLTMS_0_6,86460038_VDDVRBSS_TLOSLTMS_0,UOCJMJBERCDS,0
86460038_VDDVRBSS_TLOSLTMS_0_6,86460038_VDDVRBSS_TLOSLTMS_0,KQPCPDGDKFGJ,86460038_VDDVRBSS_TLOSLTMS_0_6,86460038_VDDVRBSS_TLOSLTMS_0,UWQWLWMBVFYF,0
86460038_VDDVRBSS_TLOSLTMS_0_7,86460038_VDDVRBSS_TL