duration,chunk_size,window_size,hz,k,mcc
300,10,1,60,1.0,0.2682295302987821
300,10,1,60,3.0,0.291007630714832
300,10,1,60,5.0,0.2963680329284763
300,10,1,60,7.0,0.2889966848614457
300,10,1,60,9.0,0.2970378853170949
300,10,1,60,11.0,0.2936881976222566
300,10,1,60,13.0,0.2956981390126265
0,5,5,60,1.0,0.2309641457670954
0,5,5,60,3.0,0.3633043757456097
0,5,5,60,5.0,0.3587875219103074
0,5,5,60,7.0,0.3857353872131936
0,5,5,60,9.0,0.3901262815306953
0,5,5,60,11.0,0.4008461355327749
0,5,5,60,13.0,0.4035189767809927
300,10,10,60,1.0,0.2663652069734168
300,10,10,60,3.0,0.3017380194919959
300,10,10,60,5.0,0.3131505102476581
300,10,10,60,7.0,0.3213249610412146
300,10,10,60,9.0,0.3437796301407453
300,10,10,60,11.0,0.3465303254629669
300,10,10,60,13.0,0.352040468248188
600,30,1,20,1.0,0.5353305747191113
600,30,1,20,3.0,0.5469118714447023
600,30,1,20,5.0,0.5582657142046242
600,30,1,20,7.0,0.5542712750994486
600,30,1,20,9.0,0.5561141359093275
600,30,1,20,11.0,0.5539642511850139
600,30,1,20,13.0,0.5588807664058615
300,20,100,20,1.0,0.3197647736201897
300,20,100,20,3.0,0.3552969726762085
300,20,100,20,5.0,0.3868719181772825
300,20,100,20,7.0,0.3933256353057905
300,20,100,20,9.0,0.4053698412659832
300,20,100,20,11.0,0.4033505427436136
300,20,100,20,13.0,0.4068875020091905
900,30,1,40,1.0,0.5116068848037935
900,30,1,40,3.0,0.5370265918578401
900,30,1,40,5.0,0.5460694684552116
900,30,1,40,7.0,0.5439829791226005
900,30,1,40,9.0,0.5471132126620853
900,30,1,40,11.0,0.54424371820744
900,30,1,40,13.0,0.5450260585519011
0,30,100,60,1.0,0.4039549790880781
0,30,100,60,3.0,0.494154228112444
0,30,100,60,5.0,0.5130967978366018
0,30,100,60,7.0,0.5248903218461188
0,30,100,60,9.0,0.5331809713543043
0,30,100,60,11.0,0.5365419441605208
0,30,100,60,13.0,0.5417770243694919
60,5,10,40,1.0,0.172188499657116
60,5,10,40,3.0,0.1884817774634661
60,5,10,40,5.0,0.2245797770565152
60,5,10,40,7.0,0.2282798552375104
60,5,10,40,9.0,0.2534965117841612
60,5,10,40,11.0,0.2525547022098241
60,5,10,40,13.0,0.2672252463579089
60,30,150,60,1.0,0.2515482382376551
60,30,150,60,3.0,0.1605988547950061
60,30,150,60,5.0,0.1605988547950061
60,30,150,60,7.0,0.1605988547950061
60,30,150,60,9.0,0.1605988547950061
60,30,150,60,11.0,0.1605988547950061
60,30,150,60,13.0,0.1605988547950061
600,5,5,10,1.0,0.2354058273444451
600,5,5,10,3.0,0.3700345629758547
600,5,5,10,5.0,0.3811229291356285
600,5,5,10,7.0,0.4018737053263275
600,5,5,10,9.0,0.4170336412644375
600,5,5,10,11.0,0.4291120040666654
600,5,5,10,13.0,0.4359113292447339
600,20,100,60,1.0,0.2965449809038486
600,20,100,60,3.0,0.3648468186256938
600,20,100,60,5.0,0.3934719510355309
600,20,100,60,7.0,0.4047158457258731
600,20,100,60,9.0,0.4149541334828083
600,20,100,60,11.0,0.4160988733923474
600,20,100,60,13.0,0.428788385144235
60,10,100,20,1.0,0.1878719766683573
60,10,100,20,3.0,0.2046402260845206
60,10,100,20,5.0,0.2856626983190843
60,10,100,20,7.0,0.2905052198576565
60,10,100,20,9.0,0.3266666886350933
60,10,100,20,11.0,0.3114705661912065
60,10,100,20,13.0,0.3114705661912065
0,10,150,20,1.0,0.1961740463131698
0,10,150,20,3.0,0.3006656420472531
0,10,150,20,5.0,0.2826493891029418
0,10,150,20,7.0,0.295451530697406
0,10,150,20,9.0,0.2962374226043296
0,10,150,20,11.0,0.29848593327176
0,10,150,20,13.0,0.3020818331165192
60,20,1,20,1.0,0.364334524527788
60,20,1,20,3.0,0.2536847657633141
60,20,1,20,5.0,0.3561629953740193
60,20,1,20,7.0,0.3561629953740193
60,20,1,20,9.0,0.3561629953740193
60,20,1,20,11.0,0.3561629953740193
60,20,1,20,13.0,0.3561629953740193
300,20,50,20,1.0,0.3494937547154953
300,20,50,20,3.0,0.3723188944669162
300,20,50,20,5.0,0.4041935635691207
300,20,50,20,7.0,0.4063178499525497
300,20,50,20,9.0,0.4234427434530246
300,20,50,20,11.0,0.4225808377138312
300,20,50,20,13.0,0.4286270917166809
60,60,10,60,1.0,0.6553282238706591
60,60,10,60,3.0,0.6553282238706591
60,60,10,60,5.0,0.6553282238706591
60,60,10,60,7.0,0.6553282238706591
60,60,10,60,9.0,0.6553282238706591
60,60,10,60,11.0,0.6553282238706591
60,60,10,60,13.0,0.6553282238706591
0,30,50,60,1.0,0.4276511156885979
0,30,50,60,3.0,0.4937227468149668
0,30,50,60,5.0,0.5020753433344248
0,30,50,60,7.0,0.507977498712384
0,30,50,60,9.0,0.510032631358913
0,30,50,60,11.0,0.5078942164139626
0,30,50,60,13.0,0.5130019747232866
900,60,5,60,1.0,0.5715710239326762
900,60,5,60,3.0,0.5552397322234269
900,60,5,60,5.0,0.5771341911481013
900,60,5,60,7.0,0.5670090741799454
900,60,5,60,9.0,0.5703801129753461
900,60,5,60,11.0,0.5518848986668008
900,60,5,60,13.0,0.5485333099299792
300,30,150,10,1.0,0.3572151147707182
300,30,150,10,3.0,0.3811914952164089
300,30,150,10,5.0,0.4119925962869068
300,30,150,10,7.0,0.4173274003314657
300,30,150,10,9.0,0.4319823919872424
300,30,150,10,11.0,0.4281005340549106
300,30,150,10,13.0,0.4273263569808829
300,10,10,10,1.0,0.3155053961491737
300,10,10,10,3.0,0.3582519943327157
300,10,10,10,5.0,0.3792584078122645
300,10,10,10,7.0,0.3823593508147155
300,10,10,10,9.0,0.395397191794066
300,10,10,10,11.0,0.4010679814859563
300,10,10,10,13.0,0.4124625011979296
60,30,150,10,1.0,0.2445486130216987
60,30,150,10,3.0,0.1380121575779109
60,30,150,10,5.0,0.1380121575779109
60,30,150,10,7.0,0.1380121575779109
60,30,150,10,9.0,0.1380121575779109
60,30,150,10,11.0,0.1380121575779109
60,30,150,10,13.0,0.1380121575779109
900,10,5,20,1.0,0.3273468148573402
900,10,5,20,3.0,0.4303671571262124
900,10,5,20,5.0,0.4399890100513622
900,10,5,20,7.0,0.45278606045012
900,10,5,20,9.0,0.4618185814138844
900,10,5,20,11.0,0.4662202917330433
900,10,5,20,13.0,0.4713508228762691
60,60,50,40,1.0,0.5260488017085674
60,60,50,40,3.0,0.5260488017085674
60,60,50,40,5.0,0.5260488017085674
60,60,50,40,7.0,0.5260488017085674
60,60,50,40,9.0,0.5260488017085674
60,60,50,40,11.0,0.5260488017085674
60,60,50,40,13.0,0.5260488017085674
600,10,5,40,1.0,0.3372793168484461
600,10,5,40,3.0,0.4030496752555152
600,10,5,40,5.0,0.4100246274377705
600,10,5,40,7.0,0.416269667170396
600,10,5,40,9.0,0.4198894831873024
600,10,5,40,11.0,0.4228552157312449
600,10,5,40,13.0,0.4283572627489139
0,30,100,10,1.0,0.4192668442859943
0,30,100,10,3.0,0.5170570521450704
0,30,100,10,5.0,0.533441317636484
0,30,100,10,7.0,0.5407727076113675
0,30,100,10,9.0,0.550155908120728
0,30,100,10,11.0,0.5536642482016751
0,30,100,10,13.0,0.5582165470159283
0,30,10,40,1.0,0.4773070317256513
0,30,10,40,3.0,0.5251355532802647
0,30,10,40,5.0,0.5339276010367596
0,30,10,40,7.0,0.5341254436825894
0,30,10,40,9.0,0.5374604729128144
0,30,10,40,11.0,0.5352314719739291
0,30,10,40,13.0,0.5352314719739291
300,10,100,20,1.0,0.2206798509135906
300,10,100,20,3.0,0.2928699968084023
300,10,100,20,5.0,0.321362211809874
300,10,100,20,7.0,0.3272413212713733
300,10,100,20,9.0,0.341692008406532
300,10,100,20,11.0,0.3456367979698524
300,10,100,20,13.0,0.3543472809011848
0,5,5,10,1.0,0.2157537598964869
0,5,5,10,3.0,0.3526145252114236
0,5,5,10,5.0,0.3446323823141392
0,5,5,10,7.0,0.3686112120772347
0,5,5,10,9.0,0.3704168729197423
0,5,5,10,11.0,0.3787999284432107
0,5,5,10,13.0,0.3826860838045706
300,10,1,10,1.0,0.3401766904633009
300,10,1,10,3.0,0.3822457853655068
300,10,1,10,5.0,0.3974652465080405
300,10,1,10,7.0,0.4018896598222657
300,10,1,10,9.0,0.4115791822813498
300,10,1,10,11.0,0.4152260169688676
300,10,1,10,13.0,0.4168492207037994
600,30,150,20,1.0,0.3989379544226469
600,30,150,20,3.0,0.4567172659903754
600,30,150,20,5.0,0.4862704030202748
600,30,150,20,7.0,0.4905338894292481
600,30,150,20,9.0,0.5039465263352083
600,30,150,20,11.0,0.5073357030136332
600,30,150,20,13.0,0.5161189623348227
0,30,50,10,1.0,0.4249008122280184
0,30,50,10,3.0,0.4958780027857125
0,30,50,10,5.0,0.5040779868226835
0,30,50,10,7.0,0.5096581299393409
0,30,50,10,9.0,0.5112895852066001
0,30,50,10,11.0,0.5097001080435891
0,30,50,10,13.0,0.5128811109224741
60,5,50,60,1.0,0.1453112189280544
60,5,50,60,3.0,0.2079312790893037
60,5,50,60,5.0,0.269569446598205
60,5,50,60,7.0,0.2884229485312904
60,5,50,60,9.0,0.3237258833452415
60,5,50,60,11.0,0.3295873059314622
60,5,50,60,13.0,0.3399974713812236
60,60,10,10,1.0,0.6317539727139919
60,60,10,10,3.0,0.6317539727139919
60,60,10,10,5.0,0.6317539727139919
60,60,10,10,7.0,0.6317539727139919
60,60,10,10,9.0,0.6317539727139919
60,60,10,10,11.0,0.6317539727139919
60,60,10,10,13.0,0.6317539727139919
300,30,150,60,1.0,0.3919886814776907
300,30,150,60,3.0,0.4208749962749155
300,30,150,60,5.0,0.439183393690336
300,30,150,60,7.0,0.4410348903482919
300,30,150,60,9.0,0.4466126579390435
300,30,150,60,11.0,0.4522259173717192
300,30,150,60,13.0,0.4597667791035895
0,20,150,20,1.0,0.2647914251165719
0,20,150,20,3.0,0.3616783982546165
0,20,150,20,5.0,0.3709611355736102
0,20,150,20,7.0,0.3865626009401054
0,20,150,20,9.0,0.3961992144251827
0,20,150,20,11.0,0.4010465978738201
0,20,150,20,13.0,0.4072715909367297
300,10,50,40,1.0,0.2631845408301855
300,10,50,40,3.0,0.3395757941018981
300,10,50,40,5.0,0.3798403438058747
300,10,50,40,7.0,0.3901001834794089
300,10,50,40,9.0,0.4041600097135206
300,10,50,40,11.0,0.4086378395916468
300,10,50,40,13.0,0.4139384856316263
600,10,100,60,1.0,0.1815285228499231
600,10,100,60,3.0,0.2593800500161357
600,10,100,60,5.0,0.2853636452109402
600,10,100,60,7.0,0.2968488504169455
600,10,100,60,9.0,0.3042746244702203
600,10,100,60,11.0,0.3205097371972222
600,10,100,60,13.0,0.3249165607748822
60,20,100,20,1.0,0.2204930325123716
60,20,100,20,3.0,0.1116451343737122
60,20,100,20,5.0,0.277317514290573
60,20,100,20,7.0,0.277317514290573
60,20,100,20,9.0,0.277317514290573
60,20,100,20,11.0,0.277317514290573
60,20,100,20,13.0,0.277317514290573
900,60,5,10,1.0,0.6596441268662234
900,60,5,10,3.0,0.6815735861486266
900,60,5,10,5.0,0.7018089769177593
900,60,5,10,7.0,0.7018089769177593
900,60,5,10,9.0,0.7045669276189702
900,60,5,10,11.0,0.7023601075413278
900,60,5,10,13.0,0.7040148769167373
600,20,100,10,1.0,0.3519377978251498
600,20,100,10,3.0,0.4315510867180102
600,20,100,10,5.0,0.4634167894085028
600,20,100,10,7.0,0.4748559597069502
600,20,100,10,9.0,0.4874410559412186
600,20,100,10,11.0,0.4966052168105816
600,20,100,10,13.0,0.503551454217708
300,60,1,20,1.0,0.7513352065109926
300,60,1,20,3.0,0.7423762098077757
300,60,1,20,5.0,0.7674227634093572
300,60,1,20,7.0,0.766274222754779
300,60,1,20,9.0,0.7836087208147716
300,60,1,20,11.0,0.7836087208147716
300,60,1,20,13.0,0.7836087208147716
600,5,5,60,1.0,0.186616234570877
600,5,5,60,3.0,0.2834179498860537
600,5,5,60,5.0,0.2921514034666364
600,5,5,60,7.0,0.3005030146411825
600,5,5,60,9.0,0.3106844177866681
600,5,5,60,11.0,0.3203161862413858
600,5,5,60,13.0,0.3269672961907069
60,30,10,20,1.0,0.4516560996555077
60,30,10,20,3.0,0.3173438118652674
60,30,10,20,5.0,0.3173438118652674
60,30,10,20,7.0,0.3173438118652674
60,30,10,20,9.0,0.3173438118652674
60,30,10,20,11.0,0.3173438118652674
60,30,10,20,13.0,0.3173438118652674
0,60,50,20,1.0,0.5942129684694636
0,60,50,20,3.0,0.6425449672107657
0,60,50,20,5.0,0.6621493363104104
0,60,50,20,7.0,0.6676418965892161
0,60,50,20,9.0,0.6762841118579649
0,60,50,20,11.0,0.680626426149136
0,60,50,20,13.0,0.6828029964177748
900,10,100,40,1.0,0.2154124321318425
900,10,100,40,3.0,0.3320225845577503
900,10,100,40,5.0,0.3453677506277404
900,10,100,40,7.0,0.352102134157965
900,10,100,40,9.0,0.3575448748220806
900,10,100,40,11.0,0.3587083371376059
900,10,100,40,13.0,0.3640586383657097
0,60,1,20,1.0,0.6134928900313965
0,60,1,20,3.0,0.6538910144134003
0,60,1,20,5.0,0.6689944143645853
0,60,1,20,7.0,0.6699744713896622
0,60,1,20,9.0,0.6755648164213998
0,60,1,20,11.0,0.6784948476078213
0,60,1,20,13.0,0.6821584055670908
600,60,150,20,1.0,0.5814903960403373
600,60,150,20,3.0,0.5966206578910944
600,60,150,20,5.0,0.620818546137194
600,60,150,20,7.0,0.6231892366675594
600,60,150,20,9.0,0.6359234062762137
600,60,150,20,11.0,0.63512297928986
600,60,150,20,13.0,0.6407389505223804
60,10,5,40,1.0,0.2805954913246604
60,10,5,40,3.0,0.2515638655581013
60,10,5,40,5.0,0.2706725958171505
60,10,5,40,7.0,0.2424166440190176
60,10,5,40,9.0,0.2582123041839443
60,10,5,40,11.0,0.2332605712281343
60,10,5,40,13.0,0.2332605712281343
0,60,100,10,1.0,0.5617516194768678
0,60,100,10,3.0,0.6126334111630821
0,60,100,10,5.0,0.6307661074028541
0,60,100,10,7.0,0.6319286392668212
0,60,100,10,9.0,0.6412725455606784
0,60,100,10,11.0,0.6409793589139033
0,60,100,10,13.0,0.6462686696219798
60,60,150,10,1.0,0.2944270818072753
60,60,150,10,3.0,0.2944270818072753
60,60,150,10,5.0,0.2944270818072753
60,60,150,10,7.0,0.2944270818072753
60,60,150,10,9.0,0.2944270818072753
60,60,150,10,11.0,0.2944270818072753
60,60,150,10,13.0,0.2944270818072753
60,5,1,40,1.0,0.1963711058690322
60,5,1,40,3.0,0.1977274587658062
60,5,1,40,5.0,0.2165586849818537
60,5,1,40,7.0,0.2086646586623437
60,5,1,40,9.0,0.2218311671052258
60,5,1,40,11.0,0.2169977501181923
60,5,1,40,13.0,0.2279929942323812
300,5,100,60,1.0,0.1675260088634531
300,5,100,60,3.0,0.2583346086525672
300,5,100,60,5.0,0.2986882926924322
300,5,100,60,7.0,0.3105216802053407
300,5,100,60,9.0,0.3267845210587091
300,5,100,60,11.0,0.3330342945628938
300,5,100,60,13.0,0.3436441070339036
900,10,50,20,1.0,0.2510757580344504
900,10,50,20,3.0,0.3842736413421243
900,10,50,20,5.0,0.4042447634772795
900,10,50,20,7.0,0.4169782510582479
900,10,50,20,9.0,0.4284240684994674
900,10,50,20,11.0,0.43361663728487
900,10,50,20,13.0,0.4392276026514419
600,5,50,60,1.0,0.1013139058502625
600,5,50,60,3.0,0.2174195037678951
600,5,50,60,5.0,0.2392180617848815
600,5,50,60,7.0,0.2559623009331688
600,5,50,60,9.0,0.2578537401552946
600,5,50,60,11.0,0.2607029072163985
600,5,50,60,13.0,0.2683725052416183
300,5,5,40,1.0,0.2358705056595944
300,5,5,40,3.0,0.3142777377264751
300,5,5,40,5.0,0.3408486994216525
300,5,5,40,7.0,0.3521192913206856
300,5,5,40,9.0,0.3673185660582004
300,5,5,40,11.0,0.3747192391191543
300,5,5,40,13.0,0.3824758703048811
0,10,1,10,1.0,0.3049235751479414
0,10,1,10,3.0,0.4249181093815907
0,10,1,10,5.0,0.4238082615342948
0,10,1,10,7.0,0.4411862320730433
0,10,1,10,9.0,0.4463367575999717
0,10,1,10,11.0,0.4542953056056489
0,10,1,10,13.0,0.460908289525928
300,60,150,60,1.0,0.5421913572727663
300,60,150,60,3.0,0.530222435914942
300,60,150,60,5.0,0.5554776343664812
300,60,150,60,7.0,0.561386487671582
300,60,150,60,9.0,0.5934541175600319
300,60,150,60,11.0,0.5934541175600319
300,60,150,60,13.0,0.5934541175600319
900,5,1,60,1.0,0.0883506231072637
900,5,1,60,3.0,0.1992886737618497
900,5,1,60,5.0,0.1679201526192888
900,5,1,60,7.0,0.1632128877560213
900,5,1,60,9.0,0.1662194297196808
900,5,1,60,11.0,0.1662194297196808
900,5,1,60,13.0,0.1609555610904344
600,60,10,60,1.0,0.6730891622507389
600,60,10,60,3.0,0.6780594775568372
600,60,10,60,5.0,0.7069396053544554
600,60,10,60,7.0,0.7157180431350186
600,60,10,60,9.0,0.7349347511450695
600,60,10,60,11.0,0.7349347511450695
600,60,10,60,13.0,0.7409043766307472
900,20,10,60,1.0,0.2537967313265059
900,20,10,60,3.0,0.2853633534134367
900,20,10,60,5.0,0.2815561259184955
900,20,10,60,7.0,0.2531312467957668
900,20,10,60,9.0,0.2487309417598494
900,20,10,60,11.0,0.2410102428787884
900,20,10,60,13.0,0.2354788055632853
600,60,50,40,1.0,0.676636386741159
600,60,50,40,3.0,0.6775260979864887
600,60,50,40,5.0,0.7026649489049862
600,60,50,40,7.0,0.7019976381881706
600,60,50,40,9.0,0.714059421697314
600,60,50,40,11.0,0.7060063680150497
600,60,50,40,13.0,0.7040005407030977
60,60,150,60,1.0,0.3428899922662744
60,60,150,60,3.0,0.3428899922662744
60,60,150,60,5.0,0.3428899922662744
60,60,150,60,7.0,0.3428899922662744
60,60,150,60,9.0,0.3428899922662744
60,60,150,60,11.0,0.3428899922662744
60,60,150,60,13.0,0.3428899922662744
0,60,100,60,1.0,0.5743653912727383
0,60,100,60,3.0,0.6273625330826572
0,60,100,60,5.0,0.6393615968092974
0,60,100,60,7.0,0.6396803962588022
0,60,100,60,9.0,0.650250137249985
0,60,100,60,11.0,0.6486424303140356
0,60,100,60,13.0,0.6537950648728309
900,20,50,40,1.0,0.3823010344504653
900,20,50,40,3.0,0.4658896269718907
900,20,50,40,5.0,0.4785182072269618
900,20,50,40,7.0,0.4836970251113944
900,20,50,40,9.0,0.4891077031012505
900,20,50,40,11.0,0.4964320529897365
900,20,50,40,13.0,0.5000068330641116
900,20,100,40,1.0,0.3250394165805554
900,20,100,40,3.0,0.4111711961585959
900,20,100,40,5.0,0.4284895979185143
900,20,100,40,7.0,0.4351484798159928
900,20,100,40,9.0,0.4436116146594303
900,20,100,40,11.0,0.4491352408666727
900,20,100,40,13.0,0.4503959138919191
600,5,10,40,1.0,0.2439426413499288
600,5,10,40,3.0,0.3815890049696556
600,5,10,40,5.0,0.3958634564336663
600,5,10,40,7.0,0.4166151191547509
600,5,10,40,9.0,0.432611783514903
600,5,10,40,11.0,0.4440988911480267
600,5,10,40,13.0,0.4504403395335759
900,5,10,20,1.0,0.2137382074869165
900,5,10,20,3.0,0.3794119989329694
900,5,10,20,5.0,0.3720800594756185
900,5,10,20,7.0,0.3941444016945969
900,5,10,20,9.0,0.4075967638293266
900,5,10,20,11.0,0.4151312564496058
900,5,10,20,13.0,0.4224438486320286
60,30,1,20,1.0,0.4659050143994906
60,30,1,20,3.0,0.3228187049284444
60,30,1,20,5.0,0.3228187049284444
60,30,1,20,7.0,0.3228187049284444
60,30,1,20,9.0,0.3228187049284444
60,30,1,20,11.0,0.3228187049284444
60,30,1,20,13.0,0.3228187049284444
900,5,1,10,1.0,0.2103156592091259
900,5,1,10,3.0,0.367076331742853
900,5,1,10,5.0,0.3593955240238606
900,5,1,10,7.0,0.374752814593202
900,5,1,10,9.0,0.3837297524105666
900,5,1,10,11.0,0.3913361063409613
900,5,1,10,13.0,0.3958927767687508
0,5,150,40,1.0,0.1748252045681969
0,5,150,40,3.0,0.2635890730479175
0,5,150,40,5.0,0.2284662858441541
0,5,150,40,7.0,0.2380476964499026
0,5,150,40,9.0,0.2374861592523482
0,5,150,40,11.0,0.2419212949522167
0,5,150,40,13.0,0.2443726490326243
600,20,1,20,1.0,0.4531130939612867
600,20,1,20,3.0,0.4737456824617388
600,20,1,20,5.0,0.4887067168163036
600,20,1,20,7.0,0.4862088745159523
600,20,1,20,9.0,0.4887067168163036
600,20,1,20,11.0,0.4843366776192674
600,20,1,20,13.0,0.4884984932719269
900,20,1,40,1.0,0.4164267120752978
900,20,1,40,3.0,0.448771862810092
900,20,1,40,5.0,0.456952552170616
900,20,1,40,7.0,0.4538239783012325
900,20,1,40,9.0,0.457351048090171
900,20,1,40,11.0,0.4598209741452582
900,20,1,40,13.0,0.4654698489149841
300,60,150,10,1.0,0.5366312344001907
300,60,150,10,3.0,0.5276901593083351
300,60,150,10,5.0,0.5522261474742295
300,60,150,10,7.0,0.556147005731335
300,60,150,10,9.0,0.5893573893500029
300,60,150,10,11.0,0.5893573893500029
300,60,150,10,13.0,0.5893573893500029
900,20,10,10,1.0,0.4570738362365299
900,20,10,10,3.0,0.5206011931855861
900,20,10,10,5.0,0.5366397856150554
900,20,10,10,7.0,0.5458353449368099
900,20,10,10,9.0,0.5532630384794104
900,20,10,10,11.0,0.5548978451079503
900,20,10,10,13.0,0.5583543451684679
600,60,10,10,1.0,0.7164934059016905
600,60,10,10,3.0,0.7265143745397866
600,60,10,10,5.0,0.7503236604836486
600,60,10,10,7.0,0.7489896130321998
600,60,10,10,9.0,0.7563440081960694
600,60,10,10,11.0,0.7556736838723873
600,60,10,10,13.0,0.7590288374417117
600,30,10,20,1.0,0.5513786152381726
600,30,10,20,3.0,0.5714027871716882
600,30,10,20,5.0,0.5851094874519056
600,30,10,20,7.0,0.5844846259389962
600,30,10,20,9.0,0.591995021018233
600,30,10,20,11.0,0.5913681359145069
600,30,10,20,13.0,0.5973312365217642
0,10,1,60,1.0,0.3018950776741746
0,10,1,60,3.0,0.40613281351752
0,10,1,60,5.0,0.4014287405353762
0,10,1,60,7.0,0.4098566754651341
0,10,1,60,9.0,0.4133288893225301
0,10,1,60,11.0,0.4164320175141678
0,10,1,60,13.0,0.4186183258516087
60,60,1,10,1.0,0.6338303220375691
60,60,1,10,3.0,0.6338303220375691
60,60,1,10,5.0,0.6338303220375691
60,60,1,10,7.0,0.6338303220375691
60,60,1,10,9.0,0.6338303220375691
60,60,1,10,11.0,0.6338303220375691
60,60,1,10,13.0,0.6338303220375691
0,30,1,60,1.0,0.5238142879060521
0,30,1,60,3.0,0.5719571523311833
0,30,1,60,5.0,0.5847966919574741
0,30,1,60,7.0,0.5872097184641554
0,30,1,60,9.0,0.592011376807372
0,30,1,60,11.0,0.5922784920368147
0,30,1,60,13.0,0.5954868493519266
300,5,1,20,1.0,0.2353882270932075
300,5,1,20,3.0,0.3131986225643607
300,5,1,20,5.0,0.3359042085691691
300,5,1,20,7.0,0.3503998511107956
300,5,1,20,9.0,0.3626004473488654
300,5,1,20,11.0,0.3702149644203055
300,5,1,20,13.0,0.3789726435763796
600,10,50,20,1.0,0.2616742454092282
600,10,50,20,3.0,0.3770898968295628
600,10,50,20,5.0,0.4111199649368438
600,10,50,20,7.0,0.4274639128875759
600,10,50,20,9.0,0.4416480969489029
600,10,50,20,11.0,0.4534838560077144
600,10,50,20,13.0,0.4626920381011316
300,20,1,60,1.0,0.4436926547367812
300,20,1,60,3.0,0.4370466358508422
300,20,1,60,5.0,0.4456373749436278
300,20,1,60,7.0,0.4351373298983359
300,20,1,60,9.0,0.4399103739825308
300,20,1,60,11.0,0.4418194232676418
300,20,1,60,13.0,0.4418194232676418
300,60,100,40,1.0,0.5784200050517448
300,60,100,40,3.0,0.5597002522317447
300,60,100,40,5.0,0.5974786652239478
300,60,100,40,7.0,0.6086503901090349
300,60,100,40,9.0,0.6440634744177307
300,60,100,40,11.0,0.6440634744177307
300,60,100,40,13.0,0.6440634744177307
900,30,100,20,1.0,0.3792801173863148
900,30,100,20,3.0,0.4385150742800503
900,30,100,20,5.0,0.4480053031494339
900,30,100,20,7.0,0.4543642037984021
900,30,100,20,9.0,0.4614406162529686
900,30,100,20,11.0,0.4624557365014703
900,30,100,20,13.0,0.4689096933538744
900,10,150,60,1.0,0.1598553605912571
900,10,150,60,3.0,0.3058426859093835
900,10,150,60,5.0,0.3307305782571976
900,10,150,60,7.0,0.3537985214362067
900,10,150,60,9.0,0.3581178322322395
900,10,150,60,11.0,0.3581178322322395
900,10,150,60,13.0,0.3581178322322395
600,20,10,60,1.0,0.3550012292101728
600,20,10,60,3.0,0.3619676538166766
600,20,10,60,5.0,0.3603139397489967
600,20,10,60,7.0,0.3371111023768494
600,20,10,60,9.0,0.3329556045833171
600,20,10,60,11.0,0.3296280529562935
600,20,10,60,13.0,0.3387721345351882
0,60,5,40,1.0,0.5991022109775819
0,60,5,40,3.0,0.6440196818425623
0,60,5,40,5.0,0.6626217146211634
0,60,5,40,7.0,0.6689812676281987
0,60,5,40,9.0,0.6772687407823048
0,60,5,40,11.0,0.6777438302944011
0,60,5,40,13.0,0.6841739662427887
900,60,10,60,1.0,0.5800386503334852
900,60,10,60,3.0,0.5793172382703051
900,60,10,60,5.0,0.5894658293684486
900,60,10,60,7.0,0.5860785355472619
900,60,10,60,9.0,0.5894658293684486
900,60,10,60,11.0,0.5826957148924619
900,60,10,60,13.0,0.5826957148924619
60,10,1,20,1.0,0.2932909980605827
60,10,1,20,3.0,0.2732387195236128
60,10,1,20,5.0,0.2953121333767111
60,10,1,20,7.0,0.2689960134397913
60,10,1,20,9.0,0.2885172182448627
60,10,1,20,11.0,0.2664504631250347
60,10,1,20,13.0,0.2664504631250347
60,5,5,20,1.0,0.1719564759342285
60,5,5,20,3.0,0.1845798955805982
60,5,5,20,5.0,0.212564165599327
60,5,5,20,7.0,0.2130112337598753
60,5,5,20,9.0,0.2314269602460618
60,5,5,20,11.0,0.2242198680153389
60,5,5,20,13.0,0.2345886820505296
900,20,150,10,1.0,0.2791689673023151
900,20,150,10,3.0,0.3602910378046939
900,20,150,10,5.0,0.3785307297711009
900,20,150,10,7.0,0.3854358812489888
900,20,150,10,9.0,0.3971102569227588
900,20,150,10,11.0,0.4003581270453401
900,20,150,10,13.0,0.4036225378551331
300,5,150,40,1.0,0.1756246966765065
300,5,150,40,3.0,0.2589406184959724
300,5,150,40,5.0,0.2793156672639202
300,5,150,40,7.0,0.2898919817947474
300,5,150,40,9.0,0.2978361895431893
300,5,150,40,11.0,0.3011364907777517
300,5,150,40,13.0,0.3038360313212552
900,20,5,20,1.0,0.447460310820413
900,20,5,20,3.0,0.4979211602832
900,20,5,20,5.0,0.5049252852385621
900,20,5,20,7.0,0.5147504836479695
900,20,5,20,9.0,0.520802730943506
900,20,5,20,11.0,0.520802730943506
900,20,5,20,13.0,0.5258291460188497
600,20,5,40,1.0,0.4602712140657804
600,20,5,40,3.0,0.4810640614051972
600,20,5,40,5.0,0.4944791371670295
600,20,5,40,7.0,0.4893139349213098
600,20,5,40,9.0,0.4959267156673704
600,20,5,40,11.0,0.4934455123202619
600,20,5,40,13.0,0.4924121832496491
0,5,100,60,1.0,0.1800085105922431
0,5,100,60,3.0,0.2753587959352077
0,5,100,60,5.0,0.2445477055242556
0,5,100,60,7.0,0.2557981253795757
0,5,100,60,9.0,0.2545788775066004
0,5,100,60,11.0,0.2584787685027562
0,5,100,60,13.0,0.2595943636943978
300,5,50,20,1.0,0.1667295506097463
300,5,50,20,3.0,0.2621081659247842
300,5,50,20,5.0,0.2928802207477406
300,5,50,20,7.0,0.3055130884788283
300,5,50,20,9.0,0.3164627311967035
300,5,50,20,11.0,0.3206526499038691
300,5,50,20,13.0,0.3246927931553081
600,20,50,40,1.0,0.4076821016032514
600,20,50,40,3.0,0.4703953972014048
600,20,50,40,5.0,0.4987945275661555
600,20,50,40,7.0,0.5096422708570308
600,20,50,40,9.0,0.5192873601656588
600,20,50,40,11.0,0.521646406181687
600,20,50,40,13.0,0.5245366942064879
900,60,50,40,1.0,0.6534726888296235
900,60,50,40,3.0,0.6748525075719319
900,60,50,40,5.0,0.6850603060495427
900,60,50,40,7.0,0.6823670033017281
900,60,50,40,9.0,0.6958853859118953
900,60,50,40,11.0,0.6975164645520543
900,60,50,40,13.0,0.7002392634234561
300,20,1,10,1.0,0.4848779182707185
300,20,1,10,3.0,0.4949199661511109
300,20,1,10,5.0,0.5218708465234456
300,20,1,10,7.0,0.5181032924237182
300,20,1,10,9.0,0.5256446242656873
300,20,1,10,11.0,0.523756947041911
300,20,1,10,13.0,0.5279119475368188
0,30,1,10,1.0,0.5257383022243916
0,30,1,10,3.0,0.5888708515911204
0,30,1,10,5.0,0.6005244264727818
0,30,1,10,7.0,0.6046918900695829
0,30,1,10,9.0,0.6052923132325233
0,30,1,10,11.0,0.6052980172647067
0,30,1,10,13.0,0.6048084277760896
60,60,1,60,1.0,0.5924532277993423
60,60,1,60,3.0,0.5924532277993423
60,60,1,60,5.0,0.5924532277993423
60,60,1,60,7.0,0.5924532277993423
60,60,1,60,9.0,0.5924532277993423
60,60,1,60,11.0,0.5924532277993423
60,60,1,60,13.0,0.5924532277993423
900,30,10,20,1.0,0.5104827903497411
900,30,10,20,3.0,0.5551955630645093
900,30,10,20,5.0,0.5715891238280303
900,30,10,20,7.0,0.5721128015473461
900,30,10,20,9.0,0.5810370410163324
900,30,10,20,11.0,0.5810370410163324
900,30,10,20,13.0,0.5857787222531257
60,60,100,40,1.0,0.3251528993882845
60,60,100,40,3.0,0.3251528993882845
60,60,100,40,5.0,0.3251528993882845
60,60,100,40,7.0,0.3251528993882845
60,60,100,40,9.0,0.3251528993882845
60,60,100,40,11.0,0.3251528993882845
60,60,100,40,13.0,0.3251528993882845
0,60,150,40,1.0,0.5172546108709833
0,60,150,40,3.0,0.5735560275291125
0,60,150,40,5.0,0.5911412472475918
0,60,150,40,7.0,0.5951676863820934
0,60,150,40,9.0,0.6042077425115019
0,60,150,40,11.0,0.6035816802952853
0,60,150,40,13.0,0.6070298758832271
900,20,150,60,1.0,0.2249298456395843
900,20,150,60,3.0,0.3294949120997464
900,20,150,60,5.0,0.3568638139950966
900,20,150,60,7.0,0.371003273241106
900,20,150,60,9.0,0.3891160849636032
900,20,150,60,11.0,0.4077509354700096
900,20,150,60,13.0,0.4250023853109878
900,60,10,10,1.0,0.6640966838249792
900,60,10,10,3.0,0.690407264249897
900,60,10,10,5.0,0.713937637852779
900,60,10,10,7.0,0.7133856687423202
900,60,10,10,9.0,0.717807998151419
900,60,10,10,11.0,0.7161478577955424
900,60,10,10,13.0,0.7167010012838043
60,30,5,40,1.0,0.4681315758526838
60,30,5,40,3.0,0.3237160138296295
60,30,5,40,5.0,0.3237160138296295
60,30,5,40,7.0,0.3237160138296295
60,30,5,40,9.0,0.3237160138296295
60,30,5,40,11.0,0.3237160138296295
60,30,5,40,13.0,0.3237160138296295
600,20,10,10,1.0,0.4725974169837875
600,20,10,10,3.0,0.5040962993318291
600,20,10,10,5.0,0.5212162438432367
600,20,10,10,7.0,0.5222905232794778
600,20,10,10,9.0,0.5240104677385393
600,20,10,10,11.0,0.5225054422608503
600,20,10,10,13.0,0.5270236630763419
600,20,150,40,1.0,0.3130517297191799
600,20,150,40,3.0,0.391599740174602
600,20,150,40,5.0,0.4268789945658901
600,20,150,40,7.0,0.4358083901459482
600,20,150,40,9.0,0.4441047261331814
600,20,150,40,11.0,0.448293865962424
600,20,150,40,13.0,0.4555956785221335
60,20,5,40,1.0,0.3785704104851018
60,20,5,40,3.0,0.2508648852984625
60,20,5,40,5.0,0.3290383294147456
60,20,5,40,7.0,0.3290383294147456
60,20,5,40,9.0,0.3290383294147456
60,20,5,40,11.0,0.3290383294147456
60,20,5,40,13.0,0.3290383294147456
60,10,50,20,1.0,0.2249970267088523
60,10,50,20,3.0,0.2239187785529929
60,10,50,20,5.0,0.2773089609453378
60,10,50,20,7.0,0.2674201379137459
60,10,50,20,9.0,0.2943256450096336
60,10,50,20,11.0,0.2743331770278072
60,10,50,20,13.0,0.2743331770278072
300,30,10,40,1.0,0.5151973571627877
300,30,10,40,3.0,0.5053836939666113
300,30,10,40,5.0,0.5215284367724705
300,30,10,40,7.0,0.5126671413039778
300,30,10,40,9.0,0.5288415966333093
300,30,10,40,11.0,0.5272732306937387
300,30,10,40,13.0,0.5382671742776585
600,60,1,60,1.0,0.5899589357236463
600,60,1,60,3.0,0.5774557307087043
600,60,1,60,5.0,0.5912806022901933
600,60,1,60,7.0,0.5843565805401505
600,60,1,60,9.0,0.5889699559285391
600,60,1,60,11.0,0.5820537740766637
600,60,1,60,13.0,0.5901249451785343
0,10,10,10,1.0,0.3107496280635422
0,10,10,10,3.0,0.4502010846244842
0,10,10,10,5.0,0.4514770155680628
0,10,10,10,7.0,0.4753081594452564
0,10,10,10,9.0,0.482192658664053
0,10,10,10,11.0,0.4921825151198027
0,10,10,10,13.0,0.4991899946262699
300,60,50,20,1.0,0.6021870942106395
300,60,50,20,3.0,0.5641919565510197
300,60,50,20,5.0,0.5908268066756055
300,60,50,20,7.0,0.5918984307290706
300,60,50,20,9.0,0.6166953176427787
300,60,50,20,11.0,0.6166953176427787
300,60,50,20,13.0,0.6166953176427787
60,20,10,60,1.0,0.4171203737400223
60,20,10,60,3.0,0.3094518898060862
60,20,10,60,5.0,0.4020207505414528
60,20,10,60,7.0,0.4020207505414528
60,20,10,60,9.0,0.4020207505414528
60,20,10,60,11.0,0.4020207505414528
60,20,10,60,13.0,0.4020207505414528
300,30,1,10,1.0,0.5861345898645903
300,30,1,10,3.0,0.5921410592640272
300,30,1,10,5.0,0.6157797469341579
300,30,1,10,7.0,0.6084315647759407
300,30,1,10,9.0,0.6265735322284993
300,30,1,10,11.0,0.6254342218694134
300,30,1,10,13.0,0.6380086627798591
0,20,1,10,1.0,0.4299027394921002
0,20,1,10,3.0,0.5197195451456067
0,20,1,10,5.0,0.5243383172006687
0,20,1,10,7.0,0.5337877740470789
0,20,1,10,9.0,0.5408997933599563
0,20,1,10,11.0,0.5440359810519038
0,20,1,10,13.0,0.5463139435067984
0,10,50,40,1.0,0.2576586798134006
0,10,50,40,3.0,0.3966886189124783
0,10,50,40,5.0,0.3907353081625381
0,10,50,40,7.0,0.4111637220556453
0,10,50,40,9.0,0.4195151793584363
0,10,50,40,11.0,0.4291256643656018
0,10,50,40,13.0,0.4352116250116763
0,5,50,20,1.0,0.1507912833456096
0,5,50,20,3.0,0.2681573064408159
0,5,50,20,5.0,0.2481923322772718
0,5,50,20,7.0,0.2635863851958845
0,5,50,20,9.0,0.2640238126017243
0,5,50,20,11.0,0.2697642086403217
0,5,50,20,13.0,0.2713855552405232
0,30,150,40,1.0,0.3806099249669381
0,30,150,40,3.0,0.4776096443262665
0,30,150,40,5.0,0.4926457702208583
0,30,150,40,7.0,0.5053800342589996
0,30,150,40,9.0,0.5143308735110055
0,30,150,40,11.0,0.5192725383152071
0,30,150,40,13.0,0.5250790341798313
900,30,5,20,1.0,0.5085612843085896
900,30,5,20,3.0,0.5518886521125934
900,30,5,20,5.0,0.5668382830307701
900,30,5,20,7.0,0.5668382830307701
900,30,5,20,9.0,0.5709914853427609
900,30,5,20,11.0,0.5709914853427609
900,30,5,20,13.0,0.5735915029480133
600,30,5,40,1.0,0.5545783330166304
600,30,5,40,3.0,0.5716418456102668
600,30,5,40,5.0,0.5851211615065403
600,30,5,40,7.0,0.5820512409505092
600,30,5,40,9.0,0.587579940661393
600,30,5,40,11.0,0.5869650060173726
600,30,5,40,13.0,0.5921971380558084
60,30,100,40,1.0,0.2614643386908012
60,30,100,40,3.0,0.1490657519340328
60,30,100,40,5.0,0.1490657519340328
60,30,100,40,7.0,0.1490657519340328
60,30,100,40,9.0,0.1490657519340328
60,30,100,40,11.0,0.1490657519340328
60,30,100,40,13.0,0.1490657519340328
300,30,50,10,1.0,0.4333476674801271
300,30,50,10,3.0,0.4405312164637673
300,30,50,10,5.0,0.4775732082815613
300,30,50,10,7.0,0.4794194765087617
300,30,50,10,9.0,0.4905491866163999
300,30,50,10,11.0,0.489928483113411
300,30,50,10,13.0,0.4992693780757249
900,60,100,20,1.0,0.5815093396309629
900,60,100,20,3.0,0.6189148245298385
900,60,100,20,5.0,0.6376801723119944
900,60,100,20,7.0,0.643160616178679
900,60,100,20,9.0,0.6480541066066094
900,60,100,20,11.0,0.6449932280478802
900,60,100,20,13.0,0.6511232231348679
0,10,10,60,1.0,0.3245249554797753
0,10,10,60,3.0,0.4640924639519748
0,10,10,60,5.0,0.4690352875221175
0,10,10,60,7.0,0.4916742239363182
0,10,10,60,9.0,0.5015627009642024
0,10,10,60,11.0,0.5105232375359753
0,10,10,60,13.0,0.5171345144385036
600,10,150,40,1.0,0.2167023705644004
600,10,150,40,3.0,0.3178255664768225
600,10,150,40,5.0,0.3398391028914817
600,10,150,40,7.0,0.3521578685823364
600,10,150,40,9.0,0.3569466649478149
600,10,150,40,11.0,0.3588756893640926
600,10,150,40,13.0,0.3620270723745055
600,60,1,10,1.0,0.716715562813279
600,60,1,10,3.0,0.7259977657491554
600,60,1,10,5.0,0.7570286952271357
600,60,1,10,7.0,0.7530264149852696
600,60,1,10,9.0,0.7590345245007957
600,60,1,10,11.0,0.7583655649616741
600,60,1,10,13.0,0.7617138818996735
300,30,100,40,1.0,0.4167655906227479
300,30,100,40,3.0,0.4312006722244982
300,30,100,40,5.0,0.4622493913164047
300,30,100,40,7.0,0.4629345956120806
300,30,100,40,9.0,0.474653525476561
300,30,100,40,11.0,0.4760411278120211
300,30,100,40,13.0,0.4837073437199869
300,60,5,40,1.0,0.6340965974142015
300,60,5,40,3.0,0.6129161009983153
300,60,5,40,5.0,0.6446681476322246
300,60,5,40,7.0,0.6539697172420115
300,60,5,40,9.0,0.6831886288236816
300,60,5,40,11.0,0.6831886288236816
300,60,5,40,13.0,0.6831886288236816
60,20,50,40,1.0,0.3278994383133229
60,20,50,40,3.0,0.2215760784799891
60,20,50,40,5.0,0.3418909827867708
60,20,50,40,7.0,0.3418909827867708
60,20,50,40,9.0,0.3418909827867708
60,20,50,40,11.0,0.3418909827867708
60,20,50,40,13.0,0.3418909827867708
300,30,50,60,1.0,0.4747461985348626
300,30,50,60,3.0,0.4756085575023684
300,30,50,60,5.0,0.5088576253398619
300,30,50,60,7.0,0.4994701232941704
300,30,50,60,9.0,0.5061690181574924
300,30,50,60,11.0,0.5021458417419971
300,30,50,60,13.0,0.5021458417419971
600,10,1,20,1.0,0.3360395858259157
600,10,1,20,3.0,0.4037464834902745
600,10,1,20,5.0,0.4141408644058562
600,10,1,20,7.0,0.4214463254308236
600,10,1,20,9.0,0.4206827579187236
600,10,1,20,11.0,0.4250491187572537
600,10,1,20,13.0,0.4300799879996145
900,10,1,40,1.0,0.3096128207665175
900,10,1,40,3.0,0.3982436359691923
900,10,1,40,5.0,0.3969177727324122
900,10,1,40,7.0,0.3978555965486046
900,10,1,40,9.0,0.4010764079241753
900,10,1,40,11.0,0.4001765421014899
900,10,1,40,13.0,0.4017963614633661
0,20,50,20,1.0,0.3564253728258273
0,20,50,20,3.0,0.463953385644845
0,20,50,20,5.0,0.4673888349649127
0,20,50,20,7.0,0.4776877454577312
0,20,50,20,9.0,0.4836843268210075
0,20,50,20,11.0,0.4909169648279047
0,20,50,20,13.0,0.4972430115600202
0,20,1,60,1.0,0.423413573994939
0,20,1,60,3.0,0.5027626311755797
0,20,1,60,5.0,0.5081073237536557
0,20,1,60,7.0,0.5182615184597311
0,20,1,60,9.0,0.5268517314047304
0,20,1,60,11.0,0.5293825557323164
0,20,1,60,13.0,0.5304735662829589
300,30,1,60,1.0,0.5346038991827273
300,30,1,60,3.0,0.5234038571626234
300,30,1,60,5.0,0.5394763235191564
300,30,1,60,7.0,0.5274165777169897
300,30,1,60,9.0,0.5334421966572905
300,30,1,60,11.0,0.5344472735556456
300,30,1,60,13.0,0.5435041681845212
60,20,10,10,1.0,0.3887029320212155
60,20,10,10,3.0,0.2637539886643945
60,20,10,10,5.0,0.369311192603463
60,20,10,10,7.0,0.369311192603463
60,20,10,10,9.0,0.369311192603463
60,20,10,10,11.0,0.369311192603463
60,20,10,10,13.0,0.369311192603463
900,10,50,60,1.0,0.1718678936362012
900,10,50,60,3.0,0.2978111420483683
900,10,50,60,5.0,0.3432812417749212
900,10,50,60,7.0,0.3707182905561896
900,10,50,60,9.0,0.4116647835170527
900,10,50,60,11.0,0.4272551541620647
900,10,50,60,13.0,0.4417228068434835
60,30,1,10,1.0,0.4561544741643872
60,30,1,10,3.0,0.3136765357764801
60,30,1,10,5.0,0.3136765357764801
60,30,1,10,7.0,0.3136765357764801
60,30,1,10,9.0,0.3136765357764801
60,30,1,10,11.0,0.3136765357764801
60,30,1,10,13.0,0.3136765357764801
600,30,50,40,1.0,0.4938068778811596
600,30,50,40,3.0,0.5367552316059979
600,30,50,40,5.0,0.5610751320976166
600,30,50,40,7.0,0.5685406714757159
600,30,50,40,9.0,0.5828557431258246
600,30,50,40,11.0,0.5870325931174031
600,30,50,40,13.0,0.5942832269844781
0,60,1,60,1.0,0.5972231730834017
0,60,1,60,3.0,0.6261454848294257
0,60,1,60,5.0,0.6396616313667057
0,60,1,60,7.0,0.6383445084095803
0,60,1,60,9.0,0.6418627147241868
0,60,1,60,11.0,0.643489219767712
0,60,1,60,13.0,0.6472911687653303
600,60,150,60,1.0,0.4929091950203658
600,60,150,60,3.0,0.5109532708043365
600,60,150,60,5.0,0.5207672733826917
600,60,150,60,7.0,0.5142163268938924
600,60,150,60,9.0,0.5174876226959053
600,60,150,60,11.0,0.5142163268938924
600,60,150,60,13.0,0.5273521055094006
900,5,10,10,1.0,0.2167664865404122
900,5,10,10,3.0,0.3853037017188412
900,5,10,10,5.0,0.3775690366233077
900,5,10,10,7.0,0.3995472417163391
900,5,10,10,9.0,0.4126281968552939
900,5,10,10,11.0,0.4232024085895199
900,5,10,10,13.0,0.4295996942981341
900,30,150,40,1.0,0.3452576694320763
900,30,150,40,3.0,0.4085177525711491
900,30,150,40,5.0,0.4197551154223357
900,30,150,40,7.0,0.4288029887374084
900,30,150,40,9.0,0.4307009429862359
900,30,150,40,11.0,0.4326034468592083
900,30,150,40,13.0,0.4329844964866333
600,60,10,20,1.0,0.707817227394458
600,60,10,20,3.0,0.7151507923034583
600,60,10,20,5.0,0.7409269339261946
600,60,10,20,7.0,0.7369290683948384
600,60,10,20,9.0,0.7435989610900159
600,60,10,20,11.0,0.7435989610900159
600,60,10,20,13.0,0.7489595591321879
900,20,10,20,1.0,0.4517102885963464
900,20,10,20,3.0,0.5081682274071224
900,20,10,20,5.0,0.5170878915849485
900,20,10,20,7.0,0.5297425877187254
900,20,10,20,9.0,0.5343313022099642
900,20,10,20,11.0,0.5369834127908754
900,20,10,20,13.0,0.5424758091133042
300,60,150,20,1.0,0.542625969128126
300,60,150,20,3.0,0.5363213863007026
300,60,150,20,5.0,0.5633766087589479
300,60,150,20,7.0,0.567292356599711
300,60,150,20,9.0,0.5964261062069944
300,60,150,20,11.0,0.5964261062069944
300,60,150,20,13.0,0.5964261062069944
600,20,1,10,1.0,0.4656266750504255
600,20,1,10,3.0,0.4888382281491339
600,20,1,10,5.0,0.5042504962619371
600,20,1,10,7.0,0.5021340738196713
600,20,1,10,9.0,0.5074283602244511
600,20,1,10,11.0,0.504885756626205
600,20,1,10,13.0,0.5110347388333019
900,5,1,20,1.0,0.2118806724134485
900,5,1,20,3.0,0.3578313738240845
900,5,1,20,5.0,0.3475921634854625
900,5,1,20,7.0,0.3595623031393428
900,5,1,20,9.0,0.3672127449351926
900,5,1,20,11.0,0.3736709647287973
900,5,1,20,13.0,0.3799041776190414
0,30,5,40,1.0,0.4762307971480397
0,30,5,40,3.0,0.5220534462944787
0,30,5,40,5.0,0.532598124275934
0,30,5,40,7.0,0.5349254414583983
0,30,5,40,9.0,0.5331576132015102
0,30,5,40,11.0,0.5329256374197618
0,30,5,40,13.0,0.5341654696629078
300,20,5,40,1.0,0.4098654487564862
300,20,5,40,3.0,0.40305730629978
300,20,5,40,5.0,0.4200580221708544
300,20,5,40,7.0,0.4019953464608632
300,20,5,40,9.0,0.4073056696404371
300,20,5,40,11.0,0.4048273486824181
300,20,5,40,13.0,0.4122634211147902
900,5,50,40,1.0,0.1707937984205911
900,5,50,40,3.0,0.3202509237416464
900,5,50,40,5.0,0.3079009566622434
900,5,50,40,7.0,0.3200612817439005
900,5,50,40,9.0,0.3283823137919728
900,5,50,40,11.0,0.3325547982331062
900,5,50,40,13.0,0.3377700127416819
600,5,50,20,1.0,0.1901922797359198
600,5,50,20,3.0,0.3247643407335585
600,5,50,20,5.0,0.3382650059270218
600,5,50,20,7.0,0.3526995242990846
600,5,50,20,9.0,0.3601160902750892
600,5,50,20,11.0,0.3655307131740619
600,5,50,20,13.0,0.3710039124635111
600,30,10,10,1.0,0.5562562153965556
600,30,10,10,3.0,0.5714017272951007
600,30,10,10,5.0,0.5821120280895999
600,30,10,10,7.0,0.5814805081784454
600,30,10,10,9.0,0.5878044634097892
600,30,10,10,11.0,0.5887547587556757
600,30,10,10,13.0,0.5938306949476291
900,5,10,60,1.0,0.1051370046157148
900,5,10,60,3.0,0.2351418507932786
900,5,10,60,5.0,0.2197017590334223
900,5,10,60,7.0,0.2207867032008601
900,5,10,60,9.0,0.2298575187091399
900,5,10,60,11.0,0.2344297681454963
900,5,10,60,13.0,0.2252950776934489
600,60,150,10,1.0,0.5802791045582317
600,60,150,10,3.0,0.5946416007804968
600,60,150,10,5.0,0.6172651603483241
600,60,150,10,7.0,0.6196326840086198
600,60,150,10,9.0,0.6339499364921172
600,60,150,10,11.0,0.6331493952672725
600,60,150,10,13.0,0.6387661691494558
0,60,1,10,1.0,0.6261421624550416
0,60,1,10,3.0,0.6654538652609452
0,60,1,10,5.0,0.679955835769954
0,60,1,10,7.0,0.6787346841993346
0,60,1,10,9.0,0.6838709599609243
0,60,1,10,11.0,0.6841161215300965
0,60,1,10,13.0,0.6880448594304116
60,30,1,60,1.0,0.4649423004538914
60,30,1,60,3.0,0.2946873587932133
60,30,1,60,5.0,0.2946873587932133
60,30,1,60,7.0,0.2946873587932133
60,30,1,60,9.0,0.2946873587932133
60,30,1,60,11.0,0.2946873587932133
60,30,1,60,13.0,0.2946873587932133
60,5,150,60,1.0,0.1264712602636813
60,5,150,60,3.0,0.1763059090899126
60,5,150,60,5.0,0.2256340174403815
60,5,150,60,7.0,0.2415473764549235
60,5,150,60,9.0,0.2613250067721374
60,5,150,60,11.0,0.2646983380393017
60,5,150,60,13.0,0.2819177062886061
900,10,50,10,1.0,0.2427271929812083
900,10,50,10,3.0,0.3775427097142102
900,10,50,10,5.0,0.3972655450301808
900,10,50,10,7.0,0.4112662497286352
900,10,50,10,9.0,0.4209426590296511
900,10,50,10,11.0,0.4273657316382646
900,10,50,10,13.0,0.434388685575877
60,60,150,20,1.0,0.299333254285042
60,60,150,20,3.0,0.299333254285042
60,60,150,20,5.0,0.299333254285042
60,60,150,20,7.0,0.299333254285042
60,60,150,20,9.0,0.299333254285042
60,60,150,20,11.0,0.299333254285042
60,60,150,20,13.0,0.299333254285042
0,60,100,20,1.0,0.5637612629982868
0,60,100,20,3.0,0.6144006621469021
0,60,100,20,5.0,0.6324225332711555
0,60,100,20,7.0,0.6332913225220813
0,60,100,20,9.0,0.645818236114735
0,60,100,20,11.0,0.6452324609474899
0,60,100,20,13.0,0.6493394233682853
0,10,1,20,1.0,0.3100413078882847
0,10,1,20,3.0,0.4227188420446413
0,10,1,20,5.0,0.4215342505458052
0,10,1,20,7.0,0.4356560654292103
0,10,1,20,9.0,0.4383579903412039
0,10,1,20,11.0,0.4448481450788986
0,10,1,20,13.0,0.4471122940376457
60,60,5,40,1.0,0.5944487442443571
60,60,5,40,3.0,0.5944487442443571
60,60,5,40,5.0,0.5944487442443571
60,60,5,40,7.0,0.5944487442443571
60,60,5,40,9.0,0.5944487442443571
60,60,5,40,11.0,0.5944487442443571
60,60,5,40,13.0,0.5944487442443571
600,30,10,60,1.0,0.4097236527829949
600,30,10,60,3.0,0.4155341569561499
600,30,10,60,5.0,0.4155341569561499
600,30,10,60,7.0,0.4006304962390369
600,30,10,60,9.0,0.3956648422928046
600,30,10,60,11.0,0.3956648422928046
600,30,10,60,13.0,0.3986441594126297
900,10,10,40,1.0,0.3239962376724886
900,10,10,40,3.0,0.4350157771750484
900,10,10,40,5.0,0.4449233147156978
900,10,10,40,7.0,0.4610610817233438
900,10,10,40,9.0,0.4725918495599336
900,10,10,40,11.0,0.4793245049281439
900,10,10,40,13.0,0.4892924782698409
600,20,1,60,1.0,0.3612430236068584
600,20,1,60,3.0,0.3699521956545108
600,20,1,60,5.0,0.3651923014553444
600,20,1,60,7.0,0.3572468869913946
600,20,1,60,9.0,0.3596322159470754
600,20,1,60,11.0,0.3532678785310565
600,20,1,60,13.0,0.352471538418461
600,30,1,60,1.0,0.5187643925168542
600,30,1,60,3.0,0.5359842180734293
600,30,1,60,5.0,0.5325945031661296
600,30,1,60,7.0,0.5232910210651457
600,30,1,60,9.0,0.5300545947530463
600,30,1,60,11.0,0.5292084006501875
600,30,1,60,13.0,0.5275166632630685
300,20,100,60,1.0,0.3359237463699066
300,20,100,60,3.0,0.3620415986802797
300,20,100,60,5.0,0.385360194588727
300,20,100,60,7.0,0.4002295348634009
300,20,100,60,9.0,0.4168675596353414
300,20,100,60,11.0,0.4229945668576643
300,20,100,60,13.0,0.4338197255681216
0,30,100,20,1.0,0.4180148548285644
0,30,100,20,3.0,0.5166075688374605
0,30,100,20,5.0,0.5336974316864469
0,30,100,20,7.0,0.5412585250601973
0,30,100,20,9.0,0.5507222358412718
0,30,100,20,11.0,0.5556883271414689
0,30,100,20,13.0,0.5608297459276509
60,30,150,20,1.0,0.2470781169082625
60,30,150,20,3.0,0.1405952940205294
60,30,150,20,5.0,0.1405952940205294
60,30,150,20,7.0,0.1405952940205294
60,30,150,20,9.0,0.1405952940205294
60,30,150,20,11.0,0.1405952940205294
60,30,150,20,13.0,0.1405952940205294
900,10,5,10,1.0,0.3235249092698788
900,10,5,10,3.0,0.4304939286947947
900,10,5,10,5.0,0.4435542437096977
900,10,5,10,7.0,0.4573428818754028
900,10,5,10,9.0,0.4700260171242116
900,10,5,10,11.0,0.4771043264446646
900,10,5,10,13.0,0.4843113988061536
300,10,10,20,1.0,0.3157478303966094
300,10,10,20,3.0,0.3581729000745611
300,10,10,20,5.0,0.3772308410338661
300,10,10,20,7.0,0.3827895310037437
300,10,10,20,9.0,0.3951072079339714
300,10,10,20,11.0,0.4022616804750363
300,10,10,20,13.0,0.4127499880223687
60,30,50,40,1.0,0.3488084993817581
60,30,50,40,3.0,0.2190993226112915
60,30,50,40,5.0,0.2190993226112915
60,30,50,40,7.0,0.2190993226112915
60,30,50,40,9.0,0.2190993226112915
60,30,50,40,11.0,0.2190993226112915
60,30,50,40,13.0,0.2190993226112915
600,30,150,10,1.0,0.3961871889024535
600,30,150,10,3.0,0.452861336311702
600,30,150,10,5.0,0.4810376044575479
600,30,150,10,7.0,0.4867257973397722
600,30,150,10,9.0,0.5006436049629251
600,30,150,10,11.0,0.503554254352823
600,30,150,10,13.0,0.5128439259418718
300,10,1,20,1.0,0.3391706396035102
300,10,1,20,3.0,0.3710101811165821
300,10,1,20,5.0,0.3910902896432606
300,10,1,20,7.0,0.3952051291320327
300,10,1,20,9.0,0.4042438049842002
300,10,1,20,11.0,0.4062134834146269
300,10,1,20,13.0,0.4091712847646732
0,60,10,40,1.0,0.6094149949874121
0,60,10,40,3.0,0.6528796899277617
0,60,10,40,5.0,0.6706439742411562
0,60,10,40,7.0,0.6770235097493282
0,60,10,40,9.0,0.6860529821139698
0,60,10,40,11.0,0.6874842552365783
0,60,10,40,13.0,0.6927455322782974
0,5,5,20,1.0,0.2159827174377599
0,5,5,20,3.0,0.350433739504167
0,5,5,20,5.0,0.3420433184675236
0,5,5,20,7.0,0.3653406047070339
0,5,5,20,9.0,0.3685966812415535
0,5,5,20,11.0,0.3765868288458273
0,5,5,20,13.0,0.3799867959009189
900,60,5,20,1.0,0.6527178233532189
900,60,5,20,3.0,0.6784017178256698
900,60,5,20,5.0,0.6979782583608842
900,60,5,20,7.0,0.7001707831394847
900,60,5,20,9.0,0.7084249928883113
900,60,5,20,11.0,0.7100820465109579
900,60,5,20,13.0,0.7117412036308753
60,20,100,10,1.0,0.2082763400556326
60,20,100,10,3.0,0.0944727744020245
60,20,100,10,5.0,0.2593864736716774
60,20,100,10,7.0,0.2593864736716774
60,20,100,10,9.0,0.2593864736716774
60,20,100,10,11.0,0.2593864736716774
60,20,100,10,13.0,0.2593864736716774
600,60,5,40,1.0,0.7114280929482394
600,60,5,40,3.0,0.7154570086225628
600,60,5,40,5.0,0.7364057864706473
600,60,5,40,7.0,0.7364057864706473
600,60,5,40,9.0,0.7403697618012631
600,60,5,40,11.0,0.7423561834370651
600,60,5,40,13.0,0.7489993045086674
0,20,150,10,1.0,0.2624652285103995
0,20,150,10,3.0,0.3573184562131711
0,20,150,10,5.0,0.3658612953208875
0,20,150,10,7.0,0.3809978468040596
0,20,150,10,9.0,0.3906017253951066
0,20,150,10,11.0,0.3944761160412294
0,20,150,10,13.0,0.4001411493573709
300,20,50,60,1.0,0.3998052378664675
300,20,50,60,3.0,0.4302989866392198
300,20,50,60,5.0,0.4549323381691905
300,20,50,60,7.0,0.4617272384190149
300,20,50,60,9.0,0.4754224601110218
300,20,50,60,11.0,0.4742756713892704
300,20,50,60,13.0,0.4742756713892704
60,60,10,20,1.0,0.6049699609566466
60,60,10,20,3.0,0.6049699609566466
60,60,10,20,5.0,0.6049699609566466
60,60,10,20,7.0,0.6049699609566466
60,60,10,20,9.0,0.6049699609566466
60,60,10,20,11.0,0.6049699609566466
60,60,10,20,13.0,0.6049699609566466
0,30,50,20,1.0,0.4317706863142582
0,30,50,20,3.0,0.502596767502218
0,30,50,20,5.0,0.5102270373871183
0,30,50,20,7.0,0.517683233295456
0,30,50,20,9.0,0.5206097253323093
0,30,50,20,11.0,0.5204653036921078
0,30,50,20,13.0,0.5240809376067083
0,60,50,10,1.0,0.5927770724422555
0,60,50,10,3.0,0.6432119343582742
0,60,50,10,5.0,0.6621888847704522
0,60,50,10,7.0,0.6672196371172875
0,60,50,10,9.0,0.6754049025625708
0,60,50,10,11.0,0.6853436863258163
0,60,50,10,13.0,0.687779431193854
60,30,10,10,1.0,0.4670178469414239
60,30,10,10,3.0,0.3203229666425835
60,30,10,10,5.0,0.3203229666425835
60,30,10,10,7.0,0.3203229666425835
60,30,10,10,9.0,0.3203229666425835
60,30,10,10,11.0,0.3203229666425835
60,30,10,10,13.0,0.3203229666425835
300,60,1,10,1.0,0.7801232742174162
300,60,1,10,3.0,0.7744585497337902
300,60,1,10,5.0,0.800030251742469
300,60,1,10,7.0,0.8047360648927845
300,60,1,10,9.0,0.8153909524949537
300,60,1,10,11.0,0.8153909524949537
300,60,1,10,13.0,0.8153909524949537
600,20,100,20,1.0,0.3522666875923817
600,20,100,20,3.0,0.4284254585618396
600,20,100,20,5.0,0.4620389181822041
600,20,100,20,7.0,0.4736681317202691
600,20,100,20,9.0,0.4890149677834839
600,20,100,20,11.0,0.4964773360630385
600,20,100,20,13.0,0.5007273882341783
60,10,100,60,1.0,0.1932846036106599
60,10,100,60,3.0,0.1925999809446104
60,10,100,60,5.0,0.2671504471430401
60,10,100,60,7.0,0.2732104804887983
60,10,100,60,9.0,0.3150247581693016
60,10,100,60,11.0,0.2917118477636907
60,10,100,60,13.0,0.2917118477636907
0,10,150,60,1.0,0.1980900788777362
0,10,150,60,3.0,0.3040872908264972
0,10,150,60,5.0,0.2896350312950976
0,10,150,60,7.0,0.3029157964829737
0,10,150,60,9.0,0.3053277339051575
0,10,150,60,11.0,0.3086390177700202
0,10,150,60,13.0,0.3128986359246041
60,20,1,60,1.0,0.4188375952925656
60,20,1,60,3.0,0.2994678411715598
60,20,1,60,5.0,0.3999805992869009
60,20,1,60,7.0,0.3999805992869009
60,20,1,60,9.0,0.3999805992869009
60,20,1,60,11.0,0.3999805992869009
60,20,1,60,13.0,0.3999805992869009
600,5,150,60,1.0,0.1424012469208557
600,5,150,60,3.0,0.252921825185547
600,5,150,60,5.0,0.2583735759230576
600,5,150,60,7.0,0.2687129649055104
600,5,150,60,9.0,0.2733839487826797
600,5,150,60,11.0,0.276918741409541
600,5,150,60,13.0,0.278103113062033
300,10,100,60,1.0,0.1783355883644519
300,10,100,60,3.0,0.2727213746036596
300,10,100,60,5.0,0.3179638329981394
300,10,100,60,7.0,0.3318294012507853
300,10,100,60,9.0,0.3471632318312859
300,10,100,60,11.0,0.3516247577603194
300,10,100,60,13.0,0.3721711762210192
0,20,5,40,1.0,0.4139008740253145
0,20,5,40,3.0,0.4990497078318543
0,20,5,40,5.0,0.5026022154662935
0,20,5,40,7.0,0.5123085951220107
0,20,5,40,9.0,0.5142993514990323
0,20,5,40,11.0,0.5148991377612298
0,20,5,40,13.0,0.5167751515172991
600,30,150,60,1.0,0.2977955728143623
600,30,150,60,3.0,0.3488176737971646
600,30,150,60,5.0,0.3968674923604802
600,30,150,60,7.0,0.4059283218664921
600,30,150,60,9.0,0.4166371301158675
600,30,150,60,11.0,0.4275003595774226
600,30,150,60,13.0,0.4337797736707874
300,30,5,40,1.0,0.5169057008592643
300,30,5,40,3.0,0.5012613592951864
300,30,5,40,5.0,0.5187236478365348
300,30,5,40,7.0,0.5135819293278164
300,30,5,40,9.0,0.524900982400605
300,30,5,40,11.0,0.5223260827008627
300,30,5,40,13.0,0.5336672759004761
900,10,5,60,1.0,0.189600390463637
900,10,5,60,3.0,0.2431147912630641
900,10,5,60,5.0,0.2483705788976405
900,10,5,60,7.0,0.2427291730307892
900,10,5,60,9.0,0.2408473915907978
900,10,5,60,11.0,0.2351977599241152
900,10,5,60,13.0,0.2342554964590936
300,20,10,40,1.0,0.4129532226551973
300,20,10,40,3.0,0.4164492236198706
300,20,10,40,5.0,0.4417116116042222
300,20,10,40,7.0,0.4268980512334443
300,20,10,40,9.0,0.4301454121243016
300,20,10,40,11.0,0.4240134174531585
300,20,10,40,13.0,0.4319505227493838
300,20,100,10,1.0,0.3177299540498678
300,20,100,10,3.0,0.3583552734229091
300,20,100,10,5.0,0.390303221985915
300,20,100,10,7.0,0.3988587090924841
300,20,100,10,9.0,0.4090372794505241
300,20,100,10,11.0,0.4069915549775023
300,20,100,10,13.0,0.414173921675069
600,30,1,10,1.0,0.5412379176002423
600,30,1,10,3.0,0.5583552269409451
600,30,1,10,5.0,0.5699617027338266
600,30,1,10,7.0,0.5668189653626826
600,30,1,10,9.0,0.571849492737901
600,30,1,10,11.0,0.5721642829329492
600,30,1,10,13.0,0.5772071878623207
60,30,10,60,1.0,0.4373825963225225
60,30,10,60,3.0,0.2914668650251165
60,30,10,60,5.0,0.2914668650251165
60,30,10,60,7.0,0.2914668650251165
60,30,10,60,9.0,0.2914668650251165
60,30,10,60,11.0,0.2914668650251165
60,30,10,60,13.0,0.2914668650251165
0,60,50,60,1.0,0.6134743968888691
0,60,50,60,3.0,0.6488471549332839
0,60,50,60,5.0,0.6737291321495514
0,60,50,60,7.0,0.6726759529917259
0,60,50,60,9.0,0.6827732051835831
0,60,50,60,11.0,0.6849084750012666
0,60,50,60,13.0,0.6883855194335428
60,20,1,10,1.0,0.3673133648274662
60,20,1,10,3.0,0.2497976920410536
60,20,1,10,5.0,0.3640306917873897
60,20,1,10,7.0,0.3623892999893833
60,20,1,10,9.0,0.3623892999893833
60,20,1,10,11.0,0.3623892999893833
60,20,1,10,13.0,0.3623892999893833
300,60,1,60,1.0,0.6822290369864982
300,60,1,60,3.0,0.66329091908106
300,60,1,60,5.0,0.6857564634762418
300,60,1,60,7.0,0.6922302224651848
300,60,1,60,9.0,0.7167454835845133
300,60,1,60,11.0,0.7167454835845133
300,60,1,60,13.0,0.7167454835845133
600,5,5,20,1.0,0.2352270051728136
600,5,5,20,3.0,0.3626584307222532
600,5,5,20,5.0,0.3705399679628186
600,5,5,20,7.0,0.3881311027760944
600,5,5,20,9.0,0.4005571012593257
600,5,5,20,11.0,0.4130150944239615
600,5,5,20,13.0,0.4207346943080411
300,30,150,20,1.0,0.3566568698805109
300,30,150,20,3.0,0.3791170387962466
300,30,150,20,5.0,0.4112625279809698
300,30,150,20,7.0,0.4188647521522521
300,30,150,20,9.0,0.4358375746109014
300,30,150,20,11.0,0.4350584611424552
300,30,150,20,13.0,0.4366174303529282
0,20,150,60,1.0,0.2656143389220304
0,20,150,60,3.0,0.3641214739949318
0,20,150,60,5.0,0.3762766082665706
0,20,150,60,7.0,0.3907836476567011
0,20,150,60,9.0,0.4014154825090992
0,20,150,60,11.0,0.4049511677583033
0,20,150,60,13.0,0.410991476065438
600,10,100,20,1.0,0.2298358481751391
600,10,100,20,3.0,0.3370520684200186
600,10,100,20,5.0,0.3633886297090806
600,10,100,20,7.0,0.3785255329750128
600,10,100,20,9.0,0.3860971247872317
600,10,100,20,11.0,0.3906922095418803
600,10,100,20,13.0,0.3931150984153952
900,5,100,40,1.0,0.1738170416577578
900,5,100,40,3.0,0.3018762670339165
900,5,100,40,5.0,0.2822894593453439
900,5,100,40,7.0,0.2930866630776142
900,5,100,40,9.0,0.2992565727698827
900,5,100,40,11.0,0.3024804166977714
900,5,100,40,13.0,0.3060948827654344
60,20,100,60,1.0,0.2179465682160927
60,20,100,60,3.0,0.1210598352338253
60,20,100,60,5.0,0.2466761364521996
60,20,100,60,7.0,0.2466761364521996
60,20,100,60,9.0,0.2466761364521996
60,20,100,60,11.0,0.2466761364521996
60,20,100,60,13.0,0.2466761364521996
60,5,50,20,1.0,0.1477212327923609
60,5,50,20,3.0,0.2182705648182288
60,5,50,20,5.0,0.2793212862305804
60,5,50,20,7.0,0.3079142348881202
60,5,50,20,9.0,0.3444491251207812
60,5,50,20,11.0,0.3541840049595547
60,5,50,20,13.0,0.3716578355876863
300,20,50,10,1.0,0.3580966356288948
300,20,50,10,3.0,0.3792288711050313
300,20,50,10,5.0,0.411290296867687
300,20,50,10,7.0,0.4138208039280029
300,20,50,10,9.0,0.4329603313123595
300,20,50,10,11.0,0.4351050632624206
300,20,50,10,13.0,0.4419935447284215
900,60,150,40,1.0,0.5208147108577749
900,60,150,40,3.0,0.5701297088583838
900,60,150,40,5.0,0.5870039645195232
900,60,150,40,7.0,0.5883021657753913
900,60,150,40,9.0,0.5994026790725672
900,60,150,40,11.0,0.6033491826487418
900,60,150,40,13.0,0.6066496191267411
600,60,1,20,1.0,0.716106917271903
600,60,1,20,3.0,0.7214786970677306
600,60,1,20,5.0,0.7450777955920348
600,60,1,20,7.0,0.7430953895065555
600,60,1,20,9.0,0.751707456716937
600,60,1,20,11.0,0.7557015061527039
600,60,1,20,13.0,0.7643981776668352
900,60,1,40,1.0,0.6290513627115948
900,60,1,40,3.0,0.6389781717992905
900,60,1,40,5.0,0.6574718588733964
900,60,1,40,7.0,0.6523918647773652
900,60,1,40,9.0,0.6574718588733964
900,60,1,40,11.0,0.6591689094986216
900,60,1,40,13.0,0.6614345783118164
900,60,100,10,1.0,0.5772659267640846
900,60,100,10,3.0,0.6164171028682026
900,60,100,10,5.0,0.6334072070330966
900,60,100,10,7.0,0.6395046657572805
900,60,100,10,9.0,0.6468645806479563
900,60,100,10,11.0,0.6456346232813411
900,60,100,10,13.0,0.6505624938919043
0,20,10,40,1.0,0.4115419666588388
0,20,10,40,3.0,0.5007485042266095
0,20,10,40,5.0,0.5062265654520959
0,20,10,40,7.0,0.5161046471190881
0,20,10,40,9.0,0.517534666867038
0,20,10,40,11.0,0.52037324376609
0,20,10,40,13.0,0.524081193427177
60,10,150,40,1.0,0.192197370942235
60,10,150,40,3.0,0.2223862965072386
60,10,150,40,5.0,0.3047546703180576
60,10,150,40,7.0,0.3090457526298859
60,10,150,40,9.0,0.3400238084629283
60,10,150,40,11.0,0.3309983670446881
60,10,150,40,13.0,0.3309983670446881
0,10,100,40,1.0,0.2180249931988067
0,10,100,40,3.0,0.3340936616745995
0,10,100,40,5.0,0.3246406500760277
0,10,100,40,7.0,0.3385048554209738
0,10,100,40,9.0,0.3422266659170599
0,10,100,40,11.0,0.347434855637742
0,10,100,40,13.0,0.3499730592336174
60,10,50,60,1.0,0.1987106732535747
60,10,50,60,3.0,0.1840173453641278
60,10,50,60,5.0,0.2491094502697973
60,10,50,60,7.0,0.2324952869595792
60,10,50,60,9.0,0.2472510653076477
60,10,50,60,11.0,0.2251889679155586
60,10,50,60,13.0,0.2251889679155586
900,30,5,60,1.0,0.4051275891097155
900,30,5,60,3.0,0.4182938443541004
900,30,5,60,5.0,0.4240155623144993
900,30,5,60,7.0,0.4057038199616155
900,30,5,60,9.0,0.3988330952891825
900,30,5,60,11.0,0.3953963009629444
900,30,5,60,13.0,0.3942504515659369
0,20,50,10,1.0,0.3556772827792379
0,20,50,10,3.0,0.4631576513357107
0,20,50,10,5.0,0.4661474254917648
0,20,50,10,7.0,0.4777280968547163
0,20,50,10,9.0,0.4853952439882124
0,20,50,10,11.0,0.4911440761338232
0,20,50,10,13.0,0.4976250167874813
600,10,1,10,1.0,0.3293445605876769
600,10,1,10,3.0,0.4034055403926443
600,10,1,10,5.0,0.4190401543019336
600,10,1,10,7.0,0.4271497088479981
600,10,1,10,9.0,0.4337083204672222
600,10,1,10,11.0,0.4388130054184565
600,10,1,10,13.0,0.4430210560862982
300,20,150,40,1.0,0.2763368044632301
300,20,150,40,3.0,0.3168476728411595
300,20,150,40,5.0,0.3527790835769217
300,20,150,40,7.0,0.357483215856567
300,20,150,40,9.0,0.3718017739693417
300,20,150,40,11.0,0.3772536630213945
300,20,150,40,13.0,0.3907785430020232
0,5,50,60,1.0,0.1570714020729785
0,5,50,60,3.0,0.2770800615550681
0,5,50,60,5.0,0.2568195933134132
0,5,50,60,7.0,0.2731593296797658
0,5,50,60,9.0,0.2769411287233485
0,5,50,60,11.0,0.2846932262410029
0,5,50,60,13.0,0.2876289489143298
300,60,50,60,1.0,0.6573610793475481
300,60,50,60,3.0,0.6190690992164247
300,60,50,60,5.0,0.6422753902741121
300,60,50,60,7.0,0.6456159109044622
300,60,50,60,9.0,0.6708907214744585
300,60,50,60,11.0,0.6708907214744585
300,60,50,60,13.0,0.6708907214744585
60,20,10,20,1.0,0.3678221008787576
60,20,10,20,3.0,0.2421861367461277
60,20,10,20,5.0,0.3256491617832798
60,20,10,20,7.0,0.3256491617832798
60,20,10,20,9.0,0.3256491617832798
60,20,10,20,11.0,0.3256491617832798
60,20,10,20,13.0,0.3256491617832798
0,5,1,40,1.0,0.2488229542481172
0,5,1,40,3.0,0.386326761991251
0,5,1,40,5.0,0.3831336601586215
0,5,1,40,7.0,0.4119332237233857
0,5,1,40,9.0,0.4125357642193226
0,5,1,40,11.0,0.4250349240547911
0,5,1,40,13.0,0.4270721273276308
300,10,5,40,1.0,0.3216564851364981
300,10,5,40,3.0,0.3535225176110834
300,10,5,40,5.0,0.3667687764314473
300,10,5,40,7.0,0.3688079521826415
300,10,5,40,9.0,0.3745609491066287
300,10,5,40,11.0,0.3764187864187484
300,10,5,40,13.0,0.3823708508891941
300,60,10,40,1.0,0.6366295649037156
300,60,10,40,3.0,0.6188646199317422
300,60,10,40,5.0,0.6488088558294646
300,60,10,40,7.0,0.6519300273448968
300,60,10,40,9.0,0.6728645478018432
300,60,10,40,11.0,0.6728645478018432
300,60,10,40,13.0,0.6728645478018432
60,10,50,10,1.0,0.2082047807319529
60,10,50,10,3.0,0.2081574546062988
60,10,50,10,5.0,0.2611734893853057
60,10,50,10,7.0,0.2452033343688011
60,10,50,10,9.0,0.26621344923142
60,10,50,10,11.0,0.241246983750631
60,10,50,10,13.0,0.241246983750631
600,5,1,40,1.0,0.2517659060844462
600,5,1,40,3.0,0.3751396585787437
600,5,1,40,5.0,0.384412153678938
600,5,1,40,7.0,0.3995136862633775
600,5,1,40,9.0,0.4111693565525114
600,5,1,40,11.0,0.4204816725911751
600,5,1,40,13.0,0.4261956167265424
0,20,100,40,1.0,0.3146950794816248
0,20,100,40,3.0,0.4181613951670524
0,20,100,40,5.0,0.4287089521446199
0,20,100,40,7.0,0.441011691293228
0,20,100,40,9.0,0.4495895319114197
0,20,100,40,11.0,0.4546430713695213
0,20,100,40,13.0,0.4604879312117999
0,5,10,40,1.0,0.217980785809118
0,5,10,40,3.0,0.3572575066514723
0,5,10,40,5.0,0.3491729633975826
0,5,10,40,7.0,0.3758090301797481
0,5,10,40,9.0,0.37877201205381
0,5,10,40,11.0,0.3874241670906137
0,5,10,40,13.0,0.3908101045701967
900,5,150,60,1.0,0.1027083789422816
900,5,150,60,3.0,0.239625588137378
900,5,150,60,5.0,0.2678510509122052
900,5,150,60,7.0,0.2976193254439485
900,5,150,60,9.0,0.3081501109726346
900,5,150,60,11.0,0.3124390854940274
900,5,150,60,13.0,0.314600507696042
0,10,10,20,1.0,0.3208307209112004
0,10,10,20,3.0,0.4630821032263589
0,10,10,20,5.0,0.4662825945515296
0,10,10,20,7.0,0.4905316007260381
0,10,10,20,9.0,0.4978737356985326
0,10,10,20,11.0,0.5092196297385512
0,10,10,20,13.0,0.5167995484228998
60,20,150,40,1.0,0.2126276607340876
60,20,150,40,3.0,0.1215975690385963
60,20,150,40,5.0,0.2961414305125146
60,20,150,40,7.0,0.2961414305125146
60,20,150,40,9.0,0.2961414305125146
60,20,150,40,11.0,0.2961414305125146
60,20,150,40,13.0,0.2961414305125146
900,60,100,60,1.0,0.5255369572935994
900,60,100,60,3.0,0.5542054654856603
900,60,100,60,5.0,0.5542054654856603
900,60,100,60,7.0,0.5542054654856603
900,60,100,60,9.0,0.5560804137387526
900,60,100,60,11.0,0.5467263949726017
900,60,100,60,13.0,0.5448617053168998
600,5,100,40,1.0,0.1920129438048902
600,5,100,40,3.0,0.3102705046354636
600,5,100,40,5.0,0.319472000061528
600,5,100,40,7.0,0.3289271290808678
600,5,100,40,9.0,0.3351208149475918
600,5,100,40,11.0,0.3368660956319437
600,5,100,40,13.0,0.3384927327340918
60,10,10,40,1.0,0.2801003346500433
60,10,10,40,3.0,0.2594745858638733
60,10,10,40,5.0,0.2873408305200856
60,10,10,40,7.0,0.2653751133030575
60,10,10,40,9.0,0.2890343417879831
60,10,10,40,11.0,0.264531885364084
60,10,10,40,13.0,0.264531885364084
600,30,100,40,1.0,0.4341378207825135
600,30,100,40,3.0,0.4844888971671383
600,30,100,40,5.0,0.5154781178678026
600,30,100,40,7.0,0.5192884988387765
600,30,100,40,9.0,0.5308131374727576
600,30,100,40,11.0,0.5359813447394858
600,30,100,40,13.0,0.5437884905634259
0,20,1,20,1.0,0.4262046705930741
0,20,1,20,3.0,0.5103978965557207
0,20,1,20,5.0,0.5146213897036966
0,20,1,20,7.0,0.525286829762839
0,20,1,20,9.0,0.5334696047697657
0,20,1,20,11.0,0.5369119168882119
0,20,1,20,13.0,0.5372904685763177
300,10,150,40,1.0,0.2083899816328084
300,10,150,40,3.0,0.2698825855825335
300,10,150,40,5.0,0.2920783639038646
300,10,150,40,7.0,0.2988085830509624
300,10,150,40,9.0,0.308314521085851
300,10,150,40,11.0,0.3148877292819652
300,10,150,40,13.0,0.321552622154889
300,30,1,20,1.0,0.5857932455955153
300,30,1,20,3.0,0.5862509988616874
300,30,1,20,5.0,0.6072202104715352
300,30,1,20,7.0,0.5983659799595115
300,30,1,20,9.0,0.6155563571255768
300,30,1,20,11.0,0.6161133603174616
300,30,1,20,13.0,0.6272878489339515
300,60,50,10,1.0,0.6051544667279594
300,60,50,10,3.0,0.563790174096627
300,60,50,10,5.0,0.5894154134812695
300,60,50,10,7.0,0.590489199701527
300,60,50,10,9.0,0.6142505590625588
300,60,50,10,11.0,0.6142505590625588
300,60,50,10,13.0,0.6142505590625588
300,30,50,20,1.0,0.4376184332581697
300,30,50,20,3.0,0.4467001643083068
300,30,50,20,5.0,0.4818190854780659
300,30,50,20,7.0,0.4818190854780659
300,30,50,20,9.0,0.4910409572711641
300,30,50,20,11.0,0.4885758224031352
300,30,50,20,13.0,0.4966037344603449
600,10,1,60,1.0,0.2732151864418176
600,10,1,60,3.0,0.2871884265849235
600,10,1,60,5.0,0.2811748670724225
600,10,1,60,7.0,0.2800184040720403
600,10,1,60,9.0,0.2823310671427979
600,10,1,60,11.0,0.2742319421726348
600,10,1,60,13.0,0.2736528984903368
0,20,50,60,1.0,0.3566728427586956
0,20,50,60,3.0,0.4594422327899462
0,20,50,60,5.0,0.4642946788627619
0,20,50,60,7.0,0.4745988686962538
0,20,50,60,9.0,0.4819304344756068
0,20,50,60,11.0,0.4870919775047128
0,20,50,60,13.0,0.4928774383672587
900,30,5,10,1.0,0.5217691937819436
900,30,5,10,3.0,0.568055264555545
900,30,5,10,5.0,0.5817083293480424
900,30,5,10,7.0,0.5827668606828553
900,30,5,10,9.0,0.5880688115518369
900,30,5,10,11.0,0.5859461575601532
900,30,5,10,13.0,0.5920556380384672
900,30,100,60,1.0,0.3988623169204287
900,30,100,60,3.0,0.4438731661936654
900,30,100,60,5.0,0.4657770814881413
900,30,100,60,7.0,0.471693170990462
900,30,100,60,9.0,0.4791348421358847
900,30,100,60,11.0,0.4731773262547334
900,30,100,60,13.0,0.4806295061564568
900,30,50,40,1.0,0.4454268439180033
900,30,50,40,3.0,0.5032094651415624
900,30,50,40,5.0,0.5180516015787723
900,30,50,40,7.0,0.5251201015519406
900,30,50,40,9.0,0.528824768301813
900,30,50,40,11.0,0.5300622512452168
900,30,50,40,13.0,0.5362694096138604
900,5,5,40,1.0,0.2358579915255793
900,5,5,40,3.0,0.3970112086490149
900,5,5,40,5.0,0.3891802211203863
900,5,5,40,7.0,0.4091458328092215
900,5,5,40,9.0,0.419267939223664
900,5,5,40,11.0,0.425689603870574
900,5,5,40,13.0,0.4310461994634644
900,20,5,10,1.0,0.4580925935165766
900,20,5,10,3.0,0.5171259424989834
900,20,5,10,5.0,0.5300681684205117
900,20,5,10,7.0,0.542483371027689
900,20,5,10,9.0,0.5506861761091735
900,20,5,10,11.0,0.5531899671362069
900,20,5,10,13.0,0.5539059740794214
0,30,1,20,1.0,0.5250272428559153
0,30,1,20,3.0,0.5867622240305396
0,30,1,20,5.0,0.6013363788740892
0,30,1,20,7.0,0.6057165480921439
0,30,1,20,9.0,0.6072869890015585
0,30,1,20,11.0,0.6089885660206236
0,30,1,20,13.0,0.6097145165047468
300,5,1,60,1.0,0.2397065978734787
300,5,1,60,3.0,0.2933993863405664
300,5,1,60,5.0,0.3043213565213101
300,5,1,60,7.0,0.3091537299742761
300,5,1,60,9.0,0.3188492173486912
300,5,1,60,11.0,0.3157597213899679
300,5,1,60,13.0,0.3215008487118697
600,10,50,60,1.0,0.2131309750505075
600,10,50,60,3.0,0.2803005835953159
600,10,50,60,5.0,0.3046627735944724
600,10,50,60,7.0,0.3214821259386334
600,10,50,60,9.0,0.3271562578123392
600,10,50,60,11.0,0.3271562578123392
600,10,50,60,13.0,0.3263435327267732
300,20,1,20,1.0,0.483957906264354
300,20,1,20,3.0,0.4882553093955536
300,20,1,20,5.0,0.5146607727098453
300,20,1,20,7.0,0.5083901112483301
300,20,1,20,9.0,0.515768810230638
300,20,1,20,11.0,0.517246888176818
300,20,1,20,13.0,0.5224265528567761
900,30,10,10,1.0,0.5186550879765707
900,30,10,10,3.0,0.5639074869485666
900,30,10,10,5.0,0.5757456002163731
900,30,10,10,7.0,0.5781451389204147
900,30,10,10,9.0,0.5893864479276831
900,30,10,10,11.0,0.5883126922361321
900,30,10,10,13.0,0.59153599966014
60,5,5,60,1.0,0.1609107914508597
60,5,5,60,3.0,0.1659435749395971
60,5,5,60,5.0,0.1835307927794401
60,5,5,60,7.0,0.1810113408835192
60,5,5,60,9.0,0.2012388826758781
60,5,5,60,11.0,0.1919470628737832
60,5,5,60,13.0,0.1987010868891078
300,5,10,40,1.0,0.2214146222040381
300,5,10,40,3.0,0.3092603064873709
300,5,10,40,5.0,0.3387410038797444
300,5,10,40,7.0,0.3558737897566721
300,5,10,40,9.0,0.3743861498160381
300,5,10,40,11.0,0.382802928073498
300,5,10,40,13.0,0.390718911003707
600,20,10,20,1.0,0.4642683405840828
600,20,10,20,3.0,0.4913750166008914
600,20,10,20,5.0,0.5079141059568596
600,20,10,20,7.0,0.5053627410128795
600,20,10,20,9.0,0.5091907731631384
600,20,10,20,11.0,0.5106810593529829
600,20,10,20,13.0,0.5125984884728852
900,60,10,20,1.0,0.6542008310644227
900,60,10,20,3.0,0.6794036403154433
900,60,10,20,5.0,0.697408122008315
900,60,10,20,7.0,0.7001569552533763
900,60,10,20,9.0,0.7067774489583363
900,60,10,20,11.0,0.7101002444833127
900,60,10,20,13.0,0.7112097301855562
600,60,100,40,1.0,0.6187402128307038
600,60,100,40,3.0,0.6257334915748872
600,60,100,40,5.0,0.6522068608299393
600,60,100,40,7.0,0.6566768443513219
600,60,100,40,9.0,0.6679279071117228
600,60,100,40,11.0,0.6679279071117228
600,60,100,40,13.0,0.6747321932538867
60,10,1,60,1.0,0.2429329807322794
60,10,1,60,3.0,0.1787711456525014
60,10,1,60,5.0,0.206080516031084
60,10,1,60,7.0,0.1741932986972368
60,10,1,60,9.0,0.1772461155009005
60,10,1,60,11.0,0.1496257993413767
60,10,1,60,13.0,0.1496257993413767
900,10,150,20,1.0,0.2024082558587963
900,10,150,20,3.0,0.3052609757236529
900,10,150,20,5.0,0.3134960453030715
900,10,150,20,7.0,0.3195677481155651
900,10,150,20,9.0,0.324293312386099
900,10,150,20,11.0,0.3288747364983502
900,10,150,20,13.0,0.3338887233857184
0,10,5,40,1.0,0.3201139532897046
0,10,5,40,3.0,0.4554568555552125
0,10,5,40,5.0,0.4568117689243686
0,10,5,40,7.0,0.4771913658069907
0,10,5,40,9.0,0.4850477362390042
0,10,5,40,11.0,0.4949046698103173
0,10,5,40,13.0,0.5008351647545125
600,10,50,10,1.0,0.245825569620453
600,10,50,10,3.0,0.3628215948284465
600,10,50,10,5.0,0.3989233950665868
600,10,50,10,7.0,0.4185071207796324
600,10,50,10,9.0,0.4321845190808329
600,10,50,10,11.0,0.4445858143636716
600,10,50,10,13.0,0.4525140571062244
300,5,1,10,1.0,0.229473091878826
300,5,1,10,3.0,0.3142605132259929
300,5,1,10,5.0,0.3402374741172309
300,5,1,10,7.0,0.3556788339780883
300,5,1,10,9.0,0.3705285124448628
300,5,1,10,11.0,0.3779135059740544
300,5,1,10,13.0,0.3851164492693821
60,60,1,20,1.0,0.5927668589079587
60,60,1,20,3.0,0.5927668589079587
60,60,1,20,5.0,0.5927668589079587
60,60,1,20,7.0,0.5927668589079587
60,60,1,20,9.0,0.5927668589079587
60,60,1,20,11.0,0.5927668589079587
60,60,1,20,13.0,0.5927668589079587
900,30,100,10,1.0,0.3760957823944953
900,30,100,10,3.0,0.4365023776050633
900,30,100,10,5.0,0.4474439049337553
900,30,100,10,7.0,0.4528485335325383
900,30,100,10,9.0,0.4603296229790192
900,30,100,10,11.0,0.4634070031387047
900,30,100,10,13.0,0.4692472216246469
300,5,50,60,1.0,0.2439284140139095
300,5,50,60,3.0,0.3187818142438395
300,5,50,60,5.0,0.356487174345348
300,5,50,60,7.0,0.3738696932213086
300,5,50,60,9.0,0.387790877306204
300,5,50,60,11.0,0.3898097363069704
300,5,50,60,13.0,0.3969370822819801
900,20,5,60,1.0,0.2354726104824713
900,20,5,60,3.0,0.2573806215689357
900,20,5,60,5.0,0.2531968439129658
900,20,5,60,7.0,0.2355239881112174
900,20,5,60,9.0,0.2255107893342104
900,20,5,60,11.0,0.221042175672359
900,20,5,60,13.0,0.221042175672359
60,10,1,10,1.0,0.2789066850435817
60,10,1,10,3.0,0.2534136787506155
60,10,1,10,5.0,0.2868372121920984
60,10,1,10,7.0,0.2568362890925443
60,10,1,10,9.0,0.2671101573676132
60,10,1,10,11.0,0.2380200111182629
60,10,1,10,13.0,0.2380200111182629
60,5,100,40,1.0,0.1243521688686302
60,5,100,40,3.0,0.1992548434716942
60,5,100,40,5.0,0.2566231176903235
60,5,100,40,7.0,0.2764484534598826
60,5,100,40,9.0,0.2986982865563497
60,5,100,40,11.0,0.3019586926606139
60,5,100,40,13.0,0.3118698161859247
600,10,10,40,1.0,0.3341995609212012
600,10,10,40,3.0,0.4134890672914896
600,10,10,40,5.0,0.428362691476648
600,10,10,40,7.0,0.4395739948960858
600,10,10,40,9.0,0.4433714103642923
600,10,10,40,11.0,0.4520345767744638
600,10,10,40,13.0,0.4587662510420801
900,20,150,20,1.0,0.2838663265478049
900,20,150,20,3.0,0.362388093268972
900,20,150,20,5.0,0.3801288775361652
900,20,150,20,7.0,0.3866953936275232
900,20,150,20,9.0,0.3979824663815211
900,20,150,20,11.0,0.4020824483540507
900,20,150,20,13.0,0.4065043116560792
60,5,5,10,1.0,0.172287170961909
60,5,5,10,3.0,0.1880506487519723
60,5,5,10,5.0,0.2215900697631397
60,5,5,10,7.0,0.2193038494382994
60,5,5,10,9.0,0.2469529877341722
60,5,5,10,11.0,0.2427746110101434
60,5,5,10,13.0,0.2604966815347719
900,30,10,60,1.0,0.4117149791489083
900,30,10,60,3.0,0.4344271690372841
900,30,10,60,5.0,0.424100452147243
900,30,10,60,7.0,0.4057465112096226
900,30,10,60,9.0,0.4068937948693388
900,30,10,60,11.0,0.3977136929683051
900,30,10,60,13.0,0.3885275420886213
0,5,10,10,1.0,0.2071323212051613
0,5,10,10,3.0,0.3428478295685505
0,5,10,10,5.0,0.3317120893375873
0,5,10,10,7.0,0.3566200153791847
0,5,10,10,9.0,0.3595491504475705
0,5,10,10,11.0,0.3686110852187542
0,5,10,10,13.0,0.3722905247497915
0,20,100,10,1.0,0.3101054012157185
0,20,100,10,3.0,0.4134218717225536
0,20,100,10,5.0,0.4234746680741619
0,20,100,10,7.0,0.4362715486204582
0,20,100,10,9.0,0.4453472379164235
0,20,100,10,11.0,0.4509365516962296
0,20,100,10,13.0,0.4549146485249227
60,20,150,10,1.0,0.195457402935177
60,20,150,10,3.0,0.1108317540946436
60,20,150,10,5.0,0.2863924030123926
60,20,150,10,7.0,0.2863924030123926
60,20,150,10,9.0,0.2863924030123926
60,20,150,10,11.0,0.2863924030123926
60,20,150,10,13.0,0.2863924030123926
900,60,1,60,1.0,0.5538313396159367
900,60,1,60,3.0,0.5495348186714528
900,60,1,60,5.0,0.5708493604107119
900,60,1,60,7.0,0.5637198778055599
900,60,1,60,9.0,0.5660935336772824
900,60,1,60,11.0,0.5660935336772824
900,60,1,60,13.0,0.5660935336772824
0,20,10,60,1.0,0.4135831945762173
0,20,10,60,3.0,0.4969216182080964
0,20,10,60,5.0,0.4980517357322852
0,20,10,60,7.0,0.5046393117058033
0,20,10,60,9.0,0.509357872159252
0,20,10,60,11.0,0.5078490206853311
0,20,10,60,13.0,0.5114763251960479
300,30,10,20,1.0,0.5146738603685665
300,30,10,20,3.0,0.5027852779900178
300,30,10,20,5.0,0.5215284367724705
300,30,10,20,7.0,0.5168347007641736
300,30,10,20,9.0,0.5325039054541593
300,30,10,20,11.0,0.5314571269195829
300,30,10,20,13.0,0.5435156792224513
300,60,10,10,1.0,0.6534592015580414
300,60,10,10,3.0,0.6321855073697381
300,60,10,10,5.0,0.6547586074570606
300,60,10,10,7.0,0.6578550108294814
300,60,10,10,9.0,0.681756335610896
300,60,10,10,11.0,0.681756335610896
300,60,10,10,13.0,0.681756335610896
60,10,50,40,1.0,0.2313058362282107
60,10,50,40,3.0,0.2349595559608276
60,10,50,40,5.0,0.2866446547496055
60,10,50,40,7.0,0.2836566092085809
60,10,50,40,9.0,0.3128932025134557
60,10,50,40,11.0,0.2956579890035455
60,10,50,40,13.0,0.2956579890035455
60,20,5,20,1.0,0.3770050492605572
60,20,5,20,3.0,0.2573763153035615
60,20,5,20,5.0,0.3305581844229655
60,20,5,20,7.0,0.3305581844229655
60,20,5,20,9.0,0.3305581844229655
60,20,5,20,11.0,0.3305581844229655
60,20,5,20,13.0,0.3305581844229655
0,10,100,60,1.0,0.2143746130840023
0,10,100,60,3.0,0.3342274428147466
0,10,100,60,5.0,0.3252496938678776
0,10,100,60,7.0,0.339452815324377
0,10,100,60,9.0,0.3434799827068135
0,10,100,60,11.0,0.3488890475053972
0,10,100,60,13.0,0.351793796085209
600,5,1,10,1.0,0.2320367790431262
600,5,1,10,3.0,0.3655861045446299
600,5,1,10,5.0,0.3766889872710399
600,5,1,10,7.0,0.3941299554590574
600,5,1,10,9.0,0.4078743037264687
600,5,1,10,11.0,0.4223776927706482
600,5,1,10,13.0,0.4285039804671106
60,10,150,60,1.0,0.1977076231918022
60,10,150,60,3.0,0.2318310961336057
60,10,150,60,5.0,0.299014553224685
60,10,150,60,7.0,0.3158443611086736
60,10,150,60,9.0,0.3641993268631769
60,10,150,60,11.0,0.3536674896735178
60,10,150,60,13.0,0.3536674896735178
600,20,150,20,1.0,0.3141395019753486
600,20,150,20,3.0,0.3949035321180943
600,20,150,20,5.0,0.430255674887339
600,20,150,20,7.0,0.439953930734007
600,20,150,20,9.0,0.4478959861182521
600,20,150,20,11.0,0.4532463806462816
600,20,150,20,13.0,0.4594170772942625
300,20,150,60,1.0,0.2742042809876292
300,20,150,60,3.0,0.3206363480411827
300,20,150,60,5.0,0.3643875728504338
300,20,150,60,7.0,0.3715563776432167
300,20,150,60,9.0,0.3972596600468283
300,20,150,60,11.0,0.4085846850884909
300,20,150,60,13.0,0.4220480349149551
60,30,100,20,1.0,0.2588634586727237
60,30,100,20,3.0,0.1490657519340328
60,30,100,20,5.0,0.1490657519340328
60,30,100,20,7.0,0.1490657519340328
60,30,100,20,9.0,0.1490657519340328
60,30,100,20,11.0,0.1490657519340328
60,30,100,20,13.0,0.1490657519340328
600,30,5,20,1.0,0.5490181873358797
600,30,5,20,3.0,0.5671992455578129
600,30,5,20,5.0,0.5789082055013203
600,30,5,20,7.0,0.574896227013972
600,30,5,20,9.0,0.5776730356992243
600,30,5,20,11.0,0.5739713300204791
600,30,5,20,13.0,0.5819989603744378
0,30,150,20,1.0,0.3812730120853392
0,30,150,20,3.0,0.4797269942675323
0,30,150,20,5.0,0.4952988458673329
0,30,150,20,7.0,0.5079614520204566
0,30,150,20,9.0,0.5173345413219385
0,30,150,20,11.0,0.5236188486882498
0,30,150,20,13.0,0.5291191937629517
900,30,5,40,1.0,0.5110731388807577
900,30,5,40,3.0,0.5551354086082639
900,30,5,40,5.0,0.5739409000615732
900,30,5,40,7.0,0.5721305239675998
900,30,5,40,9.0,0.5762708491614408
900,30,5,40,11.0,0.5747172577910342
900,30,5,40,13.0,0.5773072302914943
0,5,50,40,1.0,0.1569622538529726
0,5,50,40,3.0,0.2762042168064526
0,5,50,40,5.0,0.2552771223234147
0,5,50,40,7.0,0.2711285334916976
0,5,50,40,9.0,0.2717281335034412
0,5,50,40,11.0,0.2775717626706038
0,5,50,40,13.0,0.2791845338054361
0,10,50,20,1.0,0.2537673480392741
0,10,50,20,3.0,0.3953694425261934
0,10,50,20,5.0,0.3899513949137694
0,10,50,20,7.0,0.4093196490241864
0,10,50,20,9.0,0.4183677383885582
0,10,50,20,11.0,0.4277429638356879
0,10,50,20,13.0,0.4346868052293355
60,10,10,10,1.0,0.2681803690955853
60,10,10,10,3.0,0.2476861749661285
60,10,10,10,5.0,0.2712807107475099
60,10,10,10,7.0,0.2401148759310967
60,10,10,10,9.0,0.2535784869764289
60,10,10,10,11.0,0.228344409309113
60,10,10,10,13.0,0.2291849595501009
600,30,100,10,1.0,0.4322678668699887
600,30,100,10,3.0,0.4841363367040132
600,30,100,10,5.0,0.5152471447599759
600,30,100,10,7.0,0.5194988934522253
600,30,100,10,9.0,0.5336687485693327
600,30,100,10,11.0,0.5375713151385118
600,30,100,10,13.0,0.5471819072775542
300,10,5,60,1.0,0.263116732578311
300,10,5,60,3.0,0.2932858298356478
300,10,5,60,5.0,0.3023108799469971
300,10,5,60,7.0,0.2975322026628779
300,10,5,60,9.0,0.2991249017583975
300,10,5,60,11.0,0.297001342709057
300,10,5,60,13.0,0.3033730586752423
0,5,1,60,1.0,0.241464735657819
0,5,1,60,3.0,0.3751244476313254
0,5,1,60,5.0,0.3687597213728945
0,5,1,60,7.0,0.3947169798031628
0,5,1,60,9.0,0.3970818611657808
0,5,1,60,11.0,0.4089037903530814
0,5,1,60,13.0,0.409878359308534
300,60,50,40,1.0,0.6014097589923605
300,60,50,40,3.0,0.5669321380635581
300,60,50,40,5.0,0.5924256393733642
300,60,50,40,7.0,0.5913580186674462
300,60,50,40,9.0,0.614967138165865
300,60,50,40,11.0,0.614967138165865
300,60,50,40,13.0,0.614967138165865
60,20,50,20,1.0,0.3383002388687398
60,20,50,20,3.0,0.2293506944669498
60,20,50,20,5.0,0.3539345998583146
60,20,50,20,7.0,0.3539345998583146
60,20,50,20,9.0,0.3539345998583146
60,20,50,20,11.0,0.3539345998583146
60,20,50,20,13.0,0.3539345998583146
300,60,10,60,1.0,0.7079092781294382
300,60,10,60,3.0,0.694985111224499
300,60,10,60,5.0,0.7209406194097857
300,60,10,60,7.0,0.7225774137522083
300,60,10,60,9.0,0.7456873225281877
300,60,10,60,11.0,0.7456873225281877
300,60,10,60,13.0,0.7456873225281877
300,60,5,20,1.0,0.6356912365819519
300,60,5,20,3.0,0.609493276292697
300,60,5,20,5.0,0.6288217365867318
300,60,5,20,7.0,0.6267803381539448
300,60,5,20,9.0,0.6493339043908433
300,60,5,20,11.0,0.6493339043908433
300,60,5,20,13.0,0.6493339043908433
600,5,1,60,1.0,0.212983599528747
600,5,1,60,3.0,0.308723360803028
600,5,1,60,5.0,0.3044665146127779
600,5,1,60,7.0,0.3027618310014818
600,5,1,60,9.0,0.3081019423944696
600,5,1,60,11.0,0.3045411488879075
600,5,1,60,13.0,0.3152326623161582
300,30,100,20,1.0,0.4167756572135087
300,30,100,20,3.0,0.4339118363664133
300,30,100,20,5.0,0.4658571118972363
300,30,100,20,7.0,0.4693140695186812
300,30,100,20,9.0,0.4804566028042107
300,30,100,20,11.0,0.4825597352087915
300,30,100,20,13.0,0.4910173953875734
900,60,1,10,1.0,0.6481906624670251
900,60,1,10,3.0,0.6676504746491159
900,60,1,10,5.0,0.6857694074982715
900,60,1,10,7.0,0.6800833367056823
900,60,1,10,9.0,0.6834923080501731
900,60,1,10,11.0,0.6806509463831149
900,60,1,10,13.0,0.681786826688433
60,20,150,60,1.0,0.2036333374753383
60,20,150,60,3.0,0.1180142097512138
60,20,150,60,5.0,0.2367853434012281
60,20,150,60,7.0,0.2367853434012281
60,20,150,60,9.0,0.2367853434012281
60,20,150,60,11.0,0.2367853434012281
60,20,150,60,13.0,0.2367853434012281
900,5,150,40,1.0,0.1808736390836537
900,5,150,40,3.0,0.303218317988753
900,5,150,40,5.0,0.2797964551616341
900,5,150,40,7.0,0.2900460562183671
900,5,150,40,9.0,0.2942624809706161
900,5,150,40,11.0,0.2977880371879914
900,5,150,40,13.0,0.3001896408111701
600,10,150,20,1.0,0.2158862316694417
600,10,150,20,3.0,0.3172470507342984
600,10,150,20,5.0,0.3394078971127262
600,10,150,20,7.0,0.3518518328959295
600,10,150,20,9.0,0.3559629910129492
600,10,150,20,11.0,0.3576662318015907
600,10,150,20,13.0,0.3601101066193924
0,5,10,60,1.0,0.2176691392609861
0,5,10,60,3.0,0.3515137733152365
0,5,10,60,5.0,0.3458425957998511
0,5,10,60,7.0,0.3711918885057505
0,5,10,60,9.0,0.3747934569062585
0,5,10,60,11.0,0.3848200675062685
0,5,10,60,13.0,0.3880927239114926
0,20,100,60,1.0,0.3076707067612145
0,20,100,60,3.0,0.4048972461209574
0,20,100,60,5.0,0.415113202114108
0,20,100,60,7.0,0.4278619990881736
0,20,100,60,9.0,0.4367051319279301
0,20,100,60,11.0,0.4405593222673118
0,20,100,60,13.0,0.4465160562795917
900,60,100,40,1.0,0.5805346314061058
900,60,100,40,3.0,0.6172843976542794
900,60,100,40,5.0,0.6354458339366895
900,60,100,40,7.0,0.6403143751805448
900,60,100,40,9.0,0.6458161399558473
900,60,100,40,11.0,0.6427563513505705
900,60,100,40,13.0,0.648884147401942
0,20,10,10,1.0,0.4109599146927979
0,20,10,10,3.0,0.5052074504095775
0,20,10,10,5.0,0.5078391795291174
0,20,10,10,7.0,0.5139615011374845
0,20,10,10,9.0,0.5178225878649643
0,20,10,10,11.0,0.5190667584988206
0,20,10,10,13.0,0.5218773802253341
60,10,10,60,1.0,0.2703228537329488
60,10,10,60,3.0,0.2513877379055603
60,10,10,60,5.0,0.3072928026627506
60,10,10,60,7.0,0.2912292649878055
60,10,10,60,9.0,0.3105160813468924
60,10,10,60,11.0,0.2944352650273826
60,10,10,60,13.0,0.2960394782579841
600,5,100,60,1.0,0.1294129864627349
600,5,100,60,3.0,0.2487764452710712
600,5,100,60,5.0,0.2572958785366676
600,5,100,60,7.0,0.2643433204473036
600,5,100,60,9.0,0.2751265466432425
600,5,100,60,11.0,0.2751265466432425
600,5,100,60,13.0,0.2836976640398709
300,10,150,60,1.0,0.1879187477317565
300,10,150,60,3.0,0.275497819804849
300,10,150,60,5.0,0.3184754622898024
300,10,150,60,7.0,0.3221304564054365
300,10,150,60,9.0,0.3270469459232418
300,10,150,60,11.0,0.3307673255692652
300,10,150,60,13.0,0.3382951830356232
0,5,1,10,1.0,0.2236495384679021
0,5,1,10,3.0,0.3599522884558046
0,5,1,10,5.0,0.350622520935579
0,5,1,10,7.0,0.3790704228871941
0,5,1,10,9.0,0.3803766414682424
0,5,1,10,11.0,0.3894782793326767
0,5,1,10,13.0,0.3922597528600643
300,10,5,10,1.0,0.3154533203409897
300,10,5,10,3.0,0.3544436682263803
300,10,5,10,5.0,0.3753344864114873
300,10,5,10,7.0,0.3770527160837254
300,10,5,10,9.0,0.3877728108345832
300,10,5,10,11.0,0.3910373407928224
300,10,5,10,13.0,0.4010541285699803
600,30,100,60,1.0,0.3335627912875702
600,30,100,60,3.0,0.3783802698702908
600,30,100,60,5.0,0.39724867812316
600,30,100,60,7.0,0.4036128456591862
600,30,100,60,9.0,0.4177526681982527
600,30,100,60,11.0,0.4216431651443473
600,30,100,60,13.0,0.422943337104292
0,20,50,40,1.0,0.3541549051168453
0,20,50,40,3.0,0.4603943295116259
0,20,50,40,5.0,0.4654519478539904
0,20,50,40,7.0,0.4767224510735915
0,20,50,40,9.0,0.482081112334758
0,20,50,40,11.0,0.4889382256251307
0,20,50,40,13.0,0.4948856462326604
900,10,1,20,1.0,0.3094154802098224
900,10,1,20,3.0,0.402484589663464
900,10,1,20,5.0,0.4012887235637506
900,10,1,20,7.0,0.4072432151404039
900,10,1,20,9.0,0.4115953150245491
900,10,1,20,11.0,0.4134160313725512
900,10,1,20,13.0,0.4152374232133594
300,20,150,10,1.0,0.2735589808329355
300,20,150,10,3.0,0.3133750151712778
300,20,150,10,5.0,0.3507385878246968
300,20,150,10,7.0,0.3572765049900768
300,20,150,10,9.0,0.3742236381586427
300,20,150,10,11.0,0.3772977287193569
300,20,150,10,13.0,0.3910039744789492
600,10,1,40,1.0,0.3364545594723661
600,10,1,40,3.0,0.4012229096253665
600,10,1,40,5.0,0.4077729244859002
600,10,1,40,7.0,0.4103677938730687
600,10,1,40,9.0,0.4138048549826369
600,10,1,40,11.0,0.4169229438180354
600,10,1,40,13.0,0.4201519111413611
900,30,50,60,1.0,0.4333706666173907
900,30,50,60,3.0,0.4922898780186405
900,30,50,60,5.0,0.4949302787541461
900,30,50,60,7.0,0.4975754275671706
900,30,50,60,9.0,0.5028802097395696
900,30,50,60,11.0,0.5042094670253817
900,30,50,60,13.0,0.5042094670253817
900,30,100,40,1.0,0.378647346398932
900,30,100,40,3.0,0.4373293261692033
900,30,100,40,5.0,0.4461668786950358
900,30,100,40,7.0,0.4532017355291052
900,30,100,40,9.0,0.4609649057258975
900,30,100,40,11.0,0.4626607917012338
900,30,100,40,13.0,0.4687908349340072
900,5,5,60,1.0,0.1143937893777618
900,5,5,60,3.0,0.2169908768060152
900,5,5,60,5.0,0.1916211658589522
900,5,5,60,7.0,0.2043135855575782
900,5,5,60,9.0,0.2050975378222745
900,5,5,60,11.0,0.2121396166977924
900,5,5,60,13.0,0.2112588387187095
300,60,100,20,1.0,0.580873168714299
300,60,100,20,3.0,0.5633116070648354
300,60,100,20,5.0,0.6011917918115854
300,60,100,20,7.0,0.6136472695599839
300,60,100,20,9.0,0.6504991602518436
300,60,100,20,11.0,0.6504991602518436
300,60,100,20,13.0,0.6504991602518436
0,10,5,10,1.0,0.3173645944561168
0,10,5,10,3.0,0.4549226665732038
0,10,5,10,5.0,0.4556531941629022
0,10,5,10,7.0,0.4786404822928695
0,10,5,10,9.0,0.4856228791949729
0,10,5,10,11.0,0.4959717271152513
0,10,5,10,13.0,0.5041790129121185
600,10,50,40,1.0,0.2625687122862972
600,10,50,40,3.0,0.3761850801862303
600,10,50,40,5.0,0.4099768915535701
600,10,50,40,7.0,0.425247927870673
600,10,50,40,9.0,0.441202312269344
600,10,50,40,11.0,0.4524580745584944
600,10,50,40,13.0,0.4596198823187922
300,5,1,40,1.0,0.2542608377266908
300,5,1,40,3.0,0.3250236403119183
300,5,1,40,5.0,0.346776035178997
300,5,1,40,7.0,0.3563271916328275
300,5,1,40,9.0,0.3741448809423928
300,5,1,40,11.0,0.3816491799672136
300,5,1,40,13.0,0.3874891165353752
300,5,10,60,1.0,0.3154571898535567
300,5,10,60,3.0,0.3944275256645849
300,5,10,60,5.0,0.4110363873234431
300,5,10,60,7.0,0.4250346891844496
300,5,10,60,9.0,0.437983819241701
300,5,10,60,11.0,0.4410915494024369
300,5,10,60,13.0,0.4561458365487301
60,5,5,40,1.0,0.17607302974772
60,5,5,40,3.0,0.1886744899694152
60,5,5,40,5.0,0.2124210567167623
60,5,5,40,7.0,0.2071253163722679
60,5,5,40,9.0,0.2181711578593386
60,5,5,40,11.0,0.2102131213939138
60,5,5,40,13.0,0.2195000924555962
60,10,1,40,1.0,0.2854810488151679
60,10,1,40,3.0,0.2560693748903213
60,10,1,40,5.0,0.28486157545392
60,10,1,40,7.0,0.2509850526584322
60,10,1,40,9.0,0.2636928635629283
60,10,1,40,11.0,0.2382640999820447
60,10,1,40,13.0,0.2382640999820447
600,60,100,60,1.0,0.5605736896249903
600,60,100,60,3.0,0.566529045741018
600,60,100,60,5.0,0.5850443487432722
600,60,100,60,7.0,0.5726749570972423
600,60,100,60,9.0,0.5757574705699887
600,60,100,60,11.0,0.566529045741018
600,60,100,60,13.0,0.5649964838265036
0,60,5,20,1.0,0.6025140829941629
0,60,5,20,3.0,0.6508629937298108
0,60,5,20,5.0,0.668511001642543
0,60,5,20,7.0,0.6751707870901842
0,60,5,20,9.0,0.6828240366845549
0,60,5,20,11.0,0.6835437903254387
0,60,5,20,13.0,0.6914872477258225
600,10,10,10,1.0,0.3257906216284428
600,10,10,10,3.0,0.4049262446236514
600,10,10,10,5.0,0.4235518080740892
600,10,10,10,7.0,0.4300139822379479
600,10,10,10,9.0,0.4383758446943668
600,10,10,10,11.0,0.4467821314992013
600,10,10,10,13.0,0.4524119359694292
0,10,5,60,1.0,0.3243637015912075
0,10,5,60,3.0,0.4554575611169151
0,10,5,60,5.0,0.4601561688498265
0,10,5,60,7.0,0.4791914943161123
0,10,5,60,9.0,0.4868385316617712
0,10,5,60,11.0,0.4935994875914652
0,10,5,60,13.0,0.5004099584583183
900,60,50,20,1.0,0.6571558071392996
900,60,50,20,3.0,0.681264859956797
900,60,50,20,5.0,0.6969584413456583
900,60,50,20,7.0,0.6947832551138087
900,60,50,20,9.0,0.7051465122031612
900,60,50,20,11.0,0.7045990907626066
900,60,50,20,13.0,0.707886991855921
600,20,50,20,1.0,0.4070530693016156
600,20,50,20,3.0,0.4722295005428186
600,20,50,20,5.0,0.501980527394953
600,20,50,20,7.0,0.5136297726207024
600,20,50,20,9.0,0.5206787636929038
600,20,50,20,11.0,0.5254036124250571
600,20,50,20,13.0,0.5312067787137215
300,5,50,40,1.0,0.170157622744229
300,5,50,40,3.0,0.2672832702112223
300,5,50,40,5.0,0.2980395843714468
300,5,50,40,7.0,0.3082342000530979
300,5,50,40,9.0,0.318101817589527
300,5,50,40,11.0,0.3231931902811137
300,5,50,40,13.0,0.3297609183621282
900,30,50,10,1.0,0.4433708715765198
900,30,50,10,3.0,0.5039796453800995
900,30,50,10,5.0,0.5201329891730553
900,30,50,10,7.0,0.5238520082068752
900,30,50,10,9.0,0.5282059125060687
900,30,50,10,11.0,0.5303890245877133
900,30,50,10,13.0,0.5335149704984552
900,5,5,10,1.0,0.2219719897152051
900,5,5,10,3.0,0.3878296450400105
900,5,5,10,5.0,0.3798304501831206
900,5,5,10,7.0,0.3996637339367104
900,5,5,10,9.0,0.4084164158218083
900,5,5,10,11.0,0.4174657332076792
900,5,5,10,13.0,0.4256942442471136
600,20,5,20,1.0,0.4646303285430824
600,20,5,20,3.0,0.4869222649403547
600,20,5,20,5.0,0.5004397069332118
600,20,5,20,7.0,0.4987730023041273
600,20,5,20,9.0,0.5021073040877484
600,20,5,20,11.0,0.5000229476794561
600,20,5,20,13.0,0.5039844361550648
900,20,5,40,1.0,0.4402076554600739
900,20,5,40,3.0,0.4898701316311845
900,20,5,40,5.0,0.4956374397701427
900,20,5,40,7.0,0.5043322177166448
900,20,5,40,9.0,0.5103144050271349
900,20,5,40,11.0,0.5109989078482619
900,20,5,40,13.0,0.5185400663201775
60,30,5,20,1.0,0.4672674796598539
60,30,5,20,3.0,0.3250656530432666
60,30,5,20,5.0,0.3250656530432666
60,30,5,20,7.0,0.3250656530432666
60,30,5,20,9.0,0.3250656530432666
60,30,5,20,11.0,0.3250656530432666
60,30,5,20,13.0,0.3250656530432666
600,60,100,10,1.0,0.6152053396607915
600,60,100,10,3.0,0.6214517388596118
600,60,100,10,5.0,0.647284830384239
600,60,100,10,7.0,0.6502732893589208
600,60,100,10,9.0,0.6638179894634934
600,60,100,10,11.0,0.665332936108505
600,60,100,10,13.0,0.6714132027207542
600,10,10,60,1.0,0.2768580163396447
600,10,10,60,3.0,0.3174761391559806
600,10,10,60,5.0,0.3166496733858469
600,10,10,60,7.0,0.3236669785785493
600,10,10,60,9.0,0.3255826052006027
600,10,10,60,11.0,0.3223903389826075
600,10,10,60,13.0,0.3211140475176017
60,5,100,60,1.0,0.1178985547161687
60,5,100,60,3.0,0.1748922094315674
60,5,100,60,5.0,0.2143529733887716
60,5,100,60,7.0,0.2281790720550715
60,5,100,60,9.0,0.256984694041007
60,5,100,60,11.0,0.2602876156094322
60,5,100,60,13.0,0.2788507162699058
0,60,150,20,1.0,0.5181298719571604
0,60,150,20,3.0,0.5737641177577157
0,60,150,20,5.0,0.5922266386116944
0,60,150,20,7.0,0.5962605829142553
0,60,150,20,9.0,0.6043770322750753
0,60,150,20,11.0,0.6037503593249304
0,60,150,20,13.0,0.6072019307745015
60,60,100,20,1.0,0.3305122066641419
60,60,100,20,3.0,0.3305122066641419
60,60,100,20,5.0,0.3305122066641419
60,60,100,20,7.0,0.3305122066641419
60,60,100,20,9.0,0.3305122066641419
60,60,100,20,11.0,0.3305122066641419
60,60,100,20,13.0,0.3305122066641419
900,30,10,40,1.0,0.5178662216769049
900,30,10,40,3.0,0.5633203415160126
900,30,10,40,5.0,0.5794668360193227
900,30,10,40,7.0,0.581564214678078
900,30,10,40,9.0,0.5852402125904705
900,30,10,40,11.0,0.5849774030035056
900,30,10,40,13.0,0.5889234518366517
300,5,10,10,1.0,0.2073473925372935
300,5,10,10,3.0,0.2945504814859326
300,5,10,10,5.0,0.3231586196072891
300,5,10,10,7.0,0.3412501913030805
300,5,10,10,9.0,0.3567950056466685
300,5,10,10,11.0,0.3666749203091221
300,5,10,10,13.0,0.375720936679287
900,10,50,40,1.0,0.2523205005454642
900,10,50,40,3.0,0.3835314941620978
900,10,50,40,5.0,0.401491699167577
900,10,50,40,7.0,0.4151426918610018
900,10,50,40,9.0,0.4249886890438521
900,10,50,40,11.0,0.4297499087892244
900,10,50,40,13.0,0.4373261331693783
60,5,1,20,1.0,0.1737888600447916
60,5,1,20,3.0,0.1776043481254385
60,5,1,20,5.0,0.2029403920117024
60,5,1,20,7.0,0.1971412308675095
60,5,1,20,9.0,0.212336750265769
60,5,1,20,11.0,0.2083053054727946
60,5,1,20,13.0,0.219520882456214
60,10,5,20,1.0,0.2895280245931849
60,10,5,20,3.0,0.2644793851181301
60,10,5,20,5.0,0.2844357614593301
60,10,5,20,7.0,0.2611533541473639
60,10,5,20,9.0,0.2869311148187325
60,10,5,20,11.0,0.2644793851181301
60,10,5,20,13.0,0.2644793851181301
600,60,150,40,1.0,0.5836360796714815
600,60,150,40,3.0,0.5987686711963776
600,60,150,40,5.0,0.6237812890831193
600,60,150,40,7.0,0.6261562160417095
600,60,150,40,9.0,0.6381117045822678
600,60,150,40,11.0,0.6365097350710669
600,60,150,40,13.0,0.6413230717062596
0,60,1,40,1.0,0.6023805162135576
0,60,1,40,3.0,0.6365397286497907
0,60,1,40,5.0,0.652473900904006
0,60,1,40,7.0,0.6565806626645758
0,60,1,40,9.0,0.6626290792935281
0,60,1,40,11.0,0.6660275616455519
0,60,1,40,13.0,0.6706531149876954
600,30,50,60,1.0,0.3885954834182988
600,30,50,60,3.0,0.4166430784487976
600,30,50,60,5.0,0.4166430784487976
600,30,50,60,7.0,0.4166430784487976
600,30,50,60,9.0,0.4132860307304519
600,30,50,60,11.0,0.4010336619159645
600,30,50,60,13.0,0.4010336619159645
900,10,100,20,1.0,0.2134969235290151
900,10,100,20,3.0,0.3297403950633166
900,10,100,20,5.0,0.3421254694799183
900,10,100,20,7.0,0.3488475691355657
900,10,100,20,9.0,0.3538535728003255
900,10,100,20,11.0,0.3553668667999879
900,10,100,20,13.0,0.3592534904474564
900,30,150,60,1.0,0.3706442688856016
900,30,150,60,3.0,0.4244269227923006
900,30,150,60,5.0,0.4437353100728401
900,30,150,60,7.0,0.4551951177828037
900,30,150,60,9.0,0.4584971297555701
900,30,150,60,11.0,0.465139208073173
900,30,150,60,13.0,0.4751998769169643
900,10,10,10,1.0,0.3177766461766287
900,10,10,10,3.0,0.4282935394785094
900,10,10,10,5.0,0.4399259680610654
900,10,10,10,7.0,0.4545841329712181
900,10,10,10,9.0,0.469036192179998
900,10,10,10,11.0,0.4746436460697826
900,10,10,10,13.0,0.4831471014140948
300,20,5,60,1.0,0.4042792770449956
300,20,5,60,3.0,0.4072182600963559
300,20,5,60,5.0,0.421560103532362
300,20,5,60,7.0,0.4100861773925656
300,20,5,60,9.0,0.4206037265991255
300,20,5,60,11.0,0.4167786834897493
300,20,5,60,13.0,0.4253861668935095
60,60,5,10,1.0,0.6212247398354254
60,60,5,10,3.0,0.6212247398354254
60,60,5,10,5.0,0.6212247398354254
60,60,5,10,7.0,0.6212247398354254
60,60,5,10,9.0,0.6212247398354254
60,60,5,10,11.0,0.6212247398354254
60,60,5,10,13.0,0.6212247398354254
0,30,5,60,1.0,0.477760260535031
0,30,5,60,3.0,0.519552598795945
0,30,5,60,5.0,0.5293075285872282
0,30,5,60,7.0,0.5277015152850445
0,30,5,60,9.0,0.5324800603355812
0,30,5,60,11.0,0.5334144891052766
0,30,5,60,13.0,0.5360863321018392
300,5,5,20,1.0,0.2177436477257255
300,5,5,20,3.0,0.2944074533427374
300,5,5,20,5.0,0.3199145114722805
300,5,5,20,7.0,0.3349306098627084
300,5,5,20,9.0,0.3467463411064543
300,5,5,20,11.0,0.3540128360114475
300,5,5,20,13.0,0.3630204333303671
900,5,50,60,1.0,0.0720697373920396
900,5,50,60,3.0,0.2077804419532972
900,5,50,60,5.0,0.2154592429632437
900,5,50,60,7.0,0.2541893935667428
900,5,50,60,9.0,0.27646278668169
900,5,50,60,11.0,0.2909708954227655
900,5,50,60,13.0,0.2975552483779531
600,30,50,10,1.0,0.4915755962457112
600,30,50,10,3.0,0.5358568353349739
600,30,50,10,5.0,0.5596586707639669
600,30,50,10,7.0,0.5686652507314205
600,30,50,10,9.0,0.581924880474076
600,30,50,10,11.0,0.5842133317258013
600,30,50,10,13.0,0.591874965630538
60,30,1,40,1.0,0.4637380373396051
60,30,1,40,3.0,0.3213256003673068
60,30,1,40,5.0,0.3213256003673068
60,30,1,40,7.0,0.3213256003673068
60,30,1,40,9.0,0.3213256003673068
60,30,1,40,11.0,0.3213256003673068
60,30,1,40,13.0,0.3213256003673068
900,5,10,40,1.0,0.2251479489484868
900,5,10,40,3.0,0.3907160224205716
900,5,10,40,5.0,0.3839017889356551
900,5,10,40,7.0,0.4049064599320535
900,5,10,40,9.0,0.4170266741252
900,5,10,40,11.0,0.4253303608642032
900,5,10,40,13.0,0.4324780986676926
600,5,10,20,1.0,0.2256385803281868
600,5,10,20,3.0,0.3617355161737699
600,5,10,20,5.0,0.374562455665778
600,5,10,20,7.0,0.3956812693026215
600,5,10,20,9.0,0.4101072956716619
600,5,10,20,11.0,0.4213310297151288
600,5,10,20,13.0,0.4278006604780837
60,5,150,40,1.0,0.1346878001735288
60,5,150,40,3.0,0.2013879041583418
60,5,150,40,5.0,0.2555464069145862
60,5,150,40,7.0,0.2707814369740319
60,5,150,40,9.0,0.2961495912368308
60,5,150,40,11.0,0.3043478815791721
60,5,150,40,13.0,0.3169055127274687
900,20,100,20,1.0,0.3259701841757216
900,20,100,20,3.0,0.4120313838619741
900,20,100,20,5.0,0.4288159195684242
900,20,100,20,7.0,0.4344890089339429
900,20,100,20,9.0,0.4439490777693518
900,20,100,20,11.0,0.4507385285066109
900,20,100,20,13.0,0.4525081646676493
900,20,50,20,1.0,0.386692904538609
900,20,50,20,3.0,0.470222552829278
900,20,50,20,5.0,0.481722115804347
900,20,50,20,7.0,0.4870817206894617
900,20,50,20,9.0,0.4949594801213308
900,20,50,20,11.0,0.5005897630613699
900,20,50,20,13.0,0.5054080372810408
600,60,50,20,1.0,0.6785699737516866
600,60,50,20,3.0,0.6827093716645432
600,60,50,20,5.0,0.7086862099968456
600,60,50,20,7.0,0.7086862099968456
600,60,50,20,9.0,0.7222020054638708
600,60,50,20,11.0,0.7161028257783507
600,60,50,20,13.0,0.7154268793485825
0,30,5,10,1.0,0.4791786572232659
0,30,5,10,3.0,0.5286248930432237
0,30,5,10,5.0,0.5381416978039044
0,30,5,10,7.0,0.5389319034702679
0,30,5,10,9.0,0.5411719729006387
0,30,5,10,11.0,0.5386564789951175
0,30,5,10,13.0,0.5379024332165094
60,60,5,60,1.0,0.6431925160212024
60,60,5,60,3.0,0.6431925160212024
60,60,5,60,5.0,0.6431925160212024
60,60,5,60,7.0,0.6431925160212024
60,60,5,60,9.0,0.6431925160212024
60,60,5,60,11.0,0.6431925160212024
60,60,5,60,13.0,0.6431925160212024
300,20,5,10,1.0,0.42461042358389
300,20,5,10,3.0,0.4260988895437726
300,20,5,10,5.0,0.4455499412603625
300,20,5,10,7.0,0.4332931274886091
300,20,5,10,9.0,0.4368944148911309
300,20,5,10,11.0,0.4325732142558319
300,20,5,10,13.0,0.4390566073978421
600,30,10,40,1.0,0.5500370366938617
600,30,10,40,3.0,0.5692017325972037
600,30,10,40,5.0,0.5816232360370843
600,30,10,40,7.0,0.5788225701164543
600,30,10,40,9.0,0.5825575677971607
600,30,10,40,11.0,0.5785115986346933
600,30,10,40,13.0,0.5853629284403212
900,30,150,10,1.0,0.343334485266805
900,30,150,10,3.0,0.4073850927565715
900,30,150,10,5.0,0.4186440695153347
900,30,150,10,7.0,0.4277069578157166
900,30,150,10,9.0,0.4318955665668187
900,30,150,10,11.0,0.4318955665668187
900,30,150,10,13.0,0.432659523054403
900,20,1,20,1.0,0.42077401257
900,20,1,20,3.0,0.457257232421079
900,20,1,20,5.0,0.4657373819558812
900,20,1,20,7.0,0.466625327305864
900,20,1,20,9.0,0.470711848893674
900,20,1,20,11.0,0.4673357917220251
900,20,1,20,13.0,0.4758693100106043
600,20,1,40,1.0,0.4518786581936572
600,20,1,40,3.0,0.4673399648314628
600,20,1,40,5.0,0.4800792414064814
600,20,1,40,7.0,0.4774052261779212
600,20,1,40,9.0,0.4811081440514544
600,20,1,40,11.0,0.4774052261779212
600,20,1,40,13.0,0.4782278284014347
900,10,10,60,1.0,0.2162145985727221
900,10,10,60,3.0,0.2926867487135081
900,10,10,60,5.0,0.2842816183508588
900,10,10,60,7.0,0.2852301977420892
900,10,10,60,9.0,0.2947220413874338
900,10,10,60,11.0,0.2966218775922267
900,10,10,60,13.0,0.2994726553949924
60,5,10,20,1.0,0.1643196921200266
60,5,10,20,3.0,0.1774720278224459
60,5,10,20,5.0,0.2151632068755441
60,5,10,20,7.0,0.2193558291745799
60,5,10,20,9.0,0.2476255847003543
60,5,10,20,11.0,0.2405038848809533
60,5,10,20,13.0,0.2490544821815634
300,20,10,10,1.0,0.4218994385714639
300,20,10,10,3.0,0.4259655405871792
300,20,10,10,5.0,0.4478313108501629
300,20,10,10,7.0,0.4350599252747276
300,20,10,10,9.0,0.4390686148172376
300,20,10,10,11.0,0.4325112766421931
300,20,10,10,13.0,0.4379748818606477
900,30,1,20,1.0,0.505394445518286
900,30,1,20,3.0,0.5302055894290751
900,30,1,20,5.0,0.5390733369135279
900,30,1,20,7.0,0.536984808292209
900,30,1,20,9.0,0.540118081005331
900,30,1,20,11.0,0.5388122012185286
900,30,1,20,13.0,0.540379317656824
300,20,100,40,1.0,0.3164381231303497
300,20,100,40,3.0,0.349226859145229
300,20,100,40,5.0,0.3811736254072184
300,20,100,40,7.0,0.3846308039188855
300,20,100,40,9.0,0.3975949497989424
300,20,100,40,11.0,0.3960889861993086
300,20,100,40,13.0,0.4006149465108105
600,30,1,40,1.0,0.5447841244242558
600,30,1,40,3.0,0.5585326503888063
600,30,1,40,5.0,0.57415963543858
600,30,1,40,7.0,0.5717021518272867
600,30,1,40,9.0,0.5787739791593588
600,30,1,40,11.0,0.5796978967541606
600,30,1,40,13.0,0.5852489555945275
0,60,10,60,1.0,0.625392628817995
0,60,10,60,3.0,0.658599599643668
0,60,10,60,5.0,0.680804237104762
0,60,10,60,7.0,0.6858303676655716
0,60,10,60,9.0,0.6929918212706737
0,60,10,60,11.0,0.6895390082227386
0,60,10,60,13.0,0.6940560040611499
0,20,5,10,1.0,0.4129646883146532
0,20,5,10,3.0,0.5026844218848974
0,20,5,10,5.0,0.5073604894134192
0,20,5,10,7.0,0.5139532215159556
0,20,5,10,9.0,0.5172099277237094
0,20,5,10,11.0,0.5195678500943157
0,20,5,10,13.0,0.523192042729258
60,30,50,60,1.0,0.3118926936195076
60,30,50,60,3.0,0.1601281538050871
60,30,50,60,5.0,0.1601281538050871
60,30,50,60,7.0,0.1601281538050871
60,30,50,60,9.0,0.1601281538050871
60,30,50,60,11.0,0.1601281538050871
60,30,50,60,13.0,0.1601281538050871
300,30,5,10,1.0,0.5186916767060319
300,30,5,10,3.0,0.5103384910617753
300,30,5,10,5.0,0.5276049851875738
300,30,5,10,7.0,0.517653901544639
300,30,5,10,9.0,0.5360075683202205
300,30,5,10,11.0,0.5333793997076703
300,30,5,10,13.0,0.5449603688365585
600,60,5,60,1.0,0.6745276163358886
600,60,5,60,3.0,0.6837907959878513
600,60,5,60,5.0,0.7040256525482163
600,60,5,60,7.0,0.7054818782127757
600,60,5,60,9.0,0.7113218925487993
600,60,5,60,11.0,0.7040256525482163
600,60,5,60,13.0,0.7054818782127757
300,20,50,40,1.0,0.3478899555261485
300,20,50,40,3.0,0.372399288332544
300,20,50,40,5.0,0.403563085234062
300,20,50,40,7.0,0.406122971596398
300,20,50,40,9.0,0.4220268144869007
300,20,50,40,11.0,0.4207295701164981
300,20,50,40,13.0,0.4250591754197611
900,60,150,10,1.0,0.5194166741398372
900,60,150,10,3.0,0.5670821811299193
900,60,150,10,5.0,0.5827800239610106
900,60,150,10,7.0,0.5834273813210451
900,60,150,10,9.0,0.5944941173975298
900,60,150,10,11.0,0.5997431337454995
900,60,150,10,13.0,0.6063424681882645
60,20,1,40,1.0,0.3758718301542738
60,20,1,40,3.0,0.2640583413457622
60,20,1,40,5.0,0.3661094209762199
60,20,1,40,7.0,0.3661094209762199
60,20,1,40,9.0,0.3661094209762199
60,20,1,40,11.0,0.3661094209762199
60,20,1,40,13.0,0.3661094209762199
0,10,150,40,1.0,0.1980582202176972
0,10,150,40,3.0,0.3025823778465594
0,10,150,40,5.0,0.2850229562976324
0,10,150,40,7.0,0.2977760944313311
0,10,150,40,9.0,0.2988077343701206
0,10,150,40,11.0,0.3009537025498198
0,10,150,40,13.0,0.3053654364215502
60,10,100,40,1.0,0.1867997525862295
60,10,100,40,3.0,0.1981680428533252
60,10,100,40,5.0,0.2748867623657636
60,10,100,40,7.0,0.2784606301842194
60,10,100,40,9.0,0.3139796742720125
60,10,100,40,11.0,0.296605854556785
60,10,100,40,13.0,0.296605854556785
600,5,150,40,1.0,0.1946923810737207
600,5,150,40,3.0,0.3088053090918071
600,5,150,40,5.0,0.3157464929743955
600,5,150,40,7.0,0.3252009521577363
600,5,150,40,9.0,0.3320194523527159
600,5,150,40,11.0,0.3332677134317733
600,5,150,40,13.0,0.3350210830993105
300,30,5,60,1.0,0.563966306860599
300,30,5,60,3.0,0.539799461361703
300,30,5,60,5.0,0.5555514428442866
300,30,5,60,7.0,0.5521700933956079
300,30,5,60,9.0,0.5611948182350686
300,30,5,60,11.0,0.564585731320815
300,30,5,60,13.0,0.572512961100011
60,30,50,10,1.0,0.3357149464954058
60,30,50,10,3.0,0.2051831802203821
60,30,50,10,5.0,0.2051831802203821
60,30,50,10,7.0,0.2051831802203821
60,30,50,10,9.0,0.2051831802203821
60,30,50,10,11.0,0.2051831802203821
60,30,50,10,13.0,0.2051831802203821
600,30,150,40,1.0,0.3959194308981976
600,30,150,40,3.0,0.4535850972159524
600,30,150,40,5.0,0.4817158305893633
600,30,150,40,7.0,0.4883449143173647
600,30,150,40,9.0,0.5017718572728874
600,30,150,40,11.0,0.5041938622230803
600,30,150,40,13.0,0.5129759922684108
0,20,5,60,1.0,0.4136219870380135
0,20,5,60,3.0,0.4945810502557708
0,20,5,60,5.0,0.4966842943736073
0,20,5,60,7.0,0.5054617638239566
0,20,5,60,9.0,0.5125086856794673
0,20,5,60,11.0,0.510566895884148
0,20,5,60,13.0,0.5131064415171771
0,60,10,10,1.0,0.6126756394969027
0,60,10,10,3.0,0.6574813883729198
0,60,10,10,5.0,0.6732387677391165
0,60,10,10,7.0,0.6810836280152618
0,60,10,10,9.0,0.6930582049687323
0,60,10,10,11.0,0.6952252905728415
0,60,10,10,13.0,0.6998122328097985
300,10,100,40,1.0,0.2236442515831365
300,10,100,40,3.0,0.2981729950709358
300,10,100,40,5.0,0.3237891063414715
300,10,100,40,7.0,0.3296049244323428
300,10,100,40,9.0,0.3435405576432093
300,10,100,40,11.0,0.3474369271719457
300,10,100,40,13.0,0.3556767332116049
0,30,10,20,1.0,0.4735638094850323
0,30,10,20,3.0,0.5223896682033269
0,30,10,20,5.0,0.5304248948820448
0,30,10,20,7.0,0.5296222118398098
0,30,10,20,9.0,0.5330888347672892
0,30,10,20,11.0,0.5327278995526807
0,30,10,20,13.0,0.5334773511260447
60,60,50,20,1.0,0.53125
60,60,50,20,3.0,0.53125
60,60,50,20,5.0,0.53125
60,60,50,20,7.0,0.53125
60,60,50,20,9.0,0.53125
60,60,50,20,11.0,0.53125
60,60,50,20,13.0,0.53125
600,10,5,20,1.0,0.3340443170670602
600,10,5,20,3.0,0.4016817716347371
600,10,5,20,5.0,0.41502977595364
600,10,5,20,7.0,0.4203292314259698
600,10,5,20,9.0,0.4226501775515799
600,10,5,20,11.0,0.4291839950153874
600,10,5,20,13.0,0.43507033938334
300,20,10,60,1.0,0.4240178895911852
300,20,10,60,3.0,0.437218054637958
300,20,10,60,5.0,0.4488310730463243
300,20,10,60,7.0,0.4468938240865373
300,20,10,60,9.0,0.4556175355029194
300,20,10,60,11.0,0.4546474370765209
300,20,10,60,13.0,0.4585290975284306
900,10,5,40,1.0,0.326531069719066
900,10,5,40,3.0,0.43007482659362
900,10,5,40,5.0,0.4391466481516819
900,10,5,40,7.0,0.4498154886723556
900,10,5,40,9.0,0.4587845558551458
900,10,5,40,11.0,0.4627083740231901
900,10,5,40,13.0,0.466907419618534
0,60,50,40,1.0,0.5920868853177559
0,60,50,40,3.0,0.6394813410993839
0,60,50,40,5.0,0.6595438301266568
0,60,50,40,7.0,0.6635959737727277
0,60,50,40,9.0,0.6717427892691629
0,60,50,40,11.0,0.6789726795576249
0,60,50,40,13.0,0.6813915086736687
60,30,10,40,1.0,0.4802347327737239
60,30,10,40,3.0,0.3455182602578953
60,30,10,40,5.0,0.3455182602578953
60,30,10,40,7.0,0.3455182602578953
60,30,10,40,9.0,0.3455182602578953
60,30,10,40,11.0,0.3455182602578953
60,30,10,40,13.0,0.3455182602578953
300,60,1,40,1.0,0.7448635417675359
300,60,1,40,3.0,0.7381224128965195
300,60,1,40,5.0,0.7744585497337902
300,60,1,40,7.0,0.7779157283568855
300,60,1,40,9.0,0.7976840482256227
300,60,1,40,11.0,0.7976840482256227
300,60,1,40,13.0,0.7976840482256227
60,20,100,40,1.0,0.220851145236357
60,20,100,40,3.0,0.1098849453136786
60,20,100,40,5.0,0.2893720094207921
60,20,100,40,7.0,0.2893720094207921
60,20,100,40,9.0,0.2893720094207921
60,20,100,40,11.0,0.2893720094207921
60,20,100,40,13.0,0.2893720094207921
900,5,100,60,1.0,0.0915503204227127
900,5,100,60,3.0,0.2368907721679353
900,5,100,60,5.0,0.2487705029817016
900,5,100,60,7.0,0.2801594919284878
900,5,100,60,9.0,0.2967954038837562
900,5,100,60,11.0,0.3053754496318971
900,5,100,60,13.0,0.309734614265771
600,60,5,10,1.0,0.7192841168990934
600,60,5,10,3.0,0.7312621554822445
600,60,5,10,5.0,0.7583710980385002
600,60,5,10,7.0,0.7577031790580718
600,60,5,10,9.0,0.7623859700598303
600,60,5,10,11.0,0.7603769518030968
600,60,5,10,13.0,0.7610462717199947
0,20,150,40,1.0,0.2650689275787284
0,20,150,40,3.0,0.3617817234216469
0,20,150,40,5.0,0.3711054916344827
0,20,150,40,7.0,0.3865649699406425
0,20,150,40,9.0,0.3981741628572695
0,20,150,40,11.0,0.4032820690210452
0,20,150,40,13.0,0.4089171544877599
300,10,50,20,1.0,0.2622325033577526
300,10,50,20,3.0,0.3392913870573975
300,10,50,20,5.0,0.3785905265945641
300,10,50,20,7.0,0.3927580492436498
300,10,50,20,9.0,0.4055932685767796
300,10,50,20,11.0,0.409033608483009
300,10,50,20,13.0,0.4164950774836014
900,60,150,60,1.0,0.4807249348207667
900,60,150,60,3.0,0.5055935731473158
900,60,150,60,5.0,0.5036094413500605
900,60,150,60,7.0,0.4957000032412243
900,60,150,60,9.0,0.5115626246456891
900,60,150,60,11.0,0.5075804640598874
900,60,150,60,13.0,0.5115626246456891
600,20,50,10,1.0,0.4082508402984174
600,20,50,10,3.0,0.4748964878782227
600,20,50,10,5.0,0.5041661321362783
600,20,50,10,7.0,0.5136605968601329
600,20,50,10,9.0,0.5234958203634548
600,20,50,10,11.0,0.5271414650678334
600,20,50,10,13.0,0.5342069130511916
900,60,50,10,1.0,0.6541335665549074
900,60,50,10,3.0,0.6804404735303757
900,60,50,10,5.0,0.6962995191000553
900,60,50,10,7.0,0.6919061888045989
900,60,50,10,9.0,0.6979507266488416
900,60,50,10,11.0,0.69740009763789
900,60,50,10,13.0,0.6996039788900713
300,20,1,40,1.0,0.4911469810271728
300,20,1,40,3.0,0.4914830724248488
300,20,1,40,5.0,0.5124247675284038
300,20,1,40,7.0,0.5055256807128065
300,20,1,40,9.0,0.5149700993883857
300,20,1,40,11.0,0.5167894163390657
300,20,1,40,13.0,0.521160061179037
0,30,1,40,1.0,0.5267254423679196
0,30,1,40,3.0,0.5859284332492565
0,30,1,40,5.0,0.5973498024682122
0,30,1,40,7.0,0.6022879768886222
0,30,1,40,9.0,0.6052839715081142
0,30,1,40,11.0,0.60637450911973
0,30,1,40,13.0,0.6087762376813337
600,20,5,10,1.0,0.4750506293785672
600,20,5,10,3.0,0.5010910246533454
600,20,5,10,5.0,0.5158853366969561
600,20,5,10,7.0,0.515249540871868
600,20,5,10,9.0,0.5201281943197609
600,20,5,10,11.0,0.518005841924606
600,20,5,10,13.0,0.524804018742423
900,5,5,20,1.0,0.2266689363577568
900,5,5,20,3.0,0.3889026400630175
900,5,5,20,5.0,0.3804418361304387
900,5,5,20,7.0,0.3985935558047629
900,5,5,20,9.0,0.4101201704185137
900,5,5,20,11.0,0.4173340449433762
900,5,5,20,13.0,0.4271386770054489
300,60,100,60,1.0,0.6153476967937375
300,60,100,60,3.0,0.6023589528427782
300,60,100,60,5.0,0.6298729212795896
300,60,100,60,7.0,0.6410516803349424
300,60,100,60,9.0,0.671390393213471
300,60,100,60,11.0,0.671390393213471
300,60,100,60,13.0,0.671390393213471
900,30,50,20,1.0,0.4470173568147454
900,30,50,20,3.0,0.5056672728354028
900,30,50,20,5.0,0.5205569720393427
900,30,50,20,7.0,0.5270251282382893
900,30,50,20,9.0,0.5332184253302815
900,30,50,20,11.0,0.5301176828566344
900,30,50,20,13.0,0.5347718984779685
900,10,150,40,1.0,0.2026487813337031
900,10,150,40,3.0,0.3053458406060386
900,10,150,40,5.0,0.3122110937539532
900,10,150,40,7.0,0.3198551881106022
900,10,150,40,9.0,0.3247051097457389
900,10,150,40,11.0,0.3290368203700148
900,10,150,40,13.0,0.3328357792768527
600,60,100,20,1.0,0.6187402128307038
600,60,100,20,3.0,0.6251064020699134
600,60,100,20,5.0,0.6508473399799185
600,60,100,20,7.0,0.653824828083485
600,60,100,20,9.0,0.6650589127242784
600,60,100,20,11.0,0.6650589127242784
600,60,100,20,13.0,0.6718526426279813
900,60,10,40,1.0,0.6620167552686199
900,60,10,40,3.0,0.6877587343767273
900,60,10,40,5.0,0.7078924162257496
900,60,10,40,7.0,0.7100871067299288
900,60,10,40,9.0,0.7183499675490346
900,60,10,40,11.0,0.7205622877838128
900,60,10,40,13.0,0.722778415877246
60,30,5,10,1.0,0.4642652909204426
60,30,5,10,3.0,0.3155913703006725
60,30,5,10,5.0,0.3155913703006725
60,30,5,10,7.0,0.3155913703006725
60,30,5,10,9.0,0.3155913703006725
60,30,5,10,11.0,0.3155913703006725
60,30,5,10,13.0,0.3155913703006725
600,20,10,40,1.0,0.4595643409935749
600,20,10,40,3.0,0.4867333135666141
600,20,10,40,5.0,0.5025111884454008
600,20,10,40,7.0,0.5025111884454008
600,20,10,40,9.0,0.5065223856260899
600,20,10,40,11.0,0.5023002383660983
600,20,10,40,13.0,0.5029331377704476
0,60,5,60,1.0,0.6205778579310888
0,60,5,60,3.0,0.6539201409898782
0,60,5,60,5.0,0.676730170874516
0,60,5,60,7.0,0.681985318371438
0,60,5,60,9.0,0.6904141334627678
0,60,5,60,11.0,0.6869837385162191
0,60,5,60,13.0,0.6898858228563345
300,5,10,20,1.0,0.2039213009170767
300,5,10,20,3.0,0.2872153103373608
300,5,10,20,5.0,0.3189361182796668
300,5,10,20,7.0,0.3368808870775243
300,5,10,20,9.0,0.3508426781324998
300,5,10,20,11.0,0.3591948113439855
300,5,10,20,13.0,0.3682999310069187
60,60,100,10,1.0,0.3305122066641419
60,60,100,10,3.0,0.3305122066641419
60,60,100,10,5.0,0.3305122066641419
60,60,100,10,7.0,0.3305122066641419
60,60,100,10,9.0,0.3305122066641419
60,60,100,10,11.0,0.3305122066641419
60,60,100,10,13.0,0.3305122066641419
0,60,150,10,1.0,0.5154699361153858
0,60,150,10,3.0,0.5718499507068652
0,60,150,10,5.0,0.5897802710330913
0,60,150,10,7.0,0.5938302450079231
0,60,150,10,9.0,0.6013502226460955
0,60,150,10,11.0,0.6013502226460955
0,60,150,10,13.0,0.6051315688729095
300,5,150,60,1.0,0.1678828667027583
300,5,150,60,3.0,0.244644061659255
300,5,150,60,5.0,0.2670941419230224
300,5,150,60,7.0,0.2763063881426491
300,5,150,60,9.0,0.2904694934372416
300,5,150,60,11.0,0.2982012535743636
300,5,150,60,13.0,0.3030993764374958
300,60,100,10,1.0,0.5822576948527531
300,60,100,10,3.0,0.5646349889010084
300,60,100,10,5.0,0.597647510719051
300,60,100,10,7.0,0.6075894675018043
300,60,100,10,9.0,0.6430276876906295
300,60,100,10,11.0,0.6430276876906295
300,60,100,10,13.0,0.6430276876906295
0,5,100,40,1.0,0.1720700787809982
0,5,100,40,3.0,0.2635946751043987
0,5,100,40,5.0,0.2305678743384332
0,5,100,40,7.0,0.2409351483077206
0,5,100,40,9.0,0.2391649690335204
0,5,100,40,11.0,0.2428963449816495
0,5,100,40,13.0,0.2441763998611391
600,20,5,60,1.0,0.3565646805750519
600,20,5,60,3.0,0.3620312070698221
600,20,5,60,5.0,0.3538094808149313
600,20,5,60,7.0,0.3331704988259913
600,20,5,60,9.0,0.3389630082699036
600,20,5,60,11.0,0.3364819012148626
600,20,5,60,13.0,0.3422680175712096
900,60,50,60,1.0,0.5842243745069389
900,60,50,60,3.0,0.5692065823530691
900,60,50,60,5.0,0.5793172382703051
900,60,50,60,7.0,0.5843865741472049
900,60,50,60,9.0,0.5945554400471297
900,60,50,60,11.0,0.5979544825396977
900,60,50,60,13.0,0.6013584512188958
600,20,50,60,1.0,0.3247409972409716
600,20,50,60,3.0,0.368071532879541
600,20,50,60,5.0,0.3774187676711115
600,20,50,60,7.0,0.3858356047615447
600,20,50,60,9.0,0.3867734297296897
600,20,50,60,11.0,0.3858356047615447
600,20,50,60,13.0,0.3867734297296897
60,60,1,40,1.0,0.5984031397140854
60,60,1,40,3.0,0.5984031397140854
60,60,1,40,5.0,0.5984031397140854
60,60,1,40,7.0,0.5984031397140854
60,60,1,40,9.0,0.5984031397140854
60,60,1,40,11.0,0.5984031397140854
60,60,1,40,13.0,0.5984031397140854
0,10,5,20,1.0,0.3199333100066009
0,10,5,20,3.0,0.4574746724645523
0,10,5,20,5.0,0.4611904122040279
0,10,5,20,7.0,0.4839826175470447
0,10,5,20,9.0,0.4911471882053347
0,10,5,20,11.0,0.5019974215585237
0,10,5,20,13.0,0.5088112359930189
0,60,150,60,1.0,0.5228792651656344
0,60,150,60,3.0,0.5803496657066319
0,60,150,60,5.0,0.5921616330656333
0,60,150,60,7.0,0.5949148991369659
0,60,150,60,9.0,0.6042618875101669
0,60,150,60,11.0,0.6060022306323174
0,60,150,60,13.0,0.6094919027629319
60,60,100,60,1.0,0.366007208697342
60,60,100,60,3.0,0.366007208697342
60,60,100,60,5.0,0.366007208697342
60,60,100,60,7.0,0.366007208697342
60,60,100,60,9.0,0.366007208697342
60,60,100,60,11.0,0.366007208697342
60,60,100,60,13.0,0.366007208697342
900,20,150,40,1.0,0.2845375806868011
900,20,150,40,3.0,0.3648879416896005
900,20,150,40,5.0,0.3807338096350714
900,20,150,40,7.0,0.3869870322300909
900,20,150,40,9.0,0.3985107693265388
900,20,150,40,11.0,0.4023000932131165
900,20,150,40,13.0,0.4064057401585125
600,10,10,20,1.0,0.3313417306439299
600,10,10,20,3.0,0.4081881475470666
600,10,10,20,5.0,0.4249166862242777
600,10,10,20,7.0,0.4349543448466454
600,10,10,20,9.0,0.4414964300979628
600,10,10,20,11.0,0.4495657059581537
600,10,10,20,13.0,0.4573268673280902
0,60,5,10,1.0,0.6088734505290155
0,60,5,10,3.0,0.6600063667610316
0,60,5,10,5.0,0.6773231596074863
0,60,5,10,7.0,0.6828302218494873
0,60,5,10,9.0,0.6929464179841622
0,60,5,10,11.0,0.6924629048327077
0,60,5,10,13.0,0.6973062476173614
60,30,5,60,1.0,0.4426972568742877
60,30,5,60,3.0,0.2948518649356508
60,30,5,60,5.0,0.2948518649356508
60,30,5,60,7.0,0.2948518649356508
60,30,5,60,9.0,0.2948518649356508
60,30,5,60,11.0,0.2948518649356508
60,30,5,60,13.0,0.2948518649356508
60,20,5,60,1.0,0.4243927322624214
60,20,5,60,3.0,0.3103146767031109
60,20,5,60,5.0,0.3797388752348236
60,20,5,60,7.0,0.3797388752348236
60,20,5,60,9.0,0.3797388752348236
60,20,5,60,11.0,0.3797388752348236
60,20,5,60,13.0,0.3797388752348236
0,10,100,20,1.0,0.2161734158718858
0,10,100,20,3.0,0.3322536526763159
0,10,100,20,5.0,0.3214383728522914
0,10,100,20,7.0,0.3364122776354351
0,10,100,20,9.0,0.338420101964031
0,10,100,20,11.0,0.3436019613722763
0,10,100,20,13.0,0.345768080561807
300,60,5,10,1.0,0.64906360356377
300,60,5,10,3.0,0.6278008263262778
300,60,5,10,5.0,0.6493339043908433
300,60,5,10,7.0,0.648303825921908
300,60,5,10,9.0,0.664846417735898
300,60,5,10,11.0,0.664846417735898
300,60,5,10,13.0,0.664846417735898
60,10,150,20,1.0,0.1833147108848112
60,10,150,20,3.0,0.2172801817451536
60,10,150,20,5.0,0.2959510111590318
60,10,150,20,7.0,0.297379616616382
60,10,150,20,9.0,0.3267371309052823
60,10,150,20,11.0,0.3162865940134781
60,10,150,20,13.0,0.3162865940134781
600,20,150,60,1.0,0.2792885310698449
600,20,150,60,3.0,0.3486016903647125
600,20,150,60,5.0,0.3786724111071588
600,20,150,60,7.0,0.3850916336503633
600,20,150,60,9.0,0.3954802470942544
600,20,150,60,11.0,0.4060191949978352
600,20,150,60,13.0,0.4221234057347293
60,20,50,10,1.0,0.3383986000655831
60,20,50,10,3.0,0.2282751163837614
60,20,50,10,5.0,0.3608812566679724
60,20,50,10,7.0,0.3608812566679724
60,20,50,10,9.0,0.3608812566679724
60,20,50,10,11.0,0.3608812566679724
60,20,50,10,13.0,0.3608812566679724
0,20,10,20,1.0,0.4108904620237521
0,20,10,20,3.0,0.5012939949668105
0,20,10,20,5.0,0.5047426252596495
0,20,10,20,7.0,0.5140851741490244
0,20,10,20,9.0,0.5153073346742448
0,20,10,20,11.0,0.5182173515049705
0,20,10,20,13.0,0.5231383633211529
300,30,10,60,1.0,0.5593625405274665
300,30,10,60,3.0,0.5488268346710508
300,30,10,60,5.0,0.5670586037652156
300,30,10,60,7.0,0.5636313928684415
300,30,10,60,9.0,0.5785145742602785
300,30,10,60,11.0,0.5785145742602785
300,30,10,60,13.0,0.5842620853368538
900,60,1,20,1.0,0.6356699009243457
900,60,1,20,3.0,0.6547763471102225
900,60,1,20,5.0,0.6672135703674905
900,60,1,20,7.0,0.6598521001251653
900,60,1,20,9.0,0.6689174896227272
900,60,1,20,11.0,0.6734708578676032
900,60,1,20,13.0,0.6780383979448591
300,30,100,10,1.0,0.4129384526278124
300,30,100,10,3.0,0.4274129028934215
300,30,100,10,5.0,0.4545005818750192
300,30,100,10,7.0,0.4558734955391046
300,30,100,10,9.0,0.4676183102247559
300,30,100,10,11.0,0.4683134384156026
300,30,100,10,13.0,0.4745913878927033
600,60,1,40,1.0,0.7095256644543245
600,60,1,40,3.0,0.7129547610423875
600,60,1,40,5.0,0.731853725224085
600,60,1,40,7.0,0.7292316615977492
600,60,1,40,9.0,0.7351384129799577
600,60,1,40,11.0,0.731853725224085
600,60,1,40,13.0,0.7351384129799577
300,10,5,20,1.0,0.3182660602748358
300,10,5,20,3.0,0.3504467083510574
300,10,5,20,5.0,0.3648620827361106
300,10,5,20,7.0,0.3656063266416085
300,10,5,20,9.0,0.3764164962781441
300,10,5,20,11.0,0.3775368664473912
300,10,5,20,13.0,0.3835191407779086
0,5,1,20,1.0,0.232168491304035
0,5,1,20,3.0,0.3684144221452303
0,5,1,20,5.0,0.3620514906796112
0,5,1,20,7.0,0.3900906558870368
0,5,1,20,9.0,0.3904552941678098
0,5,1,20,11.0,0.4002964877202082
0,5,1,20,13.0,0.4035387170489616
60,20,10,40,1.0,0.369311192603463
60,20,10,40,3.0,0.2422946764101491
60,20,10,40,5.0,0.3353810110537262
60,20,10,40,7.0,0.3353810110537262
60,20,10,40,9.0,0.3353810110537262
60,20,10,40,11.0,0.3353810110537262
60,20,10,40,13.0,0.3353810110537262
0,10,50,60,1.0,0.260491712036018
0,10,50,60,3.0,0.4008099418682157
0,10,50,60,5.0,0.4011560158637878
0,10,50,60,7.0,0.4189958069579053
0,10,50,60,9.0,0.4287685208339988
0,10,50,60,11.0,0.4391156981194249
0,10,50,60,13.0,0.4449937229979986
300,20,150,20,1.0,0.2759579375940533
300,20,150,20,3.0,0.3170367258476523
300,20,150,20,5.0,0.3518375574390097
300,20,150,20,7.0,0.3571291600568964
300,20,150,20,9.0,0.374477096165753
300,20,150,20,11.0,0.3775156027031084
300,20,150,20,13.0,0.3898156276961184
900,10,1,10,1.0,0.3120994332670397
900,10,1,10,3.0,0.4136727691837603
900,10,1,10,5.0,0.4189125497948983
900,10,1,10,7.0,0.4280840600255038
900,10,1,10,9.0,0.4339573874941133
900,10,1,10,11.0,0.4376101457904028
900,10,1,10,13.0,0.4428640081366629
60,30,100,60,1.0,0.2815170073643029
60,30,100,60,3.0,0.1760796686471433
60,30,100,60,5.0,0.1760796686471433
60,30,100,60,7.0,0.1760796686471433
60,30,100,60,9.0,0.1760796686471433
60,30,100,60,11.0,0.1760796686471433
60,30,100,60,13.0,0.1760796686471433
600,30,5,60,1.0,0.4071309744229163
600,30,5,60,3.0,0.4060756331370278
600,30,5,60,5.0,0.4040914180138397
600,30,5,60,7.0,0.3981395269607033
600,30,5,60,9.0,0.4011153570222049
600,30,5,60,11.0,0.4011153570222049
600,30,5,60,13.0,0.3971476187165172
0,30,150,60,1.0,0.3639923300584826
0,30,150,60,3.0,0.4587187645596881
0,30,150,60,5.0,0.4780188977400307
0,30,150,60,7.0,0.4918339667055297
0,30,150,60,9.0,0.5024463744491329
0,30,150,60,11.0,0.5091753543873483
0,30,150,60,13.0,0.514992445222234
300,30,10,10,1.0,0.51932353955289
300,30,10,10,3.0,0.5160074175197142
300,30,10,10,5.0,0.5334867287980897
300,30,10,10,7.0,0.5212938419023255
300,30,10,10,9.0,0.5398686182925942
300,30,10,10,11.0,0.5382717665422982
300,30,10,10,13.0,0.5505389762395636
300,30,100,60,1.0,0.4090642380650324
300,30,100,60,3.0,0.4086627540346904
300,30,100,60,5.0,0.4232573780859139
300,30,100,60,7.0,0.4216268202082862
300,30,100,60,9.0,0.4248902198045691
300,30,100,60,11.0,0.4298026024789758
300,30,100,60,13.0,0.4413476797134766
60,20,150,20,1.0,0.2013202804512779
60,20,150,20,3.0,0.1126438342088495
60,20,150,20,5.0,0.2863924030123926
60,20,150,20,7.0,0.2863924030123926
60,20,150,20,9.0,0.2863924030123926
60,20,150,20,11.0,0.2863924030123926
60,20,150,20,13.0,0.2863924030123926
600,10,150,60,1.0,0.1688767316061504
600,10,150,60,3.0,0.2606314700906592
600,10,150,60,5.0,0.289844310975987
600,10,150,60,7.0,0.3061337236926619
600,10,150,60,9.0,0.3229793165437745
600,10,150,60,11.0,0.3282815602262852
600,10,150,60,13.0,0.3282815602262852
0,10,10,40,1.0,0.3226192859864241
0,10,10,40,3.0,0.4649470682596635
0,10,10,40,5.0,0.4679228556047144
0,10,10,40,7.0,0.4915687760639987
0,10,10,40,9.0,0.5006632603112938
0,10,10,40,11.0,0.5118228124424401
0,10,10,40,13.0,0.5185361259970886
0,20,100,20,1.0,0.3131249641628273
0,20,100,20,3.0,0.4159223279804457
0,20,100,20,5.0,0.4272481299154685
0,20,100,20,7.0,0.4398828420531235
0,20,100,20,9.0,0.4486452243604799
0,20,100,20,11.0,0.4545485482167962
0,20,100,20,13.0,0.460417378919452
0,5,10,20,1.0,0.2047775962711415
0,5,10,20,3.0,0.3396306755085205
0,5,10,20,5.0,0.3301531923149863
0,5,10,20,7.0,0.35501845799462
0,5,10,20,9.0,0.3567106748536759
0,5,10,20,11.0,0.3650311452260206
0,5,10,20,13.0,0.3679805563787703
600,20,150,10,1.0,0.3092628945472968
600,20,150,10,3.0,0.3920361412298181
600,20,150,10,5.0,0.4288045052457934
600,20,150,10,7.0,0.437846717520536
600,20,150,10,9.0,0.4447142334907918
600,20,150,10,11.0,0.4520455961674337
600,20,150,10,13.0,0.4586788864824422
300,60,5,60,1.0,0.694985111224499
300,60,5,60,3.0,0.6757851021124252
300,60,5,60,5.0,0.7046684543338618
300,60,5,60,7.0,0.7111567996445226
300,60,5,60,9.0,0.7373910049896157
300,60,5,60,11.0,0.7373910049896157
300,60,5,60,13.0,0.7373910049896157
600,5,1,20,1.0,0.2374626080884179
600,5,1,20,3.0,0.3627610242569443
600,5,1,20,5.0,0.3723697056252687
600,5,1,20,7.0,0.386510139597082
600,5,1,20,9.0,0.398604243491132
600,5,1,20,11.0,0.4103031465218623
600,5,1,20,13.0,0.4174764207043103
60,20,5,10,1.0,0.3809148488148759
60,20,5,10,3.0,0.252844113233736
60,20,5,10,5.0,0.3471518467589324
60,20,5,10,7.0,0.3471518467589324
60,20,5,10,9.0,0.3471518467589324
60,20,5,10,11.0,0.3471518467589324
60,20,5,10,13.0,0.3471518467589324
60,20,50,60,1.0,0.3375451793695968
60,20,50,60,3.0,0.2472520139886252
60,20,50,60,5.0,0.376869309489927
60,20,50,60,7.0,0.376869309489927
60,20,50,60,9.0,0.376869309489927
60,20,50,60,11.0,0.376869309489927
60,20,50,60,13.0,0.376869309489927
300,60,10,20,1.0,0.6384382148676265
300,60,10,20,3.0,0.6160832495572527
300,60,10,20,5.0,0.6335425992051898
300,60,10,20,7.0,0.6294231022747979
300,60,10,20,9.0,0.6480207172416297
300,60,10,20,11.0,0.6480207172416297
300,60,10,20,13.0,0.6480207172416297
0,10,50,10,1.0,0.2412881095171769
0,10,50,10,3.0,0.3843383774496119
0,10,50,10,5.0,0.3804031766545429
0,10,50,10,7.0,0.4035516880505467
0,10,50,10,9.0,0.4113102858628493
0,10,50,10,11.0,0.4201118969967639
0,10,50,10,13.0,0.4286582931935628
0,30,150,10,1.0,0.3794491953473698
0,30,150,10,3.0,0.477419234827473
0,30,150,10,5.0,0.4928011301362121
0,30,150,10,7.0,0.5046953914399497
0,30,150,10,9.0,0.5150176060191476
0,30,150,10,11.0,0.5201617585837448
0,30,150,10,13.0,0.5263482028230893
600,30,5,10,1.0,0.5543755214971121
600,30,5,10,3.0,0.5712850959801372
600,30,5,10,5.0,0.5844365752169112
600,30,5,10,7.0,0.5816117217210948
600,30,5,10,9.0,0.5863219045477307
600,30,5,10,11.0,0.585064830800866
600,30,5,10,13.0,0.589467906906398
60,30,100,10,1.0,0.2640681731732168
60,30,100,10,3.0,0.1490657519340328
60,30,100,10,5.0,0.1490657519340328
60,30,100,10,7.0,0.1490657519340328
60,30,100,10,9.0,0.1490657519340328
60,30,100,10,11.0,0.1490657519340328
60,30,100,10,13.0,0.1490657519340328
900,10,1,60,1.0,0.1447697233026299
900,10,1,60,3.0,0.1943456415867141
900,10,1,60,5.0,0.1733774128201295
900,10,1,60,7.0,0.1550584949949124
900,10,1,60,9.0,0.1540801842477573
900,10,1,60,11.0,0.1422998780762237
900,10,1,60,13.0,0.1373682515993682
300,30,50,40,1.0,0.4346645423672822
300,30,50,40,3.0,0.4431518565561096
300,30,50,40,5.0,0.4769870344966547
300,30,50,40,7.0,0.4763760552869211
300,30,50,40,9.0,0.4855683857825035
300,30,50,40,11.0,0.4837251324405207
300,30,50,40,13.0,0.4923479560296584
300,30,1,40,1.0,0.58648249603171
300,30,1,40,3.0,0.5793874447757851
300,30,1,40,5.0,0.5973680981470011
300,30,1,40,7.0,0.5875435908742956
300,30,1,40,9.0,0.6028446889751506
300,30,1,40,11.0,0.6028446889751506
300,30,1,40,13.0,0.6132889027875469
300,10,150,20,1.0,0.2096055347250705
300,10,150,20,3.0,0.2700910789986575
300,10,150,20,5.0,0.2931402039809372
300,10,150,20,7.0,0.2991564950171063
300,10,150,20,9.0,0.3090964387495585
300,10,150,20,11.0,0.3149263962770828
300,10,150,20,13.0,0.3216211710149485
0,20,1,40,1.0,0.4257212683194786
0,20,1,40,3.0,0.5066527370205269
0,20,1,40,5.0,0.5109412907100147
0,20,1,40,7.0,0.5204960684039741
0,20,1,40,9.0,0.5272408140529609
0,20,1,40,11.0,0.5298926633176397
0,20,1,40,13.0,0.5307935558971233
600,30,100,20,1.0,0.4358580126152503
600,30,100,20,3.0,0.4885539662267051
600,30,100,20,5.0,0.517497567400782
600,30,100,20,7.0,0.5238568437101981
600,30,100,20,9.0,0.5367062181825598
600,30,100,20,11.0,0.5414626395355028
600,30,100,20,13.0,0.5497369176308123
60,10,10,20,1.0,0.2775925079903829
60,10,10,20,3.0,0.2586884123423092
60,10,10,20,5.0,0.2848479958612082
60,10,10,20,7.0,0.259530679077582
60,10,10,20,9.0,0.2806208016638783
60,10,10,20,11.0,0.2544783329190285
60,10,10,20,13.0,0.2544783329190285
0,5,5,40,1.0,0.230510804793895
0,5,5,40,3.0,0.3690657020733758
0,5,5,40,5.0,0.3613704298874294
0,5,5,40,7.0,0.3887235350278475
0,5,5,40,9.0,0.3929855885110098
0,5,5,40,11.0,0.4027370220418584
0,5,5,40,13.0,0.4066372646649884
0,60,10,20,1.0,0.6148268546375542
0,60,10,20,3.0,0.6603370782051322
0,60,10,20,5.0,0.6770239471155163
0,60,10,20,7.0,0.6839089465707424
0,60,10,20,9.0,0.6939442181409656
0,60,10,20,11.0,0.6951440047242529
0,60,10,20,13.0,0.7016421030945591
300,10,1,40,1.0,0.3454202883368498
300,10,1,40,3.0,0.3780739063742642
300,10,1,40,5.0,0.3969773073066169
300,10,1,40,7.0,0.3979456538822412
300,10,1,40,9.0,0.4080375712835473
300,10,1,40,11.0,0.410177512141481
300,10,1,40,13.0,0.4140730802883122
60,30,50,20,1.0,0.3513723581852962
60,30,50,20,3.0,0.2264709061398655
60,30,50,20,5.0,0.2264709061398655
60,30,50,20,7.0,0.2264709061398655
60,30,50,20,9.0,0.2264709061398655
60,30,50,20,11.0,0.2264709061398655
60,30,50,20,13.0,0.2264709061398655
300,10,10,40,1.0,0.317838271437575
300,10,10,40,3.0,0.3627156162296016
300,10,10,40,5.0,0.3826018403553508
300,10,10,40,7.0,0.3876025948607732
300,10,10,40,9.0,0.4020950318612129
300,10,10,40,11.0,0.4096728480141348
300,10,10,40,13.0,0.41630384337928
60,30,150,40,1.0,0.2445486130216987
60,30,150,40,3.0,0.1380121575779109
60,30,150,40,5.0,0.1380121575779109
60,30,150,40,7.0,0.1380121575779109
60,30,150,40,9.0,0.1380121575779109
60,30,150,40,11.0,0.1380121575779109
60,30,150,40,13.0,0.1380121575779109
60,5,10,60,1.0,0.149970682097426
60,5,10,60,3.0,0.1618033497465721
60,5,10,60,5.0,0.1897294810896559
60,5,10,60,7.0,0.2012159077955341
60,5,10,60,9.0,0.233509969241513
60,5,10,60,11.0,0.2307895672165573
60,5,10,60,13.0,0.244448654768783
600,10,5,10,1.0,0.332525408768432
600,10,5,10,3.0,0.4087240905394892
600,10,5,10,5.0,0.4235406717813764
600,10,5,10,7.0,0.432628790543451
600,10,5,10,9.0,0.4403923913047517
600,10,5,10,11.0,0.4484210347480313
600,10,5,10,13.0,0.4548718373767638
60,60,50,10,1.0,0.5364656096631925
60,60,50,10,3.0,0.5364656096631925
60,60,50,10,5.0,0.5364656096631925
60,60,50,10,7.0,0.5364656096631925
60,60,50,10,9.0,0.5364656096631925
60,60,50,10,11.0,0.5364656096631925
60,60,50,10,13.0,0.5364656096631925
0,30,100,40,1.0,0.4185603394551899
0,30,100,40,3.0,0.5171691123655765
0,30,100,40,5.0,0.5342922956947975
0,30,100,40,7.0,0.541507728189145
0,30,100,40,9.0,0.5510951546166168
0,30,100,40,11.0,0.5554666033069781
0,30,100,40,13.0,0.5603001717566677
900,30,1,60,1.0,0.361577948189152
900,30,1,60,3.0,0.3516981666290077
900,30,1,60,5.0,0.3526709991407195
900,30,1,60,7.0,0.3429298311340148
900,30,1,60,9.0,0.3380478338783471
900,30,1,60,11.0,0.3419540704223446
900,30,1,60,13.0,0.3341362876914784
0,30,10,10,1.0,0.4780786460108983
0,30,10,10,3.0,0.529620847657049
0,30,10,10,5.0,0.5372277204956951
0,30,10,10,7.0,0.5380283752957329
0,30,10,10,9.0,0.5377435708973451
0,30,10,10,11.0,0.5382487813036064
0,30,10,10,13.0,0.5386171965682346
600,20,100,40,1.0,0.3542691176010216
600,20,100,40,3.0,0.4306191374055647
600,20,100,40,5.0,0.4649268599931591
600,20,100,40,7.0,0.4746860529656368
600,20,100,40,9.0,0.4893939664320816
600,20,100,40,11.0,0.4952257030489416
600,20,100,40,13.0,0.5007742269472151
0,30,50,40,1.0,0.4273575549971783
0,30,50,40,3.0,0.4962597140940205
0,30,50,40,5.0,0.5044175560825325
0,30,50,40,7.0,0.5105018370858073
0,30,50,40,9.0,0.5126913541497549
0,30,50,40,11.0,0.5111136689209433
0,30,50,40,13.0,0.5144147226253407
60,60,10,40,1.0,0.6041012548511644
60,60,10,40,3.0,0.6041012548511644
60,60,10,40,5.0,0.6041012548511644
60,60,10,40,7.0,0.6041012548511644
60,60,10,40,9.0,0.6041012548511644
60,60,10,40,11.0,0.6041012548511644
60,60,10,40,13.0,0.6041012548511644
300,10,50,10,1.0,0.251012395732859
300,10,50,10,3.0,0.333028636381948
300,10,50,10,5.0,0.3751860638276658
300,10,50,10,7.0,0.3935751461832949
300,10,50,10,9.0,0.4068332443736981
300,10,50,10,11.0,0.4104653636730404
300,10,50,10,13.0,0.4152424293591341
600,60,5,20,1.0,0.7099224636435567
600,60,5,20,3.0,0.7198334871018744
600,60,5,20,5.0,0.7442869301523373
600,60,5,20,7.0,0.7436200985357964
600,60,5,20,9.0,0.7482951060823863
600,60,5,20,11.0,0.7469576725479811
600,60,5,20,13.0,0.7496339242783366
900,60,5,40,1.0,0.6538491863727106
900,60,5,40,3.0,0.6774203596805629
900,60,5,40,5.0,0.7023873437497892
900,60,5,40,7.0,0.7051287836202326
900,60,5,40,9.0,0.7150452591286119
900,60,5,40,11.0,0.7155983843587523
900,60,5,40,13.0,0.7172591788720029
0,30,10,60,1.0,0.4745404167460181
0,30,10,60,3.0,0.5210792603149921
0,30,10,60,5.0,0.5304898146849665
0,30,10,60,7.0,0.5309851449399512
0,30,10,60,9.0,0.5333687516717358
0,30,10,60,11.0,0.5326961201187704
0,30,10,60,13.0,0.5347146212281223
900,30,1,10,1.0,0.5153801896362205
900,30,1,10,3.0,0.5459078741873549
900,30,1,10,5.0,0.5562575047113668
900,30,1,10,7.0,0.5589177620204406
900,30,1,10,9.0,0.5610479636720435
900,30,1,10,11.0,0.5607815902295629
900,30,1,10,13.0,0.5613143653662672
600,10,5,60,1.0,0.3014901584093135
600,10,5,60,3.0,0.3343383959325365
600,10,5,60,5.0,0.3385943901498385
600,10,5,60,7.0,0.3442040848291434
600,10,5,60,9.0,0.3498163728631245
600,10,5,60,11.0,0.3410873054891397
600,10,5,60,13.0,0.3373480839627311
60,60,50,60,1.0,0.5511452852620186
60,60,50,60,3.0,0.5511452852620186
60,60,50,60,5.0,0.5511452852620186
60,60,50,60,7.0,0.5511452852620186
60,60,50,60,9.0,0.5511452852620186
60,60,50,60,11.0,0.5511452852620186
60,60,50,60,13.0,0.5511452852620186
300,20,10,20,1.0,0.4231962837086937
300,20,10,20,3.0,0.4262808689316297
300,20,10,20,5.0,0.4534016848317647
300,20,10,20,7.0,0.4389142394469087
300,20,10,20,9.0,0.4443403989990524
300,20,10,20,11.0,0.4381913171225916
300,20,10,20,13.0,0.446513031414774
60,5,10,10,1.0,0.1685311171765228
60,5,10,10,3.0,0.1866663731925332
60,5,10,10,5.0,0.2241540293174009
60,5,10,10,7.0,0.2190084143264088
60,5,10,10,9.0,0.2468308103350969
60,5,10,10,11.0,0.2449265980235816
60,5,10,10,13.0,0.2640951045191973
300,30,5,20,1.0,0.5100742800581003
300,30,5,20,3.0,0.4946479211976697
300,30,5,20,5.0,0.5080703708456802
300,30,5,20,7.0,0.5018714483925697
300,30,5,20,9.0,0.5147945004476929
300,30,5,20,11.0,0.5132419298418092
300,30,5,20,13.0,0.5246403135977078
0,20,5,20,1.0,0.4157219766197456
0,20,5,20,3.0,0.5020456980573111
0,20,5,20,5.0,0.5062321092168915
0,20,5,20,7.0,0.515945069753555
0,20,5,20,9.0,0.518177181098461
0,20,5,20,11.0,0.5186580840613082
0,20,5,20,13.0,0.5218521059078616
900,60,150,20,1.0,0.5217084763968338
900,60,150,20,3.0,0.5703489918645372
900,60,150,20,5.0,0.5878313120406338
900,60,150,20,7.0,0.5878313120406338
900,60,150,20,9.0,0.5969374116412441
900,60,150,20,11.0,0.6015205562258104
900,60,150,20,13.0,0.6054652779282707
60,5,50,40,1.0,0.1503315887506435
60,5,50,40,3.0,0.2164992480588135
60,5,50,40,5.0,0.2807845981707498
60,5,50,40,7.0,0.3065203753713278
60,5,50,40,9.0,0.3396329997823116
60,5,50,40,11.0,0.3466536424420418
60,5,50,40,13.0,0.3633906803365809
600,10,100,40,1.0,0.2350122523580008
600,10,100,40,3.0,0.3419024845435301
600,10,100,40,5.0,0.3668685880244056
600,10,100,40,7.0,0.3809338824023225
600,10,100,40,9.0,0.3885866105173347
600,10,100,40,11.0,0.3928852229255611
600,10,100,40,13.0,0.3967834039436328
300,10,50,60,1.0,0.2514751413574315
300,10,50,60,3.0,0.3275590986573277
300,10,50,60,5.0,0.3822920925827508
300,10,50,60,7.0,0.3939573415518342
300,10,50,60,9.0,0.408024926050663
300,10,50,60,11.0,0.4095197951167106
300,10,50,60,13.0,0.4193039297228859
300,30,150,40,1.0,0.3582803627279328
300,30,150,40,3.0,0.3822423975353222
300,30,150,40,5.0,0.4130216504641195
300,30,150,40,7.0,0.419881734004049
300,30,150,40,9.0,0.4353319446274369
300,30,150,40,11.0,0.4345525137363484
300,30,150,40,13.0,0.436112119023711
600,5,5,40,1.0,0.2531311865259803
600,5,5,40,3.0,0.3834294018894334
600,5,5,40,5.0,0.3943144882042234
600,5,5,40,7.0,0.412419130115109
600,5,5,40,9.0,0.4266961125281299
600,5,5,40,11.0,0.4395552766415848
600,5,5,40,13.0,0.4449892149129828
900,10,100,60,1.0,0.1656389872289845
900,10,100,60,3.0,0.3157373984375836
900,10,100,60,5.0,0.369192934508432
900,10,100,60,7.0,0.3771531567022189
900,10,100,60,9.0,0.3872837974253995
900,10,100,60,11.0,0.3852412404965806
900,10,100,60,13.0,0.3872837974253995
600,5,10,10,1.0,0.2266517241540825
600,5,10,10,3.0,0.3638252365121939
600,5,10,10,5.0,0.3760281462632954
600,5,10,10,7.0,0.3958336049053073
600,5,10,10,9.0,0.414878483332307
600,5,10,10,11.0,0.4276357573850235
600,5,10,10,13.0,0.4312820363918563
60,10,5,60,1.0,0.2855129800935096
60,10,5,60,3.0,0.2502100294444419
60,10,5,60,5.0,0.287594495664885
60,10,5,60,7.0,0.2595526836872303
60,10,5,60,9.0,0.2688958972824743
60,10,5,60,11.0,0.2439805975179315
60,10,5,60,13.0,0.2439805975179315
600,30,50,20,1.0,0.4946337668123154
600,30,50,20,3.0,0.5375022216421099
600,30,50,20,5.0,0.5622549547305127
600,30,50,20,7.0,0.5697109704950242
600,30,50,20,9.0,0.5821162198754999
600,30,50,20,11.0,0.5821162198754999
600,30,50,20,13.0,0.5877987197825303
600,60,50,10,1.0,0.6751803192258116
600,60,50,10,3.0,0.6826126969628787
600,60,50,10,5.0,0.7033186508448855
600,60,50,10,7.0,0.7019733915471887
600,60,50,10,9.0,0.7154870082586147
600,60,50,10,11.0,0.7114185256411091
600,60,50,10,13.0,0.7134512001143254
60,5,1,60,1.0,0.1680475618044873
60,5,1,60,3.0,0.1772339068222273
60,5,1,60,5.0,0.1930972921936984
60,5,1,60,7.0,0.1930972921936984
60,5,1,60,9.0,0.2056775014369415
60,5,1,60,11.0,0.1956091074177314
60,5,1,60,13.0,0.2056775014369415
900,20,50,10,1.0,0.3872191610633133
900,20,50,10,3.0,0.4710893895031569
900,20,50,10,5.0,0.4865197501490119
900,20,50,10,7.0,0.4921266645000223
900,20,50,10,9.0,0.4973427725650985
900,20,50,10,11.0,0.5057388520413476
900,20,50,10,13.0,0.5110186325960692
900,20,100,10,1.0,0.3247402182094666
900,20,100,10,3.0,0.410213770635505
900,20,100,10,5.0,0.4294656265045372
900,20,100,10,7.0,0.4361523074269257
900,20,100,10,9.0,0.4451543121353172
900,20,100,10,11.0,0.4509587257413614
900,20,100,10,13.0,0.4545126020678567
300,5,100,40,1.0,0.167728643955443
300,5,100,40,3.0,0.2592526730246302
300,5,100,40,5.0,0.2791408160548114
300,5,100,40,7.0,0.2892696205915328
300,5,100,40,9.0,0.2998361191290902
300,5,100,40,11.0,0.3033451044529118
300,5,100,40,13.0,0.3050059440679415
600,5,50,40,1.0,0.1935404285052629
600,5,50,40,3.0,0.3305423158714179
600,5,50,40,5.0,0.344729399335905
600,5,50,40,7.0,0.3585040912836088
600,5,50,40,9.0,0.3658252870889159
600,5,50,40,11.0,0.3722583663620362
600,5,50,40,13.0,0.3781054115641971
900,5,50,20,1.0,0.1692722828101949
900,5,50,20,3.0,0.3152494844885016
900,5,50,20,5.0,0.3027059055161703
900,5,50,20,7.0,0.313097666423477
900,5,50,20,9.0,0.3213823516057632
900,5,50,20,11.0,0.3268601578686962
900,5,50,20,13.0,0.3324930879433709
300,20,5,20,1.0,0.4230933107082118
300,20,5,20,3.0,0.4187798908244842
300,20,5,20,5.0,0.4393753252563803
300,20,5,20,7.0,0.4233913628849432
300,20,5,20,9.0,0.4287153863262375
300,20,5,20,11.0,0.426585349526906
300,20,5,20,13.0,0.4347538962998875
0,30,5,20,1.0,0.4760899190020696
0,30,5,20,3.0,0.5229234766928206
0,30,5,20,5.0,0.5341698677293777
0,30,5,20,7.0,0.534881488856747
0,30,5,20,9.0,0.5378391843323038
0,30,5,20,11.0,0.5374801112604096
0,30,5,20,13.0,0.536110687585127
300,5,5,60,1.0,0.3198318039760314
300,5,5,60,3.0,0.3902777351631708
300,5,5,60,5.0,0.4152760842046309
300,5,5,60,7.0,0.4306950238022917
300,5,5,60,9.0,0.4445660103250906
300,5,5,60,11.0,0.4539045876234686
300,5,5,60,13.0,0.4650935774127684
900,5,1,40,1.0,0.2243866275452469
900,5,1,40,3.0,0.3673198032706752
900,5,1,40,5.0,0.3567845426432446
900,5,1,40,7.0,0.3693004879324166
900,5,1,40,9.0,0.3736372589015273
900,5,1,40,11.0,0.3777156479779367
900,5,1,40,13.0,0.3793556985578696
300,60,150,40,1.0,0.5428753561435313
300,60,150,40,3.0,0.5365458212678541
300,60,150,40,5.0,0.5623429666989395
300,60,150,40,7.0,0.5662613434495481
300,60,150,40,9.0,0.5954154317018946
300,60,150,40,11.0,0.5954154317018946
300,60,150,40,13.0,0.5954154317018946
900,20,1,10,1.0,0.4248858942777574
900,20,1,10,3.0,0.4734800412654428
900,20,1,10,5.0,0.4836548516256551
900,20,1,10,7.0,0.4847470055745209
900,20,1,10,9.0,0.4869325042330832
900,20,1,10,11.0,0.4903961943709626
900,20,1,10,13.0,0.4945946912818441
900,20,10,40,1.0,0.4470559401800097
900,20,10,40,3.0,0.502223673843387
900,20,10,40,5.0,0.5126659047676305
900,20,10,40,7.0,0.5245751964273104
900,20,10,40,9.0,0.5333744594865335
900,20,10,40,11.0,0.5328454437860575
900,20,10,40,13.0,0.535845031912007
600,60,10,40,1.0,0.7067063026292046
600,60,10,40,3.0,0.7114280929482394
600,60,10,40,5.0,0.7363426395338598
600,60,10,40,7.0,0.7383290910999547
600,60,10,40,9.0,0.7463048557839981
600,60,10,40,11.0,0.7443063723623582
600,60,10,40,13.0,0.7483064080563254
900,30,150,20,1.0,0.3465035439987237
900,30,150,20,3.0,0.4087677376701078
900,30,150,20,5.0,0.4196280379875878
900,30,150,20,7.0,0.4298073271112072
900,30,150,20,9.0,0.4339919975660614
900,30,150,20,11.0,0.4336106585276326
900,30,150,20,13.0,0.4343735205541433
900,20,50,60,1.0,0.2711625237577619
900,20,50,60,3.0,0.3361107129238209
900,20,50,60,5.0,0.3521342276936371
900,20,50,60,7.0,0.3595555078543332
900,20,50,60,9.0,0.3695109287944783
900,20,50,60,11.0,0.3745154651525803
900,20,50,60,13.0,0.3732626176698597
0,60,100,40,1.0,0.5670037407452891
0,60,100,40,3.0,0.6164244390212623
0,60,100,40,5.0,0.63260368761634
0,60,100,40,7.0,0.6334700007060066
0,60,100,40,9.0,0.6465449869262496
0,60,100,40,11.0,0.6465449869262496
0,60,100,40,13.0,0.6509375379896304
60,60,150,40,1.0,0.2944270818072753
60,60,150,40,3.0,0.2944270818072753
60,60,150,40,5.0,0.2944270818072753
60,60,150,40,7.0,0.2944270818072753
60,60,150,40,9.0,0.2944270818072753
60,60,150,40,11.0,0.2944270818072753
60,60,150,40,13.0,0.2944270818072753
60,5,1,10,1.0,0.1737224742532211
60,5,1,10,3.0,0.1828278826314337
60,5,1,10,5.0,0.2195405501922581
60,5,1,10,7.0,0.2158350769702776
60,5,1,10,9.0,0.2367879864104216
60,5,1,10,11.0,0.235382585348774
60,5,1,10,13.0,0.2485499643789875
600,60,50,60,1.0,0.6162581827923448
600,60,50,60,3.0,0.6111456415113984
600,60,50,60,5.0,0.6310910695399733
600,60,50,60,7.0,0.6239418361518245
600,60,50,60,9.0,0.6296588444550163
600,60,50,60,11.0,0.6225155112133861
600,60,50,60,13.0,0.626797980273888
900,20,100,60,1.0,0.2389007660849124
900,20,100,60,3.0,0.3265386592788494
900,20,100,60,5.0,0.3659631715510746
900,20,100,60,7.0,0.3778227594555205
900,20,100,60,9.0,0.3928818350222279
900,20,100,60,11.0,0.39440262436744
900,20,100,60,13.0,0.4097656644181259
60,10,5,10,1.0,0.2800212992130949
60,10,5,10,3.0,0.256504861666332
60,10,5,10,5.0,0.276544067000701
60,10,5,10,7.0,0.2523314722575909
60,10,5,10,9.0,0.2748733245225029
60,10,5,10,11.0,0.2556701751839925
60,10,5,10,13.0,0.256504861666332
600,5,10,60,1.0,0.1729242790276365
600,5,10,60,3.0,0.2840126736215887
600,5,10,60,5.0,0.3135374987034068
600,5,10,60,7.0,0.3327454696612452
600,5,10,60,9.0,0.3392306805223962
600,5,10,60,11.0,0.3549363692198131
600,5,10,60,13.0,0.3715210101235047
900,20,1,60,1.0,0.1554189016781859
900,20,1,60,3.0,0.1499550697362756
900,20,1,60,5.0,0.1441819143783899
900,20,1,60,7.0,0.1170754175095311
900,20,1,60,9.0,0.1098426435592732
900,20,1,60,11.0,0.1013121808316582
900,20,1,60,13.0,0.0951554062945523
900,10,10,20,1.0,0.3228871712864872
900,10,10,20,3.0,0.4325676485236908
900,10,10,20,5.0,0.4440049469212642
900,10,10,20,7.0,0.4588385130954738
900,10,10,20,9.0,0.4725894376707137
900,10,10,20,11.0,0.4790404509260366
900,10,10,20,13.0,0.4849580868562841
0,5,150,60,1.0,0.1802916494812072
0,5,150,60,3.0,0.272927740659909
0,5,150,60,5.0,0.2395628605379174
0,5,150,60,7.0,0.2502642434218334
0,5,150,60,9.0,0.2487376625794817
0,5,150,60,11.0,0.2538780697092303
0,5,150,60,13.0,0.2559665308403214
300,5,5,10,1.0,0.2143693937168858
300,5,5,10,3.0,0.2952028690959064
300,5,5,10,5.0,0.3239769127152393
300,5,5,10,7.0,0.3427889981313982
300,5,5,10,9.0,0.3555334858576052
300,5,5,10,11.0,0.3656547455553955
300,5,5,10,13.0,0.3728609815605511
60,60,5,20,1.0,0.5944487442443571
60,60,5,20,3.0,0.5944487442443571
60,60,5,20,5.0,0.5944487442443571
60,60,5,20,7.0,0.5944487442443571
60,60,5,20,9.0,0.5944487442443571
60,60,5,20,11.0,0.5944487442443571
60,60,5,20,13.0,0.5944487442443571
0,10,1,40,1.0,0.3106571422799769
0,10,1,40,3.0,0.4176743170015766
0,10,1,40,5.0,0.4145658804157585
0,10,1,40,7.0,0.4278466920647218
0,10,1,40,9.0,0.4283765302086004
0,10,1,40,11.0,0.4320414584560195
0,10,1,40,13.0,0.4353304302143223
